:020000022000DC
:10600000288800208DB902008909050061B90200C5
:1060100061B9020061B9020061B90200000000002C
:10602000000000000000000000000000B1BA020003
:1060300061B90200000000001DBA020061B902004F
:10604000D1BC02008DD00300D1BC0200D1BC020043
:10605000D1BC0200D1BC0200D1BC0200D1BC020004
:10606000D1BC0200D1BC0200D1BC0200D1BC0200F4
:10607000D1BC0200D1BC0200D1BC0200D1BC0200E4
:10608000D1BC0200D1BC0200D1BC0200D1BC0200D4
:10609000D1BC0200D1BC0200D1BC0200D1BC0200C4
:1060A000D1BC0200D1BC0200D1BC0200D1BC0200B4
:1060B000D1BC0200D1BC0200D1BC0200D1BC0200A4
:1060C000D1BC0200D1BC0200D1BC0200D1BC020094
:1060D000D1BC0200D1BC0200D1BC0200D1BC020084
:1060E000D1BC0200D1BC0200D1BC0200D1BC020074
:1060F000D1BC0200D1BC0200D1BC0200D1BC020064
:1061000053B94AB9002908BF00281CBF4FF0FF311E
:106110004FF0FF3000F00CB8ADF1080C6DE904CE83
:1061200000F008F8DDF804E0DDE9022304B0704770
:10613000704700BF2DE9F04786468C460846089E0A
:10614000154674461946002B40F0C2808542B2FACB
:1061500082F245D94AB1C2F1200300FA02FC2EFABC
:1061600003F3954043EA0C0C94404FEA154EA8B255
:10617000BCFBFEF8230C0EFB18CC08FB00F943EA2D
:106180000C43994528D9EB1808F1FF3704D29945FB
:1061900002D9A8F102072B44A3EB0903A4B2B3FB75
:1061A000FEFC0EFB1C330CFB00F044EA0344A0424F
:1061B00014D92C190CF1FF3304D2A04202D9ACF14E
:1061C00002032C44241A43EA07401EB1D4400023A2
:1061D00034607360BDE8F0874746DDE76346F1E76A
:1061E00092BB431B01214FEA154EAFB2B3FBFEFC3D
:1061F000200C0EFB1C330CFB07F840EA03439845C8
:1062000062D9EB180CF1FF3004D2984502D9ACF1F9
:1062100002002B44A3EB0803A4B2B3FBFEFC0EFB6D
:106220001C330CFB07F744EA0344A7424ED92C1950
:106230000CF1FF3304D2A74202D9ACF102032C4483
:10624000E41B43EA0040C0E7C2F1200320FA03F157
:10625000954090402EFA03F303434FEA154EAFB238
:10626000B1FBFEFC0EFB1C10190C0CFB07F841EAFD
:106270000041884504FA02F422D969180CF1FF3074
:1062800004D2884502D9ACF102002944A1EB0801EF
:106290009BB2B1FBFEFC0EFB1C110CFB07F743EAA3
:1062A00001439F420ED9EB180CF1FF3104D29F42FB
:1062B00002D9ACF102012B44DB1B41EA004192E719
:1062C0006046E3E76146F7E76046A3E76346B7E762
:1062D000834206D916B9002108467BE7C6E900E0EB
:1062E000F9E7B3FA83F78FB9834201D3724508D82F
:1062F000BEEB020460EB030301209C461EB90021A3
:1063000068E73846FAE7C6E9004CF8E7C7F1200C21
:10631000BB4022FA0CF41C432EFA0CF120FA0CF3C9
:10632000B84001434FEA14490EFA07F5B3FBF9F8F8
:106330001FFA84FE09FB18300B0C08FB0EFA43EA27
:1063400000439A4502FA07F240D9E31808F1FF30FA
:1063500004D29A4502D9A8F102002344A3EB0A0310
:1063600089B2B3FBF9F809FB183308FB0EFE41EACA
:1063700003418E452CD9611808F1FF3304D28E45B4
:1063800002D9A8F10203214443EA0040A0FB02988D
:10639000A1EB0E014145CE46434602D306D14D4501
:1063A00004D2B9EB020E68EB04030138002EA6D02C
:1063B000B5EB0E0261EB030101FA0CFC22FA07F3C4
:1063C0004CEA0303F940C6E9003198E74046C5E7C7
:1063D0004346D9E710F8012B11F8013B012A28BFE9
:1063E0009A42F7D0D01A7047034611F8012B03F8F0
:1063F000012B002AF9D17047034613F8012B002A1C
:10640000FBD1181A01387047F7B53E4DD5F85C310D
:10641000996811F0010121D101AA40F6034006F06C
:1064200029FB044600286AD10198C3681B789BB9F0
:10643000BFF35B8FD5F8D430BFF35B8F05F1D40287
:1064400003F00903BFF35B8F52E8001F42E80034FA
:10645000002CF9D1BFF35B8F19F00AFD01AA0021CE
:1064600041F2030006F006FB0446002847D1019BD9
:10647000254EDA68D2F80100D2F8051003C6184696
:1064800019F0F6FC214601AA41F2010006F0F2FAE9
:106490000446A0BB0198C3685A7885F870205A88D2
:1064A000A5F872201A7985F87120B3F80720A5F8AD
:1064B0007420B3F80530A5F8763019F0D9FC2146E0
:1064C00001AA41F2020006F0D5FA0446B8B9019FCC
:1064D000FA68531C413218685968344603C40833BB
:1064E00093422646F7D109482AF00DFB384619F0A9
:1064F000BFFC95F87C305B060AD46FF0120420468E
:1065000003B0F0BD90000020080100201001002021
:1065100001AA002142F2030006F0ACFA044600286A
:10652000EDD1019BB64EDA68D2F80100D2F8051021
:1065300003C6184619F09CFC214601AA42F202004B
:1065400006F098FA04460028D9D1019CE368B3F814
:10655000012091B249B1D97839B1A5F80421DA788E
:10656000114606F1280037F09CF9204619F080FC0E
:1065700095F87C6016F0200618D1022140F66D4097
:1065800006F01CFA0446002800F0CC8002210C30F2
:106590002DF09BFB0123037046702146324640F6E6
:1065A0006D4006F067FA04460028A8D195F89C30A3
:1065B0001F0712D501AA002142F21C0006F05AFA68
:1065C000044600289BD10198C368D3F80120D3F872
:1065D0000530C5E9382319F04BFC95F8D8309E06F4
:1065E00024D50DF1020168462AF050FD044600282A
:1065F00085D1042142F2240006F0E0F90646002885
:1066000000F0908004210C302DF05FFBBDF80030CD
:106610000380BDF8023043802246314642F2240016
:1066200006F028FA044600287FF469AF95F8D830C0
:106630005C0610D501AA002142F22A0006F01AFADF
:10664000044600287FF45BAF0198C3685B7885F847
:10665000203119F00DFC082142F2010006F0AEF9DC
:10666000044600285ED008210C302DF02EFB95F852
:10667000D81011F0400F024640F2022308BF032356
:1066800088074CBF43F02C0043F00C0095F8D9303C
:106690008F0648BF40F0400013F0090F95F8A23074
:1066A00018BF40F4006003F00603CE0748BF40F077
:1066B0001000062B08BF40F4C07000212AF0B2FB86
:1066C0002146002242F2010006F0D4F904460028D7
:1066D0007FF415AF95F87C30B5F80411980624D4F2
:1066E000C9B901AA41F2050006F0C4F90446002820
:1066F0007FF405AFB5F80431019C4BB9E368B3F8FA
:106700000120A5F804219A883E48114637F0C9F8BF
:10671000204619F0ADFB082140F6014006F04EF985
:10672000044638B96FF06804E9E60029F3D16FF048
:106730000404E4E608210C302DF0C7FA95F8D830AF
:10674000D907024653BF4FF000512BA1D1E90001F8
:106750002D482AF067FB2146002240F6014006F052
:1067600089F9044600287FF4CAAE014601AA4FF613
:10677000014006F07FF9044620BB019819F078FB30
:10678000214601AA4FF6024006F074F90446C8B942
:106790000198C368B3F80130A5F8C13019F068FB5F
:1067A00095F8C1305B070DD501AA21464FF603408D
:1067B00006F060F930B90198C3685B7885F8C0309D
:1067C00019F056FB2AF0D6FE044600287FF497AE57
:1067D00008F0BCF8044600287FF491AEEB79002B5A
:1067E0003FF48DAE082109482AF05FFA06F0F6FB67
:1067F00085E600BFAFF30080908800020080002093
:106800006801002098010020108800026401002027
:106810002DE9F843D0E90C35D0F82C805C193034E0
:10682000A0450F46164619D81D4DA3FB05011AA316
:10683000D3E90023FFF764FC0346A4EB0800A0FBA8
:10684000050123F07F4414A3D3E90023FFF758FC8C
:1068500020F07F403C603060BDE8F883DFF8409076
:106860000DA3D3E90023A8FB0901FFF749FC044667
:1068700005F1300008A3D3E90023A0FB0901FFF7CD
:106880003FFC24F07F4420F07F403C603060BDE856
:10689000F88300BFAFF300808D49FD1A07000000A8
:1068A00000CA9A3B000000009FED097B0E4B0F4A87
:1068B0000F4983ED007B9FED087B82ED007B9FED10
:1068C000087B0C4B002281ED007B1A600EF090B823
:1068D000FFFFFFFFFF1F000000000000000000009E
:1068E0001F0000000000000010020020F81A002025
:1068F0000802002020370020002800F046812DE902
:10690000F04FC94C94F86A2012F001058DB040F0A8
:10691000788194F82500FF2300F0030084F82630E6
:1069200015F09EFF94F86A00420727D494F82920B6
:1069300094F8353004EB820204EB8303D66AD3F873
:10694000388086B1B84831460FF006FE33785B06D2
:1069500005D506210BF0D6F8002800F05481B24886
:1069600041460FF0F9FD337813F00E0F40F09E8092
:10697000236A93B10C200DB0BDE8F08F2A4604F1D4
:106980006B01C0F3C00016F0DBF8FF2884F8260086
:10699000CCD0284615F07EFFC8E70DF073F981468C
:1069A000002800F054810DF079F98246002800F0AB
:1069B0004B8110F0BFF80546002800F04A81D0F85E
:1069C00088004FF6FF732B8505F11C0B002800F0A3
:1069D000208105F17C0205F178010BF09FF8B5F8F4
:1069E000763023F4EF6323F0070343F4887343F016
:1069F0000103A5F8763095F8393003F03F0363F0D2
:106A00007F0385F8393095F88E3023F0070385F839
:106A10008E3095F83C3023F00703002785F83C3092
:106A20004FF4C023C5F888312846C5E91277C5F868
:106A30008870A5F88C706F86C5F82E7085F83B704D
:106A40002F65A5F88E71A5F8847112F0E5F985F827
:106A50005071C5F8549110F0F9FA95F8943160F33B
:106A6000020385F8943110F0F7FA95F8943160F349
:106A7000C50385F8943195F8803167F3410385F8B3
:106A800080310121284610F003FF05F1D40011F0F8
:106A90007DFFC4E9189AC4F820B0C5E905772F70C6
:106AA000ED6117F093F8002840F0AF8094F824309F
:106AB0000121C3F342030DF12B008DF82B300BF0B5
:106AC000CBF90246002862D098F8011030460FF04A
:106AD00005FB31235549A360554BB4F86870A0FB02
:106AE00001010025C01841F107014DA3D3E900239E
:106AF000C4E9055525706560E560FFF701FB20617D
:106B00000CF0BCFB00F109083FB9357805F00F0522
:106B1000A5F10105B5FA85F56D0994F824002369FE
:106B200065F3000010F0010584F8240036D0414AD6
:106B300009920020106002253F4A404F04930BAE9B
:106B4000019305920321CDE902000694434600908B
:106B5000089607972A460B950CF092FA31460DF0ED
:106B600057F9A0B9364905914AF2D8330093CDE9D7
:106B70000300CDE9010007970896069443460122D9
:106B800003210B950CF060FA2EE00FF0F7B9236AA1
:106B9000002B3FF4EFAE0FF0AFF9EBE6254A2948A2
:106BA000049303F247130694029591211360A7FB07
:106BB000000301FB0731214B07931F4B05934FF651
:106BC000FF730992022703930BAE15A3D3E90023A9
:106BD0000B970896FFF794FA4346CDE900503A46E2
:106BE000284603210CF04CFA31460DF011F900282B
:106BF000CDD194F86A300120034384F86A3015F04F
:106C000011FE0020B7E61220B5E60FF075F903205B
:106C1000B1E605F18000C5F88800DAE6AFF3008040
:106C20008D49FD1A070000005837002000CA9A3B22
:106C30008C49FD1A4C37002059610300D5330300FD
:106C4000755C0300002AE78448460DF021F8072010
:106C500091E650460DF028F848460DF019F8F6E791
:106C600070B590F824308AB0C3F342030D46044651
:106C700001210DF1230016468DF823300BF0ECF8BE
:106C80007178024628460FF029FA1F491F4AA0FBD7
:106C90000131981841F1070119A3D3E90023FFF747
:106CA0002FFA23699842054621D21B1A002201922D
:106CB000174A0293174BA21AA3FB02320221920930
:106CC00000230A4409AE099113490591CDE9033324
:106CD0000321D2B20696009318460CF031FA3146E1
:106CE0000DF096F838B9256100200AB070BDFBD9C7
:106CF000C21A0023DBE70C200AB070BDAFF300809E
:106D00008D49FD1A0700000000CA9A3B8C49FD1A04
:106D10005837002009CB3D8DD5330300000000001B
:106D20002DE9F04F05468BB08B46012002219A4693
:106D3000144618F035FE00220221814601200AF097
:106D40003DFF39494FF4D07228460AF0C7FEC61CF1
:106D5000F6B2364B00953246012100200CF008FABD
:106D600010F0FD0F0CD0324A3249334840F62F0361
:106D700028F030F8404080F311884FF0030002DF24
:106D80002E4BA4FB0348204625A3D3E9002341460C
:106D9000FFF7B6F9089506952B690493284B20F068
:106DA0007F47A7FB0331E01A264B07934FF00702FA
:106DB000254B059302FB07114FF6FE7368EB0101AB
:106DC00003934FF47A720023FFF79AF9CDF800B0DD
:106DD000CDE9017053463246012100200CF034F910
:106DE00010F0FD0F0CD0124A1249134840F644032C
:106DF00027F0F0FF404080F311884FF0030002DFDE
:106E0000B9F1000F02D10BB0BDE8F08F01220221D1
:106E100010460BB0BDE8F04F0AF0D0BEAFF30080D3
:106E20008D49FD1A07000000001B0020DD6A0300E9
:106E3000A8FA05006CFB0500E0F5050000CA9A3BC6
:106E40008D49FD1A856A03008DBD03000000000016
:106E50002DE9F043C469228D4FF6FF739A428DB03D
:106E600000F088800546204612F058FA95F8283040
:106E7000012B00F00F81022B00F00281002B00F0AB
:106E8000E18094F85071002F40F0FD80E68DB4F859
:106E90003080002E71D1AA8C08F101060023CDE9C3
:106EA0000A33B6B2002A70D094F93930002BC0F200
:106EB00048810023A4F88A3195F82630D90740F19B
:106EC000EF800023A4F88E310DF1270231462046D1
:106ED00011F0DEFF743000F04681B4F888312BB138
:106EE000B34240F20D819B1BA4F88831B4F8843181
:106EF0002BB1B34240F2FB809B1BA4F88431258E5A
:106F000017B9A84500F0EA800135ADB294F8D13048
:106F100013F001065AD1DDE90A130A46002B40F0AE
:106F2000ED80002900F0DC801E461846228DE469C1
:106F30000694CDE903570332A74D0290CDE9001620
:106F4000D2B20121002005950CF0FAF810F0FD0FE7
:106F500010D00CF087FF84420CD0A04AA049A14871
:106F600040F2155327F036FF404080F311884FF070
:106F7000030002DF0DB0BDE8F083AA8C4644002375
:106F8000CDE90A33B6B2002A8ED195F82630DA0759
:106F900097D4B4F88A31002B00F08280B34240F2DB
:106FA000FA809B1BA4F88A31B4F88E31002B8BD069
:106FB0009E4280F0DE809B1B9BB20022062BA4F831
:106FC0008E31228600F2AC8001277DE794F93920CA
:106FD0006FF30003002A84F8D13077DB94F8760051
:106FE000C0F3C00100F0070016F056FCB4F86E20A4
:106FF000B4F86C30134403F2D51303447A4A7B4847
:107000000721E3FB0021104671A3D3E90023FFF71A
:1070100077F8DDE90A1320F07F422069226190426F
:1070200035BF161A801A002000260A46002B7FF46E
:107030007DAF56EA010C7FF479AF002850D0194695
:107040001E4673E794F88E3003F01803182B7FF474
:1070500018AFA18DB4F886218B1D9A42C4BF931F2F
:107060005B1AB4F88211CCBF9BB21346994200F070
:107070008C80A4F88231A4F88431A4F8882100E738
:107080003D2784F85071394620460DB0BDE8F043E5
:1070900010F0BEB80023A4F88831A4F88431F0E6DB
:1070A000B4F88E31002B83D1628DB4F88C3140F26C
:1070B000E24101FB02F242F2107101FB0323013BAA
:1070C000B3FBF2F39BB2A4F88E316FE794F877002C
:1070D000012100F0070016F0E1FB87E73D4615E7C8
:1070E000002D4BD000261146304633461EE70023C4
:1070F000A4F88431204611F06BFF00E7304615E715
:107100000CF018FE014600283BD00023A4F888317B
:10711000238DC3801B23037100680CF0D5FDE5E6C9
:1071200094F939309342BFF6CFAEB8F1000F7FF437
:107130004BAFD4F878315A08DB0743D4C4F8782130
:10714000C2E628460AAA0BA904F1D409FFF760FB9E
:10715000484611F05DFC18B3484611F059FC18B3CD
:1071600000232386A5E69DF82710204610F050F84E
:1071700000E70821204610F04BF8FBE6002FB1D1C4
:10718000F8E60123A4F88831B0E6B4F888110029A4
:107190007FF477AE6FE73E21204610F039F8E9E63C
:1071A000FF200FF0F5FFD7E70246D4E91E010AF0F1
:1071B000CDFC0028D4D194F83C30580744BFA38DAF
:1071C000238676E642F00042C4F87821FCE600BF50
:1071D0008D49FD1A07000000456A0300A8FA050062
:1071E000D0FB0500E0F505008C49FD1A00CA9A3B6A
:1071F0002DE9F04F87B0CDE90423BDF84420037892
:107200000292BDF84820BDF84080BDF84C50468E33
:10721000B0F82E90B0F814B1019104460392002BFF
:1072200000F08E80013EB6B2A368D4F80C71721BD8
:1072300092B2002B009209DAE168626823F0004301
:1072400091422CBF7F18BF18A360FF1A009A638D6C
:1072500013FB02F39BB2B3FBF8F218FB02F080B20F
:1072600083421FFA82FA5AD2C01A40F2E2425E49C1
:1072700002FB00F0A0FB010159A3D3E90023FEF7B4
:107280003FFF20F07F400744D94494F839304D4403
:10729000AD1B554440F2E246DB09E58506FB08F5E7
:1072A00052D1524A5249534840F6BA0327F092FD50
:1072B000404080F311884FF0030002DF0026A9460A
:1072C000029BA385039BA4F88C3129462046A4F891
:1072D0002A8011F019FE484BA18D2B44881DB3FB69
:1072E000F5F39AB29042A4F8862102D2521A063AD5
:1072F00092B2019BA4F8822113B10023A4F88E312D
:107300003B464A4631462046FFF70AFD94F8803155
:1073100043F0010384F8803107B0BDE8F08F08FB2B
:107320001231314840F2E24389B203FB01F1A1FB83
:1073300000012BA3D3E90023FEF7E2FE3F1AA3E7E7
:107340004E445E44B6B26FE7226C0099A36CDFF83E
:1073500098B002FB1133A36416F088FC814694F8C0
:107360007401C0F3420016F083FC049B814406FBC9
:1073700003F305FB09F9236509F574291F4B09F28D
:107380003F29A3FB09394FEA994303FB0AF0236421
:10739000A5EB0309A36C6A080344963A934228BFFD
:1073A0001346C4E911230023C4F87C31A0FB0B0170
:1073B0000BA3D3E90023FEF7A3FE114B059A3F1A56
:1073C000A3FB0230800A06FB00F005A3D3E90023EB
:1073D000A0FB0B01FEF794FE20F07F4670E700BF94
:1073E0008D49FD1A0700000000CA9A3BA8FA050063
:1073F00060F60500E0F505007FC3C90183DE1B438D
:107400005917B7D1000000002DE9F04F0B6891F833
:107410001180D3F80090037F176895B00446C3F33A
:107420008013D0F81E008DF83F30B8F1FF0F638C49
:1074300012900E461546ADF84C300DF1480A49D170
:107440009AE803001090ADF844102346E28D53F8FB
:107450002EBB9B78AB722A81D4F82A306B60D4F8AB
:107460003A30AB6105F1180094F83E300371052104
:107470000AF0F2FC6B7F00F03F0060F305036B77CE
:1074800094F83F30C3F30402AA77A28EEA81012860
:1074900003F01F0392B205D91B3303F01F030B2B1C
:1074A00000D81ABB0022C9F8142095F8203062F3E6
:1074B000000385F82030E5680126584621462671EC
:1074C0000CF0F8FB28682E7129460CF0FDFB15B076
:1074D000BDE8F08F10AA0DF13F01404614F04EFFB9
:1074E0009DF83F3002338DF83F30AEE7336800211E
:1074F0005960E38EEA892B8240F2E24303FB02F2F9
:107500000B92628E0D92384611F012FD94F83F20D6
:1075100097F87411520962F3430187F8741116F059
:10752000A5FB0C9097F87401C0F3420016F0A0FB85
:107530000C9A0B99104401FB00F0B94A00F5742035
:1075400000F23F20A2FB00204A08800C963A6862B5
:10755000AA6294F8312040F2E24302FB03F3AB63EA
:10756000238FA7F88C31384611F0CEFC0B99AD4B28
:10757000AD4AC7F890210B44B3FBF1F39AB2A7F8D8
:107580008621298A881D824204DDC1F57F41FA31B6
:107590000A4492B2A7F882216B68C7F87831234673
:1075A00013F81C2FC2F340120C92DA0700F113817A
:1075B0004FF48073A38399F8260015F0D5FB04F1EE
:1075C0002B03002800F0EB80626AC4F82B20228D88
:1075D0009A80B8F1FF0F00F0E680BAF804301298F4
:1075E000A4F82930C4F825009DF83F30A3771098FF
:1075F000BDF84430C4F81F00A4F82330EB8963863B
:107600002B8AA386B7F88C31E38697F87431C3F3DD
:10761000420384F8383038460FF098FAA881E080A9
:107620002146584674680CF045FBAB89E3801C2367
:1076300023710C9BD4F80080002B40F0BA800C9B87
:107640002377214640460CF03FFB95F85B00B5F8E8
:107650005080B5F85240012100F0070016F01EF9E5
:10766000444404F2D514DFF8CC81044482466F48C8
:107670000721E4FB080131230024BB607C6066A382
:10768000D3E90023FC60FEF73BFD20F07F4038612A
:107690000B9B6D6A0D995D1BF36840F2E24202FBA1
:1076A000013303F2B241A1EB0A0A22460221012072
:1076B0000AF084FA48460EF00BFF0246AAFB0801C6
:1076C000924655A3D3E90023FEF71AFDCDF80490A6
:1076D000B3685749009120F07F480AF102023A3B13
:1076E000D2B22046434401210BF084FD01287FD013
:1076F00099F82430DB0766D438460FF027FA4D4B53
:10770000A5FB03A9044644A3D3E9002350464946F8
:10771000FEF7F6FC484BB668484A079220F07F45D2
:10772000A5FB0331BAEB0300454B059340F2D1139F
:10773000069708933B694FF0000BCDE903B34FF078
:10774000070303FB051169EB01014FF47A72002373
:10775000FEF7D6FC03343A3EE4B2CDE90150CDF851
:10776000008033462246012158460BF06DFC10F094
:10777000FD0F0CD0334A344934484FF4E97327F0F5
:1077800029FB404080F311884FF0030002DF012203
:10779000022110460AF012FA15B0BDE8F08FC4F8C5
:1077A0002B00988015E70022C4F82520A4F8292092
:1077B0001AE76B7F43F040036B77281D14F0E8FB5A
:1077C0000123E8833CE70023012200931846114679
:1077D0000BF0CEFC90E71B4A1D491C48F82327F00C
:1077E000F9FA404080F311884FF0030002DFDFE632
:1077F0000CF038FB81453FF47BAF124A1549134822
:1078000040F2792327F0E6FA404080F311884FF0E8
:10781000030002DF6CE700BF8D49FD1A070000007E
:1078200083DE1B437FC3C901404B4C008C49FD1ACA
:1078300051BD030000CA9A3B8D49FD1A21BD0300CA
:107840008DBD0300580006006CFB0500E0F5050047
:107850007CF80500B400060010B5334C3349002312
:1078600004F1FF3C14F83320072A02EB820E05D8FE
:1078700011F83E206FF3451201F83E201CF833202A
:107880006FF300020CF833200133082BEAD1284AA9
:10789000284C002313700A7863F300020A7091F8F1
:1078A000282063F3000281F8282091F8502063F328
:1078B000000281F8502091F8782063F3000281F8EB
:1078C000782091F8A02063F3000281F8A02091F8BD
:1078D000C82063F3000281F8C82091F8F02063F318
:1078E000000281F8F02091F8182163F3000281F87A
:1078F0001821114A9FED0A7B1370104B83ED007B1A
:107900000F4B236028B1BDE810400E490E4836F0F9
:107910008FB8BDE810400C4836F098B8AFF300803F
:10792000FFFFFFFFFFFFFFFF013E0020C03C0020E4
:1079300017580020D03B002016580020D01C0020F3
:10794000A0BB0D0081CA0300A01C002000000000A5
:107950002DE9F04F8FB00DF137010446DFF8E0A0BC
:10796000DFF8E0800DF136000CF02CFA9DF836308F
:107970009DF837B00B930BF081FCDAF80060A6FBA2
:10798000085629A3D3E9002300278146314628461B
:10799000FEF7B6FBCDE90777069420F07F44DAF8CE
:1079A0000400234B0593A0FB08011FA3D3E9002388
:1079B000FEF7A6FB1F4B20F07F40A4FB03310722FC
:1079C00002FB0411CDE90370E81A66EB01014FF4E4
:1079D0007A720023FEF794FB0097CDE901404B46F5
:1079E0000B985A4603210BF02FFB10F0FD0404D036
:1079F0006FF08B000FB0BDE8F08F0F480F4A0023E7
:107A000025F06EF820B9DAF80C000FB0BDE8F08F61
:107A10009DF837209DF836000094234603210BF093
:107A2000A7FB6FF07300E5E78D49FD1A0700000022
:107A300015D003008D49FD1A743E0020447B0B00D5
:107A40008C3E002000CA9A3B38B50F4D04460BF01F
:107A500015FCA9680BF014FC696803460B48B3FBDE
:107A6000F4F4A1FB00011C4405A3D3E90023FEF7B5
:107A700047FB20F07F40844294BF0020012038BDA6
:107A80008D49FD1A070000008C3E002000CA9A3B79
:107A9000F0B5C468636883B00546002B63D117F066
:107AA0000BFB082017F02EFB0021084617F01CFBEB
:107AB00000222521082017F05BFB454B019301A80C
:107AC00017F03EFB434940F25B6017F0E3FB237A7B
:107AD000C3F3420262F306132046237216F0E6FA5D
:107AE00015F016FA58BB637A9B071FD127682E68DA
:107AF000384615F06FFE06446A6806F10901012058
:107B000017F010FD17F0CEFD20460EF0EDFC811CA5
:107B10003246C9B2384615F06BFE054670BB2046AA
:107B200015F000FE88B9002003B0F0BD012014F06C
:107B30006DFE4178821C007817F094FCD6E7607ADD
:107B400010F0030018BF0120F1E7234A234924481D
:107B500040F22C4327F03EF9404080F311884FF06B
:107B6000030002DFDFE793F820309A0797D01D4823
:107B7000214617F05FFA17F047FBD4E7164A1A4977
:107B8000174840F2144327F025F9184B0721A5FBAD
:107B9000030301FB05310CA3D3E90023FEF7B0FA80
:107BA00013490246134827F015F9404080F3118825
:107BB0004FF0030002DF1048214617F03BFA17F0A0
:107BC00023FB6FF08B00AFE700CA9A3B0000000078
:107BD000D6BE898E55555500880406004CF7050021
:107BE000E0F5050079D9030060F605008D49FD1A1E
:107BF000380506000C0506007DDC030000000000CF
:107C00002DE9F041C468A2894FF6FF739A4282B011
:107C100000F0C780054616F071FD2B89628AE08A64
:107C20001A4492B21044637FA28280B2411CE18266
:107C30005E064FF00001618204F1180100F18C80B2
:107C400003F03F000B46A17F009004F11F0014F0E9
:107C500057F90646D4E90B231344D4E90D02002159
:107C60000244E1626163A16AA26394F872208B42CC
:107C700028BF0B4612F00402236377D017F01CFADA
:107C8000082017F03FFA201D17F05AFA2389A17A2D
:107C900040F25B6043EA014117F0FCFA304615F010
:107CA000B9FD2146584817F0C5F9962017F02EFC6B
:107CB00094F85A2094F85B00C2F3C003002102F04C
:107CC000070200F0070017F04BFB204616F078FD86
:107CD00027682E68384615F07DFD06446A6806F16F
:107CE0000901002017F01EFC804617F0AFFC0020B1
:107CF00017F0C6FC236B94F85B0003F13002A36B12
:107D000000F00700012103EB420517F06FFA45442C
:107D1000054494F85B0000F00700022824D00428F2
:107D20000CBF4FF4BC73282301211D4417F060FAE7
:107D3000284417F07DFCA18903313246C9B2384688
:107D400015F056FD054698BB204615F0EBFCD0B962
:107D5000002002B0BDE8F0810A4603F03F03E18B4A
:107D600014F01AF9064675E71823DDE7D4E9170180
:107D700009F0ECFE002881D194F8723043F004033E
:107D800084F872307AE7214A2149224840F255139B
:107D900027F020F8404080F311884FF0030002DF05
:107DA000D6E71D48214617F045F917F02DFACFE721
:107DB000164A1A49174840F24B1327F00BF8184B94
:107DC0000721A5FB030301FB05310DA3D3E9002324
:107DD000FEF796F913490246134826F0FBFF404090
:107DE00080F311884FF0030002DF1048214617F09E
:107DF00021F917F009FA6FF08B00AAE7AFF30080C2
:107E000000CA9A3B0000000019EA0300B005060012
:107E10004CF70500E0F5050079D9030060F6050090
:107E20008D49FD1A040606000C05060055D903000D
:107E30002DE9F0472DED028B9FED498B4A4E84B022
:107E400004464FF02003EFF3118783F31288BFF34A
:107E50006F8FD4F8C8508DB9022104F1E00035F0DD
:107E600030FD002843D100238DED008B029304F1F7
:107E7000D00239463D4825F011FBE2E7D4F8CC208A
:107E80002B68C4F8C830954208BFC4F8CC30D4F889
:107E9000E03043F00203C4F8E030EB6823F0040361
:107EA00043F00103EB606B6887F31188BFF36F8FBA
:107EB000284698474FF02003EFF3118983F3128887
:107EC000BFF36F8FEB68990723F0010219D4EA60C2
:107ED000D4F8E03023F00203C4F8E03089F31188CD
:107EE000BFF36F8FDB05ACD425F0B8F9A9E704F137
:107EF000D80500220121284635F0E9FE0028F8D1F6
:107F0000B1E7306823F00303EB600028E0D00027DE
:107F1000D0F80080BA460028DAD04268954201467F
:107F20000BD1016897B972683160824200D17160EB
:107F300040F808AB24F0AEFD3946B8F1000F0BD085
:107F4000D8F8002040460F469046E4E73960726852
:107F5000824208BF7760EBE74246F3E7AFF3008069
:107F6000FFFFFFFFFFFFFFFF38530020D25D00201F
:107F700008B500F0D9FD10B1024B02781A7000204C
:107F800008BD00BFE8530020014B1878704700BFC0
:107F9000E853002008B544F6CD420023024824F0FF
:107FA000E3FE002008BD00BF00000020DFF89CC0F9
:107FB0002DE9F74F013B00EBC2120C464FF00008D1
:107FC0004FF0010913F8010F10B1E1B20F2902D9E6
:107FD00003B0BDE8F08F00211CF8316086424FEA03
:107FE000C1052CD101356544CDE90088002709FA87
:107FF00007FE6E4615F807B05FFA8EFE0420314684
:108000002BFA00FA1AF0010F18BF96F801A000F140
:10801000FF301CBF4EEA0A0A86F801A0B0F1FF3F0C
:1080200006F10106ECD10137072FE0D10D4603CD53
:1080300002EBC40642F8340071600134C2E701313A
:108040001929C9D1004DCFE76A130600691306004C
:1080500070B51446084A05460E4607CA86B003ABFB
:1080600083E80700054800948268294694683246F0
:10807000A04706B070BD00BFD0EA0500D4E70500F8
:108080002DE9F04FADF5037D594C204635F06CFAE3
:10809000002800F08D80A56804212B6A20469847AF
:1080A00010B1863040F084806B68514898470028B2
:1080B0007ED1504E3478002C7ED0FFF765FF054608
:1080C00000F0010700F01AFD4FF400720446002191
:1080D00002A836F018F800221146474B02A8FFF715
:1080E00065FF464B0022032102A8FFF75FFF08212E
:1080F0000DEB0100424B0022FFF758FF414A424B73
:1081000015F0020F08BF13460C21002202A8FFF74A
:108110004DFF3E4B0122002102A8FFF747FF002C34
:108120005DD1364BDFF8F0B00122032102A8FFF742
:108130003DFF08210DEB0100354B0122FFF736FF13
:10814000304A314B0C21002F08BF134602A80122F0
:10815000FFF72CFF02AC4FF000094FEAC90A1FFAE3
:108160008AFAD84600273378E5192BB10822294628
:10817000404636F078F958B12A465146B8B2FFF772
:1081800067FFA8B92A4603CAC8F80000C8F8041057
:108190000837802F08F10808E5D109F10109B9F184
:1081A000040F0BF1800B04F18004D6D1012333704E
:1081B0000DF5037DBDE8F08FCDE90244002502AA4C
:1081C00021462846FFF744FF0028F1D10835ADB21B
:1081D000802DF4D10834A4B2202CEFD16DE72346D2
:1081E0000C4A0521684625F00FFC6B469AE700BF54
:1081F000D4E70500E95300204F130600531306008F
:10820000561306004B130600481306005B130600C6
:10821000641306005F130600EA53002010B5FFF751
:108220002FFFBDE8104003484FF48042002324F0A4
:108230009BBD00BF0000002010B5064C064920463B
:1082400035F0F6FB42F6CD420023204624F08CFDAB
:10825000002010BD281200205D820200F0B58DB014
:108260001E4835F081F9002835D01D4A05AC02F1D1
:108270001806234610685168254603C50832B242E5
:108280002C46F7D112882A801A2200921348002225
:108290003C2125F09AFE0446E8B9124E0F4D124FCC
:1082A0000396E3B28DF810308DF811300623009359
:1082B000002203AB3C21284625F087FE58B98023D5
:1082C000009340223B463C21284625F07EFE10B913
:1082D0000134042CE4D10DB0F0BD00BF8CE70500E3
:1082E0003EEB050021007F22EA550020014824F0E2
:1082F000D3BC00BF1803002007B535F025FD4FF4AF
:108300007A72A0FB020302FB0131C00B074A40EA6C
:108310004140106000234FF400420548CDE900239E
:1083200025F09AFA002003B05DF804FB78280020BD
:10833000780E0020014B187800F0BEBA6A56002073
:10834000044B1A78824202D01870FFF7F3BF002066
:10835000704700BF6A56002008B535F0F5FC4FF4B1
:108360007A72A0FB020302FB0131114AC30B1268AF
:1083700043EA41439B1A0F4A934214DD00F0A4FEE6
:1083800020B1BDE808400120FFF7DABF0220FFF767
:10839000D7FF00F089F9002803DABDE8084000F0B3
:1083A000BFB926F024FD47F230529342E9DC08BD04
:1083B00078280020A0BB0D0008B535F0C5FC4FF4AF
:1083C0007A72A0FB020302FB0131C00B044A40EAAF
:1083D00041401060BDE808400020FFF7B1BF00BF7A
:1083E00078280020014B1878704700BF6A5600209B
:1083F000F8B5044610B900252846F8BD0378002BCF
:10840000F9D00F4E0F4FBE420FD30D4EBE42F2D2E7
:10841000306835F0A9F830B1356821462868FDF795
:10842000D9FF0028E8D00436F0E7306835F09CF832
:1084300018B135682B68A342DED00436E3E700BFED
:10844000643206007432060070B5194C194D8CB0B8
:108450000022002303A9204624F0D8F908B10CB06B
:1084600070BD2B68059E5868DDE9031225F0DEFD1E
:108470000028EDDBFF238DF81830B6FA86F35B0990
:1084800007908DF8203035F05FFC4FF47A72A0FB36
:10849000020302FB0131C00B40EA4140C90B8DE8E9
:1084A000030006ABCDE90A010FCB00F01FFACFE7BE
:1084B000F00F0020E02900201FB50A4C2468A468B2
:1084C00084420DD183F00103CDE9011203930648E4
:1084D0000022002301A924F043F9044824F0DCFB26
:1084E00004B010BDE0290020F00F0020D0290020AA
:1084F0001FB50023CDE90233044B8DF80C0001A811
:10850000019325F0BAFD05B05DF804FB50ED0500C0
:10851000044B1A68044B9A4214BF6FF012000020FB
:10852000704700BFE02900203CED050038B5044647
:1085300000282FD0194D2B68834229D053B1986859
:1085400040B183685B6803B198472B680021986845
:1085500001F0F4FD1249134B8C4214BFED210021B0
:108560005522002025F07CFD002812DBA0682C603D
:1085700070B1012101F0E2FD2B68986883680A4917
:108580001B6898472B68986883689B6803B1984775
:10859000002038BD6FF01200FBE700BFE02900208B
:1085A0003CED05007C280020B984020038B5054662
:1085B00048B90648FFF7BAFF041E02DB2846FFF75A
:1085C00097FF204638BD6FF01504FAE73CED050033
:1085D000F7B50C4615460D4901AA1E4626F095FF33
:1085E00068B1019B6BB9012C0DD1094F2246394668
:1085F0003046A847002802DD3878FFF7D7FF03B0E0
:10860000F0BD0020FBE76FF01500F8E7311406001D
:10861000340D00200148FFF789BF00BF3CED050085
:1086200008B50B480B4935F0BFF90B4826F0ECFEB6
:1086300018B10948012126F0BAFE084A002342F881
:10864000043B0133552BFAD1BDE80840FFF7E2BFE8
:10865000D029002049840200ECE705007C28002096
:10866000F8B50F4D0F4E761B07460C4605EBC105BE
:10867000C6F3C706A64201DC00200CE02A683B686E
:108680009A4209D13C716B6838461B68984718B10B
:10869000431E012BF0D9F8BD01340835EAE700BFCD
:1086A000082006004020060037B501A823F008FE88
:1086B000194D019C00232B6018235843183804449B
:1086C000019B9C4202D2002003B030BD204634F012
:1086D0004BFFF0B1204626F060FED0B9204626F0D0
:1086E0009DFEB0B9204626F085FE014688B9204699
:1086F00001F024FD20F0200378330AD010F1860F1A
:1087000007D00028E0DB2B68044A42F823400133FD
:108710002B60183CD4E700BFE4290020180E00208D
:1087200070B5084D084E2C68013C002C02DA00237D
:108730002B6070BD56F82400012101F0FFFC013CC4
:10874000F3E700BFE4290020180E002000B58BB02D
:10875000064B074A2821684625F056F905490122AB
:10876000684602F057FC0BB05DF804FB7914060074
:10877000831406006B5600202DE9F8434768044631
:1087800000254FF001087B68AB420DD821492248F3
:1087900035F04EF9A3681B680BB12046984739891C
:1087A00039BB0020BDE8F8833A6802EBC50352F8F4
:1087B00035001979DB88D0F810C0D0F80890DCF8C3
:1087C0000060DA0754BF43F4B01383F4D01323F4EA
:1087D000801208FA01FEDB074CBF46EA0E0626EAC5
:1087E0000E06CCF80060D9F80030984770B9013512
:1087F000C9E740F2E7304FF47A72002300EBC13052
:108800000021FDF77DFC24F0ABFDCAE76FF004000A
:10881000C8E700BF4D8702005812002008B5074B7B
:108820005A784AB901221A7005480022002324F020
:108830009BFA044825F037FC002008BD6B56002049
:1088400058120020BCE7050008B54FF4F0120023D1
:10885000024824F0BDFA00EAE07008BD581200207A
:10886000F7B50C461646114901AA1F4626F04DFEE3
:10887000B0B1019BA3B9012C15D10D4D224629465B
:108880003846B047002806DB2B780A486C7023B1C5
:1088900025F009FC002003B0F0BD25F020FCF9E72D
:1088A0006FF00100F7E76FF01500F4E779140600A8
:1088B0006B560020BCE705001FB50023CDE902334D
:1088C000044B8DF80C0001A8019325F0D6FB05B0F0
:1088D0005DF804FB74ED05000268034B9A420CBF7F
:1088E00008300020704700BF74ED050084B030B53B
:1088F00089B00CAC84E80F00002301930CAD084B49
:1089000000930FCD02AC0FC495E8030084E8030088
:10891000684625F0B2FB09B0BDE8304004B07047AE
:1089200078ED05000268034B9A420CBF0830002026
:10893000704700BF78ED05001FB50023CDE9023375
:10894000044B8DF80C0001A8019325F096FB05B0AF
:108950005DF804FB80ED050082B038B504A981E81C
:108960000C000546114823F0B7FC0446A0B16B6823
:10897000012B0CD0022B05D0A3B9BDE8384002B0C2
:1089800025F0EABB25F0EFFB00282046F5DCBDE82A
:10899000384002B025F0D9BB6FF00400BDE8384084
:1089A00002B070476FF08500F8E700BF7914060049
:1089B00082B010B502A981E80C0004460B4823F0F0
:1089C0008BFC78B16368022B04D00020BDE8104016
:1089D00002B0704725F0C7FB0028CCBF0020012063
:1089E0006060F2E76FF00400F0E700BF7914060062
:1089F0001FB50023CDE90233044B8DF80C0001A80C
:108A0000019325F03AFB05B05DF804FBD8ED0500B5
:108A10000268034B9A420CBF08300020704700BF29
:108A2000D8ED050008B500F017FFBDE80840014982
:108A300034F0E7BF3803002007B5084834F094FD50
:108A400048B14FF4F0120023CDE90023044800227E
:108A5000002324F001FF03B05DF804FB34E80500B7
:108A6000B00E002008B5FFF737FF10B96FF0850092
:108A700008BDFFF7B7FC38B10138C0B20128F5D8FE
:108A8000034835F0A8F901E0FFF7D6FF0020EFE733
:108A9000B00E002037B5104CA5682D21EB6820469C
:108AA0009847B8B92D212B696A462046984788B95E
:108AB0000A4C00982378834204D0C0B22070FFF79C
:108AC00097FF38B902F078FA2378984202D0184616
:108AD00002F078FA03B030BD34E805006D5600208E
:108AE00008B5054834F040FD18B1FFF7A5FF002098
:108AF00008BD6FF01200FBE734E80500014B187861
:108B0000704700BF6D5600201FB50023CDE902332A
:108B1000044B8DF80C0001A8019325F0AEFA05B0C6
:108B20005DF804FBE0ED05000268034B9A420CBFC0
:108B300008300020704700BFE0ED05001FB500239E
:108B4000CDE90233044B8DF80C0001A8019325F008
:108B500094FA05B05DF804FBE4ED050008B5BDF836
:108B600008101944012908DC3BB1054B127805486F
:108B70001A7024F091F8012008BD6FF00600FBE7A1
:108B80006E56002090030020014B1878FFF70EBDB1
:108B90006E5600201FB510240294044C0194BDF8B9
:108BA000184000942AF0EDF804B010BD845600205F
:108BB000014B1878FFF7A8BF6F56002007B5064B8A
:108BC00000930649064805234FF43E7224F06AF8E4
:108BD000002003B05DF804FBE8ED0500D85D00203F
:108BE0008812002010B5BDF808001C46C318012BE0
:108BF000114609DC064B2246184435F05CFA05485C
:108C000024F04AF8204610BD6FF00604FAE700BFD2
:108C10006F560020A003002070B50F4D0F4E8AB094
:108C2000002200236946284623F0F0FD044608B1DF
:108C30000AB070BD2146182204A835F064FA10234A
:108C40000DEB030120460596CDF818D0ADF81C3089
:108C500007F0E8FCE4E700BF2010002004EE050068
:108C60001FB50E490E4840F6CD42002323F078FD93
:108C7000044670B110F10B0F08D1002200236946A1
:108C8000074823F0C3FDFFF7EBFF0446204604B07E
:108C900010BD0449044834F0B4FEF7E784560020C0
:108CA00020100020480300208812002038B50378E7
:108CB00023B1032B11D06FF0850038BD4278094DE8
:108CC00002F00701D40801228A4081782B5DD2B2DC
:108CD00029B113432B55FFF7C3FF0020EDE723EA2B
:108CE0000203F7E784560020014B1970704700BF5C
:108CF00097560020014B186000207047E82900209B
:108D0000084A094B12781B78002062F30700074AD3
:108D100012785B0062F30F20DBB282B063F317407E
:108D200002B07047945600209856002095560020B7
:108D300013B50C4B1C6894B1FFF7E2FF8DF80400EB
:108D4000C0F30723C0F307408DF805308DF8060007
:108D500001990548234602B0BDE81040184702B00B
:108D600010BD00BFE82900207432060010B50020B5
:108D700004F046F9044610B9024802F0DBF9204637
:108D800010BD00BFB003002010B5084805F04CFC32
:108D9000074805F0C7FD074B074800241C70074B28
:108DA00001221A7023F078FF204610BDE80300204E
:108DB000D803002096560020C803002094560020B7
:108DC0000C4B07B5187030B10B4823F065FF00203D
:108DD00003B05DF804FB01900849012001AA05F0E9
:108DE000F9FA019810B1132128F025FE04F07AFE5B
:108DF000EDE700BF9556002008040020CFE30400F3
:108E00000B4BB1FA81F010B540090C461870FFF712
:108E100095FE3C2C0AD1074B1B783BB1064B07480B
:108E200001221A70BDE8104023F036BF10BD00BF0C
:108E300098560020955600209656002008040020E1
:108E400070B503788AB004460E4607AD032B20D8D0
:108E5000DFE803F002191B1D11492846FDF7C4FA8B
:108E6000059563780493A3780393E37802932379B9
:108E7000019363790093A3790A4A1E21304624F0B6
:108E8000C3FD0AB070BD0849E7E70849E5E70849AE
:108E9000E3E7084A0A21284624F0B6FDE0E700BFD0
:108EA000CC150600F5150600D3150600DA150600E8
:108EB000E4150600EE15060010B588B028F04BFE4C
:108EC0006946FFF7BDFF0024074B20461C70FFF7E3
:108ED00035FE064B1B7823B1054B06481C7023F06A
:108EE000DBFE08B010BD00BF98560020955600204C
:108EF000965600200804002070B5204E204B3068A4
:108F0000B2881C781F49B3798AB003AD0390ADF8DD
:108F1000102000202A46AB7108F04AFC3146072297
:108F2000284635F0A0FA184B0646D0B1ACB903205C
:108F30002246214601241C700023CDE90602CDE91A
:108F40000815ADF814308DF8163000931A461946FE
:108F500005A804F095FD0AB070BD1320A022F021F1
:108F6000E8E70A4D18700FCD05AC0FC42B682360DD
:108F70000749009633460322EAE700BFF4170600CC
:108F800096560020958F020097560020DCEA0500D7
:108F9000DCEE050038B507220C460649054635F0DB
:108FA00062FA28B12B682360AB88A380AB79A371E8
:108FB00038BD00BFF4170600004870477432060041
:108FC00073B5194C194EB442254602D36FF0120006
:108FD00008E02B689B68043433B9154C2368AB4216
:108FE00011D1002002B070BD9847C0F307238DF85F
:108FF00004008DF80530C0F30743C0B28DF8063089
:109000000028E0D0E9E723B11B685B680BB10020C2
:1090100098472B6825605B68002BE2D0012002B0E6
:10902000BDE87040184700BF743206007832060071
:10903000EC29002007B5094B01911B68834207D139
:109040009DF8063033B903B05DF804EBFFF7B8BF05
:10905000FFF7B6FF002003B05DF804FBEC29002009
:1090600070B5094C094D0A4EAC42234603D3BDE806
:109070007040FFF7A5BF1B68DB680434002BF3D0FA
:1090800030469847F0E700BF743206007832060099
:1090900035900200054B1B6823B11B6813B11B6898
:1090A00003B118476FF01200704700BFEC29002091
:1090B00008B5044801F0A8FC002818BF6FF015009F
:1090C00008BD00BFF1900200084B1B780B2B4FF03E
:1090D00001000AD8984010F4CD6F05D110F4016F4B
:1090E0000CBF01200020704702207047E20D0020D5
:1090F0000A2808B5024613D00A4B0B491870FFF72F
:10910000E3FF02280AD10B78032A08BF43F00103CA
:109110000B70BDE80840054823F0BEBD0023F7E70B
:1091200008BD00BFE20D0020995600201804002061
:109130000246110E07EE101ADFED446A9FED446AF5
:10914000B8EEC77AC2F30742C7EE267A80B23C2354
:10915000B0FBF3F3DBB286B007EE102AB8EEC77AA5
:10916000062287EE265AB3FBF2F107EE100AB8EE9C
:10917000C77AC7EE066A07EE103AF8EEC75AB1EEA4
:10918000087A56EE875A02FB1133DBB2B7EE006A5B
:10919000F0EE466A45EE656A013B76EE655A36EEBC
:1091A000457A05EEC56A27EE277A66EEA76A26EEAF
:1091B000276A042B04D8DFE803F0072D3239420078
:1091C000F0EE676AF0EE467A9FED226A66EE866AF6
:1091D00067EE867AFCEEE66A0023FCEEE77A27EE7D
:1091E000067ACDED006A184663F307009DF800305B
:1091F000CDED017AFCEEC77A63F30F209DF80430C1
:10920000CDED027A63F317409DF8083063F31F60D9
:1092100006B07047F0EE476AB0EE467AD4E7B0EE9B
:10922000666AF0EE476AB0EE677ACBE7F0EE676AFF
:10923000F0EE477AB0EE667AF0EE466AC4E7B0EE3A
:10924000666AF0EE676AF0EE477AE5E70000C8422A
:109250000000B44300007F43024903480A2201F0A2
:10926000D9BE00BF505300202716060008B5054B95
:109270001B7A33B100F0F0FABDE80840024934F03F
:10928000C0BB08BD5053002038040020084B10B567
:10929000C0220021184634F036FF064A0346106803
:1092A00082681468194630222346BDE810401847EA
:1092B0009A560020F0290020F0B585B00C461546DE
:1092C000124903AA1E4626F020F9C8B1039BBBB978
:1092D0000A2C18D10E4F224639463046A84700289E
:1092E0000CDB3B7A4BB140F267620023CDE90023EF
:1092F00008480022002324F0AFFA002005B0F0BD9A
:109300006FF00100FAE76FF01500F7E7A014060010
:1093100050530020200F00200F4B104A13B51A6045
:109320000F4B104C1A6822600F495A680F481B896E
:109330002381626034F07CFB237A4BB140F2676298
:109340000023CDE900230A480022002324F084FAF8
:10935000002002B010BD00BFF029002004E8050085
:109360002CEB05005053002059920200701300208E
:10937000200F00202DE9FF476D4C6379032B27D880
:10938000DFE803F002306E9D6A4E00256427E37823
:10939000A27821888DF80220C3EB0313ADF80010EA
:1093A0009B00B3FBF7F38DF803300098FFF7C0FE86
:1093B00006EB850306F82500C0F3072201355A7035
:1093C000302DC0F30742C0F307609A70D870DED129
:1093D000594B5849186883681B68302204B0BDE8AF
:1093E000F0471847534F00264FF00C0A4FF03C0946
:1093F0004FF06408E588A3788DF80630A5F59663EC
:10940000002B2288ADF80420B8BF5B42B3FBFAF30F
:10941000DBB209FB03F3B3FBF8F38DF807300198D7
:10942000FFF786FE07EB860307F82600C0F3072246
:1094300001365A70302EC0F30742C0F307609A70AD
:10944000D870D7D1237903EB830305EB4305ADB285
:10945000B5F5166F01D8E580BAE70023E380B7E7DA
:10946000344F00264FF06408E378A278E5888DF841
:109470000A20C3EB0313ADF808509B00B3FBF8F3CD
:109480008DF80B300298FFF753FE07EB860307F8C1
:109490002600C0F3072201365A70302EC0F307426F
:1094A000C0F307609A70D870DED123791D44ADB245
:1094B0004FF4B473B5FBF3F203FB1255CBE7DFF8BF
:1094C000748000264FF064094FF4B477E588E378A0
:1094D000A1788DF80E10C6EBC6022A44C3EB031325
:1094E000B2FBF7F007FB1022ADF80C209B00B3FB9A
:1094F000F9F38DF80F300398FFF71AFE08EB860397
:1095000008F82600C0F3072201365A70302EC0F347
:109510000742C0F307609A70D870D7D1237905EB62
:109520004305ADB2B5FBF7F307FB135593E700BF57
:10953000505300209A560020F029002008B54FF41F
:10954000F0120023024823F043FC00EAE07008BD5B
:1095500070130020054B1B6823B1054B1B7A037069
:10956000002070476FF01200704700BFF029002004
:109570005053002007B50E4B1B689BB10D4B0122C9
:109580001A720022DA8040F267620023CDE90023DC
:1095900009480022002324F05FF903B05DF804EBD2
:1095A000FFF7CCBF6FF0120003B05DF804FB00BF03
:1095B000F029002050530020200F002008B50A4B4E
:1095C0001B6873B100F048F9084934F01AFA0848EA
:1095D00034F001FC074B00221A72BDE80840FFF787
:1095E000ADBF6FF0120008BDF02900202804002054
:1095F000200F00205053002008B5FFF76DF9C0B1CF
:10960000FEF7F0FE0D4B02461978B0FA80F04009E3
:10961000814211D018702AB95B7833B1BDE8084097
:10962000FFF7A8BF064A127A5A70BDE80840FFF754
:10963000C5BF6FF0850008BD0020FCE7E30D0020EA
:1096400050530020054B5B7904331844434203F028
:10965000030300F0030058BF5842704750530020E6
:10966000084B1B683BB1032808D8074B00225871F0
:10967000DA80FFF763BF6FF0120070476FF01500DC
:10968000704700BFF029002050530020034B1B7A85
:109690000BB1FFF793BFFFF76DBF00BF5053002022
:1096A00082B083B2B3F5B47F01900CD89DF8063038
:1096B000642B08D89DF80730642B04D8034B18603E
:1096C000002002B070476FF08500FAE75053002089
:1096D0000C4A138800EB800003F5B47303EB4003DE
:1096E0004FF4B4719BB2B3FBF1F001FB10339BB2AA
:1096F000002063F30F00538882B063F31F4002B071
:10970000704700BF5053002013B50C4A9378D178AE
:109710008DF807100A2404FB00306428A8BF6420D9
:10972000138820EAE0708DF80600002063F30F0034
:10973000BDF8063063F31F4002B010BD5053002047
:1097400013B50C4AD37891788DF806100A2404FBDF
:1097500000306428A8BF6420138820EAE0708DF8E8
:109760000700002063F30F00BDF8063063F31F40CD
:1097700002B010BD5053002010B5084B1B6853B108
:10978000FFF7A6FF064C2080C0F30F406080BDE8C5
:109790001040FFF7D3BE6FF0120010BDF02900207B
:1097A0005053002010B5084B1B6853B1FFF7ACFFB6
:1097B000064C2080C0F30F406080BDE81040FFF7EA
:1097C000BDBE6FF0120010BDF029002050530020E4
:1097D00010B5084B1B6853B1FFF7B2FF064C208051
:1097E000C0F30F406080BDE81040FFF7A7BE6FF0E8
:1097F000120010BDF0290020505300200A4B1B68B6
:109800006BB10A4A1379012B01D100280ADB03440A
:10981000DBB2052B28BF05231371FFF78FBE6FF056
:109820001200704700207047F0290020505300209C
:1098300007B5064B0093064906480A234FF44072C9
:1098400023F030FA002003B05DF804FBFCEE0500C5
:10985000D0600020A013002000487047A013002013
:109860000149024834F0CDB8580400207027002088
:1098700007B5074883685B6898474FF4A4720023D4
:109880000448CDE9002323F0E7FF03B05DF804FBB3
:10989000D4E70500E80E002010B50446084833F070
:1098A00063FE60B1074B01221A7024F065FE30B1EF
:1098B0002BF00DFD2046BDE81040FFF7D9BF10BDCD
:1098C000D4E705005A57002008B50349034834F08F
:1098D00098F8002008BD00BF480400207027002031
:1098E00010B5094C0A44914200D110BD11F8013B5A
:1098F000584003090001E35CC0B2434018091B0152
:10990000205CDBB25840EEE761160600014B1B6895
:10991000184700BF6804002030B585B004460D46E6
:1099200010220021684634F0EEFB02238DF802304D
:109930002A46044B01932146684624F0F7F805B007
:1099400030BD00BF0D99020080B505460E46174692
:10995000984623F039FD034634F0D6FDDFF8189021
:10996000044649F80030424630463946A84754F884
:10997000090002F023F800BF080000002DE9F047BD
:10998000058B04462807904611D4022905F00705E7
:1099900040F0CD80204625F0F3F878B10138218BD6
:1099A000042811D8DFE800F0C3106D859500012967
:1099B0000CBF45F0100545F02005258388F311887C
:1099C000BFF36F8FBDE8F08701F0070AAA4500F0EA
:1099D000A6800027B9463E46A368002B00F0BD8054
:1099E00041F00801218388F31188BFF36F8FA168CC
:1099F000002900F0BB800D68002900F0B780D1F885
:109A00000480334652462046C047002D76D02B684E
:109A100029461D46F0E701F007035A1F012A1BD80B
:109A2000002221F00701062B276889B2C4E9002231
:109A300009D13B4603E0628B013262831B68002B35
:109A4000F9D141F002012183204625F099F8002840
:109A50007BD041F0200177E0042B0AD121F00701EF
:109A600089B22183204625F08BF810B141F0200106
:109A70002183218B01F0070AAA4550D00027B9465F
:109A8000AAE7236921F0070141F00601062DD3F86A
:109A9000009021832DD1B9F1000F40D041F0080191
:109AA000218388F31188BFF36F8F3A492046C84756
:109AB00029E021F00701236941F0040189B2042D56
:109AC000D3F804902183E6D000273E464FF0040AE5
:109AD00082E721F00701236941F0050189B2052DD4
:109AE000D3F808902183D6D000273E464FF0050AD0
:109AF00072E700273E464FF0060A6DE72B4687E7E0
:109B0000B9F1000FD1D14FF02003EFF3118883F3A7
:109B10001288BFF36F8F238B23F008032383258BD9
:109B2000EA062ED525F01003238305F007056669A4
:109B3000218B002EBFF66FAF00232768C4E90033E6
:109B400021F0070141F001012183218B01F0070A77
:109B5000AA454FF000097FF43FAF002F9BD041F0A2
:109B60000801218388F31188BFF36F8F002FC7D0BE
:109B70003D68394633465246204625F02DF82F469B
:109B8000F4E7AB067FF51AAF25F02003238305F039
:109B90000705FFE605EC040008B504464FF0200277
:109BA000EFF3118382F31288BFF36F8F18F0FCFD7F
:109BB000204602F09DF9034824F05BFD02F06EF8A8
:109BC000FCE700BF7116060018F018BE08B54FF488
:109BD00040420023024823F0C7F8002008BD00BF20
:109BE0003000002010B5054822F076FB28B18368CC
:109BF0001B6813B1BDE81040184710BD791406006A
:109C000002484FF4F012002323F0E2B86000002075
:109C100037B5144C204633F0A7FC18B9FFF7F0FF16
:109C200003B030BDA5682D21EB6820469847002879
:109C3000F4D12D212B696A46204698470028EDD1A2
:109C40009DF80040FEF75AFF8442E7D02046FEF719
:109C5000CFFE01F0B1F98442E0D0204601F0B2F924
:109C6000DCE700BF34E805002DE9F7430F46064660
:109C70000821C06ADFF8509025F060F93C68241A8A
:109C800080463C6004EA0905AC4203D8002003B0DA
:109C9000BDE8F08308236A462146304625F0C1F826
:109CA0000028F4D16946304625F052F940B1BDF89C
:109CB0000230BDF804203C6005EA090513441D4448
:109CC000A4EB0804E0E700BF0000FFFF2DE9F04728
:109CD000044688B000F11407384633F024FDA06A2A
:109CE0008368DB689847E06228B96FF0150528465D
:109CF00008B0BDE8F087A06A8368DB68984703680E
:109D0000013B1F2BF1D8A06A216805AA2AF083FB2A
:109D10000028EAD1A589002DE7D0069BB5FBF3F218
:109D200003FB1255002DE0D1E389012BDDD9E36A55
:109D3000009593F804904FF0FF334FF0FF32384610
:109D400022F0BEFDE06A082125F0F8F8A846064694
:109D5000E3891FFA85FA534508D8E389434523D19F
:109D6000384622F027FE6FF02C05C0E7A1892B04AE
:109D7000891B13FA81F14A4608232046009125F0F9
:109D80009EF878B16946204625F059F808F1010897
:109D9000009908234A4620461FFA88F825F08FF8D4
:109DA0000028DAD00135D3E753450BD100990823B9
:109DB0004A46891B204625F082F818B96946204694
:109DC00025F03DF869462046FFF74EFF054618B1DD
:109DD000384622F0EFFD8AE7009B63604FEA1348A4
:109DE0004FEA0848C4F80880D4E9011399420FD318
:109DF000082301AA204625F014F805460028E7D1DB
:109E000001AB13F8012B914533D10135082DF8D161
:109E100063681B0C1B0469462046009325F00FF86D
:109E2000A38900994A46204625F049F8051ECFDB54
:109E3000636876D006EB03084FF6FF79A389CDF867
:109E400000801FFA88F29B1B9A422ED30023616880
:109E5000002B43D0090C090400912046694624F0E8
:109E6000EEFF0099204625F04FF80546002D74D0EE
:109E7000AEE701A9204625F06BF8626810B9921B85
:109E80006260B1E7BDF80850BDF80610E06AC4F89A
:109E90000880294425F052F840449042A060EED159
:109EA000002DECD06FF01C0568E0082303AA4146A2
:109EB000204624F0B6FF0546002889D103A9204694
:109EC00025F046F830B1BDF80C304B4502D1BDF855
:109ED00010300BB1B044B1E70123B8E7204625F0BC
:109EE00013F8054600287FF473AF6368264AA189FA
:109EF00013400B44A3EB460363601340A36020466A
:109F000025F00AF9B1E75B1A4A46204624F0D7FF4C
:109F1000051EFFF65DAF08D0E26AA368126813441D
:109F2000A360D4E901318B42EDD86168A38901EBCC
:109F300046029A429AD1DFF85080A26801EA0803EB
:109F40009A4293D0204624F0DFFF054600287FF494
:109F50003FAF636803EA0803A360A389A288A3EB69
:109F600046039A4206D0384622F024FD012323748A
:109F70000025BCE6204625F0B8F80546384622F014
:109F800019FD002DF2D0B2E60000FFFF2DE9F04FE1
:109F90001D46037C89B0044689469046002B00F09C
:109FA000BE80C26A0821104624F0C8FF29468246B6
:109FB000104624F0C3FFA389A3EB8A039D42074602
:109FC00000F2B0801DB1B8F1000F00F0AB80636803
:109FD000039304AA03A92046DDF80CB024F0F0FF97
:109FE0000646002864D1BDF810304B4505D06268A4
:109FF000039B9A42EDD1E5B95AE004A9204624F02A
:10A00000A7FF0028F3D0BDF81200BDF8143075B1D9
:10A010009D420ED14FEA1B41090401442B464246A2
:10A02000204624F019FF002803DC064640E0002B00
:10A030003ED0002F40D104F1140301934FF0FF32C2
:10A040000198DFF8E8B04FF0FF3322F039FCE389E4
:10A050009E4261D0D4E90123F9188A422FD3ADF88A
:10A060001A3006A8FF238DF81E30ADF81890ADF811
:10A070001C5024F01BFFA1682B464246204624F0CA
:10A08000E9FF29468246E06A24F058FFA2680244AC
:10A09000A260BAF1000F07D106A9204625F014F8F6
:10A0A000002814BF8246AA46019822F083FC564637
:10A0B000304609B0BDE8F08F5744BFB2BBE7E06A55
:10A0C000082124F03BFF4FF6FF73ADF81830002154
:10A0D0008DF81E30A389ADF81C10111802EA0B028E
:10A0E0001A44101A606006A8ADF81A1024F0DEFEBB
:10A0F00006A9204624F0E8FF211D204624F09FFEFB
:10A10000636803EA0B03A360204625F005F8824646
:10A110000028C9D101369AE76FF01B0AC4E76FF037
:10A120000C06C5E76FF01506C2E700BF0000FFFF91
:10A13000014B03600020704704EF050070B54469CF
:10A1400003460D46002C3AD025F068F9002839D195
:10A150002148227A465CB24237D02048405C904287
:10A1600036D1E26818469047002815DA022D11D042
:10A17000032D10D110F1860F0CD0BFF35B8F231D80
:10A1800053E8001F41F0020143E80012002AF7D112
:10A19000BFF35B8F267270BD022D267201D00020A6
:10A1A000F9E70434BFF35B8F54E8003F23F0020368
:10A1B00044E80032002AF7D1BFF35B8FEFE76FF07E
:10A1C0005700E8E74FF0FF30E5E76FF07700E2E790
:10A1D0006FF08500DFE700BF9E1606009A160600A6
:10A1E00070B5114B1C680D46DCB1104B196800238B
:10A1F0008B4202DB6FF0010070BD224612F8106B3B
:10A20000864202D001331446F2E7E06810B96FF0DD
:10A210001200F1E733F0A8F90028F8D02C600020F4
:10A22000EAE76FF00C00E7E76C04002004EF05009C
:10A2300070B588B005460C46C0B269461646FFF7B1
:10A24000CFFF00281BDB0098C8B1436802938368E6
:10A2500022680195CDE903360023CDE90623059355
:10A26000C56825F0E5F86DB12846084901AA2AF02D
:10A27000D6F8079808B9059B236008B070BD6FF049
:10A280001500FAE76FF01200F7E700BF33F404009F
:10A29000F0B40C4B0C4E5F6A0C4BB34203D36FF01F
:10A2A0008500F0BC70475D68BD4209D31C693CB1B4
:10A2B00095F802C00579AC4502D12346F0BC184799
:10A2C0002433EAE7F429002023120020231200207F
:10A2D0002DE9F047134CDFF85080DFF85090054629
:10A2E0000E461746444503D36FF08500BDE8F0875E
:10A2F0006268D9F824309A4212D3A36983B1907866
:10A300002979884205D13A4631462846BDE8F047CA
:10A3100018475279012A03D13A46314628469847D0
:10A320002434DFE72312002023120020F429002028
:10A330002DE9F0410B4CDFF8308005460E461746FC
:10A34000444502D36FF0850009E063690BB92434FA
:10A35000F6E73A463146284698470028F7D1BDE847
:10A36000F08100BF231200202312002010B5044604
:10A3700029F01AFD10F1780F00D050B9054A204697
:10A3800025F079F8D2F8C43023EA0003C2F8C430CB
:10A39000002010BDF4290020024B00221A605A60F0
:10A3A000704700BFAF2A002070B50B4B0B4CA34287
:10A3B00001D3002070BD196A1E7F00220439D5B276
:10A3C000AE4201D82433F2E7013211F8325085420F
:10A3D000F5D10120EEE700BF231200202312002058
:10A3E00008B509480378C3F341130A3350F8233002
:10A3F0003BB100F1080200F110019847C043C00FC3
:10A4000008BD1846FCE700BFF429002004282DE908
:10A41000F14FDFF8A09004460F4616D001282DD149
:10A42000DFF88C8098F8B93043B300F065FD1F4D1C
:10A430004D4520D2D5F820B04FF0000A2B7F5FFAAF
:10A440008AF6B34204D82435F2E7FFF7A5FFE7E721
:10A450000BEBC6060AF1010A307929F0A5FC024689
:10A46000307925F008F8D8F8C430002A23EA000330
:10A47000C8F8C430E2DA002388F8B9300B4D4D45F6
:10A4800008D30B4B1B6A6BB13946204601B0BDE8BF
:10A49000F04F1847EB681BB13A46214628469847CB
:10A4A0002435ECE701B0BDE8F08F00BF2312002097
:10A4B000F42900202312002073B5C4B263060D46B0
:10A4C0008DF8074007D02046FFF76EFF78B10D4B9F
:10A4D00093F8BA0058B10B4E204655B116F0D0F89B
:10A4E000F3691BB10DF1070108209847012002B064
:10A4F00070BD16F0EDF8F369002BF7D00DF10701F0
:10A500000920F2E7F429002073B586788DF8006001
:10A51000037942791C4C43EA0223ADF80230C37838
:10A52000304603F003038DF8043024F0A4FFD4F880
:10A53000C430184205460BD0304600F0BFFC304610
:10A54000FFF714FF33F0D0F810B9962022F022FF65
:10A55000684616F071F810F1780F03D010B10020A2
:10A5600002B070BD9DF8000016F0EEF810F1780F03
:10A5700001D00028F3D1D4F8C43001202B4384F853
:10A58000B900C4F8C430EBE7F42900202DE9F04706
:10A59000A34EB36904460F461546FBB9237803F072
:10A5A0001F03012B00F09D80022B00F0048133BBC0
:10A5B00094F900002A686178002834DA062912D05C
:10A5C00008292BD0D9B901231370517096F8C330E4
:10A5D0005B0043F00103137002232AE1984700282F
:10A5E000DCD100200DE06288100A011F0129844699
:10A5F00005D9072803D8716AD2B20C781CB96FF05C
:10A600001500BDE8F0874E78664503D19A4200F008
:10A610000B8101332144F0E70B780AE196F8BA3058
:10A620001370012305E101390829E8D801A353F883
:10A6300021F000BFCDA60200FFA50200DBA60200AC
:10A64000FFA5020059A60200FFA50200FFA5020017
:10A65000FFA5020065A60200A07815F0DBFF002828
:10A66000BFD0CCE76388756A63BBFFF795FE63884C
:10A6700086F8BA30F369002BB3D06A4903209847B3
:10A68000AFE76B78042B10D0052B11D0022B04D12F
:10A690006F796388BB4208BF01202B781D442B785B
:10A6A000002BEED10028AAD0DFE795F80380F4E76D
:10A6B0006388BB42F1D1B8F1000FEED12846FFF715
:10A6C00023FFEAE7FF270020B846E8E76388012B6D
:10A6D00095D1002386F8C33083E76388012B8ED1A0
:10A6E000F8E796F8BA30D5F800C0002B87D0756A25
:10A6F000A38894F804E02A46107800283FF47FAF3E
:10A700005178022904D192F80480F04500F2938038
:10A710000244F1E78CF800208CF80120396060E7F2
:10A72000154494E00B2A7FF46AAF00274FF0FF082E
:10A73000C146BA4606E06B78042B0FD0052B21D01A
:10A740002B781D442B78002BF5D1F36913B15146BA
:10A7500007209847002F7FF444AF50E795F8028018
:10A76000A38895F803909845EAD163889945E7D185
:10A77000B8F1070F1CD806EB0803AA4683F8BB9074
:10A780000127DDE7A3884345DAD1A3784B450AD0FA
:10A79000AF78384600F092FB3846FFF7E7FDB0FA95
:10A7A00080F77F09CCE72846FFF7AEFE0746C7E7EC
:10A7B000AA460027C4E794F900206378002A18DA33
:10A7C000002B7FF41CAF24792D6863060AD0204645
:10A7D000FFF7EAFD00283FF412AF96F8BA30002BDD
:10A7E0003FF40DAF2946204615F092FF00236B7011
:10A7F000F2E6012B08D0032B7FF401AF6388002B16
:10A800007FF4FDAE012103E0618800297FF4F7AEFB
:10A81000A088FFF751FE00287FF4E3AEEFE600BF0B
:10A82000F4290020AE2A0020022829607FF4F4AE2B
:10A830004B883B60D5E694F9000062780028BFF6AB
:10A8400071AF002A3FF466AF0A2A7FF4D8AE2A78A7
:10A85000002A3FF4D4AE697804297FF461AFA97867
:10A860008B427FF45DAF072B96BF9B19002393F8B3
:10A87000BB308CF80030D4E613B5164C237DF3B909
:10A88000E268A168019201AB802024F002FE019AE7
:10A89000A3681344A360E3689B1AE3606BB962B1D9
:10A8A0002369E2889A4208DD94F8C82093FBF2F10C
:10A8B00002FB11330BB90123237502B010BD002335
:10A8C0001A4619468020237502B0BDE8104015F0E5
:10A8D00065BF00BFF429002030B585B000230246D3
:10A8E0000D460193002858D1002935D108220B4686
:10A8F0000DEB020129F071FA002804DA802015F02E
:10A90000BFFE05B030BD2A4C029A2260039A6260F5
:10A9100004F13802A2609DF90820BDF80E302575BB
:10A92000002AC4E903550ADB802B04D9802015F0E6
:10A93000A7FE0020E3E713B1C4E90333E1E7FFF723
:10A940004FFD0028DAD0E28823699A42D4BFE26042
:10A95000E360FFF791FFD4E7154CD4E90215002D11
:10A9600001AB04DC29F039FA0028CADAC6E72A4626
:10A9700029F033FA0028D9DB019AA3681344A360B5
:10A98000E3689B1AE360002BBBD104F13803A3609A
:10A99000FFF726FD0028DCD1B0E78028B1D1044BB9
:10A9A000DA68002AD5D11B7D002BD2D1A9E700BFE0
:10A9B000F4290020054B064A9A62064ADA62064AE2
:10A9C0001A63064A58629A6100207047F4290020F1
:10A9D0008DA5020091A2020031A30200D1A20200C3
:10A9E00010B5084B93F8B84034B900F0E3F830B133
:10A9F000FFF7E0FF204610BD6FF07700FBE74FF058
:10AA0000FF30F8E7F42900202DE9F341414D0446D9
:10AA10006F6A41484FF0FF324FF0FF3321F050FF93
:10AA200095F8B860002E6ED13C482C62E86115F0B4
:10AA3000CFFF15F0BDFD041E49DB00F081FA041EB6
:10AA400045DB7B78012B61D1FB79002B5ED068461A
:10AA500085F8C830ADF802308DF804608DF80060DC
:10AA600015F0EAFD041E32DB802768468DF8007081
:10AA700015F0E2FD041E2ADB2949304615F094FF4B
:10AA8000041E24DB2649384615F08EFF041E1EDB0B
:10AA9000244CDFF89480444520D3002015F054FE68
:10AAA000041E14DBD5F8C430802043F00103C5F840
:10AAB000C43015F049FE041E09DBD5F8C43043F458
:10AAC0008033C5F8C430012385F8B830002412481B
:10AAD00021F070FF204602B0BDE8F081276A002611
:10AAE000227FF3B29A4201D82434D4E707EBC302A1
:10AAF00057F83310107915F057FF01360028EFD0C2
:10AB00004FF0FF34E3E76FF07704E0E76FF01504F0
:10AB1000DDE700BFF4290020DC0F00200DA40200B7
:10AB2000D9A80200231200202312002030B51F4BA9
:10AB30008BB005AA03F1100518685968144603C4C0
:10AB40000833AB422246F7D11B7823701022002134
:10AB500001A833F0D8FA12220021154833F0D3FAB5
:10AB6000102101A829F0DCFC00281BDD0828B8BF53
:10AB70000820093801AB0E491A18002012F8013FCD
:10AB80000AAC04EB131403F00F0328336B440130B9
:10AB900014F8144C13F8143C0C7008284B7001F195
:10ABA0000201EBD102480BB030BD00BFA216060077
:10ABB0005B5700202DE9F04F704C87B04FF0000B31
:10ABC00000264FF0011AB0463546B14623782BB91E
:10ABD0006B4B02349C42F3D1684833E06378052B19
:10ABE0001BD8DFE803F09003C8901D3B402304A866
:10ABF0008DF810B0ADF812308DF814B029F0BFF810
:10AC000040B1082304A8ADF8123029F0B8F808B113
:10AC1000ADF812B0BDF81230E37123781C44D5E7CB
:10AC2000E378002BF9D1A3787BB108F101085FFA32
:10AC300088F8F2E76B689C4209D02435514B9D425D
:10AC4000F8D3002007B0BDE8F08F4F4DF6E7AB68B2
:10AC5000002BEAD0414620469847E6E7002DF0D089
:10AC600000222B7F9A42ECD2296AA07801EBC20124
:10AC70000B79984201D00132F3E70127E07800F028
:10AC800003008DF81400207994F805C040EA0C20E8
:10AC9000ADF8120094F902000028FBB228DA07F19F
:10ACA00010004FF0010C0CFA00F010EA0A0F26D148
:10ACB00043F080008DF8100004A8CDE90213019242
:10ACC00029F05DF8DDE90121039BC0B99DF8102052
:10ACD000A27012F0800F18BF10330A7118BFDBB2D8
:10ACE0004FF0010214BF9A40BA404AEA020A94E7C0
:10ACF0000120B84010EA0A0F01D11846DAE70137FF
:10AD0000102FBBD1B7E7032E1DD1FFF70FFF07466A
:10AD100068B1FBF771FB102809D13846A31C07F175
:10AD2000100250F8041B43F8041B9042F9D1237819
:10AD30006FF00201E218091B04EB5303D14213D553
:10AD40000136F6B269E7002EF1D1B9F1000F3FF4F8
:10AD500078AFA4EB090389F80230C3F3072389F81D
:10AD6000033089F80480EBE702F801BC13F801090D
:10AD700002F8020DE2E7A1464FE700BFB81100203C
:10AD800023120020231200202312002010B5094BAB
:10AD900000211A461C78844205D15C681CB1482306
:10ADA00003FB012010BD0131042903F14803F1D157
:10ADB0000020F7E7C02A00202DE9F34150F8303C8D
:10ADC00010F8346C1033044610D1036950F8282C65
:10ADD000990739D5EAB913F0040304D11A46194684
:10ADE000304624F056FB002344F8303C54F8303C05
:10ADF00010330BD054E9097554F81C8C32F074FCF4
:10AE000000284CD02C48214632F0FBFD02B0BDE8B2
:10AE1000F08150F82C1C01AB304624F03AFB10B105
:10AE20006FF01503E0E7019A54F82C3C134444F802
:10AE30002C3C54F8283C9B1A44F8283C54F8243CF9
:10AE4000134444F8243CD1E750F82C1C01AB3046A5
:10AE500015F020FD0028E3D1019D54F82C3C2B4433
:10AE600044F82C3C54F8283C5B1B44F8283C54F82C
:10AE7000243C2B4444F8243C002DB4D0304615F03B
:10AE8000ADFDB5FBF0F303FB1055002DABD154F82D
:10AE9000283C002BA7D0304615F044FDA6E744F827
:10AEA000200CA4F1180021F0F5FD002DAED0424693
:10AEB00039463046A847A9E77027002010B54FF063
:10AEC0002003EFF3118483F31288BFF36F8FFFF732
:10AED0005DFF50B14368103307D16FF08B034360BF
:10AEE00000F13401034832F08CFD84F31188BFF384
:10AEF0006F8F10BD7027002070B50F4C04254FF0E8
:10AF00002003EFF3118683F31288BFF36F8F63681A
:10AF1000103307D16FF08B030848636004F13401EC
:10AF200032F06FFD86F31188BFF36F8F013D04F19E
:10AF30004804E4D170BD00BFC02A00207027002063
:10AF400070B50A4C0A4E00253146204632F02CFDE1
:10AF50000122A4F118001146013532F0A2FC042DA3
:10AF600004F14804F0D1002070BD00BFF42A002095
:10AF7000B9AD02001FB507240294044C0194BDF83A
:10AF80001840009427F0FDFE04B010BDE50D002030
:10AF900010B5084C86B024788DF81740012402942F
:10AFA0000DF117040194BDF82040009427F0E9FE4C
:10AFB00006B010BDEC0D0020014B1878704700BFA3
:10AFC000EC0D002000B589B064288DF8070019D871
:10AFD0000E4B18221870002102A833F094F80C4B85
:10AFE00003930DF10703049302A901230020ADF898
:10AFF000143005F017FB10F1800F08BF002009B0D6
:10B000005DF804FB6FF01500F9E700BFEC0D0020C0
:10B01000E8EF05002DE9F0410F4B1C6805460E4690
:10B020001746ACB14FF0FF324FF0FF330B4821F021
:10B0300047FC63683246D3F8088029463B462046E1
:10B04000C0470446054821F0B5FC2046BDE8F08124
:10B050006FF00104F9E700BFE02B0020C80F0020CB
:10B0600000230360044B5A6812B9C3E9000070471B
:10B0700010605860704700BFE42B0020014B18603F
:10B08000704700BFE02B002030B585B00023054697
:10B09000CDE9023301904FF0FF330C484FF0FF32FF
:10B0A00021F00EFC0A4B1C684CB9284600F0CEF883
:10B0B0000446064821F07EFC204605B030BD63689A
:10B0C00020461B6801A998472468EDE7C80F0020B7
:10B0D000E42B00201FB5CDE9010103924FF0FF33AF
:10B0E0000A484FF0FF3221F0EBFB094B1C682CB9EA
:10B0F000064821F05FFC204604B010BD636820467E
:10B100001B6801A998472468F1E700BFC80F002019
:10B11000E42B0020024B0022C3E90022704700BF4D
:10B12000E42B0020024B0022C3E90022FFF7F2BF0C
:10B13000EC2B002070B51B4C1B4E0546B44212D3BD
:10B140001A4E1B484FF0FF324FF0FF3321F0B8FB8F
:10B1500034687CB1286854F8141C143CFBF73AF9A5
:10B16000C8B16469F5E721682868FBF733F9A8B12D
:10B170001434E3E700226A61726805F114033AB9F6
:10B18000C6E9003300240A4821F014FC204670BDB3
:10B1900013607360F6E76FF01004F4E76FF01004CB
:10B1A000F4E700BF18EA0500CCEA0500EC2B00200C
:10B1B000C80F00202DE9F74307460C4609B10023CC
:10B1C0000B601F4DDFF8809000264D450FD31D4BBF
:10B1D0001D6885B355F8148C01AA41463846143DC4
:10B1E00024F093F910B3D6B914BB2E461EE0D5F85F
:10B1F000008001AA4146384624F087F950B116B9BB
:10B2000054B92E4606E031680022404624F07DF90C
:10B210000028F5D11435D8E7019B2360F1E73168A8
:10B220000022404624F071F90028DDD16D69D0E795
:10B23000019B2360D9E7304603B0BDE8F08300BF2F
:10B2400018EA0500EC2B0020CCEA0500F8B5184CF4
:10B25000184F06460025BC4208D3174B1C682CB378
:10B26000143CB6B9E368E3B96469F8E72EB9E3685A
:10B270005BB9284614340546EDE7206800223146C4
:10B2800024F043F90028F2D1F3E79847002DF0D1DC
:10B29000F0E720680022314624F037F90028E1D198
:10B2A000E2E79847002D08BF0546DDE72846F8BDD0
:10B2B00018EA0500CCEA0500EC2B002038B50C4D4F
:10B2C0000C484FF0FF334FF0FF3221F0F9FA2B78A2
:10B2D0003BB9FFF727FF00F06DF8044610B90123D2
:10B2E0002B700024034821F065FB204638BD00BFC9
:10B2F0006D570020C80F00202DE9F047048FDFF8BC
:10B30000B0A0013498B080468946A4B200F1080686
:10B31000651EADB2B5F5004F47D04A2305AA2946B0
:10B32000304624F02AF804F57F543F34A4B207468F
:10B33000214601230DF10B02304624F01EF8002FA8
:10B34000014603DC002803DC2C46E1E7002816DC7C
:10B35000B8F83830AB4209D142466B1E22F8383F6C
:10B360004FF4004102233046FEF710FE29463046D6
:10B3700023F09FFF2146304623F09BFFE4E707F1CF
:10B3800060030DEB0307002307F84C3C5246CDF851
:10B39000009003AB05A80396ADF8104024F0EBF83D
:10B3A0000028D1D018B0BDE8F0870020FAE700BF30
:10B3B000E5F504007FB50123694602200193FEF7FD
:10B3C0000FFF044660BB02AA01A90220FEF730FF6E
:10B3D000044610B110F10C0F22D10399B1F5803F52
:10B3E00023D2009A002394681846084484421AD352
:10B3F0000133082BF9D10E4DA982EB825368AB6063
:10B400002846D368EB6324F087F9044640B9094E17
:10B410006E602846FFF724FE28466E60FFF72EFE7A
:10B42000204604B070BD9BB2E5E76FF02004F7E75B
:10B43000F42B0020A8040020014B1868704700BFBF
:10B44000BC040020F0B5082289B024F03DFBCB6A93
:10B4500003930B6B04934B6B05938B6B0693CB6B36
:10B46000079313466A460C460646002711461046C7
:10B47000CDE90177009724F036FA3146054630468B
:10B4800024F031FA216B0391616B0491A16B05915A
:10B49000E16B0544CDE906171046114624F023FA66
:10B4A00031460544304624F01EFA0544206A0090D7
:10B4B000606A0190A06A0290A06B0690E06B079012
:10B4C0003046CDE90477039724F00DFA0544606A0D
:10B4D0000090A06A0190E06A0290A06BD4F834C09A
:10B4E0000490E06BCDF80CC0CDE9050C206A079004
:10B4F000304624F0F8F90544E06A0090206B019092
:10B50000606B0290206A0690A06A07903046CDE9F1
:10B510000477039724F00BFB236B0093636B019379
:10B52000A36B0293E36B0393636A0693E36A079347
:10B530002D1A0823304624F0FAFA636B0093A36BAC
:10B540000193E36B0293236A0393636A0493A36AF0
:10B55000CDE90537236B07932D1A0823304624F0D5
:10B56000E6FAA36B0093E36BCDE90137636A0393BB
:10B57000A36A0493E36A0593636B07932D1A082368
:10B58000304624F0D4FA2D1A10D40D4C35B90822C7
:10B590003146204624F0A4FA01280FD00823224681
:10B5A0003146304624F0C3FA2D1AEFE7044A082347
:10B5B0003146304624F097F92D18F8D409B0F0BD83
:10B5C0003CF005000449431E0F3013F8012F8A5C3C
:10B5D0001A708342F9D17047C7160600F0B5264E9F
:10B5E00007460C460FCE8DB001AD0FC50FCE0FC56F
:10B5F00096E8070085E807003846002F38D0002C71
:10B6000038D0381F2146024610344B780D781B0481
:10B6100043EA0563CD782B438D78043143EA052353
:10B620008C4242F8043FF0D1144C04218A0703698C
:10B6300016D1C3F30742A55C1A0EA25C42EA05626A
:10B64000C3F30725DBB2655DE35C42EA054242EAEB
:10B65000032221F0030330336B4453F82C3C534056
:10B6600050F8042F013153402C290361DED1012011
:10B670000DB0F0BD2046FBE7F0EA0500C716060056
:10B6800030BFFFF7FDBF00BF114B124A2DE9F0415B
:10B69000D518DFF84C80013DB5FBF3F55D430E4B4B
:10B6A00008EB0304013CB4FBF3F403FB04540E1B4E
:10B6B00007460A49304632F0FEFC70194246002126
:10B6C000083E32F020FD7E6704F10800BDE8F081FD
:10B6D000010000000000000004000000CCEA0500AA
:10B6E00008000000044B99689869884203D0034918
:10B6F0004FF080520A6070471053002004ED00E0C4
:10B70000134B9A6A12F0007F9A6A14BF1E201D2004
:10B7100012F0807F9A6A18BF1F2012F4002F9A6AD5
:10B7200018BF212012F4802F9A6A18BF222012F429
:10B73000003F9A6A18BF232012F4803F9A6A6FEA8A
:10B7400002426FEA12429A6218BF2420704700BF7B
:10B7500000ED00E010B5194B0246986A9C6A10F49F
:10B76000805F14BF1720162014F4006F9C6A18BF66
:10B770001820A40509D5986B986A000404D51AB15D
:10B780009A6A22F400429A6219200C4B9A6A12F4C7
:10B79000806F9A6A18BF1A20D2050CD49B6A13F4E2
:10B7A000005F18BF1C20054A936A43F47F439362ED
:10B7B00000230B7010BD1B20F5E700BF00ED00E07B
:10B7C00010B51C4B0246986A9C6A10F0100F14BF0B
:10B7D0001120102014F0080F9C6A18BF1220A40733
:10B7E00009D5586B986A000604D51AB19A6A22F0F6
:10B7F00080029A6213200F4B9A6A12F0010F9A6A24
:10B8000018BF142012F0200F9A6A18BF1520D40612
:10B8100058BF9B6A074B9A6A920642BF5A6A22F443
:10B8200000525A629A6A42F0FF029A6200230B7039
:10B8300010BD00BF00ED00E070B5444B5B689CB0EC
:10B840000646C3F30803002585F31188BFF36F8F05
:10B8500002F07F40B0F17F4F11D102F00C000828B8
:10B860000DD010074CBF0E4601250022033B8DF87A
:10B870000720032B05D8DFE803F01E5C60592E4635
:10B88000F3E700249DF807309BB96822314602A8EF
:10B8900032F011FC099B002D53D0C3F3080222B9EA
:10B8A0006FEA53236FEA4323099302A9204625F048
:10B8B00065F81CB070BD254BDA6A9107E1D4DA6AED
:10B8C000002ADEDBDA6A5200DBD55A69B16942F43C
:10B8D00080725A61BFF34F8FBFF36F8F5A6931F88F
:10B8E000021C22F480725A61BFF34F8FBFF36F8F37
:10B8F0004DF60272914209D09A6AD2B242B10DF16C
:10B9000007010120FFF75CFF0446BBE73468B9E795
:10B910009A6A12F47F4F05D00DF107010120FFF75D
:10B9200019FFF1E79B6AB3F5803FAAD3FFF7E8FE62
:10B93000EAE70DF107010020E4E70DF1070100201F
:10B94000EDE723F4FF7323F00103ADE700ED00E022
:10B95000024A536943F010035361704700ED00E061
:10B96000EFF30880EFF3098101B57246FFF764FF3A
:10B9700001BD00BF044800232021C2180133302B31
:10B9800082F80013F9D1704700E100E0FEF71CF9DE
:10B99000202080F3118808484FF40061401880F39C
:10B9A0000988EFF314800221084380F31488BFF361
:10B9B0006F8F00F0D5F80000E87A0020084B9B68F4
:10B9C00083420BD1EFF3058343B1064B5A6842F033
:10B9D00080525A605A6A22F400425A6221F0FABC3C
:10B9E0001053002000ED00E0094A0A4993680968F5
:10B9F000D967094998674B6843F080534B6000232F
:10BA000083F31188BFF36F8F9368D86F704700BFBF
:10BA100010530020A40D060000ED00E021498A68C3
:10BA200082F8C1E04FF030001044EFF3098C80E859
:10BA3000F01F1EF0100F03D102F1800080EC108A7D
:10BA4000202080F31288BFF36F8F174F4FF00066EE
:10BA50008A698A603E604FF0740414192068134CA0
:10BA6000206092F9C1E0906F0023936780F3118802
:10BA70001EF0100F03D00023E1EE103A03E002F1B4
:10BA8000800090EC108AEFF3148323F0040383F317
:10BA90001488BFF36F8F02F1300090E8F01F8CF331
:10BAA000098870471053002004ED00E0342C00207A
:10BAB0001EF0040F0CBFEFF30880EFF309808169DB
:10BAC00011F8021C0229FFD001B524F059FF01BD75
:10BAD00040B2002807DB044A4109012300F01F009F
:10BAE000834042F82130704700E100E040B2002876
:10BAF0000CDB4309064900F01F002033012282407D
:10BB000041F82320BFF34F8FBFF36F8F704700BF03
:10BB100000E100E0054B420900F01F0053F822202D
:10BB2000012303FA00F01040704700BF00E100E07D
:10BB300040B20028A8BF00F1604001F10101B8BF88
:10BB4000064B4FEA4111ACBF00F5614000F00F0019
:10BB5000C9B2B4BF195480F80013704714ED00E067
:10BB6000144A08B5144B22F07F029A60BFF34F8F3E
:10BB7000BFF36F8FD3F8882022F47002C3F88820B7
:10BB8000D3F8882042F4A002C3F888204FF0404246
:10BB9000C3F83422BFF34F8FBFF36F8F0023E1EE62
:10BBA000103A20F019FC21F08BFCFFF7E3FE20F0A7
:10BBB00061FC00BF0060020000ED00E042F8203CA4
:10BBC000009B42F81C3C019B42F8183C0A49029B2E
:10BBD00042F8143C4FF0807342F8043C21F001011C
:10BBE000002342F8081C203A83674FF47D43026526
:10BBF000C0F8C030704700BF49990200114B9B68E4
:10BC000083421BD1EFF30580C0B94FF02002EFF360
:10BC1000118182F31288BFF36F8F1A7B22F0020228
:10BC20001A73EFF3148323F0040383F31488BFF330
:10BC30006F8F81F31188BFF36F8F70476FF015001E
:10BC4000704700BF105300200023E1EE103AEFF3DD
:10BC5000148323F0040383F31488BFF36F8FBFF3BF
:10BC60006F8F094B9860094B406F1860104681F345
:10BC70000988002163B681F31188BFF36F8F00221A
:10BC80000023FDF761FE00BF10530020342C00207C
:10BC9000014910220A60704710ED00E072B6404082
:10BCA00080F31188BFF36F8FBFF34F8F30BF62B641
:10BCB000BFF36F8F704700BF72B6494081F31188A0
:10BCC000BFF34F8F20BF80F3118862B6704700BF6B
:10BCD00001B5EFF30580A0F110004FEAC000044960
:10BCE000014409C99847BDE80140024908470000DE
:10BCF0004CE80500E5B60200024B034A0348012167
:10BD000000F030B80000042000000020E8F005003A
:10BD1000084AC2F898000B6823F01F03034343F05E
:10BD20001003C2F89C308B6843F00103C2F8A030C6
:10BD3000704700BF00ED00E0044B0522C3F89420DB
:10BD4000BFF34F8FBFF36F8F704700BF00ED00E070
:10BD5000BFF35F8F024B0022C3F89420704700BFEF
:10BD600000ED00E010B5034C0123227824F027FEFB
:10BD7000207010BD6E570020F0B5454D2C68082C82
:10BD800085B000F28280FFF7E3FF00200C2684429A
:10BD90000DD1404D404F2C706846FEF7C9F9002484
:10BDA0000646A6420AD1FFF7C7FF00201CE06968DB
:10BDB00006FB0011FFF7ACFF0130E8E7009800EB4D
:10BDC00004114FEA041CCB683B40B3F5000F4AD086
:10BDD0000CD8B3F5001F30D0B3F5800F38D0B3F5D1
:10BDE000801F12D06FF0150005B0F0BDB3F1807F59
:10BDF00042D0B3F1007FF5D150F80C3088684A6822
:10BE000024F0CDFD40F4802009E050F80C30886823
:10BE10004A6824F0C4FD40F0885040F4302003907C
:10BE200028780728CDE90123DCD801A9FFF770FFA6
:10BE30002B7801332B700134B3E750F80C3088684D
:10BE40004A6824F0ACFD40F0885040F40020E6E75A
:10BE500050F80C3088684A6824F0A1FD40F000706A
:10BE600040F40030DBE750F80C3088684A6824F072
:10BE700096FD40F08270D2E750F80C3088684A682E
:10BE800024F08DFD40F08870C9E74FF0FF30ABE73C
:10BE9000F4F005006E5700200000F0FF08B50448DC
:10BEA00022F0E7FB404080F311884FF0020002DFF0
:10BEB000C717060008B50649064821F00701C1F179
:10BEC000005202F5802222F003FE002008BD00BFD0
:10BED000D3980020382C0020044A0123C2F84035B2
:10BEE0004FF080420020C2F87835704700E00140F2
:10BEF0004FF08043C0B2C3F81C05BFF34F8F054914
:10BF0000054BCA6802F4E0621343CB60BFF34F8F66
:10BF100000BFFDE700ED00E00400FA0520B1034B8F
:10BF2000800143F001031847704700BFA0EB0500F4
:10BF300008B5044831F018FB00280CBF6FF0120060
:10BF4000002008BDCCE60500F8B5594EBFF35B8F65
:10BF50003468BFF35B8F14F0010450D0554F564C3A
:10BF6000564D57483A46214623F016FCE0B32022AE
:10BF70002946204632F077FA0028F2D000274FF009
:10BF8000FF324FF0FF33012000F04AFB00F10C05B7
:10BF900002210446284627F098FE3E2303704223E0
:10BFA00043700121284627F090FE082303704121A9
:10BFB000284627F08AFE054600F8017BB7B14022EB
:10BFC000002132F0A0F8BFF35B8F56E8003F23F06A
:10BFD000010346E80032002AF7D1BFF35B8F204609
:10BFE000BDE8F84000F064BF1F27C8E7344924F0DB
:10BFF00080FD203105F1210024F07BFDE3E7BFF354
:10C000005B8F3368BFF35B8F9B0750D529492C4862
:10C0100024F07FFA002811DBBFF35B8F26493368D9
:10C020002648BFF35B8F13F0040F01F12002214B70
:10C0300018BF0146104623F0FCFB04464FF0FF32C8
:10C040004FF0FF33012000F0EBFA00F10C07022162
:10C050000546384627F039FE3E23037022234370FD
:10C060000121384627F031FE09230370212138468B
:10C0700027F02BFE034601309CB91F221A70FF21C6
:10C08000202232F040F8BFF35B8F56E8003F23F0E8
:10C09000020346E80032002AF7D1BFF35B8F28463F
:10C0A0009EE7002206491A7024F023FDEBE7F8BD55
:10C0B000442C002014F105006F5700200E180600D4
:10C0C0008F57002070B5214CBFF35B8F2368BFF3FF
:10C0D0005B8FDA0706460D4601D50C2070BD01299D
:10C0E00031D8BFF35B8F54E8003F43F0020244E8CD
:10C0F00000210029F7D1BFF35B8F9B07EDD41448D3
:10C10000314624F0F6FC134806F1200124F0F1FC3E
:10C11000BFF35B8F75B154E8003F43F0040344E87C
:10C120000032002AF7D1BFF35B8F0B4800F036FADC
:10C130000020D3E754E8003F23F0040344E8003232
:10C14000002AF0D0F6E71220C8E700BF442C0020F8
:10C150008F570020AF570020C004002070B5067E26
:10C16000044676B9C3681D8842F22602954245D03E
:10C170000FD842F2010295424FD042F225039D4270
:10C1800013D02A4BD3F85C3120465B69BDE8704080
:10C19000184742F25E039D42F3D103210C3027F091
:10C1A000B3FDE06890F840102EE003210C3027F03A
:10C1B000ABFD204613F05CFEBFF35B8F1C4B1A688F
:10C1C000BFF35B8F920707D50C26314642F225005C
:10C1D00024F06BFC002070BDBFF35B8F53E8002F91
:10C1E00042F0010143E800100028F7D1BFF35B8F54
:10C1F000D307E9D40F4800F0D1F9E6E703210C306A
:10C2000027F082FDE0683146FFF75CFF06462046D6
:10C2100013F02EFE31462846DAE7DA7802F07F0284
:10C22000DA701A7922F001021A71AAE79000002050
:10C23000442C0020C00400202DE9F341254CBFF31D
:10C240005B8F1F462368BFF35B8F1646DA070546F0
:10C250002BD520B96FF0010002B0BDE8F08101A933
:10C2600023F077F91C4980460246284632F00BF944
:10C27000E8B9BFF35B8F2368BFF35B8FC3F3C008DC
:10C280001B0712D4A4F1D405072229463846B0472B
:10C29000062895BF44F8D48C0723C5F80380B0FB6B
:10C2A000F3F094BF85F80780E8710020D4E72846B2
:10C2B0000A49424632F0E7F805460028CAD1102262
:10C2C00004F18C013846B0470028EEDB044484F8C2
:10C2D0008C50EAE764010020E11506002E180600E4
:10C2E0002DE9F04188B09C79DDF838805D791E79C0
:10C2F000DF7893F802C093F801E01B78B8F1000FE3
:10C300000ED0CDE90638CDE904CE1346CDE902675B
:10C31000CDE90045084A21F077FB08B0BDE8F0817F
:10C32000CDE905E3CDE9037C1346CDE90156034A87
:10C33000009421F069FBF0E7331806005718060057
:10C3400070B504468CB01E461546A2B129B10A4606
:10C3500002A8042122F012F902A900912B462246DC
:10C36000242103A8FFF7BCFF109A314603A8FEF76B
:10C3700051FE0CB070BD0346044A242103A821F0ED
:10C3800043FB0028F0DA6FF01500F2E7781806009A
:10C3900007B5064B0648DA79C2EBC20200920022CA
:10C3A0001146FFF7CDFF03B05DF804FB90000020BD
:10C3B000E115060030B504468DB0154692B129B19D
:10C3C0000A4602A8042122F0D9F802A900912B46BE
:10C3D0002246242103A8FFF783FF03A823F091F846
:10C3E0000DB030BD0346054A242103A821F00CFB03
:10C3F0000028F2DA6FF01500F2E700BF78180600A7
:10C4000007B5009313460A4601460348FFF798FF15
:10C4100003B05DF804FB00BF4A1A06000A46014655
:10C420000148FFF7C7BF00BF4A1A060007B50093CF
:10C4300013460A4601460348FFF782FF03B05DF842
:10C4400004FB00BF441A060007B5009313460A46D2
:10C4500001460348FFF774FF03B05DF804FB00BF1B
:10C46000351A060007B5002203460091034811461D
:10C47000FFF766FF03B05DF804FB00BF3C1A06003F
:10C4800007B500220346009103481146FFF758FF05
:10C4900003B05DF804FB00BF2E18060008B5024883
:10C4A00020F0FAFB002008BDD004002070B51D4C20
:10C4B000BFF35B8F2368BFF35B8F13F0010F25463B
:10C4C00022D094F88C30A4F1D40613B9164800F0A9
:10C4D00001FEF379D3B1BFF35B8F2368BFF35B8FAA
:10C4E0005A0701D400F07AFDBFF35B8F55E8003F97
:10C4F00023F4803245E800210029F7D1BFF35B8F98
:10C50000DB0301D5FFF7CAFF002009E001F03AF88C
:10C5100030B9F379002BDED101F078F80028DAD0B9
:10C5200070BD00BF64010020B316060007B500937C
:10C5300013460A4601460348FFF702FF03B05DF8C1
:10C5400004FB00BF891A06000A4601460148FFF7AE
:10C5500031BF00BF891A060030B50A4D0A4B85B0BD
:10C56000002428460293039431F05CFA02AB009356
:10C57000284606490A234FF4A36220F093FB204685
:10C5800005B030BD8814002081180600D06300205B
:10C590000146014820F0BEBB881400200146014836
:10C5A00031F02FBA881400200378012B30B513D056
:10C5B000022B27D07BB9194B0A4603F1100453F81C
:10C5C000045B42F8045BA342F9D11B7813704388E3
:10C5D0004B731B0A8B7330BD104B0A4603F11004DA
:10C5E00053F8045B42F8045BA342F9D11B78137043
:10C5F00043684B73C3F307221B0CCB731B0A8A736C
:10C600000B74E8E700F1100350F8042B41F8042BF9
:10C610009842F9D103780B70DDE700BF8A18060055
:10C6200038B50546054827F011FB044620B1002126
:10C630000C3027F046FB2576204638BD60110020DF
:10C6400070B502460D48BFF35B8F0B46002150E8E2
:10C65000004F40E80015002DF9D1BFF35B8F24B9DE
:10C66000BDE870400120FFF7DBBF012304F10C009F
:10C670002376218227F025FB204670BDD0010020C3
:10C6800070B504460F2C0D461046194605D80D2CE2
:10C690000DD9BDE87040FFF7D3BF132C07D10C486C
:10C6A00027F0D4FA044638B90024204670BD02466B
:10C6B0000B4645B10748F3E700210C3027F001FB9A
:10C6C00001232376F1E7BDE870400120FFF7A8BF02
:10C6D0008C110020DC10002038B5C368B3F801408D
:10C6E0001B786BB90F21204601F060FE054640B96A
:10C6F000084B1A8822B96FEA04506FEA105018806C
:10C7000038BD012101F096FD2846BDE8384025F0EE
:10C710004BB900BF5A53002010B5084C0146052202
:10C7200094F86F0001F0C0FF38B994F86F00044925
:10C73000BDE81040042201F0B7BF10BD90000020FA
:10C74000F417060010B5012104460C3027F0E4FA76
:10C750002146034A0078BDE810400A2324F03EBB7E
:10C760004CF20500F8B50746907A0E46144613F0D1
:10C77000D1FA284B83424BD1204613F0D3FA264DF1
:10C780000C2303FB00504388BB4241D1234FD7F811
:10C79000400120B113F06CFB0023C7F84031204664
:10C7A00013F0C0FA0C2707FB005043689BB196B901
:10C7B000204613F0B7FA07FB005001214268D2E986
:10C7C0000003127A03F01F07B9405B09D2B100EBF6
:10C7D000830024F06AFA204613F0A4FA0C2707FB22
:10C7E00000508368A3B1204613F09CFA78432E547E
:10C7F000204613F097FA07FB0055A868BDE8F840FB
:10C8000020F048B9C94300EB830024F0FEFAE2E7C8
:10C81000F8BD00BF34110020482C002090000020FB
:10C8200038B5042104460C3027F076FA45780178B3
:10C8300040882246FFF796FF25B10348BDE83840FF
:10C8400020F028B938BD00BFB801002038B5032159
:10C8500004460C3027F060FAE36805781978B0F8E0
:10C8600001002246FFF77EFF25B10348BDE83840AE
:10C8700020F010B938BD00BFB80100202DE9F04705
:10C880003C4FDFF80C8107F11409FB6848466FF351
:10C890009433FB6001F084FC451C36484FF0FF32B6
:10C8A0004FF0FF33294621F005F860B13249334893
:10C8B00040F6E523424622F08DFA404080F311888D
:10C8C0004FF0030002DF2B4E15B920F0C7FCDCE768
:10C8D000F368C3F38633042B42D1337B002B42D160
:10C8E00027480022002327F0B6F9044660B92549FD
:10C8F000224840F67723424622F06CFA404080F30B
:10C9000011884FF0030002DFDFF888A01E484FF0C7
:10C91000FF324FF0FF3320F0E3F8DAF8400120B1A6
:10C9200013F0A6FA0023CAF84031204627F097F901
:10C93000CAF840012046FFF711FC88B1124820F0E8
:10C94000A9F8204613F0EEF9104B0C2202FB003040
:10C950001F2140882246FFF705FF204613F088FA82
:10C960001436013DB0E7012BFAD13069383801F0B7
:10C970004FFFF5E7E0040020CF180600D8180600A6
:10C98000D4010020F5180600B8010020482C002032
:10C990009B1806009000002010B5C1E900239DF807
:10C9A00008300B720C4613F0BDF9034B0C2202FB4E
:10C9B00000335C6010BD00BF482C00202DE9F0471B
:10C9C0004FF0FF324FF0FF3306461748174D0F4622
:10C9D00027F03CF9044600F10C0A00214FF0000852
:10C9E000504627F06EF984F81880204613F09AF923
:10C9F0004FF00C0909FB00504680204613F092F9D5
:10CA000009FB0050C0F80880204613F08BF909FBA1
:10CA1000005503215046C5F8048027F056F90680DA
:10CA200087702046BDE8F08734110020482C002094
:10CA300038B505460C4619B9FFF7C0FF044698B152
:10CA400040F635439D4209D12046FFF787FB054656
:10CA500040B1204613F00CFA284638BD0448214660
:10CA600027F0FBF80025F7E76FF06805F4E700BF53
:10CA7000D40100202DE9F041074686B015460C464A
:10CA800021B9FFF79BFF044600284DD00122002169
:10CA9000684630F006FF204613F044F9DFF8A8801E
:10CAA0000C2303FB0080C0F808D0204627F0D7F8FD
:10CAB0000146204827F0D1F84FF4A0220023684611
:10CAC00020F00EF8064688B14FF4A9731A4A1B49A4
:10CAD0001B4822F07FF91B483246394622F07AF98A
:10CAE000404080F311884FF0030002DF204613F02E
:10CAF00019F90C23584318F800606EB1204613F062
:10CB0000B7F9092E13D00D2E0CBF6FF00B006FF08C
:10CB1000040006B0BDE8F08115B12C600020F8E7F4
:10CB2000204613F0A5F9F9E76FF06800F1E76FF020
:10CB30006E00EEE7D40100209B180600CF18060017
:10CB4000D8180600F9180600482C0020F7B5144B39
:10CB500093F99B30002B05460C461DDA14B920468C
:10CB600003B0F0BD082C01AA4FF0000142F21800FA
:10CB7000264628BF0826FFF77DFF0028F0D1019F39
:10CB8000F96832460131284631F095FA384613F0FB
:10CB90006FF93544A41BE1E76FF08500E0E700BFC3
:10CBA000900000200138C0B202289ABF014B185CE7
:10CBB00000207047BF1906002DE9F0417B4BB0F80B
:10CBC00001801988054648F4704291424FF00006F2
:10CBD00088B004BF1E80012600F01CFB2C78BCB17D
:10CBE0003C2C36D100F024FE6FF08001103024F090
:10CBF0000CF90020FFF790FD054650B304730021A7
:10CC000001F018FB284608B0BDE8F04124F0CCBE86
:10CC1000EB78012B08BF664B05F10407384608BFC7
:10CC200093F86F4024F012F83946A8B106A824F012
:10CC300002F805F111010DF1110024F0A5F801230E
:10CC40008DF81030EB78012B12D01321404624F0E0
:10CC500051FA08B0BDE8F081204624F04CFC0146B2
:10CC600006A824F096F8394604A824F092F8E9E7DB
:10CC700006A8FFF751FDEB78012B04460AD100F01E
:10CC8000D7FD6FF080010746103024F0BEF838461B
:10CC900024F0C3FD002CD8D02046B5F8013020F890
:10CCA000883B06A924F075F8B5F81730A4F89E3033
:10CCB000B5F81930A4F8A430B5F81B30A4F8A630A4
:10CCC000EB78E37000222273012B40F20112A4F8EA
:10CCD000B82015D104A904F18F0024F05AF800F00F
:10CCE000A7FD217A324AC1EBC101114404F196003B
:10CCF00024F04FF8D2F8E4305D0601D500F02EFFA5
:10CD00000721204601F096FA1EB10121204601F0CC
:10CD100091FA204624F086FE637B072B42D1BFF3B5
:10CD20005B8F6368224EBFF35B8F13F4805F18D173
:10CD3000E3781BB196F8D830180712D5022142F2D9
:10CD40001600FFF73BFE054658B102210C3026F0D5
:10CD5000BCFF238803800022294642F21600FFF719
:10CD600089FE96F8D930D90706D500210223009113
:10CD70001A46204624F0F7F996F8D8309A0611D5CD
:10CD8000D6F85C319B689B070CD50DF10E0103A80A
:10CD900024F07CF930B9BDF80E20BDF80C10204607
:10CDA00024F0C3F9204624F0FFFD52E75A53002037
:10CDB0009000002000B5C16889B00B788DF8003074
:10CDC000B1F80130ADF80130CB788DF80330B1F80F
:10CDD0000B30ADF81730B1F80D30ADF81930B1F8AF
:10CDE0000F30ADF81B304B7C8DF81D3001A804319D
:10CDF00023F0CFFF07490DF10B0023F0C5FF0DF124
:10CE0000110023F0C1FF6846FFF7D6FE09B05DF8B8
:10CE100004FB00BF0818060029289ABF014B185CC4
:10CE200009207047951906002DE9F041044600F1EC
:10CE30000C06304626F080FFB4F81080B8F1010FE0
:10CE4000054604D82046BDE8F04113F011B830463D
:10CE5000022126F061FF0746007823F0FBFEC2079F
:10CE600006460CD40E4A0F490F4840F6946321F051
:10CE7000B1FF404080F311884FF0030002DF05232B
:10CE80000A4A3878214623F0A9FFB307DAD5636947
:10CE9000A4F8108013FA85F5E560BDE8F08100BFC5
:10CEA0009B18060025190600D8180600F4F10500A5
:10CEB000F8B5037E012B04462DD0032B4CD1038AF9
:10CEC000032B03D8204612F0D3FF22E004210C30BC
:10CED00026F022FF47880688224D204612F022FFC6
:10CEE000C6F30B0325F81030238ABB42EAD1204653
:10CEF00012F018FF0F2135F8100001F057FA05461F
:10CF00000028DFD0320B214624F0E5FC284624F02F
:10CF10004BFD0020F8BD038A012BD3D902210C3030
:10CF200026F0FAFE0546007823F094FE83070CD421
:10CF30000D4A0E490E4840F6682321F04BFF404051
:10CF400080F311884FF0030002DF0A4A2878062395
:10CF5000214623F043FFB5E712F08AFF6FF015007A
:10CF6000D8E700BF5C5300209B1806003E1906005E
:10CF7000D81806001CF2050010B5037E012B0446EC
:10CF80000CD0094A09490A4840F6E66321F022FF1D
:10CF9000404080F311884FF0030002DF2046FFF786
:10CFA00043FF002010BD00BF9B1806006C1906004F
:10CFB000D8180600084A0346D2F85C0130B9D9688F
:10CFC00039B1596929B1C2F85C3170476FF0770007
:10CFD00070476FF015007047900000200148042151
:10CFE00023F063BE6401002010B5F9F70DFA034B7E
:10CFF0001B6813B1BDE81040184710BD602C00201D
:10D0000070B5284DD5F85C3188B00646002B43D06A
:10D010006FF0020105F1D40023F0F7FE012123F0A7
:10D0200044FEC3073BD423F0A6FD044688BB1E4B39
:10D030001E600122114605F5947030F032FC05F5B2
:10D04000A27030F0E9FB00220023CDE906236FF047
:10D050000803CDE90243CDE90044144B144904947C
:10D060004FF4407213481FF003FB1349114830F08E
:10D0700041FBD5F85C31DB689847044648B926B9CE
:10D0800008B0BDE87040F9F7BFB905F1C4001FF062
:10D0900003FE204608B070BD6FF01204F9E76FF090
:10D0A0007704F6E790000020602C00207DC8020085
:10D0B000E8680020701500208F190600044BBFF3AC
:10D0C0005B8F1868BFF35B8FC0F38000704700BFB1
:10D0D0006401002038B50546F9F78EF9102804469A
:10D0E00015D80C482946F9F775F970B1224629463A
:10D0F000084830F0E0FF084803190022214600F5F7
:10D10000B07083F86021FFF7BBF9002038BD6FF0E5
:10D110000B00FBE7F0010020900000200048704762
:10D12000F0010020F8B50A4DEF7906460024E3B27D
:10D130009F4202D86FF0010007E02946304624F0F4
:10D140000CF90735631C08B12046F8BD1C46EEE714
:10D150009000002037B504460D46B9B1164928465F
:10D1600024F0FBF890B91548C4EBC40429462044C8
:10D1700024F006F9124824F0F8F8430703D5FFF726
:10D180008DF923F0FAFC002003B030BD684623F08F
:10D1900044FD0028F8D16846FFF7C4FF0028F5DAFF
:10D1A000064BC4EBC4001844694624F0E9F8002D8E
:10D1B000E0D001462846DBE7FB1706009000002080
:10D1C0006401002038B512490622054631F04BF9BA
:10D1D000C8B1062142F20500FFF7F0FB0446A0B1FA
:10D1E000062229460C3026F076FD0022214642F226
:10D1F0000500FFF73FFC38B90548294624F0BBF885
:10D20000012300F8013C002038BD6FF06800FBE707
:10D21000F90000200A4BBFF35B8F53E8002F22F484
:10D22000004143E800100028F7D1BFF35B8F1304DF
:10D2300004D504490022022004F0DCBA704700BF84
:10D24000640100205515050007B50023CDE9000352
:10D2500004496A46022004F0CDFA019803B05DF853
:10D2600004FB00BF69140500F7B5054670B1464CD4
:10D2700094F8202194F821310AB19A4208D201335E
:10D2800084F821312B7A43F004032B7203B0F0BDF4
:10D2900000210622084601F007FA0646A8B1BFF3AE
:10D2A0005B8FD43454E8003F43F4004344E8003239
:10D2B000002AF7D1BFF35B8F2B7A43F001032B7267
:10D2C00003B0BDE8F04024F06FBB01462F4800F0EA
:10D2D000A9FA94F82131B3B994F8212194F82031B6
:10D2E0009A421FD10022114642F22900FFF7C2FBE9
:10D2F00070B994F82131013384F821312B7A43F04D
:10D3000004032B7204E0304624F07DF80028E3D0BB
:10D31000012024F078F81E48002103B0BDE8F04059
:10D3200000F080BA2A466F1C12F82A0B394624F006
:10D330002EF806460028EBD194F82131013384F809
:10D3400021312B7A43F004032B7294F8A7305B074A
:10D35000DED53946684624F013F80123082142F24D
:10D360004E008DF80730FFF729FB04460028CFD088
:10D37000694608220C3026F0AEFC3246214642F2C5
:10D380004E00FFF777FBC3E790000020BF140500B5
:10D39000371405002DE9F041054660B33C4C94F884
:10D3A000202194F82131F2B1013293421CDC00219A
:10D3B0000622084601F078F90646F0B1BFF35B8F0C
:10D3C000D43454E8003F43F4004344E80032002AD8
:10D3D000F7D1BFF35B8F2B7A43F002032B72BDE8CA
:10D3E000F04124F0E1BA13B1013B84F821312B7AEA
:10D3F00023F004032B72BDE8F0810146254800F0BC
:10D4000011FA304623F0FFFF074688B994F821311E
:10D4100094F820219A4217D2013B84F821312B7ACB
:10D420001D4923F0040302462B72022004F0E2F9A6
:10D4300094F8213113B1012023F0E5FFBDE8F0415C
:10D440001648002100F0EEB9072142F22800FFF74C
:10D45000B5FA05F1010806460028E9D007210C308D
:10D4600026F033FC414623F08BFF3A46314642F228
:10D470002800FFF7FFFA0028DAD194F82131013BA8
:10D4800084F821312B7A23F004032B72D0E700BFFC
:10D4900090000020BF140500F113050037140500AB
:10D4A00070B50D46044698B11D4923F056FF78B972
:10D4B0002378012B02D06FF0150070BDA37903F023
:10D4C000C003C02BF7D12046FFF72CFE002821DA3D
:10D4D000002DF0D1134DEB79012B1ED005F1D400B6
:10D4E00023F043FFC30707D4002CE4D00C492046A7
:10D4F00023F033FF0028DED1EE792146731C30463D
:10D50000EB71FFF727FE08B93046D6E7EB79013B10
:10D51000EB71D2E76FF07700CFE76FF00B00CCE74D
:10D52000FB17060090000020F7B50446C8B101AA19
:10D53000002141F20900FFF79DFA064688B9019FD4
:10D540000E49FD6801350622284630F08CFF28B1CF
:10D550000B490622284630F086FF28B9384612F0DB
:10D5600087FC002003B0F0BD2946601C23F003FFB8
:10D570003846267012F07CFC0120F3E708180600FC
:10D580000218060007B56846FFF7CEFF044BD871B6
:10D5900018B169460020FFF7DDFD03B05DF804FB1C
:10D5A00090000020F7B5184B93F8C230DB07054612
:10D5B0000E4603D40024204603B0F0BD01AA00218A
:10D5C0004FF60940FFF756FA03460028F2D10198BA
:10D5D000C2685478B44228BF3446023216279C42AF
:10D5E00002DC12F045FCE6E7114607FB035602F1A8
:10D5F000140C51F804EB46F804EB6145F9D10988A5
:10D60000318001331632EAE79000002070B5154DE5
:10D61000EC7988B02CB9012102A8FFF7C3FFE871AB
:10D62000C0B90021084608B0BDE87040FFF738BF18
:10D6300002AB06FB02310DF1010023F09CFE012339
:10D64000694610468DF80030FFF784FD013410B1B3
:10D6500008B070BD1626EB79E2B29342E8D80020FC
:10D66000F6E700BF900000202DE9F04190460E46FD
:10D670001D460246002852D0002B50D031030478BA
:10D6800007D573074BD423F04AFF88BB01232B70C7
:10D690002DE0F7072ED5234FB8F1000F13D0B006B9
:10D6A0000AD4C4EBC403FB5C012B11D02B70B2066F
:10D6B0001DD543F00203EAE797F8D8305906F0D4B5
:10D6C0006FF0850014E0C4EBC403FB5C012BDED1DA
:10D6D000072101FB04710131104623F018FF38B90E
:10D6E000C4EBC4043B5D2B70B8F1000FDFD1002008
:10D6F000BDE8F08173070ED50A4EC4EBC407F35D95
:10D70000012BC4D1072111FB0431314423F0FFFE6A
:10D71000F35D2B70ECE723F002FF0123F9E76FF0D4
:10D720001500E5E790000020F8B545686905064654
:10D7300035D4046914B115F0010330D0194F307895
:10D74000FB7983422BD9C0EBC0001749072238442C
:10D7500030F089FEA8B115F0010306D197F87020CA
:10D76000082A02D8B2689F2A19D915F0300F09D0BB
:10D77000ACB1EA060AD405F46035B5F5603018BFDF
:10D780000120F8BDEB0601D4002CF4D1D6E9022328
:10D790009A4204D81F2A02D9B3F5804FEBD9002052
:10D7A000EFE700BF90000020FB17060008B5044912
:10D7B0000722093030F057FE003818BF012008BD9D
:10D7C000FB170600F8B5154B067883F86F60044622
:10D7D0000D46FFF7EBFF70B91149304600F02CFF02
:10D7E000044610B96FF00B00F8BD042100F022FDD3
:10D7F0002C600020F8E704F109073946304624F090
:10D80000A2F940B92078394600F016FF04460028F6
:10D81000E8D00521EAE76FF01500E5E79000002069
:10D82000F417060003460148184700BFA80000206F
:10D8300000487047A80000202DE9F04FD1F8109063
:10D840008DB09A460023B9EB030506468948059238
:10D8500018BF0125079323F09EFE0C46410740F1B7
:10D86000FD802046FFF760FF28B96FF0150B584682
:10D870000DB0BDE8F08F204623F068FE80460028FA
:10D88000F3D006F11007384623F085FE0206C0F3F8
:10D89000C01300F1E680CDE90933CDF82B30A36841
:10D8A0006068ADF82030E368ADF8223023F064FE04
:10D8B0006FF400518DF82D006E4823F072FE6E4A11
:10D8C0002378337082F86F3061680DF125032A46A2
:10D8D0003046FFF7C9FE83460028C8D106F109008B
:10D8E000B9F1000F13D0216923F06AFE204623F01E
:10D8F0005DFF63680546D80716D49A0503D4169BC6
:10D900000BB9022D4CD102238DF8243019E05B496C
:10D9100023F056FE204623F049FF6368D9070546E9
:10D92000EBD58DF824900CE013F0100F0CBF012301
:10D93000042321698DF824300DF1260023F040FEE8
:10D94000D8460F2142F20600FFF738F88346002838
:10D9500000F08A800F2208A90C3026F0BCF90022C2
:10D96000594642F20600FFF785F800287FD1B9F149
:10D97000000F1BD06368DB0726D43046012123F05B
:10D9800025FF079E8346002860D0002E3FF46FAF2E
:10D990003046002100F04EFC304624F005F866E7E2
:10D9A0000323DDF858808DF82430CAE7179B0093D5
:10D9B000CDE90185169B05995246304623F07FFE3E
:10D9C00083460028D6D052E707A93046FFF7FAFE73
:10D9D00083460028D1D010F10C0F7FF448AFB9F185
:10D9E000000F7FF444AF636898073FF540AF62686B
:10D9F00082F00202C2F3400B0BF001020E21384606
:10DA000023F044FE6B1E5A425A410821384623F047
:10DA10003DFEA91E4A424A413846092123F036FEFE
:10DA200062680A2102F00102384623F02FFE4246C6
:10DA30000B21384623F02AFE62680D21C2F38002D2
:10DA4000384623F023FE4FF0000B10E716B13046A6
:10DA500023F0AAFFB9F1000FCED1C8E76FF00A0B8F
:10DA600005E76FF0770B02E76FF0680BFFE6834680
:10DA7000FDE600BF6401002090000020FB170600B7
:10DA800073B51546069A0C46CDE900322B460A4678
:10DA900001461148FFF7D0FE21460646002340F21A
:10DAA00001109D4202D1304602B070BD0A88824208
:10DAB00004D14A6812B11278D20702D40133083176
:10DAC000EFE7064906482FF0B3FF4FF4702200231A
:10DAD00003481FF07DF9E6E7A800002021180500A3
:10DAE000C000002010B5194823F097FE18486FF4C5
:10DAF000804123F056FD164823F04DFD03461A06DB
:10DB0000C0F3C01021D5124823F045FD430513D5BD
:10DB10000E48FFF74BFE0F490346087E93B90E49A6
:10DB2000042200F0C1FD044630B10021017300F071
:10DB300081FB204623F038FFBDE810400348002158
:10DB400023F044BE05222131EBE710BDA8000020E0
:10DB5000B800002090000020F417060073B532488A
:10DB6000314C23F018FD10F4804F5AD0204623F09A
:10DB700012FD030655D4204623F00DFD460550D571
:10DB800001A9A4F11000FFF71DFE002849D1A4F15E
:10DB90001000FFF70BFE0246204623F0FCFCC0F30A
:10DBA0008031204623F0F7FC81F0010145054FEA62
:10DBB00041011D4848BF41F0010123F0ECFC800405
:10DBC00048BF41F0040119480DF10303FFF74CFD74
:10DBD000054630BB1548012123F0F8FD019E28B908
:10DBE000304602B0BDE8704023F0DEBE2946304624
:10DBF00000F020FB6FF480410B4823F0D2FC054677
:10DC0000304623F0D1FE6B040BD5BFF35B8F54E895
:10DC1000003F43F4804344E80032002AF7D1BFF3C9
:10DC20005B8F02B070BD00BFB8000020A8000020CC
:10DC300008B50449402230F016FCB0FA80F04009E3
:10DC400008BD00BFC219060070B5314B93F8A23071
:10DC500003F00603062B52D1002853D02D4E326814
:10DC600032B1131F834250D05B680BB1043BF9E71C
:10DC700042607268031D336002B97360264CBFF3C3
:10DC80005B8F54E8002F42F0200344E80031002964
:10DC9000F7D1BFF35B8F12F0200202D00025284697
:10DCA00070BDBFF35B8F54E8003F23F0100344E8DE
:10DCB00000310029F7D1BFF35B8F114642F22500F6
:10DCC000FEF7D8FE05460028E8D0BFF35B8F54E886
:10DCD000003F23F0200344E80032002AF7D1BFF3CD
:10DCE0005B8F34683CB154F8043C043C0BB1002019
:10DCF00098476468F6E70023C6E90033CFE76FF082
:10DD00008505CCE76FF01505C9E76FF07705C6E725
:10DD100090000020682C002064010020054BBFF318
:10DD20005B8F1B680448BFF35B8F13F0100F08BFB5
:10DD30000020704764010020CF57002070B5204EAE
:10DD400033688B42044635D013B16FF00F0070BDBD
:10DD50001C4BBFF35B8F1A68BFF35B8F9206F4D442
:10DD6000BFF35B8F1B68BFF35B8FDB0625D531608C
:10DD700042F226004021FEF721FE0546B8B14021BF
:10DD80000C3025F0A2FF234604F1400253F8041B97
:10DD900040F8041B9342F9D10022294642F22600A2
:10DDA000FEF768FE0028D2D000233360CFE76FF083
:10DDB0006800F9E76FF07700C9E76FF07C00C6E70D
:10DDC000642C002064010020F8B51D4BC568BFF32A
:10DDD0005B8F53E8002F22F0200243E80021002946
:10DDE000F7D1BFF35B8F2A78AAB916496A1C05F1EF
:10DDF000410052F8044B41F8044B8242F9D1BFF381
:10DE00005B8F53E8001F41F0100143E80012002A25
:10DE1000F7D1BFF35B8F0C4E34686CB1094F043CF3
:10DE200023682BB12A78002A0CBF38460020984777
:10DE300064680CB1043CF3E70023C6E90033F8BD85
:10DE400064010020CF570020682C002005490B6892
:10DE500033B1C26800200860117801B9501C18471E
:10DE6000704700BF642C002070B50B4B1D68044642
:10DE700025B90A4D0A4EB54207D370BD2B6813B1C0
:10DE8000217B20469847ED69F2E72B6813B1217B8F
:10DE9000204698472035EEE7A02C0020F0E9050049
:10DEA000F0E905002DE9F041154F04464FF0000858
:10DEB0004FF02002EFF3118382F31288BFF36F8FCC
:10DEC000216A29B983F31188BFF36F8FBDE8F08110
:10DED000606A0A682262814208BF626283F3118825
:10DEE000BFF36F8FD1E90156C1F80C80C1E90188F9
:10DEF00038462FF0BDFC002231462046A847D7E720
:10DF00008010002070B5D1E901560022C1E901223C
:10DF10000446CA6005482FF0ABFC314620462B462C
:10DF20006FF06D02BDE87040184700BF8010002000
:10DF30002DE9F047DFF858811F46B8F80431002B6F
:10DF400004460E4608F58470154608BF00200022DE
:10DF500000231EF0C5FD002840F09580002D71D0F3
:10DF600005F10C0A5046B8F8049125F0E9FE484541
:10DF700062D9B8F8049156F80C1F4A46504625F06D
:10DF8000AAFE4946304625F0BFFE637BAE69072BEB
:10DF900076D14FF02003EFF3118283F31288BFF3A1
:10DFA0006F8F002E59D000233360A369002B51D10D
:10DFB000C4E905664FF0000982F31188BFF36F8F43
:10DFC000042105F10C0025F097FE238807F0FD07DA
:10DFD00043EA073707802B8A043B438002232B76D2
:10DFE000284623F075F9074618B34FF02003EFF3E6
:10DFF000118783F31288BFF36F8F002E3AD031461A
:10E0000004F1140023F00EFC87F31188BFF36F8F27
:10E010006FF00407B8F804311C48002B08BF00203B
:10E020001EF038FD2EB10023AB6131462046FFF7CC
:10E0300069FF3846BDE8F087504625F081FE1FFA9B
:10E0400080F998E70022002304F1380025F003FE50
:10E0500005469AE71E60A661ACE7A36933B103F1F8
:10E060000C09DB680133C9F80030A5E7E36904F166
:10E070001C09F7E7D9F80030013BC9F80030C3E7C5
:10E080006FF07F07C6E76FF06807D2E798010020BE
:10E09000900000200448B0F80431002B00F5847093
:10E0A00008BF0020704700BF9000002038B5002254
:10E0B00004468A4202D10024204638BD04F1BC0344
:10E0C0000120BFF35B8F53E8005F002D04D143E8CC
:10E0D000000CBCF1000FF6D1BFF35B8F02D0C0344F
:10E0E0000244E6E7002CE6D0BC220021204630F0B6
:10E0F0000AF804F1580004492FF09AFC034904F18E
:10E1000028002FF051FCD7E759E7020079180500E5
:10E11000F8B51F46CB7A072B06460D46144632D972
:10E12000437B072B1DD162B330F0EEF9194B1A581F
:10E13000194B9A42194807BF002200234FF0FF32C3
:10E140004FF0FF331EF072FC00B3737B072B4FF0D0
:10E15000000209D0C0E90122C26001460F482FF039
:10E1600087FB6FF07F00F8BDC0E90147C260002463
:10E17000A8612C7706F13800294625F06EFD20466F
:10E18000F1E71046F3E76FF01500ECE76FF0680079
:10E19000E9E700BF08000000702700208010002081
:10E1A00070B504461F482FF07AFF1E4B0022012154
:10E1B00020462FF04AFFBFF35B8F1B4B1A68BFF35B
:10E1C0005B8F04F114060AB9012070BDA3F1BC05F0
:10E1D00013F8AF3C53B96FF04001281D23F03DFB0D
:10E1E000430603D5284623F053FBEDE76B7B072B53
:10E1F000EAD10E4BB3F80421002AE5D0D3F8102160
:10E20000A96B59B152B903F58473022130462FF03E
:10E210001CFF012384F820300220D6E7044B0022A3
:10E220000421F3E71C050020F416002090000020D4
:10E23000701600202DE9F041457B8D42044600F028
:10E240009280417325B98378082B01D023F090FB8D
:10E25000637B012B1DD1534D002705F584764FF0CC
:10E260002002EFF3118382F31288BFF36F8FE2690C
:10E27000002A72D0013AE26183F31188BFF36F8FF5
:10E28000B5F80431002B14BF304600201EF002FC0C
:10E29000E5E7072B09D0002B65D1A378042B1ED10D
:10E2A0002046BDE8F04123F07FBBA378042B5AD071
:10E2B00004F138002FF0B0FA3B4800211FF056FB64
:10E2C0000023C4E91433E378012B4CD104F1580046
:10E2D0004FF42032BDE8F04100231EF045BD013D62
:10E2E000052D40D801A353F825F000BF05E3020037
:10E2F0004DE30200A1E20200A1E202004DE30200B0
:10E300004DE302002046FFF7CDFDA378012B0AD193
:10E3100004F1580528462FF097FB10F00C0F02D09F
:10E3200028462FF093FBBFF35B8F043454E8003F83
:10E3300043F0400344E80032002AF7D1BFF35B8F7B
:10E340001948BDE8F04100211FF010BB237B002BD2
:10E35000A6D02046FFF788FDA2E7616929B983F3BB
:10E360001188BFF36F8FBDE8F081A0690A68626110
:10E37000814208BFA26183F31188BFF36F8F4FF012
:10E380002002EFF3118382F31288BFF36F8FCA6804
:10E39000E261CF6083F31188BFF36F8F2046FFF7F0
:10E3A000B1FD6DE7900000201C05002010B502466D
:10E3B0000C460748012123F013FB034610B9002344
:10E3C000184610BD82781442FAD123F0EDFAF6E730
:10E3D00038160020F8B5074609480D46164623F0C2
:10E3E000C7FA044650B183781F4203D1BDE8F84014
:10E3F00023F0DABA3146A8472046F7E7F8BD00BF58
:10E4000038160020034BC01A034B80115843C0B28A
:10E41000704700BF38160020ABAAAAAA38B50D462F
:10E420000649002808BF084625F010FC044618B12C
:10E43000291D0C3025F045FC204638BDB0100020C9
:10E44000F8B50446BFF35B8F6368BFF35B8F9B0532
:10E4500000F1040011D5B4F89E30B4F8A0209A421F
:10E460000BD8B4F8A2209A4207D3D4E929239A42C0
:10E4700003D16FF4007123F0F0F9104B1D6825B93A
:10E480000F4D104FBD420CD3F8BDEE683EB1B4F84D
:10E49000A630B4F8A420B4F89E102046B047ED6929
:10E4A000EDE7EE683EB1B4F8A630B4F8A420B4F8B5
:10E4B0009E102046B0472035E4E700BFA02C002086
:10E4C000F0E90500F0E90500F8B50D4B1D680446BC
:10E4D00000F1B80635B90B4D0B4E04F1B807B54243
:10E4E00007D3F8BDAB6913B1314620469847ED69B3
:10E4F000F0E7AB6913B13946204698472035EEE77F
:10E50000A02C0020F0E90500F0E905002DE9F0411C
:10E51000074608460C4622F051FE054618B900256C
:10E520002846BDE8F081134B1E6846B9124EDFF84D
:10E530004C804645F4D2B36883B92036F9E7B36816
:10E540000BB9F669F1E72146384698470028E6D02E
:10E55000204622F033FE0028F3D1E0E7214638467A
:10E5600098470028DBD0204622F028FE0028E4D17E
:10E57000D5E700BFA02C0020F0E90500F0E9050078
:10E580002DE9F041C378044673B900F19606104BAB
:10E590001D6804F1880755B90E4D0F4F04F1880826
:10E5A000BD420CD3BDE8F08100F18F06EFE72B6987
:10E5B0001BB13A46314620469847ED69EBE72B6997
:10E5C0001BB142463146204698472035E8E700BF58
:10E5D000A02C0020F0E90500F0E90500F8B5437A29
:10E5E00083720446164623F025FB0C4B1D6825B9A3
:10E5F0000B4D0C4FBD4208D3F8BD6B691BB1617A5E
:10E60000324620469847ED69F1E76B691BB1617AA4
:10E610003246204698472035ECE700BFA02C00206A
:10E62000F0E90500F0E90500024B1A68C2611860C4
:10E63000704700BFA02C002038B505460C460B489B
:10E640000121FFF733FD80B105722368C0F88830DF
:10E65000A388A0F88C30A37980F88E300123437210
:10E6600083728370024BC0F8A03038BD381600208A
:10E670001800280070B505460A480E4623F078F9C0
:10E68000044620B18378012B04D023F08DF90024B7
:10E69000204670BD3246294623F035FA0028F7D1CE
:10E6A0002046F2E738160020F8B505460E480E461B
:10E6B000174623F05DF9044620B18378012B03D07F
:10E6C00023F072F900240DE036B13246294623F0DA
:10E6D0001AFA08B92046F3E7637BBB42FAD1237AE2
:10E6E000AB42F7D12046F8BD3816002038B50446B5
:10E6F00008460D4622F062FD48B3164B93F8D83019
:10E70000990707D4E37883B129462046BDE838400D
:10E7100000F09AB994F8AC309A07F3D5BFF35B8F49
:10E720006368BFF35B8F5B05ECD42946204623F07A
:10E7300014FA58B92B88A4F8A0306B88A4F8A2303A
:10E74000AB88A4F8A830EB88A4F8AA3038BD6FF0E5
:10E750001500FBE790000020F7B510F84B3C04468D
:10E76000A0F15805FBB9284623F04CFA224B1E684D
:10E770004EB9224E224FBE420DD3284603B0BDE80B
:10E78000F04023F011B973681BB114F84C1C2846F3
:10E790009847F669ECE773681BB114F84C1C2846DF
:10E7A00098472036E7E710F8563C012B22D1A0F11C
:10E7B00054066FF40071304623F04FF883050DD5F1
:10E7C000A36C00936946236D01932846FFF78EFFE3
:10E7D00020B96FF48071304623F03FF8BFF35B8FB0
:10E7E00056E8003F43F0800346E80032002AF7D1A4
:10E7F000BFF35B8F03B0F0BDA02C0020F0E9050053
:10E80000F0E9050001460148FFF708BE08110020A5
:10E810002DE9F047437B05465BB96FF040010430BA
:10E8200023F01BF8430604D52846BDE8F04723F043
:10E830002FB805F138002FF030F8044660B9354A9A
:10E84000354936484FF4667320F0C4FA404080F3EF
:10E8500011884FF0030002DF204625F000FADFF8B0
:10E86000C090028AB9F804319A420446027F07D860
:10E8700032B9022321462846FFF75AFB064632E00A
:10E8800017464FF0000A228AB9F804319A4204D898
:10E890000123237700220323ECE74FF0FF334FF0EF
:10E8A000FF320020FFF7AEFF6B7B072B804606D0C0
:10E8B00011F0DEFA2046BDE8F04711F0D9BAC0F8F1
:10E8C00018A080F81CA0637F437702463B46214690
:10E8D0002846FFF72DFB0646B8B107F0010727775A
:10E8E000404611F0C5FA204611F0C2FA05360ED1A5
:10E8F000A6690023A361204611F0BAFA3EB1314661
:10E900002846BDE8F047FFF7FDBA0127BBE7BDE8A1
:10E91000F08700BF021A0600F5180600D818060096
:10E920009000002068B10023C360074B596800F1D4
:10E930000C0219B9C3E90022002070470A605A602E
:10E94000FAE76FF015007047A42C002010B50C48B2
:10E950002EF062FF0B490A482EF08AFF0A49084848
:10E960002EF086FF094906482EF082FF00F040FE97
:10E9700002F0DCFE044608B923F0EBF9204610BD96
:10E9800080100020702C0020802C0020902C002073
:10E99000044B186818B9044A5A600B6070476FF04E
:10E9A0000B007047B02C0020CCF20500F7B5244DC9
:10E9B000244F04460026BD4201D303B0F0BD6B686E
:10E9C00001A920469847002834DB019B2A889A82B7
:10E9D0009A8403F11002A868BFF35B8F52E8001F0E
:10E9E00042E8006CBCF1000FF8D1BFF35B8F9E6072
:10E9F000616D03F10802F9B9C4E914221C60D86002
:10EA0000019843681B6803B19847019BBFF35B8F74
:10EA1000103353E8001F41F0010143E80012002ABF
:10EA2000F7D1BFF35B8F01984368DB6913B100F145
:10EA3000100198470C35BEE70A606265DEE700BF4B
:10EA4000CCE90500F0E9050073B5174B0E461978BF
:10EA50000131C9B2012938BF01210546082212201F
:10EA6000197023F0A3F80446D0B108210C3025F02A
:10EA70002CF93388038073884380B3888380F388BC
:10EA8000C3800023284600932246052123F0F2F894
:10EA9000054610B1204611F0EBF9284602B070BDD2
:10EAA0006FF00B05F9E700BF0F58002023281FD88F
:10EAB0001A2804D8431E182B0ED906207047A0F13F
:10EAC0001B03082B1ED8DFE803F0051D1B231D19AF
:10EAD000251D0500032070470F4A012383401A407B
:10EAE000C2B90E4A1A40002A14BF012006207047FE
:10EAF00000F07F03522B05D10020704701207047A2
:10EB00000520704710F0400F0CBF06200020704712
:10EB10000420704702207047AAAA8A025455450172
:10EB2000011F01482EF0BABD740F002010B5044635
:10EB300078B10B4B98420CD33C33984209D2002158
:10EB400014222FF0E0FA21460648BDE810402EF0CE
:10EB50008FBE20461422BDE8104000212FF0D3BA0A
:10EB6000E02C00206810002010B500F130030446AE
:10EB7000BFF35B8F53E8001F41F0040143E800122C
:10EB8000002AF7D1BFF35B8F201F23F0FBF904F1BC
:10EB90006C0004492EF04CFF2068BDE8104001F0E5
:10EBA00043BE00BFD9F702002DE9FF4105460E46DE
:10EBB0004FF000084FF42053006817688DF8088064
:10EBC00002A91446ADF80A3021F0D9FFA0B142F6EF
:10EBD000010328688DF80C8003A9ADF80E3021F0F0
:10EBE000CEFF48B123691BB15A88B24200D25E8081
:10EBF000012004B0BDE8F0816168286821F0BFFF02
:10EC000010B100232361F3E7E368A0681A786AB1C2
:10EC1000B7F81AC0798D038A8C4594BFC3EB0C03F7
:10EC2000C3EB0103934201DA0020E2E704210C3038
:10EC300025F04BF82061068023695E80074B009326
:10EC40000194A26800232946384623F03AFA0028A6
:10EC5000EADB2069003818BF0120CAE7EB1F050076
:10EC60002DE9F8430F46438D418B8B4202F101029F
:10EC700028BF0B469A42064625D83846FFF716FFAE
:10EC8000022824D004283FD04FF0FF384FF0FF393E
:10EC9000002142464B46084622F0E9FF044690B167
:10ECA0002FF032FC1B4B1A581B4B9A421B4807BFD4
:10ECB0000022002342464B461DF0B8FE0546D0B95F
:10ECC000204611F0D5F800242046BDE8F8830F2F28
:10ECD0001AD0212F18D0B36D002BF4D1706D24F011
:10ECE000BEFF044624F0ADFF082104F10C0006F13C
:10ECF000580524F0E6FF2E600121A56104F10C0007
:10ED000024F0E3FF0770DFE74FF470284FF00009AD
:10ED1000BEE700BF08000000702700206810002038
:10ED20002DE9F743176805468846006851687E68F4
:10ED3000144621F024FF8146002842D13046952216
:10ED4000294624F0A7F80646207540B1E3681B78F1
:10ED50000BB184F81490002003B0BDE8F083A068E4
:10ED600024F081FF02210C3024F0AFFF164B20610C
:10ED7000A0F8008000930194A268334629463846E3
:10ED800023F09FF9002807DA10F1FF0F26BF404259
:10ED9000C0B20E202075DEE72369002BDBD0A0680F
:10EDA00022F0E2FF7B8D7A8B9A4294BFC0EB020087
:10EDB000C0EB0300E3681B78984294BF0020012059
:10EDC000CAE70120C8E700BF791D0500F7B5002399
:10EDD00004460E462B48002269461DF0DDFB054621
:10EDE000D0B92FF091FB284B009F1A58274B29468A
:10EDF0001A60381D28222FF086F93C60009C2448B8
:10EE00000195C4E90155C4E909550022002301A96F
:10EE10001DF0C2FB054620B16FF00B05284603B07C
:10EE2000F0BD019B0146A82218462FF06CF9194A43
:10EE300082603C302EF0F0FC019BBFF35B8F3433DB
:10EE400053E8002F43E800510029F9D1BFF35B8F4D
:10EE5000019B1C60636A019F1BB904F10C002EF03A
:10EE6000DBFC626AC7F8A020A26A07F1A003636214
:10EE700002B9A362019B17225A855A830433336077
:10EE8000CCE700BF580F0020080000001C2D002018
:10EE9000740F00202C0500202DE9F347D1F81880CD
:10EEA000CB68D8F80090BFF35B8F426BBFF35B8FEA
:10EEB000520706460C463AD51B78D22B0FD1036871
:10EEC000186824F01DFC054648B1A069FFF72EFE26
:10EED000204610F0CDFF284602B0BDE8F08704F1CF
:10EEE0000C0024F029FFB4F810A0C8F800603368C3
:10EEF0001D68E36807461878FFF7D8FD052896BF18
:10EF00000C4B0D4B53F82030CDF80080284622469C
:10EF1000042122F0AFFE05460028DCD06369A4F886
:10EF200010A013FA87F7E760C8F80090D3E76FF0F6
:10EF30001505D0E7F4F205005B2505002DE9F84F33
:10EF40000B8A076804460D46002B6DD0012105F1A0
:10EF50000C0024F0E1FE7B7B072B064664D154F8BD
:10EF6000043C002B60D00278324FA4F10408002347
:10EF700017F8331091424FEAC30A07EBC30B16D1BF
:10EF8000284624F06CFE9BF802902065B9F1010F31
:10EF900022D0B9F1050F37D02A8A9BF801309A4266
:10EFA0003DD3DBF8043029464046984737E001332B
:10EFB0000E2BDDD1284624F052FE2065317808461C
:10EFC000FFF774FD58B3052829D041B3062300226A
:10EFD000404623F078FA22E0002104F1300023F0CB
:10EFE00041F9E0B99BF801202B8A9A421FD8574477
:10EFF00029467B6840469847B9F1010F03460ED178
:10F0000068B1317859B1E2E7012104F1300023F011
:10F0100029F920B99BF801202B8A9A42E7D9206D63
:10F0200010F026FF002323650020BDE8F88F04239D
:10F03000E7E700BF0CF30500F0B51E4603680D4678
:10F04000003987B0044618BF01211868174624F01C
:10F050001FF848B9052104F1340023F003F9002812
:10F0600048D0002007B0F0BD002E45D01822002166
:10F0700068462FF048F867BB2368204A1B68009356
:10F080000023ADF812300C9B0393BDF83430ADF87B
:10F09000103001238DF8143031466B4630468DF820
:10F0A000085022F0C1FE9DF81430E3B1002FD8D0F3
:10F0B000019B9869FFF73AFD019810F0D9FE9DF881
:10F0C0001430002DCDD032462946204623F0FBF9DE
:10F0D000C7E7002239462046FFF7C2FD019000280D
:10F0E000CAD11120BEE701990029BAD0204623F0E9
:10F0F000DCF9B6E71220B5E70120B3E7C71D05002C
:10F100002DE9F0410E8A043EF6B2022E04468CB080
:10F11000084601D0102E6BD104210C3024F0FCFDE8
:10F120000DF1080805884788011D3246404621F048
:10F1300054FD00285ED0002D39D00026002F35D098
:10F14000BD4234D84FF4205301A940468DF80460E5
:10F15000ADF8063021F013FD68BB1422002107A88A
:10F160002EF0D1FF01221121204623F076FA0990DA
:10F1700000283BD001210C30CDE9074824F0A5FD43
:10F1800000230A901C4A037039460B93284607ABAC
:10F1900022F04AFE0A9B1B781BBB099B9869FFF76C
:10F1A000C5FC099810F064FE0A2301E03D460123E6
:10F1B0002A4610210EE042F6010307A940468DF8C9
:10F1C0001C60ADF81E3021F0DAFC0028C5D01023F9
:10F1D0002A461946204623F076F900200CB0BDE8F7
:10F1E000F0810999204623F060F9F6E71120F5E750
:10F1F0000420F3E70E20F1E7A9EB02002DE9F0432C
:10F20000036885B004460D461868012123F040FFCD
:10F2100050B9052104F1340023F024F800283BD133
:10F22000122005B0BDE8F0831022002168462EF0C0
:10F230006AFF00222121204623F00FFA029068B3D2
:10F24000DFF85C90009405F10C074FF001082B8A61
:10F25000012B04D80299204623F027F91CE03846F8
:10F2600024F062FD6B464A46014606468DF80C8046
:10F2700022F0DAFD9DF80C30002BE8D0029B986953
:10F28000FFF754FC029810F0F3FD9DF80C30324665
:10F290002021204623F017F90020C2E71120C0E703
:10F2A000D52205002DE9F043036885B004460D46DC
:10F2B0001868012123F0ECFE50B9052104F1340057
:10F2C00022F0D0FF00283BD1122005B0BDE8F0832A
:10F2D0001022002168462EF016FF00220F21204642
:10F2E00023F0BBF9029068B3DFF85C90009405F15D
:10F2F0000C074FF001082B8A012B04D802992046F5
:10F3000023F0D3F81CE0384624F00EFD6B464A4645
:10F31000014606468DF80C8022F086FD9DF80C30E3
:10F32000002BE8D0029B9869FFF700FC029810F0D0
:10F330009FFD9DF80C3032460E21204623F0C3F885
:10F340000020C2E71120C0E78F220500F0B51D465E
:10F35000036885B004460E4618680121174623F05D
:10F3600097FE40B9052104F1340022F07BFF70BB09
:10F37000122005B0F0BD8DB31022002168462EF09A
:10F38000C2FE00223946204623F067F9029038B3C6
:10F39000BDF82830ADF8043001238DF80C30114A47
:10F3A00000946B462946284622F03EFD9DF80C301D
:10F3B0007BB1029B9869FFF7B9FB029810F058FDEA
:10F3C0009DF80C302A463146204623F07CF8002078
:10F3D000CFE70299204623F068F8F8E70120C8E754
:10F3E0001120C6E78F2205002DE9F0410D8A043D6A
:10F3F000EDB2022D04468CB0084601D0102D50D13C
:10F4000004210C3024F088FC0DF10408068847889C
:10F41000011D2A46404621F0E0FB002843D096B16A
:10F4200087B1B7420FD3182200210DEB02002EF056
:10F430006AFE01220921204623F00FF9089060B9E5
:10F44000112007E03E46012332460821204623F0E2
:10F450003AF800200CB0BDE8F08101210C30CDE974
:10F46000064824F032FC0023099003700A238DF82B
:10F470002C300E4A06AB3946304622F0D5FC9DF8BA
:10F480002C304BB1089B9869FFF750FB089810F09F
:10F49000EFFC9DF82C30D7E70899204623F005F8BB
:10F4A000D7E70420D6E70E20D4E700BF21ED020005
:10F4B0002DE9F0430F4687B00446062107F10C0002
:10F4C00024F02AFC0588B0F802808288D7F80C90D6
:10F4D000C5B10023B8F1000F13D0454512D88DF8FF
:10F4E00000308DF8043001A94FF420536846ADF880
:10F4F0000220ADF8063021F042FB064660B10A2337
:10F5000001E0454601232A460621204622F0DBFF82
:10F51000002007B0BDE8F0830146142201A83F7C1B
:10F520002EF0F1FD32460721204623F096F8029096
:10F53000F8B10A238DF815300F4A019401AB41460A
:10F540002846CDE903698DF8147022F06DFC9DF812
:10F5500015304BB1029B9869FFF7E8FA029810F05A
:10F5600087FC9DF81530CEE70299204622F09DFFDA
:10F57000CEE71120CDE700BF3F1E05007FB5CB6869
:10F580001D885E8804468DB17EB1B5420ED810222A
:10F59000002168462EF0B7FD00220521204623F009
:10F5A0005CF8019058B9112007E0354601232A463E
:10F5B0000421204622F087FF002004B070BD6B4676
:10F5C0000A4A00943146284622F02EFC029B43B999
:10F5D000019B9869FFF7AAFA019810F049FC0A23E9
:10F5E000E5E70199204622F060FFE5E70B200500E2
:10F5F00038B50B4C0B4D20462EF00EF9294620460F
:10F600002EF036F905F1140120462EF031F905F1FE
:10F61000280120462EF02CF9BDE8384000F08EBCC1
:10F6200068100020E02C002013B50B46002101914A
:10F630000E4902462EF068FF0C680D4909580D4826
:10F640008C4208BF002201A908BF13461CF0A4FF8A
:10F65000014640B9019B1C2218462EF054FD03467A
:10F66000184602B010BD0023FAE700BF1C2D002091
:10F6700008000000AC0F002010B5836804463BB1C1
:10F680009869FFF753FAA06810F0F2FB0023A3601B
:10F6900021460248BDE810402EF000B8AC0F002013
:10F6A0002DE9F347044670300E4617461D462EF0EE
:10F6B000CDF9A06B30B9206822F083FE002002B0A3
:10F6C000BDE8F087104B98424FF0000802D1C4F813
:10F6D0003880F0E7D0F80490C0F80480A06BD0F830
:10F6E00018A0FFF7C9FF2068C4F8388022F069FE2F
:10F6F000B9F1000FE2D02068CDF800A000683B46C9
:10F7000032462946C847D9E7202D00202DE9F3418C
:10F7100050F8044C0546002C59D000F19C0104F12E
:10F72000240022F075FD2F1F05F138080022002368
:10F73000404624F090FA064640BB6B6B2BB1024664
:10F7400001460E233846FFF7ABFF002345F8043C83
:10F75000022105F1300022F074FD636A002B36D1DE
:10F7600004F10C0700220023384624F074FA064600
:10F7700098B96668C6B91748266021462DF08EFFF5
:10F78000286802B0BDE8F04101F002B9B069FFF7A6
:10F79000CDF9304610F06CFBC8E7B069FFF7C6F949
:10F7A000304610F065FBDDE7A2683368636096427F
:10F7B00008BFA360776837B1B3690093002320685E
:10F7C0001A460E21B8473046FFF756FFD1E702B080
:10F7D000BDE8F081580F002070B550F8703C92B031
:10F7E0000646186822F0B7F90378044607AD032BE4
:10F7F00024D8DFE803F0021D1F2113492846F6F73D
:10F80000F3FDA379059562780492A2780392E278D9
:10F81000029222790192627900921E210B4A0AA873
:10F820001EF0F2F8A6F16C00FFF770FF12B070BD89
:10F830000749E3E70749E1E70749DFE7074A0A2104
:10F8400028461EF0E1F8DCE7CC150600F5150600A9
:10F85000D3150600DA150600E4150600EE150600BD
:10F8600010B50449144618461022A04700EAE0707B
:10F8700010BD00BF5017002070B50D4C2378834297
:10F8800006460D4604D1611C284623F061F858B99C
:10F89000237CB3420AD10749284623F059F810B116
:10F8A000012004EB001070BD0020FAE70020FAE709
:10F8B000542D0020652D002070B50D4C2378834217
:10F8C00006460D4604D1611C284623F041F858B97C
:10F8D000237BB3420AD10749284623F039F8002890
:10F8E000054808BF002070BD2046FCE70020FAE76D
:10F8F000F8160020051700200417002070B50D4CE5
:10F900002378834205460E4603D1601C23F020F87D
:10F9100060B9237BAB420BD10748314623F018F87E
:10F9200018B101200C2303FB004070BD0020F9E753
:10F930000020FAE7665300207353002070B5144D81
:10F94000064640B115F8011C2A466C1E22F0DBF871
:10F9500098B120460CE00F49284622F0F9FF40B943
:10F960000C4905F1100022F0F3FF20B105F10F0062
:10F9700070BD681EFCE70020FAE7217C04F111024B
:10F98000304622F0C0F80028F5D004F11000EFE76F
:10F99000552D0020FB17060010B54A1C0C4638B147
:10F9A000097822F0B0F808B1204610BD0020FCE72D
:10F9B0000249104622F0CCFFF5E700BFFB17060016
:10F9C0002DE9F04106460F46904621F086FC50B3E3
:10F9D00039463046FFF770FF054698B9134822F0C4
:10F9E000ECFF0446E8B1124822F0E7FF50B9114D90
:10F9F00001240C235C43104A601C3946104423F058
:10FA000001F81655012101FA08F105F1080022F06C
:10FA1000B6FFBDE8F04109484FF4004200231DF055
:10FA2000D7B9054DE5E7BDE8F08100BF001700201C
:10FA30000C17002004170020F816002010170020D3
:10FA400070B5204B144682689A420FD1A568C668EB
:10FA500075B922792168304622F082FF024628B12A
:10FA60001949013022F0CEFF15701581012070BDBB
:10FA7000E0680028FBD02B888B420AD0F6D2E068E1
:10FA8000A36801380433E0600038A36018BF012088
:10FA9000EDE7256822792946304622F061FF0246CB
:10FAA00060B90949304622F05BFF02460028E6D0E3
:10FAB0002946013022F0A6FF23791370A3685B88E2
:10FAC0001381DCE785FD0200FB1706002DE9F041FC
:10FAD00080460F4616461D46FFF710FF044648B9FC
:10FAE0001449FFF70BFF0446F0B100F8018B3946CB
:10FAF00022F088FF2289638992B99BB926816581AA
:10FB0000254615F8010B294621F0E7FB60B1224696
:10FB1000294612F8080BBDE8F0410423FCF770BC3D
:10FB2000964203D39D42EAD8BDE8F0819D422681EA
:10FB3000E6D9E4E7FB1706002DE9FF410E4617461C
:10FB40009846044628B96FF01505284604B0BDE86C
:10FB5000F08102A920F0EBFF05460028F3D101A9AE
:10FB600020461FF0F6FC0198D0B902A90020FFF74B
:10FB7000C5FE0446D8B9002EE7D01149FFF7BEFEF6
:10FB80000446D0B1002300F8013B02A922F03AFF5D
:10FB9000042204F108014046B84700EAE075D4E7C2
:10FBA0000A2229461DF05CFF0028DED0CBE7002E9C
:10FBB000EED1066046608660C7E76FF00B05C4E7CC
:10FBC000FB1706001FB519461046074B074ACDE93B
:10FBD000022308230093BDF818206B4422F054FF41
:10FBE00005B05DF804FB00BF1E00900106000C008C
:10FBF00008B513468168074A914209D11A791968F4
:10FC0000C06822F0ADFE18B1002303604360038199
:10FC1000012008BD85FD020038B5094B15468268F4
:10FC20009A420AD1C46829680134204622F090FE25
:10FC300018B16968204622F0E5FE012038BD00BFFA
:10FC400085FD020038B50C4B144682689A420D4679
:10FC50000FD122792168C06822F082FE48B1D4F821
:10FC6000C83004EB83020133158101895181C4F846
:10FC7000C830012038BD00BF85FD020002484FF4A6
:10FC8000A47200231DF0A4B8D817002008B50421E1
:10FC9000084822F074FE07486FF0020122F07EFE51
:10FCA000044822F08AFEC30701D5FFF7E7FF0020D2
:10FCB00008BD00BF08180020024608B508490130F9
:10FCC00022F0A0FE002313720C32BFF35B8F52E8C8
:10FCD000001F42E800300028F9D1BFF35B8F08BD58
:10FCE000FB1706002DE9F041234B154682689A4226
:10FCF000074602D1C468638933BB0120BDE8F081A7
:10FD000021F052FEE36800216181002BF5D03846D6
:10FD10009847F2E705F18808287A414621F0DDFA94
:10FD200068B9164B9C4202D1284622F086FE14493F
:10FD3000304622F067FE002323702381E2E741462C
:10FD4000304622F05FFEDDE72389002BDAD026461D
:10FD5000284616F8011B324621F0D5FE0028D9D1DD
:10FD600020783146FEF786FC0028CBD0437B072B5A
:10FD7000C6D121F019FEC0E785FD02009C050020D8
:10FD8000FB1706002DE9F0471F46BDF82030D1F8DB
:10FD90000C9006468846002B46D17B1E012B46D888
:10FDA000012F4946157818BF1588FFF7F5FD044661
:10FDB00078B915B93846BDE8F0874946FFF7ECFD3C
:10FDC0000446B8B306F18801013022F01BFE337AF5
:10FDD0002370D9F81030DBB9B4F808A02581B9F840
:10FDE0000A30AB4203D04946404622F03BFDAA45CB
:10FDF00005D0307A002206F18801FFF7E1FD002DE1
:10FE0000D8D10E49601C22F0FDFD25702581D1E777
:10FE10002A464146304698470028CCDB0138012865
:10FE2000DAD96FF00D00C6E76FF00600C3E76FF098
:10FE30000C00C0E76FF01000BDE700BFFB17060025
:10FE400008B51248012122F09AFD10F0010F104B65
:10FE50000AD1104A9A610D4822F0AFFD830713D4EE
:10FE6000BDE80840FFF70ABF1A8B588B012A4FF6EE
:10FE7000FF7205D8904207D04FF6FF725A83EAE727
:10FE800090421983E7D0F7E708BD00BF08180020AB
:10FE9000B81700200100FFFF10B5104C1049204694
:10FEA00022F056FD014638B9601E22F090FE14F88B
:10FEB000010C214622F070FE09490A4822F048FD53
:10FEC000014650B9084822F082FE084BBDE81040B8
:10FED000187C03F1110122F05FBE10BD552D0020EA
:10FEE000FB170600652D0020642D0020542D0020F6
:10FEF00010B56FF0020104460E4822F04FFD0D4888
:10FF000022F05BFDC20704D50B48002200231CF041
:10FF10005FFF204622F07DFC58B12046FFF70EFD22
:10FF200038B1037ADB0704D5BDE81040012122F087
:10FF30005EBE10BD08180020D817002010B51E485E
:10FF4000012122F01CFDC30735D402211A4822F0FA
:10FF500016FD084007D11949194A0B88194CA242CD
:10FF600023D300B10B80184B184919480022C3E96C
:10FF700000222DF05DFD4FF4A47200231448FCF71D
:10FF800007FB144914482DF053FD0221134822F0B9
:10FF9000F6FC134913482DF04BFD1348FEF7C2FC45
:10FFA000BDE810401148FEF73FBB506803449BB2C8
:10FFB00008320120D3E710BD742D00207E530020AD
:10FFC000F0E9050018EA0500782D0020552E0500FF
:10FFD00060170020DD040300D81700200818002057
:10FFE000773105001017002074050020540500200B
:10FFF0002DE9F041034648B1008A38B91249DFF8CB
:020000023000CC
:100000004CE001244FF0140C714501D3BDE8F081A0
:10001000D1E90076BB4204D30CFB0672143A93423A
:100020000ED93444A2B208311446EDE70CFB057832
:10003000434507D001356219B54292B2F6D1F2E7D5
:100040000025F8E71046E1E7F0E9050018EA0500A9
:100050002DE9F74FBDF83050009199464FF6FF73E8
:10006000002D08BF1D46244B1B888342074690463F
:100070003CD203B0BDE8F08F73682344BB4232D258
:100080009CB208361D4B9E42F6D3F2E78958019385
:10009000404620F074FD019B90B101340AF1010A41
:1000A000A4B273685345ECD9009B9C42E1D8BC4292
:1000B0003168F2D30BFB0AF28B18B8F1000FE5D1CF
:1000C000B9F1000F0BD1013DADB218460E9A0D9B50
:1000D00021469847002DCCD00028DED1C9E7DA6848
:1000E0009145DAD1EFE74FF0000ADAE7044E012438
:1000F0004FF0140BC6E700BF7E53002018EA05003E
:10010000F0E9050010B5C8B000231CAA694604A890
:10011000CDE90033CDE9023320F066FBD8B14FF6CC
:10012000FF7101200D4A04AB22F089FE0C4804A99E
:1001300020F0EFFB78B10A4B082203F11001187888
:1001400011F8014D03F8014B013A0870F7D1054849
:10015000082122F014FC48B010BD00BFAB280500F8
:1001600040170020081800202DE9F0411949BDF87A
:1001700018700446A1F1300015461E462DF07AFC99
:10018000154822F01AFC010707D4FFF7BBFFFFF761
:1001900083FE12481021FCF765F92046FFF7CEFBDD
:1001A00068B1037ADA070AD500F10C04204622F080
:1001B00004FCC30703D40221204622F0E0FB1023F5
:1001C00006933A4631462846044BBDE8F04122F0FA
:1001D0005BBC00BF901700200818002040170020CB
:1001E00010B51B4822F0E9FBC0F3C00080F0010409
:1001F00008B9FFF787FF164822F0DFFB03461448D3
:1002000022F0DBFBDA0621D5830608D5F4B1FFF72F
:1002100043FEBDE810400F481021FCF723B9202110
:100220000B4822F0ACFB0B49102288182EF01BF96A
:1002300048B909482DF00AFCBDE8104004486FF0A9
:10024000010122F0ABBBFFF7FBFDE0E710BD00BFF3
:100250000818002040170020D817002008B51021EA
:10026000034822F08CFBFFF7BBFF002008BD00BF56
:10027000081800202DE9F041B8B00C461646214977
:100280003E986A461F461FF040F9002837D0009D6F
:1002900001A928461FF05DF965B1019870B90DF10B
:1002A00008080023284641468DF8143020F03FFC12
:1002B000054650B16FF0150425461AE00A220021C8
:1002C0001DF0CEFB0028EAD0F4E7CDF81080A4B1F1
:1002D000C02208A93846B047041EEDDBA40808ABCD
:1002E000CDE90634084A04AB4FF6FF71012022F035
:1002F000A6FD284638B0BDE8F0812346F0E76FF050
:100300001505F6E7321A060041FA020007B5002388
:100310000193FFF76DFE411C89B20846034A01AB09
:1003200022F08DFD019803B05DF804FB5F28050005
:100330002DE9F0471546894694226968064622F061
:10034000A9FD8046002848D169680222304622F083
:10035000DBFD002844D04FF470200021AF8AFFF766
:1003600063F90237044680B11F4B47611D21417478
:10037000C0F80C80436085613A46304622F048F967
:10038000074638B92046FFF777F96FF00B05284686
:10039000BDE8F08701234246414607F10C0A22F0EE
:1003A00057FA0221504623F090FC8046504628F828
:1003B000029BA98A23F089FCAA8A296940462DF06C
:1003C0007AFEA7602146304622F00EFA0546002844
:1003D000DDD02046FFF750F9D9E74FF0FF35D6E7DB
:1003E0006FF01505D3E700BF7928050030B5044646
:1003F0008BB0374822F0E1FA42070D4661D514B1BF
:10040000637B072B60D168680590FFF7F1FD2A68D0
:10041000ADF818003AB305A902912E4901910121C6
:10042000002300914FF6FF710593FFF711FE059B26
:100430001BB96FF001000BB030BD6B60059B1868F5
:1004400000238DF8103004A942F60303ADF81230F2
:1004500020F095FB70B90598C3689B799B0605D47D
:100460006FF01500E7E70028E8D1E2E722F0A0FCF2
:10047000ADF81800BDF818003CB101230146AB757A
:100480002A462046FFF754FFD5E76FF07F03079316
:100490000223ADF8203042F60213ADF8123005AB5E
:1004A000AC7502930C4B01930123009304AA2346DD
:1004B0004FF6FF7109958DF81040FFF7C9FD0798B9
:1004C000B9E76FF00A00B6E76FF07F00B3E700BF4F
:1004D000640100209F2805000D07030073B500F19B
:1004E0003005044650F8083C0193A0F120066FF057
:1004F0000101284622F052FA0D4B44F81C3C0D4BEA
:1005000044F8183C01AB002044F8103C042324F8C4
:10051000080C24F8060C24F80C3C3146FFF766FF63
:1005200018B90221284622F02AFA02B070BD00BF95
:10053000A4F30500F1FE02002DE9F843334B1468E3
:10054000174682689A4205465DD1C668002306F1C7
:100550000109002B57D13389002B54D031784A46FA
:10056000204621F0D0FA00284DD04FF4957229464C
:10057000204622F08FFCA0B1032844D00528204655
:100580000CBF4FF003084FF0020821F0BAFA804583
:1005900007D93A7942454FF00103DAD287F804804F
:1005A000D7E73146284622F05DF9194B9E422AD101
:1005B000207A04F18801FFF7A1F9054618B30389F1
:1005C0000BB94389FBB12046FDF71CFF114A2B896B
:1005D00022F8203002EB8003698959800E490F4DC3
:1005E000182303FB001300B202EB800200EB400073
:1005F0005D601A610A4D9D60042201EBC001204636
:100600009A82FFF7F3FE0120BDE8F88385FD020022
:100610009C050020625300203C2D0020A4F305001F
:10062000912C050030B504468BB0354822F0C5F951
:1006300042070D465DD514B1637B072B5CD168681A
:100640000590FFF7D5FC2A68ADF818003AB305A964
:1006500002912C4901910121002300914FF6FF7175
:100660000593FFF7F5FC059B1BB96FF001000BB07C
:1006700030BD6B60059B186800238DF8103004A90D
:1006800042F60303ADF8123020F079FA70B90598FC
:10069000C3689B79DB0605D46FF01500E7E70028F7
:1006A000E8D1E2E722F084FBADF81800BDF81800AD
:1006B0002CB101462A46204622F0AAFCD7E742F692
:1006C0000212ADF8122005AA6FF07F0302920E4AC3
:1006D00007930123CDE90032ADF8203004AA234668
:1006E0004FF6FF7109958DF81040FFF7B1FC0798A0
:1006F000BDE76FF00A00BAE76FF07F00B7E700BF11
:10070000640100209F2805000D0703002DE9F84330
:10071000414B144682689A42074603D00127384667
:10072000BDE8F883C6683D4B9E4211D03289A3894B
:100730009A4206F10101F1D13078FDF79BFF0546A1
:100740000028EBD0437B072B26D021F02DF9E5E7DD
:10075000334DDFF8D0904FF000084946284622F08C
:10076000F7F878B915F8010C07222946FDF79CFF28
:1007700078B9236915F8010C1A692946538812883B
:10078000FFF7A4F90C35B8F1000FCFD14FF00108F5
:10079000E3E721F009F9F5E7736923B13946984792
:1007A00008B92846D1E739469422284622F072FB40
:1007B00007460028F5D1A389022B14D1338913F001
:1007C000020604D1284621F0EFF8A660A6E72269C8
:1007D000A1882846FFF7ACFD0646A8B92269937D9B
:1007E00001339375EEE7012B04D0284621F0DCF8A5
:1007F000A76093E7338913F00106E3D02269A1884B
:10080000284622F005FC0646284621F0CDF8002EA9
:10081000A66084DB82E700BF85FD02009C05002006
:1008200067530020FB17060070B58EB000F18805F5
:10083000044603900123007A8DF81030294620F0F9
:100840004CFD90B1227A1AB302AE042130461DF05D
:1008500095FE00960F4A242105A82B46FBF740FD84
:1008600005AA0D491046FAF735FC4FF6FF710B4A01
:1008700003AB012022F0E3FA204621F042F99DF873
:100880001010884202D2204621F00CF90EB070BD43
:100890000092DFE7351A06007502030039050300F0
:1008A000F8B5084B1C6805460E4617464CB154F87F
:1008B000043C043C1BB13A463146284698476468DC
:1008C000F4E7F8BD782D002013B50A4A00900446DD
:1008D0004FF6FF7101206B468DF8040022F0AFFA4D
:1008E0000021204622F0D4FB08B9FFF7A9FA02B094
:1008F00010BD00BF3905030030B5B5B0002301912C
:100900008DF8080033930A4A01AB04460D460120D6
:100910004FF6FF7122F093FA339B3BB19B0003AA81
:1009200029462046FBF790FD35B030BD1A46F7E763
:1009300045FC02002DE9F34100F18808CDE90012E1
:1009400004460F46007A4146164620F0C6FC0F4A80
:1009500005466B464FF6FF71012022F070FA1DB17B
:10096000207A4146FFF7C8FF207A3946FEF784FF18
:1009700040B13146013022F045F81DB1207A4146A0
:1009800022F00AF902B0BDE8F08100BF19FC0200B4
:1009900073B5044603461A4A4FF6FF71012004F16D
:1009A000880622F04CFA207A314622F0AAFB207AFF
:1009B000314620F092FC50B1237A8DF80430114A70
:1009C00000966B464FF6FF71012022F038FA204660
:1009D000FEF7B4FF054688B1207A314620F07DFC51
:1009E00028B9284602B0BDE87040FFF765B9314626
:1009F000681C02B0BDE8704022F004B802B070BDBF
:100A0000E5FC0200F1FB0200064BD3F8EC0028B92C
:100A1000054AC3F8F020EC330B6070476FF00B0011
:100A2000704700BF10180020A8F4050008B5054B5A
:100A30000146184622F0C8FB043B002814BF1846A4
:100A4000002008BD1418002010B50C4A11680C4A8B
:100A5000BFF35B8F00F5A87353E8004F944204D1B5
:100A600043E8001CBCF1000FF6D1BFF35B8FBFF36E
:100A70005B8FD0F85001BFF35B8F10BDAC2C002012
:100A80001018002008B5FFF7DFFF0346C8B1D0E912
:100A9000011221B9002A0CBF0320022010E032B15C
:100AA000C36813B9094B1B7833B9042008E0074920
:100AB000087828B1DB6833B9003A18BF012250002A
:100AC00008BD0320FCE70120FAE700BF1058002012
:100AD00038B5EC22054600212DF015FB102105F15B
:100AE00027000CF01DFA044648B90521284622F0DB
:100AF000C9FBFDF713F9034B1860204638BD0824E5
:100B0000FBE700BF802D002038B5051D04460821F5
:100B1000284622F0B7FB064904F15700FDF70EF90D
:100B200020B12846082122F079FB082038BD00BFFB
:100B30009937050070B50E4686B00446FFF784FF6E
:100B4000F36804F137020546114603F1100053F82B
:100B5000046B41F8046B8342F9D1237A052B40D80A
:100B6000DFE803F0172323033F6502AB45490093F9
:100B7000096804F1270304F1570000F02DFF80BB42
:100B80000A21201D22F07EFBEB680299D4F8EC00CC
:100B9000984720460D2122F075FB201D102122F0E0
:100BA00071FB204622F0C6FB19E094F8DC10D4F863
:100BB000D83002ADCB403349009503F001030968FA
:100BC00043F0800304F1570022F0C5FF48B910221A
:100BD000294604F117002DF046FC20B1042006B090
:100BE00070BD0820FBE70321204622F04BFB22F0DA
:100BF000A1FB0028F3D194F8DC300133DBB2142BD5
:100C000084F8DC3009D10D21204622F03BFB102175
:100C1000201D22F037FB0020E1E7102104F127001E
:100C20000CF07EF9003818BF0120C000D7E7102172
:100C300004F127000CF074F90028D2D105B32B6918
:100C4000F3B1114BE27A1B88ADF80830A37CD207D0
:100C500003F0010312D4002B14BF012303238DF8EA
:100C600009300023C4E93833201D0C2122F00AFB8F
:100C70002B69D4F8EC0002A99847CCE75B00EEE7BB
:100C80000220ACE7802D002058EB050073B5047AF4
:100C9000022C054623D844B190F8DC30D0F8D84077
:100CA000DC4004F0010444F080040321284622F0D3
:100CB00022FB0646A8B110210C3023F006F8009064
:100CC0000F482346006805F1270205F1570122F07D
:100CD00042FF044650B130460FF0CAF801E0032C41
:100CE00002D0082002B070BD0024DEE7314628465D
:100CF00022F0ACFA281D214622F090FA2046F1E7B6
:100D0000802D0020F8B50446FFF79EFE251D0646FF
:100D10000E21284622F058FA38B9464B202219688D
:100D200004F157002DF09FFB50B30C21204622F018
:100D3000E2FA074620B340210C3022F0C6FF3D4BBB
:100D40001B680246014603F1200053F804CB41F82A
:100D500004CB8342F9D1203203F1200153F8040B74
:100D600042F8040B8B42F9D13946204622F06EFA44
:100D7000237A052B04D8DFE803F005471B0503574A
:100D80000820F8BD0421204622F07CFAFFF77EFF00
:100D90000028F6D12846072122F074FA0820FFF730
:100DA00045FE002843D12046BDE8F840FFF7ACBE21
:100DB0002046D4F8EC70FFF747FE0421064604F104
:100DC000D8000CF0ADF80028DAD1D4F8D8301A4A9F
:100DD000B3FBF2F102FB1133C4F8D83084F8DC0025
:100DE00056B1736843B10B21284622F04BFA736861
:100DF000D4F8D810384698470321204622F042FA0A
:100E00000E2122F03FFAC5E72046032122F03AFAEC
:100E10000E2122F037FA28460A2122F033FAB3686D
:100E2000D4F8EC009847B5E704212046E9E7002014
:100E3000A7E700BF802D002040420F0038B50D46C7
:100E40000446FFF701FEEB6804F15700024603F188
:100E5000200153F8045B42F8045B8B42F9D104F1A2
:100E6000770203F1200153F8045B42F8045B8B42E4
:100E7000F9D1FCF7DDFE40B9154B1D681DBB201DE7
:100E8000062122F0FFF928461CE00E21201D22F049
:100E9000F9F9D4F8EC50D5F8B43033B9287A05F123
:100EA000880100F05FFCC5F8B400D5F8B430002B21
:100EB000E2D0DA8902F02402002ADDD05B7B9B07B6
:100EC000DAD4032038BD2046BDE83840FFF71ABF0A
:100ED000802D002038B512490446A0F1EC053430CD
:100EE0002CF0A6FD284622F076FBBFF35B8F0D4A5F
:100EF00004F1640353E8001F43E800200028F9D1FF
:100F0000BFF35B8FBFF35B8F68344FF0FF3354E860
:100F1000002F44E800310029F9D1BFF35B8F38BDC1
:100F2000D73805001018002038B5174B1B78054638
:100F300023B301F00F042846FFF7A4FD134A03284A
:100F40000CBF04F00B0444F0040405F5AA731278F6
:100F5000BFF35B8F53E8001F013103D143E800204A
:100F60000028F7D1BFF35B8FBFF35B8FD5F8543107
:100F7000BFF35B8F2BB144F0010038BD01F00704D3
:100F8000D9E704F0FE00F8E710580020ED0D00202E
:100F90002DE9F3410D46D0F8EC700446FFF754FDFF
:100FA000ED68EB78073B092B03D9062002B0BDE8BA
:100FB000F081D7F8B4305BB1261D0F21304622F006
:100FC00003F980B92046FFF783FD60B1C0B2EDE7B9
:100FD000387A07F1880100F0C5FBC7F8B400002893
:100FE000EAD10820E2E7012363722B68C4F80A30D3
:100FF000AB88E38102232374A9782046FFF794FF8E
:10100000E0742046FFF73EFD1023607423752B79B2
:1010100003F0030363756B7903F00103A375E37CAD
:101020001A070CD5AB781B0709D50521304622F0ED
:1010300029F9637D03F0020363750023A37505217D
:10104000304622F0C1F8002845D05B4B1B78A374D2
:10105000E37C980606D5AB78990603D51421304673
:1010600022F010F9E37CDA0737D5AB78DB0734D50B
:101070000D21304622F006F9A37D84F8E830637D27
:1010800084F8E9300321304622F0FCF8237BE17C30
:1010900095F8008003EA0102100704D5E27AA07CEB
:1010A0000243D2071DD4B8F1040F1CD80B4313F030
:1010B000040307D02046FFF7E5FC404B08EB880807
:1010C00043441B5C2372D7F8B410204622F085F805
:1010D00058B903206AE73A4BB8E700236375A37554
:1010E000CAE70523EEE70023ECE7D4F8EC309B7A5F
:1010F000032B5DD04BD8013B012B3FF672AF05218E
:10110000304622F061F80028E3D02046FFF79CFC2F
:101110000346D4F8EC00FBB11A68EAB12A788DF8DE
:1011200000206A788DF80120AA788DF80220EA78EC
:101130008DF803202A798DF804206A798DF805202E
:101140001B68694698470138C0B2082804D81D4B6F
:10115000185C00287FF42AAF0C21204622F092F878
:10116000022122F0C8F8054600283FF43AAF0621D4
:101170000C3022F0AAFDD4F811300360B4F8153019
:1011800083802946204622F061F800200EE7042BD8
:101190007FF427AF237D627B934228BF1346102B39
:1011A0007FF403AF0521304622F00EF8002890D0DE
:1011B000237A002BA3D18CE7125800206D1A060069
:1011C00011580020551A06002DE9F743C678012E64
:1011D000044605D06FF01504204603B0BDE8F08347
:1011E00021F0EBFF0546002800F0AC80071D04212C
:1011F000384621F0E9FF002840F0A7800321384657
:1012000021F0E2FF10B16FF00F04E5E731463846F8
:1012100021F0DAFF0028F6D12846FFF715FCD5F8B3
:10122000EC309B7A032B064642D032D8013B012B8F
:1012300048D90B21201D21F0C7FF0028CAD1D4F8BE
:10124000B43083B904F18806217A3246202000F0B8
:10125000EBFAC4F8B40030B9217A3246042000F029
:10126000E3FAC4F8B400D4F8B430002BB2D0DA8971
:1012700012F0240FAED0A17A022923D9587BC007DF
:10128000A8D503291ED09206A4D51B7B102BA1D173
:1012900018E0042BCDD12846FFF7F4FB032804D136
:1012A000002EC6D03369002BC3D0294B1B7807E032
:1012B0002846FFF7E7FB032804D1002EB9D0336995
:1012C000002BB6D0D4F8B4303BB12846FFF700FC71
:1012D000804670B16FF068047EE7207A04F18801DF
:1012E00000F040FAC4F8B4000028EED16FF00B040F
:1012F00072E70B21284621F0FEFF06460028E9D0C0
:1013000001210C3022F0E1FC092181462846FFF73B
:101310000BFE434689F8000032462046CDF8008097
:10132000062120F0A7FC044618B130460EF0A0FDBF
:1013300052E738460F2121F0A5FF0121284621F070
:10134000A1FF49E76FF07F0446E76FF0040443E72D
:1013500010580020F8B5D0F8EC40D4F8B430064668
:10136000051D43B90221284621F02EFF0927002838
:1013700051D11F214BE081BB0D21284621F024FFD4
:10138000074620B1D4F8B40008B122F0A6FB364BD2
:101390001B689BB11D6805B10C3D53F80C3C13B1A3
:1013A0003946204698474DB12B46ED681B681DB164
:1013B0000C3D002BF4D1F7E7002BF1D1304622F0A1
:1013C0000AF9637B072B4DD1627AA37A9A4249D0FE
:1013D0002046BDE8F840FFF7F7BE0139C9B20E2933
:1013E00098BF224A1B7B94BF575C092723BBD4F8C4
:1013F000B40022F014FB0023C4F8B43002212846C4
:1014000021F0E2FE38B9072FB3D8194BD95D3A461F
:101410002046FDF7E3F80321284621F0D5FE0028F9
:10142000CCD0114B1B68002BC8D01D6805B10C3DFA
:1014300053F8083C4BB90BE00221284621F0C4FECA
:101440000028D4D1DAE70C3D23B13946204698472D
:10145000002DB3D02B46ED685B68002DF3D1002B37
:10146000F3D1ABE7F8BD00BFA42C00205E1A060044
:101470004D1A06002DE9F0410B8A04460E46B3B31F
:10148000012106F10C0022F047FCA4F1EC05E83C38
:1014900007460421204621F097FE40BB39780E29EB
:1014A00025D8DFF8508058F8313023B90721284675
:1014B00022F029F91BE0284622F066F830B9032112
:1014C000204621F081FE90B10821F0E73B78318A77
:1014D00008EBC3021279914201D00A21E7E73146B5
:1014E00058F833302846984701460028DFD10020BD
:1014F000BDE8F081D0F405000C4B10B5186098B130
:101500000B4C0C481BF0C6FABFF35B8F54F8043940
:10151000BFF35B8F5B0607D52046FFF7F3FB014661
:1015200010B1204622F0EFF810BD00BF802D002042
:1015300014180020501000202DE9F34190F8E930F4
:10154000CF68D0F8EC5023F0020380F8E9303B7804
:10155000044623B1BB7903F0C003C02B6AD105F167
:1015600088080722394640462CF07DFF88B1287A4A
:10157000394600F0B7F9064658B10146204621F039
:101580002CFE18B9082002B0BDE8F081304622F0E8
:1015900046FA0D21201D21F017FEB8B3297A4246E4
:1015A000022022F028FA06460028EBD0EB78D3BBC5
:1015B00005F196031878012821D19A7902F0C0022A
:1015C000402A1CD1D3F80120C6F83A20B3F80530E0
:1015D000F38795F8883093B195F88E3003F0C00307
:1015E000C02B0CD015496A46CDE90087FCF7F2FE06
:1015F000701C394621F021FE2846FCF7C1FF304619
:10160000FBF722FEC0B93046FBF72EFE94F8E93016
:101610005B0703D50A21204621F034FEB4F8E81018
:1016200021B10020AFE705F18F03C3E72046FFF7A4
:1016300091FEF6E70A20A6E70320A4E7B5350500EA
:101640002DE9F0410546A0F1E80604460F46304674
:10165000012155F8EC8921F097FF002859D0CFB12E
:101660000321304621F0B0FD002852D03846FBF768
:10167000D3FB0138C0B208289ABF2B4B1C5C002456
:101680000221304621F0FEFD21462846BDE8F0410A
:10169000FFF760BE98F80B30002B3AD0032130469C
:1016A00021F092FD20B92846BDE8F04121F093BF1A
:1016B0000521304621F088FDB8B114F8043C1F071D
:1016C00007D514F8033C180703D51121304621F043
:1016D000D9FD14F8043C23F0080304F8043C14F882
:1016E000033C23F0080304F8033C14F8033CD90737
:1016F00011D50621284621F0C5FD0221304621F0F2
:10170000C1FD2368D3F8B4301BB134F8041C0029A0
:10171000BBD0BDE8F0819A0701D50821EAE75B0755
:10172000EBD50A21E6E700BF551A060008B50A4BBB
:1017300093F8A23003F00603062B084B0CBF0122DE
:1017400000221A7004D10648FCF77EFA002008BD7A
:101750006FF00100FBE700BF900000201058002050
:10176000CC05002070B50F4C14F8013B83420646AF
:101770000D4604D1072220462CF075FE68B10A49B7
:101780000A4807222CF06FFE48B904F8016C2B6858
:101790002360AB88A380AB79A371024870BD0020A1
:1017A000FCE700BF842D0020FB170600852D0020DC
:1017B000F7B50E4F04460D4616460023F9893A78D0
:1017C0000BB103B0F0BD0029FBD0A242F9D1084B08
:1017D00018689A8800909B798DF8063031466846E3
:1017E000ADF80420A8470123E8E700BF842D0020BE
:1017F000852D002010B40B461146054AD4890442B9
:1018000003D05DF8044B104618475DF8044B704751
:10181000842D002008B5034900220220FFF7EAFFCB
:10182000002008BDF3390500F8B50C4CE3890746E4
:1018300020463B400D464FF00006114610F8012BA4
:1018400007D0954203D107222CF00DFE18B1304687
:1018500000E01846F8BD2046FCE700BF842D0020BC
:10186000F8B50B78012B06460C4601D00020F8BDD8
:101870008B7903F0C003402BF8D1174DEF8929462F
:10188000BF0711F83A2B4FF0000304F1010006D511
:10189000B24204D106222CF0E6FDD0B10023EA8941
:1018A000297802F00202002BE0D1002ADED0B142FA
:1018B000DCD1671C094839461FF0CDF80123002808
:1018C000EDD0D4F80130C5F83A30054BB4F8052016
:1018D0009A800148CBE700BF842D0020AE2D002068
:1018E000BE2D002010B5074C2378834208D1072273
:1018F000601C2CF0B8FD00280CBF2046002010BD55
:101900000020FCE7842D00202DE9F0479AB01D4609
:10191000DDE923972E4B16460CAA84468A4603F12E
:10192000300E904618685968144603C4083373454E
:101930002246F7D118681B79206023716146202266
:1019400004A822F0D2F823486B46202204A922F0F2
:10195000E4F80446C0BB102251460DF1350022F0D8
:10196000C4F8102231460DF1450022F0BEF8294698
:10197000062211F8013B8DF855300DF1560022F08A
:10198000B4F82299062211F8013B8DF85C300DF174
:101990005D0022F0AAF84B4635224146684622F007
:1019A000BCF8044680B9484622F0A9F801238DF816
:1019B000303035223B464146684622F0AEF80446B8
:1019C00010B9384622F09BF820461AB0BDE8F087DF
:1019D0005AEB05008E1A060070B598B00E461446F4
:1019E0000146202204A81D4622F07FF8202231461D
:1019F0000CA822F07AF81022294614A822F075F8D3
:101A000010222146684622F070F86B46502204A945
:101A1000184622F082F840B9039B054A1BBAB3FB73
:101A2000F2F102FB11331C9A136018B070BD00BFB5
:101A300040420F0000F1070C2CF0030C10B4541EB0
:101A40001860A4B2ACF80020023A93B201FB04F291
:101A50004FF0000C40F802C074B103FB011403FB0B
:101A600001F22044121B4FF6FF7C013B9BB2634501
:101A70008050A0EB0100F8D15DF8044B704700BF27
:101A80000346006810B102680AB91A60704700F195
:101A9000070C2CF0030CD11DBCF800C021F0030191
:101AA0000CF1FF3CA1F800C0EFE700BF0B687BB171
:101AB000073323F003031A88013292B20346D1F8A8
:101AC00000C043F807CB23F003031A800860704777
:101AD0000122F3E702FB0100704700BF401A90FBB0
:101AE000F2F080B2704700BF531E11449BB242B166
:101AF000DB430138CA1811F8013D00F8013F91425B
:101B0000F9D17047014402E010F8013B1BB988424B
:101B1000FAD1002070470120704700BF10600860B4
:101B2000704700BF0A6803460068904205BF002264
:101B30000A6000201A60704710B4146820601468AE
:101B400061605DF8044B1060704700BF884203D0AD
:101B50001AB1436813607047002070470B688342D6
:101B600009D02AB1586810601A680A601846704790
:101B7000002BF9D1FAE70023F8E700BF2DE9F04187
:101B8000DFF834800B4E0C2706F130044546221D49
:101B9000214628460C3CFFF7C1FFA642A5F10805E7
:101BA000F5D1043F3B1DA8F12008A6F13006EBD18A
:101BB000BDE8F081CC2E0020402E002010B403465A
:101BC0008C46A2B101EB4101154803EB4304090126
:101BD00001EB84010144487A0C7AA04204BF013031
:101BE00008725DF8044B614618460DF0BBBE01EB70
:101BF00041020B4C120100EB400302EB8303234430
:101C00009C7ADA7AA24202D05DF8044B7047013226
:101C10009A72044B01225A545DF8044B0DF0F6BE43
:101C2000482E0020C42D0020F8B506461C460D465F
:101C300002B322786378D21A12F003023AD1274F06
:101C400071004FEA450C3144AC44890001EB0C11A2
:101C500001330431DBB27A18606823702146FFF744
:101C60006BFF1F4B0122294630465A550DF0CEFE20
:101C70000020F8BD0DF0B4FE0028DAD02946304629
:101C80000DF08EFE0028D4D005EB450206EB460190
:101C9000124F6378120102EB81023A447100907A8C
:101CA000D27A90424FEA450C0CD02078C01A10F03E
:101CB0000302C8D0012A03D00133DBB22370D0E77E
:101CC0001046F8BD2278D21A920702D00233DBB256
:101CD0002370D4E902039847CAE700BF482E0020CA
:101CE000C42D00202DE9F04FDFF8649119F8003081
:101CF00089B0002B5AD0DFF85CA13C2204234FF0BE
:101D0000000B00EB400712FB00330324CDE904BBBA
:101D100009F800B00AEB0717039302948346B8460C
:101D20000023B96A58F8240F079307AAFFF70EFF9C
:101D3000044607AAB4B1079D2E786978761A06F092
:101D40000306012E35D02B78591A01F00301012921
:101D5000DBB23DD1D7E90901FFF7F8FE044607AA37
:101D6000002CE8D197F82E3097F82F209A4203D014
:101D700087F82F300123049397F82C3097F82D2003
:101D80009A4203D087F82D3001230593029B5D1EF4
:101D9000EBB2FF2B0293A7F10C07C0D1049AD846EF
:101DA000DDF814B012B1BBF1000F45D009B0BDE8A9
:101DB000F08F01396970079BD3E902039847079DAB
:101DC0002A786978D3B2521A02F00302012A21D08C
:101DD000B86A019300224146FFF7C0FE6C60019B88
:101DE0006A786B702B789B1A03F00303012B08D0E1
:101DF000D7E9090107AAFFF7A9FE012E044698D1E9
:101E00000EE0039B6A70294620460AEB0302FFF7A7
:101E100093FEEDE7D7E9090107AAFFF797FE04460D
:101E2000029B8BB101235946584609F80B300DF03F
:101E3000EDFD09B0BDE8F08F5A464146404609B075
:101E4000BDE8F04F0DF08EBD002C8BD0EAE700BF4F
:101E5000C42D0020482E00204B1EDBB271B1411E64
:101E600000EB030C002011F8013F23B15A1E013092
:101E70001340C0B2FAD16145F5D1704708467047AA
:101E800030B5037E0568FF2B14D003EB43028B4271
:101E900005EB021227D04FF0000C01E099420BD065
:101EA0009E4613789468FF2B03EB4302A44405EB92
:101EB0000212F3D1002030BD714517D00FFA8EFE0B
:101EC000137890680EEB4E0E4FEA0E1EFF2B05F8AE
:101ED0000E3006D003EB430305EB03139A6802446C
:101EE0009A60604430BD9E464FF0000C1378037634
:101EF000E4E700BFA2EB010C1CF4000F10B48368F0
:101F000044690BD12CF07F4C6344A3420ED8E41AF1
:101F10000023446183605DF8044B7047891A21F007
:101F20007F418B4209D95B1AA342F0D91B1B0024C5
:101F3000446183605DF8044B70470C44E41AE7E7A2
:101F40002DE9F843284DBDF82C7004464FF02C0EB7
:101F50000EFB045E084604EB840104EB4104DEF84A
:101F6000041001EBC00605EB8405F47811F830800D
:101F7000717804F1010C5FFA8CFCE04598BF4FF0DA
:101F8000000C61452DD0716804EB44044FEA04193C
:101F900001EB04144FF0040801F809806360089B0A
:101FA000A360099BE3600A9B23610C9BA361119BC7
:101FB00063620D9BE3610E9B23620F9BA362109BE8
:101FC000E36202236270A782A37086F803C0DEE991
:101FD000083698472B4641460022B047A078BDE816
:101FE000F8830120BDE8F883082F00202DE9F04F89
:101FF0000346407AD3E9004587B0002800F0FC8012
:10200000421ED2B205EBC2029A468B460392059558
:102010002346039A516856780491BBF1FF0F66D0AE
:102020000BEB4B044FEA0418CDF804B013F808B0DA
:1020300003EB041400254FF0FF0C84F800C0DAF81D
:1020400000709AF8182007EB08096245D9F80810C3
:1020500018BF02960ED1C9E0091A06D1B9F81E8040
:10206000BEF81EE0F04500F2B580B85DFF2894464A
:102070006DD0024602EB420607EB061E3601DEF883
:1020800008008842E8D9029EC9F80810BCF1FF0F89
:1020900089F8002064D00FFA8CFC0CEB4C0C4FEA52
:1020A0000C1C019807F80C00FF2A06D002EB420234
:1020B00007EB0217BA68521ABA60A278013262704E
:1020C000002DAAD0AA6A4FF000012970A97022B190
:1020D000E96A019300209047019B6268002A9CD125
:1020E000AA6A2262EA6A6262BBF1FF0F98D1039A80
:1020F000049F9278994606EB4601701CB2424FEA63
:10210000011CC6B207EB011567D0039B17F80C1032
:102110001878B04208BF00260429ECD16A7802EB97
:10212000420809EB0814012094F801E0A1788E45DB
:102130004FEA081818D04FF0000307F80C30AA6ACD
:10214000A8700AB1E96A9047039B9A78D3E70246E0
:10215000BCF1FF0F029EC9F8081089F800209AD13F
:1021600001988AF818009FE70192AA8ADAF81410F9
:102170004FF6FE7082424B4607D04FF6FF70121AA0
:10218000B2FA82F2520984F82C206A6AA262EA68E2
:1021900062602A692262AA8A02934FF6FD739A420C
:1021A00088BF0022A283AA69A261EA69E2602A6A62
:1021B0002261AA68A260002363616A682046FFF773
:1021C00099FEE278002342F001026362E383E27049
:1021D000029B30E7029E014656E70399059881422B
:1021E0004B46A1F1080207D0039212E707F8082036
:1021F000019A8AF8182060E707B0BDE8F08F00BFA9
:102200002DE9F04F447E01238BB08376002C42D120
:10221000037EFF2B06463DD00CF0A2FE7269F369E7
:10222000357ED6F800A0801A20F07F47BB4294BFCD
:1022300000230123FF2D0293A34600F0878004941E
:10224000B14605EB45050AEB05142D01A368BB4219
:102250007AD8A0781AF80550FF1A9B4463781B1AA5
:10226000DBB2012B6DD1A369A26A0393B3B9002A33
:1022700000F092801668002E33D0029BC3B9D9F8C3
:102280001C309B4514D3FF2D00F004810423E18B07
:10229000069390E084760BB0BDE8F08F029B23B9E3
:1022A000D9F81C305B4540F281803AB1166816B10E
:1022B000137A002B73D04FF000031372E38B94F862
:1022C0002C2001339BB2E383002A5BD0A28B9A427D
:1022D00058D2A26A002A00F0DA80137A012B51D07A
:1022E0000126002351685360A36A4FF000021A725E
:1022F000A078D4F80C800138A070B8F1000F20D07D
:102300006069D9F81430626AD4F810C0ABEB0000F1
:102310001844E37820F07F4003F00103002E35D10C
:10232000B4F81EE0CDE9003C7346C047E378E6838D
:1023300066F30003E370A369002B029B18BF01231F
:102340000293FF2D7FF47DAF049C4E46F37AB27A60
:102350009A4207D10132D2B2022A1ABF144623464A
:102360000023F47206EB83030022C3F80CB0746AF6
:10237000B2763346012204210320A4460BB0BDE807
:10238000F04F6047A378013BA370DAE7CDE9003C4A
:102390004FF6FF73C047D4E716460021A9E7A18B8B
:1023A000E38B994287D80123137287E7FF2D51D021
:1023B000039BE18B0693A38B6668994224BFCB1ADB
:1023C00099B205EB45030AEB031C01FB0663059379
:1023D000DCF80810069B8B423CD3CDE9077BDDF887
:1023E00018E00995A34688463446634606909869E6
:1023F00000B3DF8BB3F81CC05E6867452DD2002E9A
:1024000043D1BAB13546166826B1039911B9404493
:10241000864246D867450DD3D9789BF8030001F072
:10242000010700F00106B74236D84140C90701D480
:10243000002D31D11B78FF2B07D003EB43030AEBB0
:10244000031399688844F045D1D95C46DDE9077BE0
:10245000099D06986AB3002643E796B1A7EB0C05E1
:10246000ADB254B105FB06656D1A0599A9422CBFA2
:1024700000250125002AC6D1CCE72546002AC2D175
:10248000C8E7002ABED11546C6E73D46E9E7A07871
:10249000012682E7029E24E75C46099DDDE9077B71
:1024A00003E75C46099DDDE9077B002E3FF403AF9F
:1024B000FEE6164611461CE72DE9F04F8FB0837EED
:1024C0000090002B40F09A82437E0C93002B78D131
:1024D0000098837AC27A012141769A424169079134
:1024E00000F0EB830133DBB2022B00990ABF0C9A98
:1024F0001A46134601EB82028B72D368079A059342
:10250000D31823F07F434B6101230B93009C267E5D
:102510000CF026FD677A236801937B1E65680490A2
:10252000DBB2002F00F0D08405EBC30A0027FF23A5
:1025300003930D960897DAF804B00024A9469AF898
:1025400003009AF802800FFA88F505EB450508F1BB
:10255000010340454FEA0517DBB20BEB051500F010
:1025600013819AF800209A4208BF00238AF80230AB
:102570001BF807206978042A39D9019801EB410337
:1025800000EB0316082A4FEA03130293B07873781E
:1025900021D81B1A13F0FF032BD1062A1BD1009B55
:1025A000DB7E8B4250D00BF80740AB6AAC70002B3F
:1025B000C5D00020E96A98479AF803009AF802808B
:1025C000C1E7446A0421034601220420A4460FB057
:1025D000BDE8F04F60470BF807404FF00103AB70C8
:1025E000AB6A002BABD0E96A01209847A7E7984671
:1025F000A9E7052A1FD16A684AB9AA683AB9EA6800
:102600002AB92A691AB96A6932F07F42E3D0012BEC
:102610001CD0009B04215C6A4D4601220846A0475D
:102620000123AA4508938AF80280AAF1080300F062
:10263000B1809A467FE7012B00F09681062AE8D107
:10264000009BDB7E8B42AED16968AFE1DDF8008094
:102650004046FFF715FCB060D8F81410049B059AAB
:102660005B1A23F07F431344984240F2B781C01AAB
:102670007368002B56D0AB8A002B53D0013B9AB223
:10268000AA82D6F804C0F38B604526D90CF1010864
:10269000CDF8189009911BE0726ADFF8FC917D4932
:1026A0009144894584BF02F1E87202F5D432C646EE
:1026B000316A94BFE64602F5A572013BA0EB0E001D
:1026C000521A9BB260457262F38340F2ED81AA8A8E
:1026D0009342E1D8DDF8189009999A4221D9CDE9C1
:1026E00009910CF10102D6F820E00692726ADFF837
:1026F000A8916849724491448945E04607D8A2F1FF
:10270000E872A2F5D432DDF81880A2F5A572013383
:102710009BB27262F383AA8A9A424044E6D8DDE90A
:102720000991B2836B680344B360AA687369B06AA5
:102730001344736128B103681BB1D5E901329B1AB8
:102740004360049A3046FFF7D5FBEA68B369134447
:10275000B3612A6993428CBF9B1A0023B361AB7D9E
:102760001BB1F27863F30002F270EB7D13B1013B11
:1027700086F82C30DDE901320399995473786A7830
:102780000392013373700EE74D46AA45AAF1080380
:102790007FF44FAF0D9E089F009A0B9B92F818B0E4
:1027A000BBEB060518BF0125002B00F09581049BAB
:1027B00007995B1A23F07F48BBF1FF0F134612689D
:1027C00001924ED0DDF814A00695CDE908674FF0D0
:1027D000000956461D46019A0BEB4B0302EB03140E
:1027E0004FEA031AA268B24200F23883A1786378F4
:1027F000E08B5B1AE9698A42A6EB02069144A8EBDA
:10280000020831BF891A4FF0FF320021EA76E961F0
:10281000A269DBB212B1022B00F04B810022A26050
:10282000019A12F80A202A766168002940F0048192
:10283000A26A1AB1127A012A00F0E3803BB1012B9F
:1028400000D020B1236A13B1616A01209847A378B0
:10285000637095F818B0BBF1FF0FBCD1DDE90867D4
:10286000069D009C0B9B039920465E4518BF1D46A4
:10287000FFF7BCFBD4F800B002954FF0000CB24655
:10288000009B1A7EFF2A104600F036831146FF2671
:1028900005E000BF592B177F5A2B17FF19460BB2C3
:1028A00003EB43030BEB03151B01AC6A2CB194F84B
:1028B00008E0BEF1010F00F004821BF80330FF2B8B
:1028C0000E46EBD1029D5646BCF1000F00F00A8186
:1028D000924500F0DC82002F00F027811046FF288F
:1028E00000F01583FF2E00F0FE82009B1B6800EBBA
:1028F000400003EB0013D3F808B0BBF1000F00F069
:10290000C2820CF02DFBDFF8B882AA4FAA4EDDF888
:1029100000A00A250246DAF814300192D11A21F0FB
:102920007F418B4505F1FF3501F103015CD9594524
:102930002CBF5B185B4423F07F494846DAF8283007
:1029400098470CF00DFB019AA9EB0203821A22F0C2
:102950007F42033223F07F439A42044646D9002D3A
:1029600000F0D4802246D6E7062A3FF418AEDDF800
:1029700000804046FFF784FAB378B060737098F82F
:102980001B206B789A427FF40EAE1BF80730062BA3
:102990003FF45AAE009AFF23D3761BF80730062B7C
:1029A0003FF452AE082B3FF44FAE0499009B5A6996
:1029B0008B1A1E0209D4059A23F07F431344009911
:1029C000CA699A4288BFCB61EDE5059B521A22F095
:1029D0007F4293428CBF9B1A0023F0E77269134435
:1029E0001B1A7361002043E601230C93009A002315
:1029F0005376937E0C9A1A4340F083800FB0BDE863
:102A0000F08FA378A6606370079B696903EB0902E6
:102A10002046FFF76FFA019B039A03F80A206378B8
:102A2000CDF80CB00133DBB2637095F818B0BBF190
:102A3000FF0F7FF4D0AE11E7A36A13B11B7A012B0D
:102A4000DFD0B4F81EC0BCF1000F40D1B4F81CC0F8
:102A5000E646481C0290D4E90873002204947046AC
:102A600004E001388E46441C724412D0DFF854E171
:102A7000524C3B449E44A645F3D8DDF808E0A3F150
:102A8000E8730138A3F5D433441CA3F5A57372444D
:102A9000ECD1049C94F82C006362002800F0E380E1
:102AA000A260A4F81EC0AFE7DDF818900999AA8AC1
:102AB00013E600287FF4B2AEA26A1AB1127A012A94
:102AC0003FF4ACAE85F81BB0A269EA61A6E6A37834
:102AD00063704FF0000EBCE7009C03992046FFF79F
:102AE00085FA227E96427FF4F6AE002F00F0EF8149
:102AF000009B002D40F04E825D769B7E002B3FF4C4
:102B00007DAF009B01225C6A03215EE540F6C13384
:102B10004246394630461CF05DF9404080F311884A
:102B20004FF0030002DF2246F5E6009B597A5C680D
:102B30004B1EDBB2012500293FF4D0AECDE907568C
:102B400004EBC30301930694019B5E78DA785B681B
:102B5000B24218BF1D4671D036B206EB46063301AD
:102B600005EB0616EB5C012B53D0022B5BD1D6E9AB
:102B700001C133699CF80040D6F80CE00593009B36
:102B8000DEF80080D3F800905869FF2CD6E905AB39
:102B900002D00B68834260D0009B4FF000081C7E7F
:102BA0000860FF2C31D0CDE90256CDF810C0564652
:102BB000F24613E0FCF70500E0F50500592B177FFE
:102BC00048F505005A2B17FFBA684244B04788B948
:102BD00019F80540BB68FF2C984438D004EB440535
:102BE00009EB05172046B9695B462D01002EEBD194
:102BF0000029EDD00599DDF810C0BB68DDE902566B
:102C0000D64609B17A6A0A6098448CF80040CEF83A
:102C10000080B36A4FF00002B27013B1F16A002075
:102C20009847019BDA7801994E780B780136F6B215
:102C3000B34208BF0026B2424E708DD1019A069968
:102C40008A42A2F1080300F0068101937CE7DDE9E6
:102C50000256DDF810C0D646D7E704EB4404230142
:102C600019F803409DE790457FF61AAF8646481C49
:102C70000290029C0A95704605E08E46724401302F
:102C8000904580B212D9DFF8C8E2AD4D3B449E4476
:102C9000AE45F2D8A646A3F1E8737244A3F5D43347
:102CA00001309045A3F5A57380B2ECD8049C0A9D31
:102CB000636260441FFA80FCF2E60C9B0B93059361
:102CC00024E4009A0598D269904234BF121A002277
:102CD0000492626801921BF803200A92AA69206894
:102CE0000392019A824280F0C480039A002A019ADA
:102CF000A0EB0200039A18BF91460A9A08BF4FF052
:102D00000409FF2A00F0B88048450246C0F0B480AC
:102D10000020CDE906A7CDE908541746DDF810A03C
:102D20000A9A0A93CE46039B8046844621E0646853
:102D300074B3BCF1040F2ED9ACF104004044B84286
:102D400028BF3846704526D963B3B0EB090001D0DF
:102D5000504534D2E04405EB080AA7EB09001BF804
:102D600002204FF0000CFF2A29D009EB080E77450E
:102D700025D302EB42020BEB02141201A568AC440E
:102D8000A56A15B12D7A012D02D0A569002DCED1ED
:102D90001BF80220E7E7E04405EB08008246002B21
:102DA000DDD0DAE7BAF1000F04D0A0EB09008245CC
:102DB00040F2E680E04405EB08008246CFE7DDE91B
:102DC00006A7DDE908540A9B019A02449446AA68C2
:102DD000ACEB02026260A8601BF803C0BCF1FF0FFD
:102DE00031D04FF0FF099E4600E094460FFA8CF276
:102DF00002EB42020BEB02181201D8F808308342B2
:102E000080F09480C01AA8601BF80220FF2AE146D7
:102E1000EBD17346BCF1FF0F15D0FF2E1BF803203A
:102E20005ED036B206EB460636010BF806200FFAE6
:102E30008CFC0CEB4C0C4FEA0C121BF802000BF84C
:102E400003000BF80210EB8B013BEB830223237290
:102E50004FF0010C14E5DDE9075649E6B246009B48
:102E6000069D099F089EA2EB0A02A26093F818B083
:102E7000F7E4039B184317D0AB68019AD31A636039
:102E80000023AB60DFE7009B83F819B039E6002F21
:102E90007FF42BAD009B5A7A5C68531EDBB2002A8C
:102EA0003FF423AD654649E6264A2749274840F6C0
:102EB0006A131BF08FFF404080F311884FF003002E
:102EC00002DF63680193D7E7FF23039364E4009B69
:102ED0005A7A5C68531EDBB2002A7FF42FAE07E6F5
:102EE00000980276A3E70CF03BF804460CF002F8D9
:102EF000009BC0B1187EF8E4029D5646BCF1000F5D
:102F00003FF4F0ADFF2E25D0002F3FF40EAE0CF0B5
:102F100001F8044648B3009A00235376937E002BB1
:102F20007FF4EFAD6AE5187E5C61DEE472469E4692
:102F3000AEEB00001346C8F80800CC466AE700BFB5
:102F4000592B177F48F5050088F50500E0F50500C9
:102F50005A2B17FF002FDAD1009B5A7A5C68531E58
:102F6000DBB2002AD3D06546E8E5009DE8610BF0AE
:102F7000F7FF6C766861AB7E002B3FF43FADC0E598
:102F8000CDF810A0DDE90775099CDDF818A00A9BB3
:102F9000049819E7187EA2E4F8B5069E9DF81C5027
:102FA000089CB8B9144F3A605A1E39727B727E6021
:102FB000D2B273B106EBC2025460114612F808395E
:102FC0008E4203EB4300A5EB030304EB0014DDB2D8
:102FD000F2D10DB10120F8BD099B3B620A9B7B62D7
:102FE000FF240B9BBB623C760BF0BAFF7D817861BE
:102FF000FC76FD612846F8BD082F0020044B2C22EA
:1030000002FB0033187A003818BF0120704700BF58
:10301000082F002010B40B4B2C2202FB0032546A04
:1030200064B100EB800200EB420003EB8003A44696
:1030300001225DF8044B0321022060475DF8044B38
:10304000704700BF082F002010B58AB00C9C009478
:103050000D9C01940E9C0294BDF83C400394109C7E
:103060000494119C0594129C0694139C0794149C40
:10307000089400240994FEF763FF0AB010BD00BF56
:1030800010B4BDF8104004945DF8044BFEF758BF2F
:103090002DE9F84F294DBDF834609DF8388004467D
:1030A00008462C2101FB045104EB840704EB470480
:1030B00005EB84054C6804EBC00E14F830909EF8C4
:1030C00003409EF8017004F1010C5FFA8CFCE145AD
:1030D00098BF4FF0000C67459DF844902AD0DEF869
:1030E000047004EB44044FEA041A07EB04144FF095
:1030F000050B07F80AB063600A9BA3600B9BE360B3
:103100000C9B23610F9BA362109BE36202236270FE
:10311000A68284F8168084F81790A3708EF803C0F6
:10312000D1E9083698472B4600220421B047A07801
:10313000BDE8F88F0120BDE8F88F00BF082F002000
:1031400010B588B00A9C00940B9C01940C9C0294CE
:10315000BDF8344003949DF8384004940F9C0594C6
:10316000109C069400240794FFF792FF08B010BD4E
:103170002DE9F0411E4D064608462C2101FB065E56
:1031800006EB860406EB4404DEF8046005EB8407D6
:1031900006EBC00516F83060EC78697804F1010C94
:1031A0005FFA8CFC664598BF4FF0000C61451BD060
:1031B000696804EB4404260101EB04144FF007088E
:1031C00001F80680A362069BE36202236270A3708B
:1031D00085F803C0DEE9083598473B460022042104
:1031E000A847A078BDE8F0810120BDE8F08100BFCC
:1031F000082F00202DE9F0411F4D064608462C21DE
:1032000001FB065E06EB860406EB4404DEF8046070
:1032100005EB840706EBC00516F83060EC7869789A
:1032200004F1010C5FFA8CFC664598BF4FF0000C6E
:1032300061451DD0696804EB4404260101EB0414C8
:103240004FF0080801F806806360069BA362079BA5
:10325000E36202236270A37085F803C0DEE90835DB
:1032600098473B4600220421A847A078BDE8F0819A
:103270000120BDE8F08100BF082F00200BF070BED8
:10328000401A20F07F40704701480021704700BF7E
:103290007F410100022801D00120704738B5044663
:1032A00008461D4603F062FC18B108232B7000206D
:1032B00038BD204638BD00BF082303700B7070472F
:1032C00038B5054600200C4603F02AF970B93DB91F
:1032D000074B44B120681860A2889A80002038BD4E
:1032E000044B002CF6D11C609C80F7E70C2038BD05
:1032F0003C2F0020342F00200128034605D8044A23
:103300000448002B08BF104670470020704700BFDC
:103310003C2F0020342F002001280AD8064A074BF2
:10332000002818BF1346186808609A888A801846D3
:103330007047002318467047342F00203C2F002090
:1033400010B504460AF098F950B90AF0B7FDC0B9B3
:103350000BF0D0F930BB2046BDE8104019F09ABB05
:10336000194A1A491A4840F6ED031BF033FD404054
:1033700080F311884FF0030002DF0AF09FFD002860
:10338000E6D0114A1149124840F6F2031BF022FD23
:10339000404080F311884FF0030002DF0BF0AAF9E0
:1033A0000028D8D0084A0949094840F6FE031BF016
:1033B00011FD404080F311884FF0030002DF2046EA
:1033C000BDE8104019F066BB00F605003CF60500AC
:1033D000E0F505000860014819F05CBB28330020C7
:1033E00019F058BB2DE9F84F2A4D0C78AB788A4676
:1033F00029799C4228BF0C46A242297842D014FB6E
:1034000001F105F108070134E4B2A34208BF00242A
:103410007B18795A01809346814600264FF00108B7
:103420001CE001282BD012225A608AF80040A878AC
:103430002B792978A04288BF23469B4523D013FBD4
:1034400001F10133DCB2A04208BF002437F801C00B
:10345000B9F80000844507EB010314D1586860B146
:10346000FF28DED9017901F00301013901290DD9C5
:103470001221596003F092FBD7E7C3F804800136AC
:10348000F6B2D2E700263046BDE8F88F0136F6B234
:103490000121EEE7240600202DE9F84F3D4F3B883F
:1034A000984268D913F0FF062CD03B4DDFF8EC8032
:1034B0006C79DFF8EC9005F1080AAA782B790134D1
:1034C000E4B2A24208BF0024A34240461CD0FEF74B
:1034D000D7FA83464846BBF1000F13D0FEF7D0FA67
:1034E00000284AD0C0F800B06B792A7813FB02F3A9
:1034F0004AF803003B886C71013E013B16F0FF0661
:103500003B80DAD1BDE8F88F3B88002BFAD0DFF89A
:103510009490224D99F80540214E09F1080899F838
:10352000022099F804300134E4B2A24208BF00241A
:10353000A3422846E6D0FEF7A3FA82463046BAF107
:10354000000FDFD0FEF79CFA0023E0B1CAF8043088
:10355000C0F800A099F8053099F8002013FB02F399
:1035600048F803003B8889F80540013B9BB23B804B
:10357000002BD4D1C6E7064697E758460749BDE871
:10358000F84FFEF793BA50460449BDE8F84FFEF7EE
:103590008DBA00BF842F002060060020882F0020F5
:1035A000DC2F00204C0600202DE9F04FDFF88C8244
:1035B000DFF87892DFF87CB2DFF898A287B0D8E91C
:1035C000000103AAFEF7C2FA0546002834D0039B87
:1035D000002B71D0187804AA02A903F023FF044637
:1035E000002855D0DDE90313BDF808200F78ADF8A9
:1035F0000A20059305AE0DF10A0503F02DFF2146C3
:10360000059ABDF80A0003F06FFF204603F0E2FEC2
:1036100032462946384603F005FF04460028ECD11F
:10362000D9F8000019F036FAD8E9000103AAFEF72C
:103630008DFA05460028CAD104AA02A90DF1070097
:1036400003F0D4FE0446002845D0049B05939DF862
:103650000770BDF80830ADF80A3005AE0DF10A0567
:1036600003F0FAFE2146059ABDF80A0003F03CFF7C
:10367000204603F0AFFE32462946384603F0D2FE1C
:1036800004460028ECD1694B186819F003FA96E754
:10369000039B05931B79013B172B1FD8DFE803F031
:1036A0002C3F851E1E1E1E1E1E1E1E1E1E1E1E1EA4
:1036B0001E1E1E1E1E1E7A2C5D4840F69A135A4688
:1036C00051461BF087FB404080F311884FF0030008
:1036D00002DF039B7EE707B0BDE8F08F554A5649ED
:1036E000534840F632331BF075FB404080F311889D
:1036F0004FF0030002DF62E75049D8F804000022CF
:10370000FEF72CFA4E4B05995B7928460B704D4A13
:10371000FEF712FA454B186819F0BCF94FE7474914
:10372000D8F804000022FEF719FA059EF46934B1B6
:103730002378002B6BD02378013BDBB2237096F803
:10374000203023B1012B54D13046F3F781FB3E4AA0
:10375000002386F820305379917810790133DBB259
:10376000994208BF00239842117834D035605079CF
:1037700000FB01218E605371002C3FF420AF2378B1
:10378000002B7FF41CAF6369002B3FF418AFA069D6
:10379000984714E72949D8F804000022FEF7DEF91B
:1037A0000599284603F05EFC09E705A9284603F0C1
:1037B00081FC2249D8F804000022FEF7CFF90599D0
:1037C00000293FF4FCAE0B792C2B3FF4F8AE1C4BD8
:1037D00028465B799AE7174A1C49154840F6A133F9
:1037E0001BF0F8FA404080F311884FF0030002DF2D
:1037F000C2E7104A10490E4840F69A331BF0EAFA25
:10380000404080F311884FF0030002DF9FE7094A30
:103810000F49074840F643331BF0DCFA404080F381
:1038200011884FF0030002DF85E700BF243300203A
:10383000E0F5050000F6050060F605007C2F00208D
:1038400024060020782F00206407002064F605007D
:1038500048F6050044F605002DE9F047DFF8E8A03A
:10386000324F82B080468946AAF104050023C8F889
:103870000030D7E9000101AAFEF768F906460028E2
:1038800042D0019B51461A784846FFF7ABFD0346EC
:10389000002840D12A798DF801206A790DF10101C3
:1038A0000DF102001C46FFF79DFD44EA000212F0F4
:1038B000FF020346F1D1019B197901292FD11C4C3C
:1038C00078683946FEF74AF9211D3046FEF7EEF8D2
:1038D0002388052B09D80198164901332380FEF768
:1038E000E5F80120FFF7D8FDC0E7134A1349144853
:1038F00040F28A631BF06EFA404080F311884FF06B
:10390000030002DF2388E6E70E4948464A7904317E
:10391000FFF768FD0346184602B0BDE8F087C8F817
:1039200000301346184602B0BDE8F087742F00201F
:10393000842F0020DC2F002000F6050074F605001F
:10394000E0F50500240600202806002070B55E4939
:1039500082B000234868019301AAFEF7FFF80446ED
:10396000002864D059492046FEF7A0F8019A13793F
:103970001D2B10D8DFE803F01E0F0F1E0F0F0F0FC7
:103980000F0F0F0F0F0F0F0F0F0F0F0F0F0F0F2F27
:103990001E1E1E1E1E1E4E4A4E494F4840F24253E6
:1039A0001BF018FA404080F311884FF0030002DF4B
:1039B00002B070BD002BFBD1454A4849464840F251
:1039C0003E531BF007FA404080F311884FF003008C
:1039D00002DF02B070BD137F3C2B36D0537FC3B1E2
:1039E00093681C68606E20B100233D496366FEF752
:1039F0005DF894F86A306FF3000384F86A300020B1
:103A000002F08EFD10F0FF00D2D108F00BFF02B0E3
:103A100070BD2F4A2F49304840F2C9431BF0DAF9F4
:103A2000404080F311884FF0030002DFE7E7284AA7
:103A30002C49294840F20C431BF0CCF9404080F35C
:103A400011884FF0030002DF8CE79668D6E9004545
:103A5000EDB100237360EB6E63B11D4A22491E482D
:103A600040F285431BF0B6F9404080F311884FF0D7
:103A7000030002DF05F1600105F15C00FEF752F87A
:103A8000064690B12868EE6603F05AF8B1E7104A8E
:103A90001649114840F282431BF09CF9404080F3E4
:103AA00011884FF0030002DFD3E7094A10490A48A2
:103AB0004FF491631BF08EF9404080F311884FF072
:103AC000030002DFDEE700BF742F0020882F0020F4
:103AD00000F6050060F60500E0F50500E4F60500D7
:103AE000DC2F0020F8FA0500C0F60500B4F605004A
:103AF000D8F605002DE9F0470468804644B3574FD7
:103B0000DFF87891564E254624682B791D2B10D866
:103B1000DFE803F0380F0F380F0F0F0F0F0F0F0FE5
:103B20000F0F0F0F0F0F0F0F0F0F0F2656383838CC
:103B3000383840F27E633A46494630461BF04AF92F
:103B4000404080F311884FF0030002DF002CDAD1EF
:103B50000023C8F80030BDE8F047FF20FFF79CBC09
:103B60002B7F3C2B63D0DBB13C4A3E493C4840F2C2
:103B7000A6531BF02FF9404080F311884FF003004B
:103B800002DF2B7963B9384940F2FC533A4630469C
:103B90001BF020F9404080F311884FF0030002DF52
:103BA000DFF8DCA0BAF80030052B30D801332F49FC
:103BB000AAF800302846FDF779FF002CA3D1C7E70B
:103BC000E8880028C2D102F0C9FFD0F88830054645
:103BD00063B1224A2649224840F26D631BF0FAF88D
:103BE000404080F311884FF0030002DF05F17C01B3
:103BF00005F17800FDF796FF824600B3C5F888A06E
:103C0000284602F09DFF002C7FF47DAFA0E7194904
:103C100040F28A633A4630461BF0DCF8404080F3BD
:103C200011884FF0030002DFBAF80030BEE70F49F9
:103C30002846FDF73BFF002C7FF465AF88E7074A75
:103C40000D4907484FF4CE631BF0C4F8404080F3A1
:103C500011884FF0030002DFD0E700BF00F6050037
:103C6000E0F5050004F7050010F70500DC2F002043
:103C700034F7050074F60500F8FA050060F6050053
:103C8000842F00200148FDF7FBBE00BF882F0020D5
:103C90000149FDF70BBF00BF882F00200148FDF749
:103CA000EFBE00BFDC2F00200149FDF7FFBE00BFC3
:103CB000DC2F0020024B034A5B790B70FDF73CBF01
:103CC00024060020782F002008B5064B064A5B79B1
:103CD0000B70FDF731FF054B1868BDE8084018F080
:103CE000D9BE00BF24060020782F002024330020F6
:103CF0000E490B794A7993420DD8A2EB030C5FFA77
:103D00008CFC60450FD893420DD00978084A13FB0C
:103D100001F3D0587047B1F802C0ACEB030C624419
:103D2000D2B29042F1D90020704700BF4C0600206B
:103D300054060020094B19795A79187893F802C073
:103D40008A4209D04A1C01FB0030D2B2944508BF18
:103D5000002280681A717047002070474C060020CE
:103D600038B5144C627994F802E094F804C02578D0
:103D7000531CDBB29E4508BF00239C4509D012FBB3
:103D800005F204F1080C2CF80200624451606371E2
:103D900038BD094A09490A4840F2E4631BF01AF8A1
:103DA000404080F311884FF0030002DF00231B80A6
:103DB000FFDE00BF2406002000F6050030FC0500F1
:103DC000E0F505000022042302700B70704700BF6D
:103DD000002208B511460A4B0120FDF725FF00B966
:103DE00008BD084A0849094840F203731AF0F2FF77
:103DF000404080F311884FF0030002DF08BD00BF90
:103E00000406002000F605004CF70500E0F505006B
:103E1000022810B50C4602D00B68022B07D00448CC
:103E20004FF0FF324FF0FF3318F05AFE206810BDFC
:103E30002833002004490A680AB110467047024638
:103E400008601046704700BF6C2F0020044A1368BA
:103E500023B1984206BF0021116000231846704725
:103E60006C2F0020014B1868704700BF6C2F00209A
:103E700004490A680AB110467047024608601046B5
:103E8000704700BF702F0020044A136823B1984286
:103E900006BF00211160002318467047702F0020D4
:103EA000014B1868704700BF702F002030B50568BF
:103EB0002B7887B04BB3044601220021684629F0D5
:103EC000F0FC2B78124AC5F818D06A61EBB1114B9F
:103ED0000022114603209C60FDF7A6FE38B94FF47E
:103EE00000420023684618F0FBFD07B030BD0A4AC7
:103EF0000A490B484FF4F7631AF06CFF404080F317
:103F000011884FF0030002DFE9E76FF07700ECE77C
:103F1000E1330300F405002000F605004CF705002E
:103F2000E0F50500F0B5254E336885B00C46174620
:103F3000002B36D0994215D10223039303AB0246DE
:103F4000009303211E4B0020FFF712F902280546BB
:103F50000CD0039B022B09D195B133680BB19C4265
:103F600021D014B36FF02D0005B0F0BD15484FF00F
:103F7000FF324FF0FF3318F0B3FD039D002DECD15D
:103F80003846FFF793FF33680BB19C4211D0002CE9
:103F9000E8D10028E8D010F1780F08BF002005B064
:103FA000F0BD3160C8E7002333606FF0770005B0E3
:103FB000F0BD35600028D7D0EDE700BF6C2F0020A2
:103FC000D5330300283300200E490B794A799342F8
:103FD0000DD8A2EB030C5FFA8CFC60450FD893421E
:103FE0000DD00978084A13FB01F3D0587047B1F897
:103FF00002C0ACEB030C6244D2B29042F1D9002073
:10400000704700BF6006002068060020094B197940
:104010005A79187893F802C08A4209D04A1C01FBE9
:104020000030D2B2944508BF002280681A717047F0
:10403000002070476006002038B50C46054603F0A6
:10404000CFF9207021462846024ABDE83840FDF7E6
:1040500073BD00BF802F00200122024B11460020BB
:10406000FDF7E2BDE405002070B50C46054603F0FF
:10407000B7F921462070064A2846FDF75DFD01226A
:10408000BDE87040034B11460020FDF7CDBD00BFD9
:10409000802F0020E40500202DE9F0431A4C9DF804
:1040A0001C6094F805C0277805460CF1010EA07835
:1040B0005FFA8EFE704508BF4FF0000E2079704504
:1040C0001ED01CFB07FC04F10800D2F80090D2F8C7
:1040D00004809768D26840F80C906044C0E90435C9
:1040E000037FC0F8048006F0010623F00303334386
:1040F0008760C2608161037784F805E0BDE8F083E2
:104100000020BDE8F08300BF800700200548027949
:10411000417990F800C091421ABF083002FB0C00B0
:10412000002070478007002000B50D4B0278997879
:1041300093F805C093F800E091429CBF1A79027091
:1041400094450AD0531CDBB2994208BF00230549AD
:10415000037002FB0E105DF804FB0020FBE700BFBC
:1041600080070020880700202DE9F04F2B4C227992
:104170006179237883B09142019032D004F108092B
:104180004FF00008DFF898B002FB0393C2461A7F95
:10419000DF689107C2F3400502F0010624D561797A
:1041A00023792278A07899421BD00133DBB2984260
:1041B00008BF00239942237113D003FB0293002D03
:1041C000E5D176B1BAF1000F26D0B8F1000F08BFE3
:1041D000B8461A7FD207DAD5DA68924501D0904501
:1041E000D5D103B0BDE8F08FCBF8083001980C4B67
:1041F0002A462946FDF718FD0028D0D0094A0A4969
:104200000A4840F62A031AF0E5FD404080F3118881
:104210004FF0030002DFC2E7BA46DAE7800700206A
:10422000D405002000F605004CF70500E0F5050078
:10423000064B1A7959791878914205D002FB003360
:10424000986810B120307047002070476407002044
:1042500070B5144A13795479117895789C421FD01F
:1042600003FB012101338C68DBB29D4208BF0023B0
:104270001371ACB102230025266823712560E0612B
:1042800003F0AEF8084A207021463046FDF754FC92
:104290000122064B11462846FDF7C6FC204670BD9C
:1042A0000024FBE764070020802F0020E4050020A5
:1042B0002DE9F04F83B01D469DF83C300C9CDDF895
:1042C0003890019417460D9A009253B35C1E95F8EE
:1042D00000A080460E46E4B20AF101035FFA83FAB9
:1042E000564508BF4FF0000A5745484619D0FDF71C
:1042F000C7FB83460098BBF1000F12D0FDF7C0FB4F
:1043000090B10023CBF80430C0F800B02A78019BAC
:1043100012FB08F29850013CE4B2FF2C85F800A093
:10432000DAD103B0BDE8F08F4946584603B0BDE886
:10433000F04FFDF7BBBB00BF70B5334C334DA279D6
:10434000A188334E002084B02346A88004F10800E1
:10435000FDF770FBE379A279301D1A44082133463A
:10436000FDF768FB02962E46A37916F8080B039317
:104370002A79A9786B1DCDE90064FFF799FF254BD9
:104380000822181D6421FDF755FB234B0A22181D36
:104390000821FDF74FFB2048FDF772FB0446B8B13A
:1043A0001E4A2046111FFDF7B9FB1B48FDF768FBAD
:1043B0000446D8B11A4A2046111FFDF7AFFB194B2E
:1043C0000622FF201A80FFF767F8002004B070BDB6
:1043D000154A1649164840F6D4031AF0FBFC404033
:1043E00080F311884FF0030002DFD9E70E4A0F492E
:1043F0000F4840F6DB031AF0EDFC404080F31188D3
:104400004FF0030002DFD5E77C06002064070020A0
:1044100000330020DC2F0020882F0020802F002078
:10442000782F0020842F002000F60500F8FA050000
:10443000E0F5050030B5304B304C186087B00AF01D
:104440004BFD2378002B51D02D492E4A2E4D05953A
:104450004FF0050C81F808C02C4C04922C4A022025
:10446000CDE9022404230D24CDE90014294A08745F
:1044700008760B7000200621FEF78EFD40BB01225E
:104480000021254829F00DFA09F088F8044610B1FA
:10449000204607B030BDFFF74FFF04460028F7D194
:1044A00009F0F4FC04460028F2D101F0E5FF0446CF
:1044B0000028EDD10AF012F904460028E8D102F0F4
:1044C00089FD04460028E3D10120F3F7C5F9DFE7B1
:1044D000124A1349134840F25A231AF07BFC404019
:1044E00080F311884FF0030002DFC8E7FDF746FBB9
:1044F00001232370A8E700BF2433002013580020B5
:10450000B0350020C9FA030019FC030065FA030066
:1045100040330020D03500202833002000F605006D
:104520003CF60500E0F5050010B586B001F0B4FFDB
:10453000002833D102F050FD002840D100243C4B2C
:1045400020469C80F3F788F93A493B4A3B4B8C80E4
:1045500094809C8001222146684629F0A2F9384BBC
:10456000224621460320C3F808D0FDF75DFB002852
:104570004FD14FF0FF324FF0FF33684618F0B0FADA
:1045800001F090FF002836D1FFF7D6FE28BB0021AE
:10459000012006B0BDE81040FEF792BE294A2A4924
:1045A0002A484FF440731AF015FC404080F31188FC
:1045B0004FF0030002DF02F00FFD0028BED0214AB9
:1045C0002149224840F232331AF004FC404080F383
:1045D00011884FF0030002DFB0E71A4A1A491B485E
:1045E00040F27B331AF0F6FB404080F311884FF025
:1045F000030002DFCBE7134A1349144840F26E333D
:104600001AF0E8FB404080F311884FF0030002DF0E
:10461000BAE70C4A0E490D4840F261331AF0DAFB52
:10462000404080F311884FF0030002DFA1E700BF94
:104630002406002080070020600600204C06002091
:104640001406002000F605003CF60500E0F5050024
:1046500054F7050008B5FFF767FFBDE8084008F00C
:10466000CDBF00BF10B582B00024CDE90044049B4B
:1046700009F0B4F902B010BD10B50346007F1A6905
:104680009969012482B02040CDE90004586909F0FD
:10469000A5F908B1773001D102B010BD064A07492B
:1046A00007484E231AF096FB404080F311884FF0E4
:1046B000030002DF02B010BD5CF70500A0F70500A3
:1046C000E0F5050008B50248F8F774FC002008BDC5
:1046D00014F8050030B5038A83B023B1037E044685
:1046E000C3B1022B04D06FF01505284603B030BDCE
:1046F00001A900F0FBFE019B054613B11846F8F72F
:104700003BFC002DF1D120460BF0B2FB00252846E2
:1047100003B030BD01A9019300F080FA0028F2D067
:10472000F8F72AFC019D002DEDD0284601F08CFA07
:1047300068710199014829F09BF8E4E7F036002000
:1047400008B5FFF787FF0448F7F738F90348F7F78C
:1047500035F9002008BD00BF301A0020681900207C
:104760002DE9F041424EDFF81481424F82B04FF004
:10477000FF324FF0FF33304618F058F90028F6D0DA
:1047800043790190042B21D8002B4BD13A4840F2B9
:10479000CB13424639461AF01DFB404080F3118886
:1047A0004FF0030002DF019B00221A6001A8FFF70F
:1047B000A1F94FF0FF324FF0FF33304618F036F9D1
:1047C0000028D4D043790190042BDDD9052BDDD10D
:1047D0004FF0FF324FF0FF330320F7F721FF04467D
:1047E0002146019800F008FF019B00221A6001A8F1
:1047F000FFF780F9002CBAD020461FF030FA21468E
:10480000054600201FF051FA2B8A0446284633B192
:10481000F8F74EFB18F022FD002CEDD1A7E70BF0C6
:1048200027FBF7E7022B13D04FF0FF324FF0FF3397
:104830000120F7F7F5FE044601989CB1214600F0EF
:1048400015FF019B00221A6001A8FFF753F9D3E777
:104850000022002301210020F7F712FF04460198EF
:10486000002CEBD1046001A8FFF744F97FE700BFFB
:10487000F036002060F60500E0F50500B4F705000D
:104880002DE9F0412E4F2F4E82B00CE0F7F7F8FEE5
:104890002246BDF80210044601F0BEF92046F8F7A2
:1048A0006BFB18F0DBFC0DF1020101A8FEF7D4FF51
:1048B00004464FF0FF324FF0FF3300211320002C4D
:1048C000E4D1019BB3B1FFF741F8DDF80480404625
:1048D00001F0BAF9019D88F805006B79032B02D12C
:1048E0002B79182B0ED02946304628F0C1FF019BAA
:1048F000002BD8D14FF0FF324FF0FF33384618F07D
:10490000EFF8D0E74FF0FF3321464FF0FF3205209C
:10491000B5F80680F7F7B4FE41460246044605F1B5
:104920001C0000F041FE404600F05EFE204624B12F
:10493000F8F722FB20460BF09BFA019DD3E700BF5E
:1049400008370020F0360020D0B588B01E4828F087
:1049500063FF4FF0FF3200211C4828F0A2FF1B48E4
:10496000FFF768FD044658BBF1F79EFF00260027BD
:104970006FF00902CDE90324CDE90667CDE90144D2
:10498000134B144900944FF4E072134817F070FE73
:104990001249114828F0AEFE6FF00702CDE903245A
:1049A000CDE90667CDE901440D4B0E49009440F670
:1049B00098020D4817F05CFE0C490B4828F09AFE4F
:1049C000204608B0D0BD00BFF036002008370020D8
:1049D0008148030028750020301A0020F4F70500F4
:1049E00061470300906C00206819002000F8050062
:1049F00010B518F0FBFB054C204628F019FF2046A7
:104A000028F00AFFBDE8104018F004BCF036002082
:104A10002DE9F0411A4C6468A40004D51646194AE1
:104A20001268120701D4BDE8F08103F10C040546B9
:104A30000F46204602211FF048F940F63E4303800E
:104A4000012120461FF041F90346042220461A7036
:104A50000B211FF03AF90570A0F801603DB97B68A1
:104A6000BA68C0F80720C0F80330BDE8F0814FF005
:104A70000008C0F80380C0F80780BDE8F08100BFDF
:104A80001002002008020020F0B5013887B014465B
:104A900011280AD8DFE800F0233F55090967097992
:104AA00098AB090909090909090D6FF0150007B04C
:104AB000F0BDCB68DA789978188807F00DFA554B75
:104AC0000646012118881CF024FC012105460C3003
:104AD0001FF0FBF806702560002007B0F0BD4D4BBD
:104AE0000D2118881CF015FC0D2120600C301FF0E2
:104AF000ECF84FF0021400234FF4407105220370CC
:104B0000C0F80140A0F80510C271037243728372AD
:104B1000C3720373E0E73F4B412118881CF0F9FB97
:104B2000412120600C301FF0D0F8002104463E22C5
:104B300000F8031B29F0E7FA40F2A733A4F801308C
:104B4000CAE7344B092118881CF0E3FB09212060D7
:104B50000C301FF0BAF80346002203F8012BC0F80E
:104B600001205A60B8E7C9680020FEF7A9FB294B6D
:104B7000012118881CF0CDFB012105460C301FF0E7
:104B8000A4F8002303702560A6E7234E214F0FCE23
:104B900001AD0FC5336838882B7012211CF0B9FBAA
:104BA000122120600C301FF090F80446002301AE63
:104BB00004F8013B84460FCE2D78CCF801006160EB
:104BC000A260E360257487E7124B182118881CF057
:104BD000A0FB182120600C301FF077F8002304465A
:104BE000012100F8023B0BF01BF8607074E7094BE1
:104BF000212118881CF08DFB212120600C301FF032
:104C000064F80146002301F8113B01300BF058F81D
:104C100062E700BF805300202CF805002DE9F04129
:104C2000038A8CB00022022B079230D9044603215C
:104C30000C301FF071F8228A83789A4227D30088BB
:104C4000D94EC0F38523082B30801FFA80FCC0F3B7
:104C5000090509D8A3B1013B072B11D8DFE803F000
:104C60001C10284C101010643F2B09D107AA2146B4
:104C70002846FFF709FF163040F02784B6F800C039
:104C8000012160460CB0BDE8F0411CF054BB00248B
:104C900020460CB0BDE8F081062D00F0CF831D2D1D
:104CA000EED1E368188802F089F801463088E9E718
:104CB000632D00F0078400F2EE80032D00F0DE8308
:104CC0002D2D40F0D380E368604604211E8893F8C0
:104CD00002801CF01EFB042104460C301EF0F5FF80
:104CE000B7B20546C31C424639460220FEF7D2FA47
:104CF000A5F801602870CBE7681E0828C0D801A37A
:104D000053F820F05D4F0300114F0300EB4E0300FA
:104D1000814C0300814C0300814C0300814C030053
:104D2000814C0300CB4E0300681E4D28A8D801A378
:104D300053F820F0BD4F0300874F03006550030078
:104D4000814C03005B5003003F50030025500300DB
:104D5000195003000D500300ED4F0300814C030078
:104D6000814C0300814C0300814C0300CD4F0300B4
:104D7000D3520300CB520300C3520300A1520300DD
:104D8000814C0300795203006B520300315203003F
:104D900011520300814C030007520300F751030036
:104DA000D7510300814C0300814C0300814C030068
:104DB000B75103009D5103008D5103005951030069
:104DC0004D510300814C0300814C03008F530300BD
:104DD0008753030081530300615303002F530300E3
:104DE000FD520300F3520300E5520300F3530300A6
:104DF0009D5303002D510300DB500300814C030041
:104E0000814C0300814C0300814C0300814C030062
:104E1000814C0300814C0300814C0300814C030052
:104E2000814C0300814C0300814C0300814C030042
:104E3000814C0300814C0300814C0300814C030032
:104E4000814C0300814C0300814C0300814C030022
:104E5000814C0300814C0300814C0300B9500300D6
:104E6000814C0300814C0300AF500300012D7FF4FF
:104E700007AFE2684D4B11685268196060462946D9
:104E80005A601CF046FA012104460C301EF01DFF4A
:104E900000230370FCE67B2D00F0D8827C2D7FF48C
:104EA000EFAEE3681F885988B8B202F071F8054682
:104EB000032130881CF02DFA032104460C301EF02B
:104EC00004FF0570A0F80170E2E6604607211CF0BF
:104ED00020FA072104460C301EF0F7FE01460020A0
:104EE00001F8010BFEF718FAD2E6092160461CF022
:104EF00010FA092104460C301EF0E7FE034600229A
:104F000003F8012B6021C0F801205A604171BFE60F
:104F1000604641211CF0FDF9412104460C301EF091
:104F2000D4FE002105463F2200F8021B29F0EBF8D1
:104F300004231F4AEB72EB7520231E49C5F81A2083
:104F4000C0204FF490626B704FF40A73A871C5F8DB
:104F50002110A5F82720A5F80F3099E60921604611
:104F60001CF0D7F9092104460C301EF0AEFE4FF4B8
:104F700050610023104A01800D218370C3700171BC
:104F8000C0F8052084E6042160461CF0C2F9042123
:104F900004460C301EF099FE00231B2103220370EF
:104FA00041708370C27073E68053002010020020AD
:104FB000F7C3F70E30F0F97FF105FFFFE268C64B4B
:104FC0001168526819606046012159E76046022164
:104FD0001CF09FF9022104460C301EF076FE0023DF
:104FE0000370054607F0CCF8687051E6E36818785E
:104FF000F1F782FC0546012130881CF08AF9012175
:1050000004460C301EF061FE057041E6E16811F8BF
:10501000010B01F0ABFBEDE7E16811F8010B01F0CA
:1050200035FBE7E7022160461CF073F902210446D4
:105030000C301EF04AFE00230370437028E6E4683B
:10504000A57BA3796279217920880295657B0195FA
:105050000734009401F01CF9CCE7E1680120FEF769
:105060002FF9C7E7604609211CF053F909210446CE
:105070000C301EF02AFE0346002503F8015BC0F841
:1050800001505D600646FEF7FFF82B4661F307030B
:10509000C1F3072262F30F23090C61F31743090AD6
:1050A00061F31F63C6F80100C6F80530F0E5E0685B
:1050B000C17907F065FB9DE7604603211CF029F9E3
:1050C000032104460C301EF000FE0146002301F8C7
:1050D000023B0130FEF7F0F8DAE5E26891781088DB
:1050E000B2F80540CB0703D5D37843F00303D37060
:1050F00013798F07D17844BF43F00303137143EA58
:105100000102032A00F2E7814D0700F0E1815A070E
:1051100000F0DE8114F003021CBF04F1FF3404F040
:10512000010201F0DFFE01463088ABE5E3681A7842
:10513000D10744BF0721597092074CBF07219978C6
:10514000587848BF997001F0C3FE53E7E368598867
:10515000188801F089FE4DE7604605211CF0D9F85A
:10516000052104460C301EF0B0FD08A905460DF1DE
:105170001A0001F06DFEBDF81A30A5F80130BDF837
:105180002020A5F8032000232B7081E5E3681F8809
:105190009A885988B8B201F031FE88E6E26817882B
:1051A00092780023CDE90233CDE900330221B8B271
:1051B00001F046FD7BE6E16800220F884B880392F0
:1051C00008890290C888019089880091B8B20221AC
:1051D00001F036FD6BE6092160461CF09AF80921C2
:1051E00004460C301EF071FD3C493D4A016000232D
:1051F000426003724CE5E3681F8800220621B8B2C2
:1052000006F058FE53E6E268002132F8027BF6E72A
:10521000604609211CF07DF8092104460C301EF07F
:1052200054FD002300F8013B082108F0F7F92FE5B1
:10523000E068002308AA00F1100109F0C7FE3088D9
:1052400011211CF066F8112104460C301EF03DFDC2
:105250000646002306F8013B08AD07460FCDC7F808
:1052600001007160B260F36012E5E368188801F034
:1052700083FD0146308805E5E368604608211E8805
:105280001CF047F8082104460C301EF01EFD0546B0
:10529000E91CB0B201F018FDA5F801602870F7E430
:1052A000E16800224B88088803920C890294CC881C
:1052B000019489880091114601F0C2FC01463088B2
:1052C000E0E4E06807F012F894E6E06806F080FF9A
:1052D00090E606F057FF8DE608020020008FCC30E4
:1052E000ECC00100E368188807F040FA308801211B
:1052F000C7E5E368187807F025FA7BE6E3681868E5
:1053000008909A889B798DF8263060460721ADF881
:1053100024201BF0FEFF072104460C301EF0D5FCB4
:105320000546411C08A807F0D9F92870B0E4E368E5
:10533000186808909A889B798DF826306046072176
:10534000ADF824201BF0E5FF072104460C301EF0C9
:10535000BCFC0546411C08A807F086F9287097E4B4
:10536000604602211BF0D5FF022104460C301EF0DE
:10537000ACFC054607F04AF8002368702B7087E400
:1053800007F046F836E6E06807F080F832E6E068B5
:1053900000F11702C11D07F007FC2BE6E368604629
:1053A00005211E881BF0B5FF052104460C301EF0B8
:1053B0008CFC05462A1DB0B2E91C01F06BFDEB78B0
:1053C0002A792870002B93FAA3F3B3FA83F308BF6A
:1053D0004FF0FF330133EB70002A92FAA2F3B3FAD5
:1053E00083F308BF4FF0FF330133A5F801602B7141
:1053F0004EE4604609211BF08CFF092104460C3065
:105400001EF063FC08AB05460DF11A0206A90DF16A
:10541000160001F033FDBDF81630A5F80130BDF8D7
:105420001830A5F80330BDF81A30A5F80530BDF8DE
:105430002020A5F8072000232B7029E4E368997841
:10544000188801F063FC014630881BE4E3681F887C
:1054500008A9B8B201F078FD0521054630881BF097
:1054600058FF052104460C301EF02FFC0570A0F8F3
:105470000170BDF82030A0F8033009E4174B184A3A
:105480004FF0FF3041F6FF71C3E90001154B0020DA
:105490000021C2E900011F200021C3E90001FFF73C
:1054A00043F8308801211BF034FF012104460C3001
:1054B0001EF00BFC00230C4A03701360FFF798FAF0
:1054C000FFF7E6BBE268064B7AE5079CFFF7E0BB17
:1054D0001221FFF7D6BB1121FFF7D3BB100200202A
:1054E000F81A002008020020203700202DE9F84398
:1054F00000230B60038A032B2ED9054688460C3007
:1055000004211EF009FC2B8A4788B0F80090BB42AA
:1055100022D31B2F20D801F03BFB4FEA193633462C
:105520000446F8B19B0817D1D6B1012E14D12379C6
:10553000677166F301032371E9683A46E01D28F0BC
:10554000BAFD2146C9F30B0001F02EFB08B9BDE8F6
:10555000F883204601F022FB6FF01500BDE8F883C8
:105560000226E4E70F4B1B689B0117D54FF0FF3273
:105570004FF0FF330120F7F753F80221C8F800007D
:105580000C301EF0A2FB4FF48D730380D8F800009E
:1055900001210C301EF099FB012303706FF06800AD
:1055A000D5E700BF10020020F8B50E4B1B68DB06E4
:1055B00000D4F8BD02F10C0406460D462046022137
:1055C0001EF083FB034640F205421A802046042168
:1055D0001EF07BFB00270770A0F801503278C270E4
:1055E000F8BD00BF10020020024A1368013B13609F
:1055F000704700BF2037002070B5037FC68803F0D6
:105600000303013B012B0DD9154A1649164842F2F6
:10561000342319F0DFFB404080F311884FF0030082
:1056200002DF70BD044601F10C05284604211EF07E
:105630004CFB237F03F00303022B0CBF46F4005600
:1056400046F480560680637F4380617F28461EF0C3
:105650003CFB627F04F11F01BDE8704028F02BBDC8
:1056600040F8050060F60500E0F505002DE9F04181
:1056700090F804C0C688BCF1030F84B004460D4600
:1056800000F11C070ED0ACF1170CBCF1060F00F2B4
:10569000A682DFE81CF02B00880090002100BD00EE
:1056A000D000F000C37F033B122B00F21B81DFE828
:1056B00013F05D01190119018401AB011901DD012C
:1056C000190119011901E2011901B90119011A00A1
:1056D0001901190127012701C44B5B6818044FF019
:1056E000000400F1338104B0BDE8F081F80700F157
:1056F000E681277F002F00F0D981BC4B5B689900C1
:10570000F1D5BB4B1B6840F20122134203F4007831
:10571000E9D00C35002F40F0EB81B64A1368013315
:105720001360B8F1000F00F00382022128461EF03A
:10573000CCFA41F63E730380012128461EF0C5FADB
:1057400003460A221A7028461E211EF0BEFA077070
:10575000A0F80160637FC370A37F0371D4F81F308A
:10576000C0F80530B4F82330A0F80930D4F82B3055
:10577000C0F80B30B4F82F30A0F80F30D4F8253033
:10578000C0F81130B4F82930A0F81530638EA0F8B5
:105790001730A38EA0F81930E38EA0F81B3094F8D0
:1057A000383043779FE70A463846314604B0BDE8B3
:1057B000F041FFF7F9BE8D4B5B689A0093D58C4B97
:1057C0001B685B078FD50C35022128461EF07DFA39
:1057D00040F63E230380012128461EF076FA034658
:1057E000032228461A7009211EF06FFAFF070546AA
:1057F00000F1E781237F2B70A5F80160E38BA5F80A
:105800000330238CA5F80530638CA5F807306AE7D0
:10581000794B1B6819027FF566AF0C3502212846CB
:105820001EF053FA40F257230380022128461EF04F
:105830004CFA068057E76D4B5B689A007FF553AFD3
:105840006B4B1B681B037FF54EAF0C3502212846BE
:105850001EF03BFA40F23E430380012128461EF031
:1058600034FA14230370032128461EF02EFA068012
:10587000237F837037E75D4B5B689F007FF533AF15
:105880005B4B1B6818057FF52EAF0C3502212846AF
:105890001EF01BFA40F23E630380012128461EF0F1
:1058A00014FA0C230370052128461EF00EFA237FFC
:1058B0000370A0F80160627F002A92FAA2F3B3FAA3
:1058C00083F308BF4FF0FF330133C370A27F92FA16
:1058D000A2F3002AB3FA83F308BF4FF0FF3301337A
:1058E000037100E7454A4649464842F2082319F049
:1058F00071FA404080F311884FF0030002DFF2E6B6
:105900003A4B5B689A007FF5EEAE394B1B685B063D
:105910007FF5E9AE0C35022128461EF0D6F940F697
:105920003E330380012128461EF0CFF90723037080
:105930000A2128461EF0C9F90680A38C4380E38C17
:105940008380238CC380638C0381CCE60C350221D9
:1059500028461EF0BAF94FF44C7303800321284601
:105960001EF0B3F90470A0F80160BCE61F4B5B6841
:1059700099007FF5B8AE1E4B1B68DA067FF5B3AE13
:105980000C35022128461EF0A0F940F63E53038054
:10599000012128461EF099F9052303700C212846A1
:1059A0001EF093F9034623F8026B216A626AC0F87D
:1059B00002105A60238D438195E60C4B1B681B0631
:1059C0004FF000047FF58FAE0C35022128461EF003
:1059D0007CF94FF481630380042128461EF075F999
:1059E00001230470A0F80160C3707CE6100200205F
:1059F0000802002020370020F81A002040F8050097
:105A000060F60500E0F5050090F820300E2B7FF4DD
:105A10006AAE0B46324600211A2004B0BDE8F041C0
:105A2000FEF7F6BF754B5B68980056D5744B1B6844
:105A3000990652D50C35022128461EF046F940F64B
:105A40003E330380012128461EF03FF906230370F0
:105A50000A2128461EF039F90680238C4380638C86
:105A60008380A38CC380E38C03813CE60B463246E3
:105A700039460020D1E7614B90F820401B681F0693
:105A80007FF531AE0C35022128461EF01EF94FF489
:105A900081630380042128461EF017F9B4FA84F3C9
:105AA0005B090470A0F80160C3701CE6A07F04F1DC
:105AB0002503FF2204F11F0106F094FD1DE6514A63
:105AC0005149524841F6427319F084F9404080F33D
:105AD00011884FF0030002DF0BE60023CDE902330B
:105AE000CDE900331A220221304601F0A9F8FAE587
:105AF000B8F1000F4CD1022128461EF0E6F841F221
:105B00003E330380012128461EF0DFF80123037095
:105B1000122128461EF0D9F8C0F80180C0F805808F
:105B2000C0F80980C0F80D8080F811800770DAE5B0
:105B3000022128461EF0C9F841F23E3303800121BC
:105B400028461EF0C2F8034601221A702846122188
:105B50001EF0BBF80770A0F80160637FC370A37FDD
:105B600003F001030371D4F81F30C0F80530B4F816
:105B70002330A0F80930638EA0F80B30A38EA0F874
:105B80000D30E38EA0F80F3094F838304374AAE556
:105B9000022128461EF099F841F63E730380012148
:105BA00028461EF092F80A2303701E2128461EF094
:105BB0008CF804461D220021013028F0A4FA277039
:105BC00091E5104A1249114841F6CB7319F002F9D8
:105BD000404080F311884FF0030002DF0AE6094AD3
:105BE0000C490A4842F2241319F0F4F8404080F3BB
:105BF00011884FF0030002DF75E500BF100200209E
:105C00000802002040F805007CF80500E0F50500DA
:105C1000B8F8050060F6050070B500F10C040E46FA
:105C20002046022115461EF050F840F2135303801F
:105C3000052120461EF049F801230370A0F80160F9
:105C4000A0F8035070BD00BF0379032B09D0172BB8
:105C500005D0183B052B8CBF002003207047012086
:105C60007047037F03F00303032B14BF05200420B8
:105C7000704700BF30B583B0194B079D194AEB1A26
:105C8000A2FB032313F47F5FC3F3871419D1A21C73
:105C9000154B0095D2B201210020FDF769FA10F0F2
:105CA000FD0F0CD0114A1249124840F69E1319F00C
:105CB00091F8404080F311884FF0030002DF03B0F9
:105CC00030BD0A4A0C490B4840F6991319F082F886
:105CD000404080F311884FF0030002DFD7E700BF98
:105CE0005837002009CB3D8DFD5C0300F4F805001A
:105CF00040F90500E0F5050034F9050000B17047F2
:105D00000C4B10B502460C46022001219C60FBF7AB
:105D10008BFF00B910BD084A0849094840F6BA137C
:105D200019F058F8404080F311884FF0030002DF6B
:105D300010BD00BFA8080020F4F805004CF70500CE
:105D4000E0F50500F8B505682F6E0646C7B16C6E24
:105D500000232B663CB300211723696623714FF69D
:105D6000FF73E38004F11C001E2228F0CCF93C23D1
:105D70002377A66021463846BDE8F840FDF7A4BF6A
:105D8000104A1149114840F6E61319F023F8404033
:105D900080F311884FF0030002DF6C6E2F6E00233A
:105DA0002B66002CD7D1074A0949084840F6EA1368
:105DB00019F010F8404080F311884FF0030002DF23
:105DC0006C6EC8E7F4F805005CF90500E0F5050025
:105DD00070F9050038B5044610F81C3B53B3174D55
:105DE0006369A8606BB1164A1649174840F6CF138D
:105DF00018F0F0FF404080F311884FF0030002DFFD
:105E0000A86812490D4B0022C4E905101146012073
:105E1000FBF70AFF00B938BD094A0D490A4840F6A8
:105E2000D61318F0D7FF404080F311884FF00300DD
:105E300002DF38BDBDE83840FFF784BF9808002076
:105E4000F4F8050088F90500E0F50500455D03005C
:105E50004CF7050038B591F8293001EB8303DB6A74
:105E60001D7800B938BD0C46FDF7FCFF8442F9D01F
:105E700015F00E0F02D1236A002BF3D0064A074912
:105E8000074840F6861318F0A5FF404080F31188BC
:105E90004FF0030002DF38BDF4F805009CF905005F
:105EA000E0F5050000B5134B9A8C93F8291093F890
:105EB0006AC003EB810122F4437222F00202C96A34
:105EC00042F00E029A84062000224FF4006E6FF317
:105ED000420CA3F868E083F86AC00A70487093F82F
:105EE000351003EB810304229B6B1A7058705DF828
:105EF00004FB00BF5837002070B51B4C256AEB6EC1
:105F000063B11A4A1A491B4840F6132318F062FF7E
:105F1000404080F311884FF0030002DF05F160017B
:105F200005F15C00FBF7FEFD064670B12868EE66E1
:105F300000F006FE0025606E2562FDF7B5FE206EBE
:105F40006566FDF7A5FE256670BD084A0A49094841
:105F500040F6152318F03EFF404080F311884FF0C3
:105F6000030002DFE2E700BF58370020F4F8050025
:105F7000F4F90500E0F50500F8FA050030B5504CDD
:105F800094F86A30D90785B062D5236A53B193F883
:105F9000202042F0020283F82020236A93F8203068
:105FA000DA076AD44648FDF745FF84420CD0454ADB
:105FB0004549464840F6DE2318F00CFF404080F388
:105FC00011884FF0030002DF94F82430DB0703ADA3
:105FD0000DD5022103913E4B0095032101220020A3
:105FE000FDF7C6F82946FDF713FF002855D1022218
:105FF0000321374B009500200392FDF7B9F829469D
:10600000FDF706FF38BB3348FDF750FF08B1783085
:1060100035D12B48FDF71AFF84420CD0294A2A4972
:106020002A484FF4306318F0D5FE404080F31188C1
:106030004FF0030002DF236A0BB1FFF75DFF94F816
:106040006A3000206FF3000384F86A3006F0EAFB40
:10605000002005B030BD1A48FDF7F8FE84420CD090
:10606000184A1949194840F6F72318F0B3FE404082
:1060700080F311884FF0030002DF0C20E9E7114A9A
:106080001549124840F6FD2318F0A4FE404080F365
:1060900011884FF0030002DFBBE70948FDF7D6FE89
:1060A0008442EAD0074A0849084840F6E92318F034
:1060B00091FE404080F311884FF0030002DFDCE7DF
:1060C00058370020F4F8050008FA0500E0F505004F
:1060D000D53303007437002014FA0500037803F069
:1060E0000F0302F1FF3C022B1FFA8CFC25D0012B81
:1060F0000DD01031C9009BB1062B11D04FF4F373B2
:1061000013FB0CF340F25320184480B2704740F266
:10611000162313FB0CF340F2E330184480B27047AF
:1061200040781030C00001F21B3100F5B37313FB4F
:106130000CF30844184480B2704741780CEB8C0390
:10614000C3EB0310400001F11003DB0000F23B1031
:1061500003FB020290B270472DE9F0411D468AB060
:106160004FF6FF739D429DF84080119C18D0237814
:106170000133DBB2074616462370002B63D0394942
:10618000394B0D8104F11C000022C860C1E9007682
:1061900081F80A80996001201146FBF745FD38B966
:1061A00094F8240010F0010514D00AB0BDE8F08185
:1061B0002E4A2F492F4840F6441318F00BFE40405A
:1061C00080F311884FF0030002DF94F8240010F0F0
:1061D0000105EAD1042109A807F03CFA099B264AE7
:1061E0000694A2FB0312991A02EB5102120A40F222
:1061F000471101FB1233214A2149A21AA1FB0212C5
:10620000920920490232CDE904510133CDE902550A
:10621000CDE90055D2B2012128460993FCF790FF41
:1062200010F0FD0FC1D0114A1749124840F2937384
:1062300018F0D0FD404080F311884FF0030002DFDA
:106240000AB0BDE8F081094A10490A4840F6221315
:1062500018F0C0FD404080F311884FF0030002DFCA
:106260008DE700BF2C37002088080020F4F80500D7
:106270004CF70500E0F5050021F1D49058370020D7
:1062800009CB3D8D555E030030FA05002CFA050060
:106290002DE9F04F714C1F46714B94F86A608646A9
:1062A0008C4693E8030083B016F001061546DDF82E
:1062B00030809DF834209DF8383000908DF804101F
:1062C00040F0A980A18C02F0070203F00303520002
:1062D00021F4437142EA032221F002010A43A2841D
:1062E00094F8292004EB8202BCF1010F0CF10803A1
:1062F000D2F82C9008BF4FF0000E0DEB030CA4F861
:1063000068E099F800A01CF8083C2AF01F0113F07F
:106310000E0F03F00F030CBF012200220B4362F3A8
:10632000451389F8003003F00F03012B0AF00F0A20
:106330005BD094F86A3065F3420384F86A30DAB2CD
:106340005B070CD5134667F3C30384F86A30D8F8AB
:106350000030C4F86B30434BB8F804209A8099F8A9
:10636000003003F00F02012A05F0010B2BD099F841
:106370000120E2B96BF3861362F3C71389F800308A
:10638000062389F8013094F83530E46104EB830486
:10639000AD01A36B05F040055A7845F004051D706A
:1063A0000AB906225A70304603B0BDE8F08FBAF140
:1063B000010F23D099F800306BF386136FF3C713E6
:1063C00089F80030DFE74A466BF3861367F3C7139B
:1063D00002F8083BD8F80010C9F80810B8F8041003
:1063E00091800C2389F80130CDE7BAF1010FA0D0DC
:1063F00099F80120A2B984F840609AE794F8402007
:10640000194909F1080027F056FE94F84030063388
:1064100089F80130CEE70C26304603B0BDE8F08F96
:10642000052A0AD9063AD2B2332309F108010E48E7
:1064300084F8402028F004F87BE70C4A0C490D480A
:106440004FF4D77318F0C6FC404080F311884FF02A
:10645000030002DF99F80120E4E700BF583700206D
:106460001CEB0500C337002099370020F4F8050025
:1064700068FA0500E0F5050010B5064C204607F067
:1064800035FD04F10C0007F031FDFFF70BFD002096
:1064900010BD00BF8037002008B5FFF76FFD00205A
:1064A00008BD00BF38B5094C04F10C05204607F0C3
:1064B0002DFD284607F02AFD204607F017FD284647
:1064C00007F014FDFFF7EEFC002038BD80370020F8
:1064D000034A044B801AA3FB0030C0F38F107047AF
:1064E0005837002009CB3D8D044A0068044B801AC0
:1064F000A3FB0030C0F38F10704700BF5837002057
:1065000009CB3D8D38B9054890F86A3013F0010F7A
:1065100008BF002070470020704700BF5837002098
:1065200028B9044B93F86A0000F00100704700207E
:10653000704700BF5837002050B9064B93F86A00E7
:1065400010F0010005D093F8250000F0030070471B
:10655000002070475837002070B5054690F8260097
:106560000C4606F0ABFA18B3237843F040032370CF
:1065700023780268C4F8022003F00F038288E280C7
:10658000012B04F1020601D0304670BD95F82600BB
:1065900006F0C2FA0028F7D02278234642F08002A3
:1065A00003F8082B0268A26082889A80304670BD8A
:1065B0002078C0F38010FCF79FFED9E71F2957D839
:1065C0002DE9F04190F8293000EB830382B0DF6AB7
:1065D0003B7803F00F03012B0E46054690463FD053
:1065E0000DF10701283007F003FD3A78037802F037
:1065F0000F0223F01F03134303703B780278C3F3A9
:10660000401363F3451202703B78D2B2C3F3801398
:1066100063F3861202703A46044612F8023B007891
:10662000DB0963F3C7102346414603F8020BD7F892
:106630000200C4F8020092889A8004F108003246F1
:10664000063627F038FD667095F86A30DB0711D4FE
:106650009DF8073085F82930002002B0BDE8F081B0
:1066600080F840100A464130414627F024FDF3E708
:106670001220704795F8353005EB830321469A6B5D
:106680002846F0F7EDFA0028E2D0E6E703460A468E
:1066900001481946FFF792BF583700201F2961D8DB
:1066A0002DE9F04190F8353000EB830382B09F6B09
:1066B0000E460546904600F13404002F43D0204694
:1066C0000DF1070107F094FC037823F03F033A46ED
:1066D00043F004030370044612F8020BDBB2C0F36C
:1066E000801003F03F0343EA80132370B31D6370EF
:1066F000D7F80230C4F802309388E380324641462E
:1067000004F1080027F0D7FC95F86A30DA0707D4BF
:106710009DF8073085F83530002002B0BDE8F081E3
:1067200095F8292005EB82024123D16A0A7802F00C
:106730000F02D340DB07EBD522462846F0F790FA4C
:106740000028E5D0E9E7204607F0D0FBC0B258B9F1
:1067500095F8353005EB83039F6B04233B700623CC
:106760007B70ACE7122070470720D6E703460A4645
:1067700001481946FFF792BF5837002010B5134B58
:106780001348144C01224FF4D071FBF753F9124B0C
:106790000322181D2421FBF74DF9104B0722181D69
:1067A0000821FBF747F902F01BFB0D4A0D4B0E4980
:1067B000002010601B221A800C4A03234FF4A47C93
:1067C000A4F800C00B70137010BD00BFEC370020A0
:1067D000001B0020825300202C380020F0370020BE
:1067E0009C380020845300201558002014580020A5
:1067F0002DE9F043D0F80080334983B005464FF4CB
:10680000D0724046FBF76AF905F15C06294607F0AD
:1068100073FF286E01AA3146FBF7A0F928B32B4C71
:106820004FF6FF7704F10809627994F802C02179E4
:10683000531CDBB29C4508BF0023994294F800C06A
:1068400031D012FB0CF202EB090129F80270019A17
:106850004A6012680260019A1060286E637101AA92
:106860003146FBF77BF90028DED1D8F8540108F552
:10687000AA7440B10023C8F854312146FDF7F4FB57
:1068800003B0BDE8F083124A1249134840F29D73E9
:1068900018F0A0FA404080F311884FF0030002DFA7
:1068A000D8F85401E6E70A4A0C490B4840F28973CC
:1068B00018F090FA404080F311884FF0030002DF97
:1068C00000231B80FFDE00BF001B0020F808002013
:1068D000A8FA0500F0FA0500E0F50500E8FA050061
:1068E00010B50C46B0B9124B0022012102209C6069
:1068F000FBF79AF900B910BD0E4A0F490F4840F254
:10690000437318F067FA404080F311884FF003009A
:1069100002DF10BD074A0A49084840F23D7318F0EB
:1069200059FA404080F311884FF0030002DFDAE7A4
:10693000D8080020A8FA05004CF70500E0F505008E
:1069400000FB050008B50B4B0022986011460120A2
:10695000FBF76AF900B908BD074A0849084840F240
:106960006F7318F037FA404080F311884FF003003E
:1069700002DF08BDB8080020A8FA05004CF70500A2
:10698000E0F5050038B5044610F81C3B53B3174D2D
:106990006369A8606BB1164A164917484FF4EB6358
:1069A00018F018FA404080F311884FF0030002DF1E
:1069B000A86812490D4B0022C4E9051011460120B8
:1069C000FBF732F900B938BD094A0D490A4840F2CF
:1069D0005F7318F0FFF9404080F311884FF0030017
:1069E00002DF38BDBDE83840FFF7ACBFC808002063
:1069F000A8FA050088F90500E0F5050045690300DF
:106A00004CF7050008B583685A68537FDB090DD140
:106A1000094A0A490A4840F2B46318F0DBF94040D9
:106A200080F311884FF0030002DF08BD0146BDE886
:106A300008400831F0F7E8BCA8FA050060F6050048
:106A4000E0F5050000B9704710B50C46FDF728FACF
:106A5000844210D0FDF706FA84420CD0064A07495A
:106A6000074840F2776318F0B5F9404080F3118889
:106A70004FF0030002DF10BDA8FA05000CFB050073
:106A8000E0F5050010B50C4690B92046FDF7FCF97D
:106A900084420CD00D4A0E490E4840F28D6318F026
:106AA00099F9404080F311884FF0030002DF10BDD8
:106AB000064A0949074840F28A6318F08BF94040BA
:106AC00080F311884FF0030002DFDEE7A8FA05002B
:106AD00060FB0500E0F5050000FB050010B50C4665
:106AE00090B92046FDF7C4F984420CD00D4A0E49F6
:106AF0000E4840F2836318F06DF9404080F311882E
:106B00004FF0030002DF10BD064A094907484FF461
:106B1000D06318F05FF9404080F311884FF0030014
:106B200002DFDEE7A8FA050060FB0500E0F50500DE
:106B300000FB05000148FAF7A3BF00BFEC370020B7
:106B40000149FAF7B3BF00BFEC37002002494FF408
:106B5000D072FAF7C3BF00BF001B002002464FF4FB
:106B6000D0710148FAF7B6BF001B002058B908B52C
:106B700002464FF4D0710548FAF7ACFF038D03B914
:106B800008BD002008BD0020704700BF001B00208A
:106B90000148FAF775BF00BF2C3800200149FAF709
:106BA00085BF00BF2C38002000283FD170B50246B9
:106BB0000E4620484FF4D071FAF78CFF028D05463F
:106BC000FAB91D4C94F805C0A17820780CF10103A6
:106BD000DBB2994208BF00232179994223D01CFBE4
:106BE00000FC04F1080121F80C208C44CCF804606E
:106BF00063712B7843B995F93930002B0EDB0020F7
:106C000070BD6FF0150070BD0C4B012103209D601D
:106C1000FBF70AF895F93930002BF0DA0021284605
:106C200005F010F9EBE76FF0680070BD6FF015002C
:106C3000704700BF001B002040090020E80800202A
:106C40002DE9F04782B0BDF82870BDF82C80BDF862
:106C50003090B0B90C4615464FF4D0710246194831
:106C60001E46FAF737FF038D824653B96CB1022CEA
:106C700003D0012002B0BDE8F087CDB902F002FBDD
:106C800012E0022002B0BDE8F0870D9B0193CDF821
:106C9000009043463A46314602F06EFA0028E9D1A8
:106CA0009AF93930002B07DB002002B0BDE8F087ED
:106CB000294602F0F7FAF7E70146504605F0C2F818
:106CC000F2E700BF001B0020D8B938B502460C46D9
:106CD0000D484FF4D071FAF7FDFE038D054643B918
:106CE00002F0E4F938B103682360037923710020CE
:106CF00038BD022038BD6B6B236095F838302371A6
:106D0000F5E70220704700BF001B002038B510B126
:106D10000224204638BD02460C4615484FF4D07177
:106D2000FAF7D8FE038D0546FBB91A2C04D8042CBB
:106D300016D81224204638BD292C01D03B2CF8D17E
:106D40002146284602F09CF904460028E1D195F935
:106D50003930002BDDDA0146284605F073F8D8E714
:106D6000044BE340DB07EBD4E3E70C24D1E700BF9F
:106D7000001B00202000380438B598B902464FF4B3
:106D8000D0710D48FAF7A6FE038D054653B90121CF
:106D900002F02CF9044618B995F93930002B04DBC0
:106DA000204638BD0224204638BD0146284605F05D
:106DB00049F8204638BD00BF001B002038B590B907
:106DC00002464FF4D0710C48FAF784FE038D054655
:106DD0004BB902F021F9044618B995F93930002B66
:106DE00004DB204638BD0224204638BD0146284633
:106DF00005F028F8204638BD001B0020F0B970B51A
:106E00000D4616464FF4D07102461048FAF762FE5E
:106E1000038D044683B9D0F830319B060AD532463B
:106E2000294602F055F920B994F93930002B07DBD7
:106E3000002070BD1A2070BD022070BD0220704776
:106E40000146204604F0FEFFF2E700BF001B0020D1
:106E5000034A044B12881B8802800B80704700BFD6
:106E60008453002082530020024A034B1080198073
:106E70000020704784530020825300204FF0450CBF
:106E8000A0F800C04FF42670A2F800C00880188057
:106E9000704700BFC0B938B50D4614464FF4D071E5
:106EA00002460A48FAF716FE0346008D50B993F8D9
:106EB0007620C2F302022A7093F87730C3F30203FC
:106EC000237038BD022038BD02207047001B00200F
:106ED000024A034B107019700020704715580020AB
:106EE00014580020F0B583B0F8B90F4616464FF499
:106EF000D071024613481D46FAF7ECFD038D044697
:106F00009BB9D0F83031DB0513D52B460125009510
:106F10003246394602F08EF8054618B994F93930F0
:106F2000002B0ADB284603B0F0BD0225284603B03B
:106F3000F0BD1A25284603B0F0BD0146204604F0F6
:106F400081FFEFE7001B0020D8B9024610B50E48BC
:106F50000C464FF4D071FAF7BDFD0246008D70B9B2
:106F6000B2F88631528D02FB03F3C3EB4311074A9B
:106F700003EB8103A2FB03239B09238010BD0220A6
:106F800010BD0220704700BF001B0020D34D6210CF
:106F9000D8B910B502460C460D484FF4D071FAF737
:106FA00099FD0346008D70B95A8D40F2E24101FB14
:106FB00002F242F2107101FB04210139B1FBF2F13E
:106FC000A3F8861110BD022010BD0220704700BF3B
:106FD000001B0020FFF7D2BB10B500224FF4D07188
:106FE0001448FAF777FD044600F11C02014603201D
:106FF000FCF798FF08B178300DD10F490F4A0023F4
:107000004FF6FF702085C4F888308B809380BDE8F0
:107010001040FFF7B3BB0A4A0A490B4840F2C2636B
:1070200017F0D8FE404080F311884FF0030002DFD4
:10703000E3E700BF001B002040090020F808002003
:10704000A8FA05009CFB0500E0F50500014B187847
:10705000704700BF15580020014B1878704700BFDB
:107060001458002038B58B6808601D682B780C46D2
:1070700093B16B6963B10B4A0B490C4840F24A3338
:1070800017F0A8FE404080F311884FF0030002DFA4
:10709000074BC5E9053438BDBDE838400846FFF761
:1070A000B1BC00BFA8FA050088F90500E0F50500AD
:1070B000056A03000B68DA8892BB70B50C46064679
:1070C0004FF4D0711848FAF705FD038D05461BBB38
:1070D00002F024F92268137F03F00303032B08D185
:1070E00001231371226831462846BDE8704002F042
:1070F00029B953B995F880319B0703D53D2385F80D
:10710000503122680123137170BD95F880319A07C0
:10711000FAD53D2385F85031236801221A7170BDDC
:1071200001221A71704700BF001B0020F8B5044609
:10713000008D1D464FF6FF7398420F4616460CD041
:107140002046C4E94376A4F8145101F0E7FE94F810
:10715000803113F001000ED1F8BD0A4A0A490B48EC
:107160004FF4647317F036FE404080F311884FF0FF
:10717000030002DFE4E76FF3000384F880316FF06F
:107180008B00F8BDA8FA0500B4FB0500E0F505008A
:107190002DE9F0411C4F1D4E7A79804607F1080514
:1071A00019E0FAF797FC0346D4301B8D03BB6168E6
:1071B00001F010FC3B797A79B9789A4208F1FF38EE
:1071C00003F1010304D0DBB2994208BF00233B71F5
:1071D00018F0FF0816D03B793C7893424FF4D071F9
:1071E000304613FB04F30DD0EA5A5C19002AD8D0BC
:1071F00061680B796FF301034FF6FF700B71FCF7B9
:10720000AFFDD7E7BDE8F08140090020001B00205A
:107210002DE9F04F3F4A1468A04206460B4604BFD2
:1072200000211160008DA6F85A01182283B00121B7
:1072300086F8582186F87031304601F079FE06F163
:10724000D407304601F088FE384601F0ABFB3846E3
:1072500001F0E0FB044600283AD00379DFF8C8903B
:10726000DFF8BCB0DFF8C4A003F00303032B0CBFAE
:107270000346002303604846FAF702FC06F17C0847
:107280000546B8B1214642462846FAF755FC38462D
:1072900001F0C0FB0446D8B1037903F00303032BCC
:1072A0000CBF0346002303604846FAF7E9FB054696
:1072B0000028E7D1184840F22E735A46514617F07D
:1072C00089FD404080F311884FF0030002DFD9E7C9
:1072D000328D124B00960332D2B201210020FBF70F
:1072E00047FF10F0FD0F0CD00D4A0E490A4840F23E
:1072F000F46317F06FFD404080F311884FF00300F6
:1073000002DF4FF6FF73FF20338503B0BDE8F04F77
:10731000FFF73EBF9C380020E0F50500E168030060
:10732000A8FA05006CFB0500F0370020F8FA05000C
:1073300000293AD02DE9F84F4D1EDFF87490DFF8A0
:1073400074B0DFF874A00746EDB200F1D40815E080
:10735000237903F00303032B0CBF23460023236090
:10736000FAF78EFB064690B1013D07F17C022146FB
:107370003046EDB2FAF7E0FBFF2D06D0404601F0B3
:1073800049FB04464846002CE2D1BDE8F88F074887
:1073900040F25A535A46514617F01CFD404080F3C4
:1073A00011884FF0030002DFDEE77047E0F50500CB
:1073B000F0370020A8FA0500F8FA050010B50446D9
:1073C0000120FFF7E5FE20460121BDE81040FFF750
:1073D000AFBF00BF0149FAF769BB00BFF03700201B
:1073E000014B5879704700BFF808002010B50C4BCE
:1073F00093F804C093F805E01C78F4450DD01CFB0D
:1074000004FC083380F800E00CEB030033F80C3088
:107410000B8043681360186810BD002010BD00BFCA
:10742000F808002000B50B4B93F804C093F800E077
:1074300084450CD01CFB0EFC08330CEB030033F826
:107440000C300B804368136018685DF804FB002063
:10745000FBE700BFF8080020094B19795A79187822
:1074600093F802C08A4209D04A1C01FB0030D2B214
:10747000944508BF002280681A7170470020704749
:10748000F808002038B5144C627994F802E094F8BA
:1074900004C02578531CDBB29E4508BF00239C45E1
:1074A00009D012FB05F204F1080C2CF8020062442A
:1074B0005160637138BD094A09490A4840F299533D
:1074C00017F088FC404080F311884FF0030002DF82
:1074D00000231B80FFDE00BFF8080020A8FA05008B
:1074E0002CFC0500E0F5050070B5537914460546FF
:1074F0000E466BB3237903F00302032A0CD04FF638
:10750000FF72954204BF6FF30103237121462846A1
:10751000BDE87040FCF724BC4FF6FF739D4225D1B7
:1075200033689C4237D0002BF0D01E4A1E491F48BA
:1075300040F2BB5317F04EFC404080F311884FF0EF
:10754000030002DF21462846BDE87040FCF708BC76
:10755000144A1749154840F2A65317F03BFC404027
:1075600080F311884FF0030002DFC3E72A464FF48F
:10757000D0711048FAF7AEFA214601F0B1FE336837
:10758000A342D0D13DB90B482A464FF4D071FAF747
:10759000A1FA038D03B100202146BDE8704001F03F
:1075A00071BC00BFA8FA050040FC0500E0F505002D
:1075B00034FC0500001B002090F85A20B0F8503031
:1075C000C2F30212022A14BFDB089B0890F8722053
:1075D000B0F84C0014BF0A3B0B3B9BB2D20644BF31
:1075E000043B9BB2984228BF18467047704700BFC3
:1075F00090F8803143F0020380F88031704700BF7B
:1076000090F880316FF3410380F88031704700BFFC
:107610000278438E12B1581E80B27047C18DB0F807
:1076200014215818104480B2704700BF10B50B6881
:107630004363044634300B7903710521FAF70CFCDF
:1076400094F8393060F3050384F8393010BD00BF79
:10765000B0F87030B3F5267F28BF4FF42673B3F52A
:10766000A47F4FF4267038BF4FF4A47308801380B2
:10767000704700BF00B5B0F86020B0F85A1003465C
:107680008A4290F87700B3F85EC028BF0A4600F03F
:107690000700B3F864101B2A38BF1B22042814BF4C
:1076A0004FF4A4704FF42960614528BF61468142C0
:1076B000B3F86EC038BF01468C45B3F86A0044D0B9
:1076C0009042A3F86E1001D0A3F86A2093F8D1205D
:1076D00042F00202012083F8D120B3F858C0B3F879
:1076E000622093F87610B3F85CE0624528BF6246EA
:1076F00001F007011B2A38BF1B220429B3F86610CA
:1077000014BF4FF4A47C4FF4296C714528BF714617
:107710006145B3F86CE038BF61468E45B3F868C088
:1077200017D06245A3F86C1001D0A3F8682093F835
:10773000D1206FF3410283F8D12093F8D1200120AA
:10774000024383F8D1205DF804FB9042BCD10020B5
:10775000C3E76245E9D193F8D11041EA510202F042
:10776000010221F003010A4383F8D1200028E4D16B
:107770005DF804FBB0F86020B0F85A1003468A4266
:1077800090F87700B3F85EC028BF0A4600F0070003
:10779000B3F864101B2A38BF1B22042814BF4FF40F
:1077A000A4704FF42960614528BF61468142B3F857
:1077B0006EC038BF01468C45B3F86A000DD09042C8
:1077C000A3F86E1001D0A3F86A2093F8D12042F0FC
:1077D0000202012083F8D12070479042F3D10020AB
:1077E000704700BFB0F86220B0F8581003468A42D4
:1077F00090F87600B3F85CC028BF0A4600F0070096
:10780000B3F866101B2A38BF1B22042814BF4FF49C
:10781000A4704FF42960614528BF61468142B3F8E6
:107820006CC038BF01468C45B3F8680014D0824262
:10783000A3F86C1001D0A3F868204FF0010C93F866
:10784000D1106046C1F3400242EA0C0221F003016C
:107850000A4383F8D12070478242ECD193F8D110CB
:10786000002001F0010CEDE71B2928BF1B21B2F518
:10787000A47F064BA0F8721028BF4FF4A472A0F8A2
:107880007020C365A0F85810704700BF48019802E7
:10789000F8B500238366C366A0F87430314B324AD2
:1078A0001B8812881B2B28BF1B23A0F87230A0F85E
:1078B0005830452301F00305A0F85A304FF01B1350
:1078C00005F128060366523590F87730B2F5A47FAB
:1078D000C1F340014FEAC6064FEAC50528BF4FF481
:1078E000A472CE40CD4003F00703B7B2ADB2A0F80A
:1078F0007020042B4FF4A4720446A0F85E50A0F848
:107900006470A0F86670A0F85C2020D0AF423B46BF
:1079100028BF2B46934238BF1346A4F86E301B2372
:10792000A4F86A3094F8D13043F0020384F8D130DF
:107930002046FFF757FF94F8D130AF4243F00103E0
:1079400084F8D13006D0012384F87430F8BD4FF4A8
:107950002963E2E7B6F5A47FF5D1A36DB3F11B1F50
:10796000F1D1F8BD8453002082530020F8B50646BB
:107970000F46154601F046F9044600283AD02A1F62
:10798000201D092A06D8DFE802F01D202305050581
:1079900005260529214A224922484FF4337317F05E
:1079A00019FA404080F311884FF0030002DFE379B9
:1079B0007B732146304601F03BF9304603F088FFE7
:1079C0002046F8BD02F084FEF1E702F099FEEEE7F2
:1079D00002F0A0FEEBE702F0A7FEE8E796F8203100
:1079E00097F856101BB1D6F830315B0710D402F06F
:1079F000A5FEDCE7094A0C490A4840F2B12317F01A
:107A0000E9F9404080F311884FF0030002DFB6E748
:107A10000A4697F8551002F09DFEC8E74CFC050099
:107A200060F60500E0F5050030FC0500F8B504221D
:107A30000C460646FFF79AFF8368C268C4F84F20D9
:107A4000C4F84B300369C6F8AC30E5690023E36144
:107A5000ADB103232F792B71338DEB8005F11C0120
:107A6000204602F01DFE2C2F02D00323A372F8BD86
:107A700028682946FCF728F90323A372F8BD074AB2
:107A80000749084840F2E32317F0A4F9404080F387
:107A900011884FF0030002DFDBE700BF4CFC05005C
:107AA00090FC0500E0F5050070B504460D4601F0B8
:107AB000A1F810B90523AB7270BD04F18F063346EF
:107AC000002205F1430105F1330007F07FFAD4F8F5
:107AD0009B10C4F8BC10D4F88F10C4F8B010D4F8C0
:107AE000A810D4F89320D4F89730C4F8C910002017
:107AF0000021C4E93001C4F8B42094F8C81094F807
:107B0000A720C4F8B830D4F8AC30C4F8CD30002386
:107B100063F3000184F89F3084F8A03084F8A1302A
:107B200084F8A23084F8A33084F8A43084F8A53017
:107B300084F8A63042F0010384F8C81084F8A73016
:107B4000052229462046FFF711FF40F207636B81AB
:107B500094F88E3043F0080384F88E3070BD00BF77
:107B600070B50C46897A82B0064615460C2900F29B
:107B70002D81DFE801F05E63939707070C17363914
:107B80003E4F5200002D00F09E8002B070BD002DCF
:107B9000FBD1214601F02EF8002840F0CB800623CF
:107BA000A372F2E7022DF0D1E5690023E361002D15
:107BB00000F0F08003232B71338DEB80237A052BAB
:107BC00000F0E380062B40F0D2801A232B7121466F
:107BD000304601F00FF8002840F091800823A3728E
:107BE000D3E7002DD1D1F2E7002DCED10A23A37225
:107BF000CBE7072DC9D1012101F01EF83046FFF770
:107C0000F7FC2146304600F0F5FF002868D10B2331
:107C1000A372BAE7002DB8D1F3E7082DB5D140F231
:107C20000133638190F88E306FF3041380F88E3047
:107C3000ABE7002DA9D10123A372A6E7012DA4D1A2
:107C40002946019300F0F8FF3046FFF7D1FC30469B
:107C500002F056FA019B5A689968C4F82D10C4F8CE
:107C600029201A7B84F831205A7B84F83220D3F8FB
:107C70000E20D3F81210C4F84710C4F84320D3F8EC
:107C80001630C6F8A8302146304600F0B3FF00BBDE
:107C9000204600F0F1FF0223A37276E7002D7FF467
:107CA00074AFF0E7032D0BD0042D7FF46EAF0623E5
:107CB00040F2036284F82830A4F85520A37264E7E8
:107CC0000423A37261E7214602B0BDE87040FFF7CC
:107CD000EBBE2146304602B0BDE87040FFF7A6BEBD
:107CE0000B2221463046FFF741FE40F60C336381FC
:107CF00096F88E306FF3C30386F88E3045E7062280
:107D000021463046FFF732FE304603F075FF002370
:107D1000A3720121304600F0A3FF3046FFF770FC4C
:107D2000304602F0F1F996F88E3043F0100386F8F1
:107D30008E302AE70D2221463046FFF717FE3046E7
:107D400003F05AFF94F82830062B31D0242B3FF44F
:107D50001CAF254A254926484FF4597317F03AF8C5
:107D6000404080F311884FF0030002DF0DE71E4A08
:107D70001E491F4840F20B3317F02CF8404080F3A7
:107D800011884FF0030002DF21E705F11C0002F02B
:107D9000C1FC1CE7144A174915484FF43F7317F00C
:107DA00019F8404080F311884FF0030002DF01E72B
:107DB00001213046A57200F053FF3046FFF720FC4A
:107DC000304602B0BDE8704002F09EB9064A07494D
:107DD000074840F2AD4316F0FDFF404080F31188A4
:107DE0004FF0030002DFD0E64CFC050060F6050012
:107DF000E0F5050090FC050092F81FC0ACF1030C03
:107E000002F11C03BCF1080F06D8DFE80CF01205E4
:107E1000050F0505050C09003D2380F8503170471A
:107E20000822FFF79DBE0722FFF79ABE0222FFF746
:107E300097BE0122FFF794BE08B5037A052B0FD039
:107E4000062B10D0094A0A490A4840F2E24316F0CC
:107E5000C1FF404080F311884FF0030002DF08BDEE
:107E60000023837208BD0923837208BD4CFC050002
:107E700060F60500E0F5050000230322FFF770BE61
:107E800000230422FFF76CBE887AA0F10300B0FA49
:107E900080F04009704700BF13460022FFF760BE24
:107EA00070B591F8343091F83520042B0C4603D886
:107EB000032B01D0042A0DD91343112113F007031A
:107EC00084F830104FF001050CD184F830300125D2
:107ED000284670BD032A0DD0134313F007034FF05B
:107EE0000005F2D0668EFFF793FB801B0304EFD4EE
:107EF0002823EAE7112381F830300125F2E700BF9B
:107F0000F0B50E4683B00DF1060201A9B0F86C5031
:107F1000B0F86E700446FFF79BFB96F83520002AF8
:107F20005CD196F83430FBB9B4F86C30AB420ED368
:107F3000BDF806209A420AD3B4F86E30BB4206D38D
:107F4000BDF804209A4202D3002003B0F0BD94F89B
:107F5000D130A4F86C5043F001030120A4F86E70F6
:107F600084F8D13003B0F0BD94F9390000281DDB4E
:107F700094F8761094F8685001F003032B440D3305
:107F8000DB00C1F34001CB409BB2BDF80650B3F516
:107F9000A47F38BF4FF4A4739D4228BF1D4632B35F
:107FA000002803DA96F83430002BBDD094F87720FF
:107FB00094F86A10BDF8047002F003030B440D330B
:107FC000DB00C2F34002D3409BB2B3F5A47F38BFBD
:107FD0004FF4A4739F4228BF1F46A5E794F93900C8
:107FE0000028C5DB96F83430002BDFD0C0E796F8C8
:107FF0003430002B98D0002896DAD7E770B5CD69D9
:108000000C460646002D35D094F82930DB0720D5E4
:108010002B792C2B20D11D232B71338DEB8094F8E1
:1080200030302B7796F87730C3F30203AB7796F8AE
:108030007630C3F302036B7728682946FBF73AFED4
:1080400094F8293000226FF3000384F82930E261AC
:1080500070BD01232B71EFE70D4A0E490E4840F227
:10806000B71316F0B7FE404080F311884FF00300BD
:1080700002DFD0E7064A094907484FF4DA7316F0E1
:10808000A9FE404080F311884FF0030002DFBBE7F8
:1080900094FC0500D8FC0500E0F5050090FC050007
:1080A00070B591F82930CD6A9B070C4603D4CDB149
:1080B00001232B710AE00646ADB103232B71338DEA
:1080C000EB8005F11C01304602F0A0FC286829462F
:1080D000FBF7FAFD94F8293000226FF3410384F88E
:1080E0002930E26270BD074A0749084840F2E313AD
:1080F00016F070FE404080F311884FF0030002DF5D
:10810000DBE700BF94FC050090FC0500E0F50500EE
:1081100070B50B6A0C4605463BB300F07FFD10B905
:108120000723A37270BD00F081FDE062002832D009
:10813000637B266AA6610022172B226223D01D4A88
:108140001D491E484FF4747316F044FE404080F3FE
:1081500011884FF0030002DF2846314600F068FD29
:108160002846BDE8704003F0B3BB124A14491348D7
:1081700040F2AB3316F02EFE404080F311884FF0F2
:10818000030002DFC9E7311D284602F01DFB41F65E
:1081900003036381E0E7074A0A49084840F2B53320
:1081A00016F018FE404080F311884FF0030002DF04
:1081B000BEE700BF94FC050060F60500E0F5050091
:1081C00000FD050014FD050070B50B6A0C46054660
:1081D000002B58D0637B162B2ED195F93930002B0C
:1081E0002ADB266AA6610023236294F8283095F8DA
:1081F0009421C3F3C20363F3C50285F8942194F874
:10820000282095F8943162F3020385F8943194F8AC
:10821000283095F87620C3F3801363F3C302311D31
:1082200085F87620204602F0ABFA0221284600F0BD
:1082300003FD0223A3721DE000F0F0FC10B9072338
:10824000A37270BD00F0F2FCE06250B3627B266A5C
:10825000A6610023162A2362C7D0194A19491A4871
:1082600040F2A31316F0B6FD404080F311884FF0A2
:10827000030002DF2846314600F0DAFC2846BDE85C
:10828000704001F045BF0E4A10490F4840F27D137F
:1082900016F0A0FD404080F311884FF0030002DF8C
:1082A00098E7074A0A4908484FF4C47316F092FD4C
:1082B000404080F311884FF0030002DFC6E700BFA3
:1082C00094FC050060F60500E0F5050000FD0500E2
:1082D00014FD050038B505460C4601F009FF10B144
:1082E0000123A37238BD284603F0E0FA0028F7D135
:1082F0002146284600F07EFC0028F1D0284603F0F5
:10830000D3FA0728ECD02846012103F0C7FA284603
:108310000D2103F0C7FA162321466373284600F0A7
:1083200071FC206221462846BDE83840FFF74CBF6B
:1083300038B505460C4603F0C3FA10B10223A37208
:1083400038BD2146284600F055FC0028F6D02846C6
:1083500003F0AAFA0728F1D028460D2103F0A2FA6B
:10836000172321466373284600F04CFC2062214607
:108370002846BDE83840FFF7CBBE00BF70B50C46BD
:10838000897A82B006461D4609290BD8DFE801F03C
:108390000505190A0A0A2E6B73A7002A00F0B3809C
:1083A00002B070BDA54AA649A64840F2673316F050
:1083B00011FD404080F311884FF0030002DF02B04E
:1083C00070BD032AECD190F83930DB0940F0CF8042
:1083D0009A4A9B499B4840F28D2316F0FBFC404093
:1083E00080F311884FF0030002DFD9E7052A00F07F
:1083F000B180062A00F08D80022AD1D190F939305F
:10840000002B0CDB8D4A90498E4840F2CE2316F0AB
:10841000E1FC404080F311884FF0030002DF294661
:10842000204602F0E7F921463046FFF739FD0546C0
:10843000204600F021FC002D40F0B38094F8353048
:108440002BB196F8762063F3061286F87620304634
:1084500001F068FE0823A3720221304602B0BDE895
:10846000704000F0FDBB002A9AD1214602B0BDE861
:108470007040FFF7A9BE002A92D1658EFFF7C8F8B9
:10848000401B03048CD496F9395096F8760096F880
:10849000773094F8342094F83510002D00F0070E52
:1084A00003F0070CC0F299800021304603F0F6F982
:1084B00094F82830002284F83020DB0994F8292031
:1084C00063F3000284F8292096F87630C3F30202A1
:1084D00062F30613092286F87630A27260E7042A56
:1084E0007FF45EAF2146FFF789FD21463046FFF756
:1084F000D7FD304601F0CAFE0021304603F0D2F924
:108500000023A3724CE7214602B0BDE87040FFF79C
:10851000E1BE002103F0C2F9D6F830311A2223F46B
:108520008073C6F8303184F83020204600F0A4FB78
:1085300094F8293043F0010384F8293096F8763016
:10854000C3F3020262F30613092286F87630022191
:10855000A27282E72946204602F00AF994F85630C2
:1085600084F830300021304603F098F9DDE7374BCE
:1085700090F8762093E8030094F82830134302AD76
:1085800003F0070305E9030008336B44022113F8E5
:10859000083C63F3061241F6060386F876206381F1
:1085A0005BE70021304603F079F994F830300BB1E5
:1085B00086F8503194F8283094F82920DB0963F3C9
:1085C000000284F8292096F87630C3F3020262F3A1
:1085D000061386F8763009233DE711F003011FD01A
:1085E00061F3020012F0030286F8760023D062F3F2
:1085F00002038E4586F877301AD021463046FFF7C1
:108600007FFC94F8293060F3410384F8293000217D
:10861000304603F043F9002384F8303001234DE75E
:1086200012F003023FF440AF62F3020386F87730A2
:108630009445E2D138E78E45DFD135E794FC05005B
:1086400060F60500E0F5050030FD050024EB0500AF
:10865000F0B50C46897A83B00646154609290BD831
:10866000DFE801F0191E5F680A0A99B1BA05042D06
:1086700000F0E48003B0F0BD904A9149914840F287
:10868000115316F0A7FB404080F311884FF0030010
:1086900002DF03B0F0BD002DECD10123A372E9E7A6
:1086A0001946204602F082F894F8282096F8943172
:1086B000C2F3C200C3F3C2010140C3F30203C2F319
:1086C0000200034043EAC10322F03F02134384F84F
:1086D000283096F93930002B0BDB94F8283013F052
:1086E000380F40F0A78094F8283023F03F0384F837
:1086F00028300221304600F09FFA012DBAD196F8B9
:108700003930DB090FD16D4A6D496E4840F23B4369
:1087100016F060FB404080F311884FF0030002DF49
:10872000A8E7002DA6D12146304603B0BDE8F040B1
:10873000FFF7FEBD022D9DD190F93930002B0CDBE7
:108740005E4A61495F4840F25B4316F043FB40409C
:1087500080F311884FF0030002DF5C4B96F876201F
:1087600093E8030094F82830134302AD03F00703A5
:1087700005E9030008336B44022113F8083C304636
:1087800063F30612062386F87620A37203B0BDE8D1
:10879000F04000F065BA032D7FF46CAF1946204617
:1087A00002F028F821463046FFF77AFB05462046BE
:1087B00000F062FA002D52D094F83030282B2ED1E0
:1087C00086F850312BE0002D7FF454AF214603B0E2
:1087D000BDE8F040FFF79CBC002D7FF44BAF678EE7
:1087E000FEF716FFC01B03043FF544AF84F830507A
:1087F00096F9395096F8760096F8773094F8342048
:1088000094F83510002D00F0070C03F007072CDB5F
:10881000002294F8293062F3000384F8293096F896
:108820007630C3F3020262F30613092286F876302B
:10883000A2721FE75A077FF45CAF54E72146FFF7A7
:10884000DDFB21463046FFF72BFC304603F0D4F920
:108850000021304603F026F80023A3720AE73046D1
:1088600003F03CF80823A37204E711F0030118D0C9
:1088700061F3020012F0030286F876001BD062F367
:1088800002038C4586F8773012D021463046FFF738
:1088900037FB94F8293060F34103012284F8293032
:1088A000B7E712F00302B3D062F3020386F8773021
:1088B0009742EAD1ACE78C45E7D1A9E794FC0500E3
:1088C00060F60500E0F5050030FD050024EB05002D
:1088D00092F81FC0BCF1110F02F11C030FD0BCF1C4
:1088E000180F12D0BCF1070F0CD010B524230C4682
:1088F00080F8503101F0CAFC0023A37210BD05229C
:10890000FFF73CBD0622FFF739BD0222FFF736BD57
:1089100000238372704700BF13460022FFF72EBD6D
:1089200013460322FFF72ABD00230422FFF726BDCA
:1089300010B592F81FE0BEF1160F02F11C030BD028
:10894000BEF1180F0DD024230C4680F8503103F0EF
:1089500053F90023A37210BDBDE810400122FFF7B8
:1089600077BEBDE810400322FFF772BE002383727A
:10897000704700BF13460022FFF76ABE134602226B
:10898000FFF766BE00230422FFF762BE00230370D8
:1089900043608360C3600361704700BF03780133A5
:1089A0000370704703785BB9C3687BB102691AB181
:1089B000816861B10B6082600023C360036170470E
:1089C000013BDBB20370002BEED070477047436071
:1089D000F1E700BF03783BB100230C300B60436824
:1089E00043B1196041607047002304300B60436855
:1089F000002BF6D101604160704700BF00230B607F
:108A0000836813B11960816070474160816070476D
:108A1000406870470346406828B1996802685A6008
:108A2000884208BF9A6070474078A0F10C00B0FA05
:108A300080F04009704700BF4078A0F10800B0FA0C
:108A400080F04009704700BF4078A0F10200B0FA02
:108A500080F04009704700BF4078A0F11700B0FADD
:108A600080F04009704700BF4078A0F10100B0FAE3
:108A700080F04009704700BF4078A0F10900B0FACB
:108A800080F04009704700BF4078A0F10600B0FABE
:108A900080F04009704700BF4078A0F11800B0FA9C
:108AA00080F04009704700BF4078A0F10300B0FAA1
:108AB00080F04009704700BF4078A0F10500B0FA8F
:108AC00080F04009704700BF70B5064608460D4665
:108AD000F8F7D6FF044680B10021456006720161B7
:108AE00041628161C1612C22283025F00CFBFF23FB
:108AF0004FF47F42E372A2816372204670BD00BFD3
:108B00004078A0F10200B0FA80F04009704700BF41
:108B10004078A0F10200B0FA80F04009704700BF31
:108B20004078A0F10100B0FA80F04009704700BF22
:108B30004078A0F10200B0FA80F04009704700BF11
:108B40004078A0F11800B0FA80F04009704700BFEB
:108B50004078A0F10100B0FA80F04009704700BFF2
:108B60004078A0F10100B0FA80F04009704700BFE2
:108B70004078A0F10900B0FA80F04009704700BFCA
:108B80004078A0F10900B0FA80F04009704700BFBA
:108B90004078A0F10300B0FA80F04009704700BFB0
:108BA0004078A0F10300B0FA80F04009704700BFA0
:108BB00010B54168044621B12046BDE81040F8F7E1
:108BC00075BF094A09490A48612316F003F9404074
:108BD00080F311884FF0030002DF61682046BDE892
:108BE0001040F8F763BF00BF48FD050088FD050091
:108BF000E0F50500024B1868003818BF01207047E7
:108C00007809002010B50448F8F73AFF044604300C
:108C1000FEF7ECFC204610BD7809002008B50120C5
:108C2000FBF766F8003818BF012008BDFBF782B8D3
:108C3000D430FFF7E3BE00BF38B590F846310546A3
:108C40000C461BB11C4385F8464138BDD430FFF7B4
:108C5000A5FE95F846311C4385F8464138BD00BF56
:108C600090F8463123EA010180F8461101B17047BE
:108C7000D430FFF797BE00BF10B5C36904462BB1CF
:108C80002C221A71E36962691A6010BD074A08490B
:108C9000084840F21D1316F09DF8404080F31188FB
:108CA0004FF0030002DFE369EAE700BF48FD05007B
:108CB00094FD0500E0F50500CB6913B11A792C2A63
:108CC0000BD00B7A072B12D00B6A2BB1D0F84C21AA
:108CD0001A600B6AC0F84C3170471B68D0F8482105
:108CE0005A60CB69C0F848310B7A072BECD1CB6ABC
:108CF000002BE9D01B68D0F848215A60CB6AC0F835
:108D00004831E1E710B51649FFF7DEFE044668B1C9
:108D1000037A013B0B2B0FD8DFE803F006060606AB
:108D20000E0E1D0A0A060E0601F08EF8204610BD32
:108D300002F0D0FB204610BD0A4A0B490B484FF405
:108D4000D37316F047F8404080F311884FF00300CA
:108D500002DF204610BDFFF7DBFD204610BD00BF3F
:108D60007009002048FD050060F60500E0F50500EB
:108D700010B51749FFF7A8FE044668B1037A0C2B1B
:108D800018D8DFE803F009070707070B0B140E0ECE
:108D90000711070001F06AF8204610BDFFF74CF8F4
:108DA000FAE702F0C5FBF7E702F016FCF4E7FFF77D
:108DB000DDFDF1E7074A0849084840F2FD1316F0C7
:108DC00009F8404080F311884FF0030002DFE3E729
:108DD0006809002048FD050060F60500E0F5050083
:108DE00010B50A4B062258685821F8F723FE084BA5
:108DF000012258685821F8F71DFE064BBDE81040C7
:108E0000586804222C21F8F715BE00BF7009002015
:108E1000680900207809002038B50446002501F0D3
:108E2000F7F92046C4E93A5584F8F45002F0D8FE28
:108E3000C4F81851C4E93E5584F80651A4F8045109
:108E4000A4F80851C4F81B51A4F83851C4F82051B3
:108E5000C4F82451C4F82851C4F82C51C4F8305136
:108E6000C4F83451FAF710FA94F88E3084F8465169
:108E7000C4E94C01C4E9525523F0180384F88E303C
:108E8000658638BD08460149F8F710BE780900200C
:108E900038B5B0F8F2500346144625B1A9420ED2B7
:108EA0006D1AA0F8F250B3F8022122B191420DD20E
:108EB000521AA3F8022100231846237038BD01F08E
:108EC000B7F8054658B12B7A0A2B03D022236FF04E
:108ED0007300F2E795F828306FF07300EDE7074A6A
:108EE0000749084840F2822315F074FF404080F3A0
:108EF00011884FF0030002DFE5E700BF48FD0500E1
:108F0000A8FD0500E0F50500034B0B44B3FBF1F3AE
:108F1000A0F80831704700BFFF59620210B504463F
:108F200002F066FE2046BDE8104001F079B900BFAE
:108F300010B5044611B1012907D010BD02F060FE42
:108F40002046BDE8104001F0C9B902F05DFE2046A0
:108F5000BDE8104001F0E4B970B5D0F848410646CC
:108F600044B101252068214644680D71FAF7A2FE3C
:108F7000002CF7D1D6F84C410023C6F848313CB15B
:108F8000054D204624682946F8F790FD002CF8D1BD
:108F90000023C6F84C3170BD7809002090F93930B3
:108FA000002B13DA70B5044603200E461546FFF772
:108FB000A9FE014640B180F8286080F8295020467B
:108FC00001F002F8002070BD0C2070BD0C2070472D
:108FD00010B504460120FFF795FE28B10146204652
:108FE00000F0F2FF002010BD0C2010BD38B5044683
:108FF00002200D46FFF786FE58B190F8283065F341
:109000000003014680F82830204600F0DDFF0020F4
:1090100038BD0C2038BD00BF10B504460420FFF752
:1090200071FE28B10146204600F0CEFF002010BDA1
:109030000C2010BD2DE9F041054607209DF8186071
:10904000884617461C46FFF75DFEA8B1E30008F00E
:10905000070803F03803BF0143EA080307F040079D
:109060003B4343EAC613014680F82830284600F007
:10907000ABFF0020BDE8F0810C20BDE8F08100BF0F
:1090800038B504460D4601F0A1F9204602F018FE5D
:109090000A20FFF737FE38B1014680F828502046F5
:1090A00000F092FF002038BD0C2038BD08B590F9C3
:1090B0003930002B08DB00F0BBFF20B1037A0B2B0B
:1090C0000CBF2A30002008BD02F0F6FBF5E700BF18
:1090D000F8B505460C200E461746FFF713FE58B1AB
:1090E00004463A4631462846FEF7BEFB284621464E
:1090F00000F06AFF0020F8BD0C20F8BD70B50646F0
:109100000D4602F0D9FB20B1037A053B012B044642
:1091100001D90C2070BD01463046FEF7B5FE00288F
:10912000F7D029686A68AB68ED68C4F83F503046EC
:10913000C4F83310C4F83720C4F83B302146FEF79A
:109140009BFE002070BD00BF38B5054602F0B4FBA1
:1091500020B1037A053B012B044601D90C2038BD10
:1091600001462846FEF790FE0028F7D02846214603
:10917000FEF786FE002038BD2DE9F0470546D0F801
:109180003001BDF82090099E9A468307884617460D
:1091900035D495F93930002B50DB0820FFF7B2FDAC
:1091A0000446002C57D0237A082B2DD0092B37D119
:1091B000A4F82E802786A4F832A0A4F83490002EBC
:1091C0003FD03388A4F840307388A4F84230B38885
:1091D000A4F84430F388A4F846303389A4F8483022
:1091E0007389A4F84A3095F93930002B11DA2846F2
:1091F000FDF7ACFC0146284602F024FE09E00920F8
:10920000FFF780FD0446CCE72786A4F832A0A4F837
:1092100034902846214600F0D7FE0020BDE8F087B4
:109220000E4A0F490F4840F27E4315F0D3FD4040EF
:1092300080F311884FF0030002DFEAE71A20BDE84F
:10924000F087094A4FF0FF33C4E91023A4F84830EF
:109250004FF6FF73C5E70C20E0E700BF48FD0500AF
:1092600060F60500E0F505000000FFFF08B502F01C
:1092700023FB28B1007AA0F10C00B0FA80F040097D
:1092800008BD00BF10B5044602F016FB10B1037A0A
:10929000092B00D010BD01462046BDE8104002F069
:1092A0004FB900BF38B504460D4602F005FB10B1BA
:1092B000037A092B00D038BD80F82850014620469B
:1092C000BDE8384002F040B908B502F0F5FA28B11F
:1092D000007AA0F10900B0FA80F0400908BD00BF93
:1092E00038B505460C4600F0A3FE10B18369A342D1
:1092F0000ED0284602F0E0FA10B18369A34200D0F4
:1093000038BD224601462846BDE8384002F03EBC42
:1093100001462246284600F045FFEAE710B504461C
:1093200000F086FE18B10146204600F05FFF20469F
:1093300002F0C2FA014620B12046BDE8104002F01A
:109340003DBC10BD2DE9F041537F144605460E4645
:10935000002B3FD0D37F1E2B29D9284600F068FE72
:109360000746284602F0A8FA0146002F5ED0FA7A96
:10937000E37F002848D09342C07A51D03A7B002A3C
:109380005DD098424ED00A7B002A4BD1072B6DD07E
:10939000112B04D14A7B94F820309A4242D02346C4
:1093A000324639462846BDE8F04100F0BFBE444A87
:1093B00052F8232022B104F11C00904760B1E37FF2
:1093C000022BCAD10123224631462846BDE8F0418E
:1093D00002F01EBCFF23D377284600F029FE28B1F7
:1093E000E27FC37A9A420DD0037B5BB9284602F034
:1093F00063FA002850D0E27FC37A9A4202D0037BFE
:10940000002BE0D0BDE8F0819342C8D03A7B002A1F
:10941000C5D1072B4DD0112B4BD00D2BBFD0D1E791
:1094200098421CD11F2385F85031EBE70028C9D0A2
:10943000234632462846BDE8F04102F061BB072BC7
:109440002CD0112B18D0B3F10D0218BF0122984275
:109450001FD00B7BEBB9002AA1D02423E3E70A7BC2
:10946000002ADFD1072B95D0112B98D14B7B94F894
:1094700020209A42D6D092E77A7B94F82030D21AF4
:1094800018BF0122112804D0087B10B9487B9842EC
:10949000E1D1002ACCD1C5E7034694E77A7B94F862
:1094A0002030D21A18BF01220728EDD1002ABFD1DF
:1094B000B8E77A7B94F820309A4283D16FE700BFF7
:1094C000ACFD050070B506460C46FFF79BFB054654
:1094D000002860D0237A013B291D0B2B07D8DFE839
:1094E00003F020262C330606060606390640304ACD
:1094F00030493148D12315F06DFC404080F311888C
:109500004FF0030002DFEB79637329463046FFF723
:109510008FFB237A0A2B2AD03046BDE8704000F03A
:10952000F7BD084600F070FF1323E372EBE7304607
:1095300000F09EFF0923E372E5E7204601F056F8AC
:10954000FF23A561E372DEE7084601F071F80C2302
:10955000E372D8E7204601F05BF8FF23A561E372D0
:10956000D1E7304601F022FA1523E372CBE7738D81
:10957000B6F88C1140F2E24202FB03F342F21072A1
:1095800002FB013101393046B1FBF3F1BDE8704017
:1095900089B200F0C3BD064A08490748962315F072
:1095A00019FC404080F311884FF0030002DF91E77F
:1095B00028FE050060F60500E0F5050030FC05001A
:1095C0002DE9F04107460C46164602F079F928B11C
:1095D0000323A37200252846BDE8F08121463846C2
:1095E000FFF708FB05460028F2D021463846FFF772
:1095F00009FB804670B3237A013B08F104010B2B71
:1096000007D8DFE803F035430649060606060606D6
:10961000063B244A2449254840F2534315F0DAFB1F
:10962000404080F311884FF0030002DF98F80730C4
:10963000637341463846FFF7FBFA384602F048F9B3
:109640000423A372002EC6D0384602F0D5FA0023B8
:10965000A372C0E7134A1649144840F20D4315F0AF
:10966000B9FB404080F311884FF0030002DFC2E7EE
:10967000084600F0D3FEFF23E372D7E7384601F037
:10968000ADF9FF23C4F81880E372CFE7384600F045
:1096900013FFFF23E372C9E7084600F0C9FFFF2369
:1096A000E372C3E728FE050060F60500E0F505005B
:1096B00030FC050038B50B7A013B0C4605460B2BF8
:1096C0000CD8DFE803F006060B270B0B0B0B0B196E
:1096D0000B22BDE838400122FFF772BF164A174936
:1096E000174840F2025315F075FB404080F3118893
:1096F0004FF0030002DF38BD02F07EFA94F8283004
:109700000022A27285F8503138BDBDE838400022F1
:10971000FFF756BF90F8183143B90122FFF750FF09
:109720000028E8D0012385F8183138BD02F064FA2A
:109730000023A37238BD00BF28FE050060F60500B7
:10974000E0F50500F8B50C46897A0546042900F2D3
:10975000D080DFE801F0060B1E2D0300012A2FD078
:10976000F8BD002AFCD10123A372F8BD022AF7D16B
:10977000DA786272023A122A60D8DFE802F0835F78
:109780005F5F5F5F7E5F5F5F8C5F5F5F5F5F1B5FE1
:109790006D00002AE4D1237A0A2B41D1284602F039
:1097A0002BFA94F828300022A27285F85031F8BDC7
:1097B000002AD5D121462846BDE8F840FFF77ABFF8
:1097C000237A0C2BCCD12846FEF70CF894F82830DD
:1097D000042140EA03062846FFF742FAE769F6B299
:1097E000002F78D03B792C2B0CD0494A49494A4864
:1097F00040F2754315F0EEFA404080F311884FF0C7
:10980000030002DF002E4BD101233B71386839463B
:10981000FAF75AFA284602F0EFF90023A372F8BDCE
:109820003B4A3E493C484FF4A36315F0D3FA40400D
:1098300080F311884FF0030002DFAFE7344A384964
:10984000354840F2024315F0C5FA404080F31188D4
:109850004FF0030002DFADE71946284601F0EEF8AD
:1098600004212846FFF7E8F92846FDF783FF84F82E
:1098700028002046FFF700FA9CE71946284600F02A
:109880005BFE97E71946204600F0CEFE08212846E9
:10989000FFF7D2F98EE71946284600F0F1FE89E776
:1098A00003233B712B8DFB80237A0C2B07F11C06C5
:1098B0000CD0174A1B49184840F27E4315F08AFA2B
:1098C000404080F311884FF0030002DF3146284604
:1098D00001F09CF89AE70E4A13490F4840F2724390
:1098E00015F078FA404080F311884FF0030002DF52
:1098F00078E7074A0A49084840F27E5315F06AFAA9
:10990000404080F311884FF0030002DFF8BD00BF34
:1099100028FE0500D8FC0500E0F5050070FE0500F6
:1099200060F605008CFE050090FC0500F8B5CF69D7
:1099300000260C460546CE61002F55D00126032394
:109940003B712B8DFB80237A042B07F11C012ED059
:109950000C2B28D0022B14D02D4A2E492E4840F231
:109960009F1315F037FA404080F311884FF0030041
:1099700002DF06B1F8BD38683946BDE8F840FAF7AD
:10998000A3B9637A072B2BD0092B21D0204A214978
:109990002148F62315F01EFA404080F311884FF05D
:1099A000030002DFE5E7284601F030F8E1E7637ADB
:1099B0000C2B11D0164A1749174840F2031315F023
:1099C00009FA404080F311884FF0030002DFD0E72E
:1099D000284600F093FDCCE7284600F03BFEC8E7A0
:1099E000204600F037FDC4E7FFF720F907460028BE
:1099F000A5D1074A094908484FF4C07315F0EAF9A0
:109A0000404080F311884FF0030002DF3F71FFDE1A
:109A100028FE050060F60500E0F5050090FC050055
:109A200038B50B7A013B0C4605460B2B15D8DFE801
:109A300003F006220E3014141414143F14474B7A0A
:109A4000072B04D0132B02D0242385F8503128464D
:109A500000F01CFC0023A37238BD314A3149324862
:109A60004FF4107315F0B6F9404080F311884FF0B1
:109A7000030002DF38BD4B7A072B01D0092BE3D15D
:109A800094F82830DB07E2D521462846FFF74EFF41
:109A9000DDE74B7A0C2BD7D1CB6993B3214628460F
:109AA000FFF744FF284600F0F1FB0023A37238BD06
:109AB00000F0ECFB00221623A27285F8503138BD6D
:109AC0004B7A152B16D0072BBED1D0F8303123F0AE
:109AD0002003C0F8303100F0D9FB0023A3722846E0
:109AE000FFF7C4FB0028B7D128460421BDE8384061
:109AF000FFF7B6B8FDF7BEFD68B9284600F0C6FB13
:109B0000EBE7FFF78BF80028C8D1284600F000FBF0
:109B10000423A37238BD21462846FFF707FFECE770
:109B200028FE050060F60500E0F5050070B50E7A28
:109B3000731E0C4605460B2B07D8DFE803F0141BF9
:109B40002F43060606060660066E504A50495148E5
:109B500040F2BF2315F03EF9404080F311884FF0EA
:109B6000030002DF70BD00F0C3FA00287CD001239F
:109B7000A37270BD00F0BCFA0028F8D12146284637
:109B8000FFF738F80028F2D021462846FFF79AFC64
:109B9000A369002B08BF0326A67270BD00F0A8FAC7
:109BA0000028E4D121462846FFF724F80028DED01B
:109BB00021462846FFF786FCA369002B18BF022622
:109BC000A67270BD90F81831002B3FD100F090FACA
:109BD0000028CCD121462846FFF70CF80028C6D033
:109BE00021462846FFF76EFCA269002A4FF00103C8
:109BF0000CBF03220222A27285F8183170BDFEF755
:109C0000F9FF0028B3D021462846FFF75BFC162257
:109C1000022384F82820A37270BDFFF727FBE8B960
:109C2000284600F065FA0028A1D121462846FEF713
:109C3000E1FF00289BD004212846FEF7FDFF2146C6
:109C40002846FFF73FFC0323A37270BD0C220023BC
:109C50004A72CB61BDE87040FFF7E2BE284600F0D3
:109C600015FB0023A37270BD21462846FEF7C2FFF4
:109C700000283FF47CAF21462846FFF723FCA36968
:109C8000002B0CBF03230223A37270BD28FE050026
:109C900060F60500E0F5050030B50C46897A83B022
:109CA0000546042900F2B280DFE801F003031B2916
:109CB0000700002A5ED003B030BD002AFBD1237A12
:109CC000042B00F09380584A584959484FF45B736D
:109CD00015F080F8404080F311884FF0030002DF58
:109CE000E9E7052AE7D1237A032B01D00A2BE2D139
:109CF0002146284603B0BDE83040FFF791BE012A57
:109D0000D9D1DA786272023A172A3AD801A151F809
:109D100022F000BFD19D0300839D0300839D0300BB
:109D2000839D0300839D0300C79D0300839D030063
:109D3000BD9D0300839D0300839D0300B39D03002D
:109D4000F19C0300839D0300839D0300839D03001A
:109D5000A99D0300839D0300F19C0300839D0300E4
:109D60009F9D0300839D0300839D0300839D03004B
:109D7000F19C03002146284603B0BDE83040FFF7C0
:109D8000D5BE294A29492A4840F23F3315F022F826
:109D9000404080F311884FF0030002DFA8E7194626
:109DA000284600F073FEA3E71946204600F0E0FCC9
:109DB0009EE71946284600F063FC99E719462846B5
:109DC00000F0E8FB94E71946204600F03FFB8FE7E0
:109DD000154A1649164840F2263314F0FBFF40405E
:109DE00080F311884FF0030002DF81E70192FEF754
:109DF00015FF00283FF45FAF21462846FFF796FD88
:109E0000284600F043FA019AA27254E7064A07492D
:109E1000074840F28A3314F0DDFF404080F3118898
:109E20004FF0030002DF46E728FE050060F605005C
:109E3000E0F50500131D0522FFF72EBF02F11C03FC
:109E40000122FFF729BF00BF00238372704700BFC4
:109E500013460022FFF720BF02F11C030222FFF786
:109E600071BC00BF131D0122FFF76CBC002383727D
:109E7000704700BF13460022FFF764BC70B504466C
:109E800005F0ECFD68B1D4F8E85045B1D4F8EC2009
:109E90002B68C4F8E830954208BFC4F8EC30284677
:109EA00070BD05460121032005F07AFD2A460646CD
:109EB00001210320F7F782FED4F8E85045B1D4F829
:109EC000EC202B68C4F8E830954208BFC4F8EC30A9
:109ED000002EE4D0012211460320F7F76FFE28463A
:109EE00070BD00BF70B5044605F0B8FD40B1D4F8B0
:109EF000E850DDB100220123A4F8F2206B6270BDAE
:109F000005460121032005F04BFD2A4606460121A6
:109F10000320F7F753FED4F8E850002EE9D00122D1
:109F200011460320F7F74AFE002DE3D1064A074900
:109F3000074840F2C91314F04DFF404080F31188E8
:109F40004FF0030002DFD5E7B4FE0500FCFE05007C
:109F5000E0F50500F8B505460C4605F07FFDB8B103
:109F6000D5F8E860B4420BD0144A1549154852237D
:109F700014F030FF404080F311884FF0030002DFFF
:109F80002846FFF77BFF2046BDE8F840FEF710BEED
:109F900006460121032005F003FD32460746012154
:109FA0000320F7F70BFED5F8E860002FDAD0012286
:109FB00011460320F7F702FED4E700BFB4FE050008
:109FC00010FF0500E0F50500F8B505460C4605F064
:109FD00045FD40B100232360D5F8EC30F3B11C609F
:109FE000C5F8EC40F8BD06460121032005F0D8FC79
:109FF0003246074601210320F7F7E0FD2660D5F839
:10A00000EC3083B11C60C5F8EC40002FEAD001228F
:10A01000BDE8F84011460320F7F7D0BDC5F8E84089
:10A02000C5F8EC40F8BDC5F8E840C5F8EC40ECE7F1
:10A0300070B5054605F012FD18B1D5F8E840204688
:10A0400070BD04460121032005F0AAFC2246064605
:10A0500001210320F7F7B2FDD5F8E840002EEED03D
:10A06000012211460320F7F7A9FD204670BD00BF6D
:10A0700038B50546FFF7DCFF037A013B04460B2B9E
:10A080001BD8DFE803F0060606061A1A2814140681
:10A090001A06014600222846FFF7DAFE636A03B972
:10A0A00038BD21462846BDE83840FFF753BF01467A
:10A0B0000022284601F012FAF0E70A4A0A490B4842
:10A0C00040F2BD1314F086FE404080F311884FF03B
:10A0D000030002DFE2E7014600222846FEF71CFCEF
:10A0E000DCE700BFB4FE050060F60500E0F5050002
:10A0F00090F8F400A0F10100B0FA80F04009704738
:10A10000012380F8F4307047002380F8F430704762
:10A11000B0F80831A0F8F230704700BFA0F8F21094
:10A12000704700BF0023A0F8F230704738B50C46E6
:10A13000097AE3610139054662610B2919D8DFE824
:10A1400001F00606060618182613130618061A4606
:10A150002146FFF773FE636A03B938BD21462846DE
:10A16000BDE83840FFF7F6BE1A46214601F05EF919
:10A17000F1E7094A09490A4840F2371314F02AFE68
:10A18000404080F311884FF0030002DFE3E71A46F6
:10A190002146FEF79DFBDEE7B4FE050060F60500F4
:10A1A000E0F5050038B50B7A033B0C460546092B54
:10A1B00009D8DFE803F0050808080D0808050805B8
:10A1C0002146FFF737FE636A0022A26143B938BD1A
:10A1D0002146FEF7A5FB636A0022A261002BF6D0A0
:10A1E00021462846BDE83840FFF7B4BE38B50B7AA3
:10A1F000072B0C46054608D0636A03B938BD2146D3
:10A200002846BDE83840FFF7A5BEFEF78DFBF3E713
:10A210000222002380F8F020A0F8F230704700BF3F
:10A2200038B590F8F0300446032B1AD8DFE803F075
:10A2300002100F10FFF7FCFE48B1057A2046FFF729
:10A2400017FF0A2D14BF0123032384F8F03038BD13
:10A25000FFF7EEFE0028FAD02046BDE83840FFF7B1
:10A2600007BF074A0749084840F24B2314F0B2FDE4
:10A27000404080F311884FF0030002DF38BD00BF7B
:10A28000B4FE050060F60500E0F5050010B590F895
:10A29000F0300446032B0DD8DFE803F00802070274
:10A2A000FFF720FE002384F8F03010BDBDE8104019
:10A2B000FFF718BE064A0749074840F24B2314F03F
:10A2C00089FD404080F311884FF0030002DF10BD8C
:10A2D000B4FE050060F60500E0F5050008B590F84D
:10A2E000F030022B11D000D808BD032BFCD0094A56
:10A2F00009490A4840F24B2314F06CFD404080F3BA
:10A3000011884FF0030002DF08BD002380F8F03011
:10A3100008BD00BFB4FE050060F60500E0F50500CD
:10A3200038B590F8F0300446032B3AD8DFE803F054
:10A330000926121320462946FEF7BEFC2846FEF7E2
:10A3400037FC2046FFF79AFD05460028F2D102238C
:10A3500084F8F03038BDFFF791FD05460028F6D0AF
:10A3600029462046FEF7A8FC2846FEF721FC204699
:10A37000FFF784FD05460028F2D1E8E7FFF77EFDF0
:10A3800005460028E3D029462046FEF795FC2846DE
:10A39000FEF70EFC2046FFF771FD05460028F2D1BE
:10A3A000D5E7074A0749084840F24B2314F012FD4D
:10A3B000404080F311884FF0030002DF38BD00BF3A
:10A3C000B4FE050060F60500E0F5050038B5054669
:10A3D000FFF754FD68B1044621462846FEF76CFCA1
:10A3E0002046FEF7E5FB2846FFF748FD0446002817
:10A3F000F2D10024A5F8F2402146284601F04EFA99
:10A4000085F8F04038BD00BF03780121122243F0E7
:10A41000030303704170C270704700BF03780121CD
:10A42000132243F0030303704170C270704700BFF2
:10A430000B784FF0020C43F0030307220B7081F8F6
:10A4400001C0CA7090F854300B7170470B7980F8D6
:10A45000543070470B784FF0020C43F0030307228F
:10A460000B7081F801C0CA7090F854300B717047BE
:10A4700010B50B780C460922082143F00303E17064
:10A480006270237090F93930002BACBF0B460E235D
:10A49000E370F8F7F9FE002261F30702C1F3072C1D
:10A4A0000B0C6CF30F2263F317421B0A63F31F625A
:10A4B0006060A26010BD00BF38B50C460546F8F7D5
:10A4C000E3FE237843F00303237009236370E370F2
:10A4D000D5F83031217263F0FF031840020C0B0CE9
:10A4E000C0F307252071C1F30721100AA2711A0ACF
:10A4F000E07165716172A372E27238BD0B78092256
:10A5000043F003030B704A70CA70D0E94A23100C61
:10A51000C2F3072C0A711A0C81F805C088714FEA42
:10A52000102C0B72C3F30720130A81F807C048727E
:10A530008A72CB72704700BF2DE9F0414B68144F0F
:10A540008E685A0F82EA137202F001021F40002146
:10A55000931849419B18054641F1000887EA0374A6
:10A56000F8F792FE04EA0003C5F8303163F0FF0308
:10A5700006F0EF063B4046EA0878C5E94A3608EAA5
:10A5800001010122C5F8341185F82021BDE8F081D0
:10A590002FCF87F72DE9F0414A68134F8E68530F8C
:10A5A00083EA127303F00103D91807EA02074FF098
:10A5B00000025241C918054642F1000487EA0178B9
:10A5C000F8F762FE06F0EF0646EA0474C5E94A763B
:10A5D00008EA00000C400123C5F83001C5F83441F9
:10A5E00085F82031BDE8F0812FCF87F70B784FF049
:10A5F000030C43F0030319220B7081F801C0CA70E9
:10A6000090F828300B7190F829304B71704700BFDB
:10A610000B78022243F003030B704A70CA7090F863
:10A6200028300B71704700BF0B7980F828307047D5
:10A630000378074AC0F805204FF0060C43F00303E7
:10A6400040F60C51037080F801C0A0F80310704769
:10A65000F105FFFF0B784FF0060C43F003030C22CB
:10A660000B7081F801C0CA7090F81A310B71B0F804
:10A670001B31A1F80530B0F81D31A1F80730704743
:10A68000012380F819310B7980F81A31B1F80530BF
:10A69000A0F81B31B1F80730A0F81D31704700BF9A
:10A6A0000B78032243F003034FF0170C0B7081F873
:10A6B00001C0CA70D0F82930D0F82D208A604B60D4
:10A6C00090F831300B7390F832304B73704700BF05
:10A6D00010B503780D21042243F003034170037089
:10A6E000C270841805F0BAF90C2120B12046BDE8EB
:10A6F000104002F09DBF2046BDE8104002F08EBF22
:10A7000003780121052243F0030303704170C270F6
:10A71000704700BF03780121062243F00303037052
:10A720004170C270704700BF037801210B2243F0D3
:10A73000030303704170C270704700BF037801715A
:10A740004FF0020C43F003030D22037080F801C0A8
:10A75000C27070470378017143F003034FF0030C9C
:10A760000370112380F801C0C3704271704700BFAD
:10A770000B7980F855304B7980F85630704700BF20
:10A780000B784FF0030C43F0030316220B7081F893
:10A7900001C0CA7090F82830C3F3C2034B7190F81F
:10A7A0002830C3F302030B71704700BF0A7990F899
:10A7B000283062F3C50380F828304A7962F3020337
:10A7C00080F82830704700BF0B784FF0030C43F03F
:10A7D000030317220B7081F801C0CA7090F89431FE
:10A7E000C3F3C2034B7190F89431C3F302030B71AE
:10A7F000704700BFCB8843860B7980F834304B79A3
:10A8000080F83530704700BF0B784FF0180C43F0DC
:10A8100003030F220B7081F801C0CA70C38D8B80B7
:10A82000038ECB80438E0B81838E4B8190F83C301E
:10A830000B73C38FA1F80D30B0F84030A1F80F3082
:10A84000B0F84230A1F81130B0F84430A1F813301C
:10A85000B0F84630A1F81530B0F84830A1F81730FC
:10A86000B0F84A30A1F81930704700BF0B784FF0AC
:10A87000180C43F0030310220B7081F801C0CA705A
:10A88000C38D8B80038ECB80438E0B81838E4B8157
:10A8900090F83C300B73C38FA1F80D30B0F8403006
:10A8A000A1F80F30B0F84230A1F81130B0F84430C0
:10A8B000A1F81330B0F84630A1F81530B0F84830A0
:10A8C000A1F81730B0F84A30A1F81930704700BF2E
:10A8D0008B88C385CB8803860B8943864B89838607
:10A8E0000B7B80F83C30B1F80D30C387B1F80F30E6
:10A8F000A0F84030B1F81130A0F84230B1F8133070
:10A90000A0F84430B1F81530A0F84630B1F817304F
:10A91000A0F84830B1F81930A0F84A30704700BFAD
:10A920000B78002243F003034FF00C0CCA700B703D
:10A9300081F801C090F82B300B71836B094AA2FBA0
:10A9400003239B0AA1F80530438EA1F80930038E3A
:10A95000A1F80730838EA1F80B30838DA1F80D305C
:10A96000704700BF5917B7D10B7980F82B30B1F879
:10A97000053040F2E24202FB03F38363B1F8093091
:10A980004386B1F807300386B1F80B308386B1F8FF
:10A990000D308385704700BFB1F8093003854B68DF
:10A9A000C0F82A300B7A80F82E3070470B784FF0C1
:10A9B000090C43F0030314220B7081F801C0CA7024
:10A9C000B0F85A308B80B0F858300B81B0F85E3058
:10A9D000CB80B0F85C304B81704700BF0B784FF0F4
:10A9E000090C43F0030315220B7081F801C0CA70F3
:10A9F000B0F85A308B80B0F858300B81B0F85E3028
:10AA0000CB80B0F85C304B81704700BF0B784FF0C3
:10AA1000090C43F0030315220B7081F801C0CA70C2
:10AA2000B0F86A308B80B0F868300B81B0F86E30C7
:10AA3000CB80B0F86C304B81704700BF8B88A3F19E
:10AA40001B02E02A21D8B1F808C0ACF11B02E02AB1
:10AA50001BD830B5CD88A5F5A47244F2481E92B239
:10AA6000724511D84A8900210C4662F30F04A2F501
:10AA7000A4726CF30F0192B263F31F4165F31F449C
:10AA8000724598BFC0E9181430BD70478B88A3F198
:10AA90001B02E02A21D8B1F808C0ACF11B02E02A61
:10AAA0001BD830B5CD88A5F5A47244F2481E92B2E9
:10AAB000724511D84A8900210C4662F30F04A2F5B1
:10AAC000A4726CF30F0192B263F31F4165F31F444C
:10AAD000724598BFC0E9181430BD704770B5CC6995
:10AAE00000230D460646CB6104B319232279237156
:10AAF000338DE38095F82830237743B92B8EE38399
:10AB00006B8E2384AB8E63842C2A09D070BD738D29
:10AB1000E383B38D2384B6F88C3163842C2AF5D17A
:10AB200020682146BDE87040F9F7CEB8064A0749CB
:10AB30000748F72314F04EF9404080F311884FF096
:10AB4000030002DFD1E700BF24FF050090FC0500F1
:10AB5000E0F50500F8B5CC6900230D460646CB614B
:10AB600094B1032327792371338DE38004F11C0111
:10AB70002846FFF749FE2C2F00D0F8BD206821465B
:10AB8000BDE8F840F9F7A0B8064A0749074840F27F
:10AB90002A3314F01FF9404080F311884FF003006E
:10ABA00002DFDEE724FF050090FC0500E0F505006C
:10ABB00030B5438D0A8E4C8E8D8E934285B002D176
:10ABC000838DA34214D0012381F82A3002958B6B28
:10ABD000CDE900240C7A91F82B20898D0391A4F102
:10ABE0000801B1FA81F14909ECF702FB05B030BD6B
:10ABF000B0F88C315B1B18BF0123E5E7F8B50D6A8F
:10AC000000230C46074616460B62002D3DD0291D39
:10AC1000112E0AD8DFE806F02C09090909090928CC
:10AC200009090909090909093020214A214922484D
:10AC300040F20E3314F0CEF8404080F311884FF00C
:10AC4000030002DFEB79637329463846FDF7F0FF16
:10AC5000237A092B14D0F8BD084694F8282094F8DC
:10AC60002910FFF777FDEDE72046FFF7E1FBE9E765
:10AC70002046FFF755FEE5E72046FFF7F7FDE1E741
:10AC80003846BDE8F84000F023BEFDF7BBFF05469F
:10AC90000028BCD1064A094907484FF43D7314F017
:10ACA00099F8404080F311884FF0030002DFAEE7CF
:10ACB00024FF050060F60500E0F5050030FC050006
:10ACC00038B5CB690C46054663B11F4A1F49204879
:10ACD0004FF4537314F07EF8404080F311884FF026
:10ACE000030002DFFDF7A2FF2C23E061037194F85B
:10ACF0003C200121002384F82B10A363218E4AB14C
:10AD0000B1FBF2F313FB02F3E28D9BB29A429CBFBC
:10AD100023861946B4F840308B4204D840F2E24210
:10AD200002FB03F3A3632846FCF772FCAB8D0633EA
:10AD30001844A085002221462846FFF75FFF4FF602
:10AD40000B73638138BD00BF24FF050070FF050051
:10AD5000E0F505002DE9F041384E336804460D4614
:10AD60002BB1834203D00123AB72BDE8F0812046B2
:10AD7000FFF7BEF90028F6D1204600F097FD074600
:10AD80000028F0D129462046FDF734FF0028EAD0FC
:10AD90002046FCF73DFC01218046204600F07EFD68
:10ADA000A5F83E80D5F8208085F83C7034602F628D
:10ADB000B8F1000F27D008F104012846FFF724FD61
:10ADC00098F807306B7341462046FDF731FF2B7A28
:10ADD000092B14D094F83930DB0902D004236B819D
:10ADE000C3E7174A1749184840F28B1313F0F2FFD4
:10ADF000404080F311884FF0030002DFB5E72046A2
:10AE0000FFF786F9E6E729462046FDF7FBFE804678
:10AE10000028D0D10A4A0D490B4840F21F1313F005
:10AE2000D9FF404080F311884FF0030002DF042176
:10AE30002846FFF7E9FC98F80730FFDE9C38002031
:10AE400024FF050060F60500E0F5050030FC050074
:10AE500038B505460C4600F033FD10B10923A37246
:10AE600038BD21462846FDF7C5FE0028F6D021460C
:10AE70002846FDF7C7FE2062FDF7D0FE10B90C236F
:10AE8000A37238BD21462846BDE83840FFF718BFF9
:10AE900070B50C460546FCF7BBFBA38DC31A1B041B
:10AEA00000D570BD21462846FFF782FE237A092B84
:10AEB00019D094F82A6006BBE36901221A71E1698E
:10AEC0000868F8F701FFE661284600F095FE237A4E
:10AED000092B05D10D4B1A68954204BF00221A6058
:10AEE0000023A37270BD284600F0F8FC237A092BDA
:10AEF000DFD194F82830002BDBD0002384F82830F1
:10AF000021462846FFF7EAFDDEE700BF9C38002017
:10AF100070B506460C4600F0D3FC10B10623A372B0
:10AF200070BD054621463046FDF764FE0028F5D089
:10AF3000112221463046FFF761FE304600F05CFEEC
:10AF4000237A092B04D1044B1A68964208BF1D606E
:10AF50000023A37270BD00BF9C38002038B51B4A87
:10AF6000136805460C465BB1834209D002238B72FD
:10AF700000F0A6FCE0B12046BDE83840FDF77CBEFD
:10AF8000218E6B8D15609942628EA08E06D021466F
:10AF90002846FFF7DFFD0423A37238BDAB8D934233
:10AFA000F5D1B5F88C318342F1D10523A37238BDB8
:10AFB00021462846FDF71EFE0028DCD04FF47263C0
:10AFC000238521462846FFF7A3FFD4E79C380020BD
:10AFD00070B50C46897A05460C2900F2AD80DFE891
:10AFE00001F00B17464E586274AB7C868EA20700A8
:10AFF000002A00F0AF8070BD002AFCD1237A082B14
:10B0000000F0CB80092B40F0BA800123A37270BD01
:10B01000012AF0D119462046FFF75AFCE38D228E13
:10B02000A08E618E94F83C60052B17D9B2F5486F5D
:10B0300014D8934212D8B1F5FA7F0FD2A0F10A03C7
:10B040009BB240F6764C634508D84B1C9BB202FB82
:10B0500003F3B3EB800F01D2B2420AD240F61E7363
:10B06000238521462846BDE87040FFF751BF012ADD
:10B07000C1D821462846BDE87040FFF76FBF002ABF
:10B08000B9D1FDF7CBFD002840F0B1800323A372B6
:10B0900070BD032A69D0042AADD10F22062384F89B
:10B0A0002920A37270BD002AA5D195F93930002B53
:10B0B0005EDA94F8283093B10F2384F829302146C2
:10B0C0002846BDE87040FFF723BF002A93D12146F0
:10B0D0002846BDE87040FFF71BBF002A8BD12846E9
:10B0E00000F0EEFB00285BD00823A37270BD002A9D
:10B0F00081D121462846BDE87040FFF7A9BE022A4B
:10B100007FF479AF95F83920C2F3C011D20955D137
:10B1100084F85410284600F0D3FB0646002876D069
:10B120000D23A37270BD002A7FF465AF2146284627
:10B13000BDE87040FFF7ACBE404A4149414840F28B
:10B14000065313F047FE404080F311884FF0030090
:10B1500002DF70BDFDF762FD00283FF44CAF2146D1
:10B160002846BDE87040FFF7ABBD0523A37270BD54
:10B17000E26121462846BDE87040FFF769BE2F4ACC
:10B180002F4930484FF46E7313F024FE404080F393
:10B1900011884FF0030002DF70BD0A23A37270BD57
:10B1A00021462846FDF726FD00289DD01022214685
:10B1B0002846FFF723FD0A23638170BD1946204608
:10B1C000FFF7D2FB2846A68DFCF722FA331A9BB272
:10B1D00047F6FE72934211D82046FDF74DFD0B2332
:10B1E000A37221462846BDE87040FFF751BE2146B4
:10B1F0002846FFF7AFFC0423A37270BD282385F80F
:10B200005031284600F0F8FC0023A37270BD21469F
:10B210002846FDF7EFFC002882D007222146284669
:10B22000FFF7ECFC284600F0E7FC237A092BEBD172
:10B23000054B1A689542E7D11E60E5E724FF05003B
:10B2400060F60500E0F505009C380020F8B50C46D6
:10B25000897A06461546062908D8DFE801F0152840
:10B26000070730400400002D41D0F8BD6A4A6B4901
:10B270006B4840F2B92313F0ADFD404080F31188D4
:10B280004FF0030002DFF8BD002DEED1237A092B29
:10B290000FD0614A614962484FF4ED7313F09AFD93
:10B2A000404080F311884FF0030002DFF8BD002D0D
:10B2B000DBD121463046BDE8F840FFF74BBD032DFA
:10B2C0005DD0042D63D0022DCFD119462046FFF763
:10B2D0004BFB2046FDF7D0FC0623A372F8BD002DE2
:10B2E000C3D1FEF705FF40B30523A372F8BDFCF7F9
:10B2F0008FF9A38DC01A0304B7D42946304600F055
:10B30000CDFA21463046FFF753FC237A092B54D05F
:10B3100094F82A50002D5AD1E36901221A71E1698B
:10B320000868F8F7D1FCE5613046FEF7AFFF237AF5
:10B33000092B37D00023A372F8BD21463046FDF714
:10B3400059FC0028D0D02946304600F0A7FA276AD9
:10B350002562002F43D094F8282094F82910381D36
:10B36000FFF7F8F9FB79637339463046FDF760FC67
:10B37000237A092BD8D13046FEF7CAFED4E75B7991
:10B3800084F8283021463046FFF7A8FBCCE7D0F8F8
:10B3900030311A2223F00203C0F83031214684F8FC
:10B3A0002820F0E796F93930002B12DB1D4B1A6884
:10B3B0009642BFD100221A60BCE73046FEF7B2FECB
:10B3C000237A092BA4D194F82830002BA0D0002395
:10B3D000D6E73046FDF778FF0028E7D0AAE72146F8
:10B3E0003046FDF70FFC07460028B4D10A4A0E4943
:10B3F0000B4840F21F1313F0EDFC404080F311881E
:10B400004FF0030002DF042094F8282094F829105C
:10B41000FFF7A0F9EB79FFDE24FF050060F60500D9
:10B42000E0F505009C38002030FC050010B592F8CE
:10B430001FC082B0044602F11C03BCF1110F0AD8F0
:10B44000DFE80CF02C09090909090925090909098E
:10B45000090909091E17242380F850310191FEF7CC
:10B4600015FF01990B7A092B1FD000238B7202B0B4
:10B4700010BD0322204602B0BDE81040FFF7E6BE33
:10B480000122204602B0BDE81040FFF7DFBE0422D3
:10B49000204602B0BDE81040FFF7D8BE0222204689
:10B4A00002B0BDE81040FFF7D1BE94F93930002B4F
:10B4B00006DB074B1A689442D7D100221A60D4E702
:10B4C00020460191FDF700FF01990028F1D0CCE75B
:10B4D0009C38002000238372704700BF134600226F
:10B4E000FFF7B4BE70B5D57F02F11C0335B10F2D47
:10B4F00009D1BDE870400122FFF76ABDBDE8704088
:10B500000222FFF765BD24230E4680F85031044621
:10B5100000F072FB337A092B05D1044B1A68944270
:10B5200004BF00221A600023B37270BD9C38002053
:10B5300000238372704700BF13460022FFF748BD07
:10B5400000230322FFF744BD00230422FFF740BD80
:10B5500070B5D37F012B05460C4607D0242380F815
:10B56000503100F049FB0023A37270BD8B7A012B90
:10B5700010D013F0FD0FF8D0144A154915484FF4B8
:10B58000967313F027FC404080F311884FF00300BE
:10B5900002DF70BD02F11C012046FFF7FDF92846CD
:10B5A000268DFCF735F8361AB6B247F6FE739E4282
:10B5B00002D80223A37270BD282385F85031284693
:10B5C00000F01AFB0023A37270BD00BF90FF0500BE
:10B5D00060F60500E0F5050000238372704700BFA8
:10B5E00038B58B7A012B10D0022B0C460ED0FBB154
:10B5F000114A124912484FF4967313F0EBFB404086
:10B6000080F311884FF0030002DF38BD0546FBF7D9
:10B61000FFFF238DC01A0304F7D404F12A01284642
:10B62000FCF704F8284600F0E7FA0023A37238BDBF
:10B6300001238B7238BD00BF90FF050060F6050046
:10B64000E0F5050038B5D0F8F8308B4204460D46D9
:10B650001CD00F4A0F491048772313F0BBFB404022
:10B6600080F311884FF0030002DFD4F8F83043B1C3
:10B67000D4F8FC101A68C4F8F820994208BFC4F83E
:10B68000FC202846BDE83840FDF792BA0B46EEE7AD
:10B69000D8FF050010FF0500E0F5050038B5D0F82B
:10B6A000F8502B7A013B04460B2B28D8DFE803F037
:10B6B0000606060618181D13130622060022294640
:10B6C000FEF7D8FB6B6A2BB129462046BDE838400F
:10B6D000FFF7B8BF38BD00222946FFF72DFFF1E77D
:10B6E00000222946FCF7D8FBECE700222946FDF7AB
:10B6F00041F9E7E700222946FFF772FFE2E7074A30
:10B70000074908484FF4DA7313F064FB404080F3B4
:10B7100011884FF0030002DFD4E700BFD8FF050017
:10B7200060F60500E0F5050070B5D0F8F850044665
:10B730001DB394F80431012B03D1022384F80031A6
:10B7400070BD29462046FDF755FA0028F5D0294658
:10B750002046FDF757FA0646E8B1311D2846FEF7A8
:10B7600067FEF3796B7331462046FDF761FA0123DA
:10B770006B62002384F8003170BD0E4A0E490F48F9
:10B780004FF4FE7313F026FB404080F311884FF016
:10B79000030002DFCDE7074A094908484FF4E27386
:10B7A00013F018FB404080F311884FF0030002DFD4
:10B7B000D3E700BFD8FF0500FCFE0500E0F505005B
:10B7C00030FC050070B5D0F8F8500446ADB394F8DD
:10B7D0000431012B03D1012384F8003170BD2946C7
:10B7E0002046FDF707FA0028F5D029462046FDF748
:10B7F00009FA064600283BD02046FEF719FC2A7AB3
:10B80000037A934206F1040025D0082B25D02A2183
:10B8100094F820311BB1D4F830315B0722D4FEF705
:10B820008DFFF3796B7331462046FDF701FA012352
:10B830006B62002384F8003170BD144A1449154826
:10B840004FF4F67313F0C6FA404080F311884FF0BE
:10B85000030002DFBBE72321DAE7092A14BF2A210C
:10B860002321D5E70A4694F80711FEF773FFD8E7BE
:10B87000064A094907484FF4E27313F0ABFA404017
:10B8800080F311884FF0030002DFB5E7D8FF050011
:10B89000FCFE0500E0F5050030FC050080F806110F
:10B8A000704700BF704700BF0020704790F8050147
:10B8B000003818BF01207047D0F8F800704700BF6B
:10B8C00090F80401A0F10100B0FA80F0400970473F
:10B8D000B0F80831A0F80231704700BF0023A0F88B
:10B8E0000231704738B5D0F8F840A4B10546D5F814
:10B8F000FC202368C5F8F8309442214608BFC5F8FB
:10B90000FC302846FDF7D8F92046FDF751F9D5F867
:10B91000F840002CEBD138BD022938B5054612D0CD
:10B9200004290C460AD0012900D038BDD0F8F830DF
:10B93000002BFAD0BDE83840FFF7B0BEFFF7D2FFCA
:10B9400085F8004138BDD0F8F840002380F8053173
:10B950003CB100230122A5F80231626285F8003172
:10B9600038BD074A0749084840F20F2313F032FA5E
:10B97000404080F311884FF0030002DFE9E700BF89
:10B98000D8FF0500FCFE0500E0F50500F8B590F8CD
:10B99000003104460E461546052B00F29A80DFE87A
:10B9A00003F00E1607030B03BDE8F840FFF7B4BF22
:10B9B000BDE8F840FFF7B8BE03290CD0F8BD71B15F
:10B9C0000429FBD1FFF78EFF84F80061F8BDBDE8C4
:10B9D000F840FFF7F7BE002380F80031F8BDD0F83B
:10B9E000F870002FEAD03B7A90F806C190F839E061
:10B9F000102B11D83E4A012101FA03F0024042B354
:10BA00000A2B1FD0B3B184F805612046FFF746FE2C
:10BA1000032384F80031F8BD364A374937486A2392
:10BA200013F0D8F9404080F311884FF0030002DF93
:10BA30003B7AE5E7EB7F87F854302046BDE8F840D5
:10BA4000FFF772BE2046FFF729FE052384F8003178
:10BA5000F8BD10F4386FDFD00A2BF3D0002BE9D0FB
:10BA6000BCF1000F01D10E46CDE71EF0800F12D1C0
:10BA7000BCF1010F1FD0BCF1020F9FD12046FEF791
:10BA8000D7FA3B7A027A9A421FD0082A1BD02A237F
:10BA900084F85031F8BDBCF1010FECD12046FEF71F
:10BAA000C7FA08B1FF22C2722046FFF7F7FD032351
:10BAB00084F80031F8BDEB7F84F807312046BDE8FB
:10BAC000F840FFF77FBE092BE1D1232384F85031E2
:10BAD000F8BD084A084909484FF43B7313F07AF956
:10BAE000404080F311884FF0030002DFF8BD00BF33
:10BAF0007FF40100D8FF050060F60500E0F50500C1
:10BB000038B50C46097AE361054662610C2929D8EB
:10BB1000DFE801F00B0707070719191E14140723A4
:10BB200007001A462146FEF797F9636A2BB12146B2
:10BB30002846BDE83840FFF785BD38BD1A46214686
:10BB4000FFF7D0FCF1E71A462146FCF755F9ECE780
:10BB50001A462146FCF7ECFEE7E71A462146FFF7B6
:10BB6000F7FCE2E7064A0749074840F2331313F0AF
:10BB700031F9404080F311884FF0030002DFD4E731
:10BB8000D8FF050060F60500E0F5050038B50B7A32
:10BB9000072B0C4605460ED00C2B01D1FEF762F99F
:10BBA000636A0022A2612BB121462846BDE83840D5
:10BBB000FFF748BD38BDFCF7E1FEF1E738B50B7A79
:10BBC000072B0C46054608D0636A2BB12146284650
:10BBD000BDE83840FFF736BD38BDFCF7D3FEF3E7CC
:10BBE0000422002380F80021A0F80231704700BF32
:10BBF00000220121FFF7CABE00220221FFF7C6BEC4
:10BC000000220321FFF7C2BE00220421FFF7BEBEBF
:10BC1000F0B5044683B00E4615467BB1D37F1B2B8F
:10BC200031D8DFF898C090F839100CEB4307C909F8
:10BC30007F781AB201238B403B402BD11846FDF789
:10BC400097F80746E8B100230360D4F8FC30E3B16D
:10BC50001860C4F8FC002A4600212046FFF796FE33
:10BC60007B6A1BB139462046FFF7ECFCD4F8F8108C
:10BC700039B12B463246204603B0BDE8F040FFF70D
:10BC80003FBF03B0F0BD0023D8E7C4F8F800C4F804
:10BC9000FC00E0E71CF812300A2BCFD10193FFF72C
:10BCA00021FE0022A4F8022184F8052184F8002155
:10BCB0002046FEF78BFB019BC0E700BF200006007B
:10BCC00010B50446FFF70EFE0023A4F8023184F8F5
:10BCD000053184F8003110BD10B50C4630B994F828
:10BCE00074316FF3000384F8743110BD094A0A49B6
:10BCF0000A4840F2892313F06DF8404080F3118820
:10BD00004FF0030002DF94F874316FF3000384F8FE
:10BD1000743110BD58000600A0000600E0F50500D3
:10BD200000B9704708B5074A0749084840F281231F
:10BD300013F050F8404080F311884FF0030002DF09
:10BD400008BD00BF5800060000FB0500E0F5050037
:10BD5000012800D0704710B50C46F8F783F88442EC
:10BD60000CD0074A0749084840F2792313F032F80B
:10BD7000404080F311884FF0030002DF10BD00BF88
:10BD800058000600B4000600E0F505002DE9F0417A
:10BD9000079C9DF818800546208D4FF6FF7188425C
:10BDA00025D02946204617461E46FBF7BFF9F0B9B5
:10BDB00021780131C9B2217049B31C491C4B0E8155
:10BDC00004F11C000022C860C1E9005781F80A8014
:10BDD000996001201146F5F727FF50B9FF20FBF7C6
:10BDE000D7F92046FF21BDE8F041FBF7A1BABDE835
:10BDF000F081104A1049114840F2332312F0EAFF53
:10BE0000404080F311884FF0030002DFE6E7094A63
:10BE10000B490A4840F2262312F0DCFF404080F331
:10BE200011884FF0030002DFC7E700BFC03B0020CE
:10BE300080090020580006003CF60500E0F50500EA
:10BE40002CFA0500038E23B190F8742112F001033F
:10BE500000D0704710B542F0010288B0114C80F854
:10BE6000742103310122CDE902320690CAB2CDE934
:10BE70000434CDE9003303211846F7F761F910F0D7
:10BE8000FD0F0CD0084A094909484FF4F67312F027
:10BE9000A1FF404080F311884FF0030002DF08B09B
:10BEA00010BD00BFD9BC0300580006006CFB0500A4
:10BEB000E0F5050038B50C461546FAF757FE48B1CF
:10BEC0001CB1BDE83840FDF73FB92946BDE8384010
:10BED000FDF714B9022038BD38B50C461546FAF7FF
:10BEE00045FE58B190F93930002B05DA2A46214633
:10BEF000BDE83840FDF752B80C2038BD022038BDEF
:10BF000030B5044600789DF80C5002FB01111F4A21
:10BF1000014482FB01020A44521102EBC20002EB0F
:10BF200080028A1AD0B2C1082070595C02F0070260
:10BF300041FA02F212F001021FD1B0FBF5F405FB49
:10BF40001404E4B25D1E1046043300F1080E15F827
:10BF5000011F5FFA8EFE024611F0010F02F1010C83
:10BF60004FEA510102D04CB1013CE4B25FFA8CF2CD
:10BF70007245F1D110469D42E7D130BDC11D891AED
:10BF8000C9B207291046F6D830BD00BFA7C867DD83
:10BF90004288008850407047F0B5344D344C4840DA
:10BFA0004FF0030C060A5FFA80FE0EEB8E2E06EBB6
:10BFB000862004EA401705EA400605EA4E0004EA36
:10BFC0004E1E3E4340EA0E0000EB002706EB062E15
:10BFD00006EB0E2600EB0720360CC0F3074040EAC4
:10BFE000062000EB00100CF1FF3C08441CF0FF0C95
:10BFF00080B2D7D141401F48A0FB01400C1A00EB92
:10C000005400400900EBC00400EB8400081AC0F3A0
:10C01000C40400F00705145D2C41E407C0B21CD431
:10C0200001FB03F3561EC3F307430432604600F1DD
:10C03000080516F801CFEDB201461CF0010F01F121
:10C0400001044FEA5C0C02D043B1013BDBB2E1B228
:10C05000A942F2D108469642E9D1F0BD0730401A14
:10C06000C0B207280846F6D8F0BD00BF1021020074
:10C07000408408004D91CFBA1A491B482DE9F04180
:10C080000023451EA1F1020C012606E00133082B16
:10C0900001F1060100F1280022D003EB830215F81C
:10C0A0003220D407F2D59CF800409CF801E0D0F88B
:10C0B0000080C2F3801206FA03F79A4001333C4332
:10C0C0004EEA020287888F80082B8CF800408CF89B
:10C0D000012001F1060141F8068C00F12800DCD1B5
:10C0E000BDE8F081D63B0020C13C00202048214A19
:10C0F0002DE9F047204FDFF884800023951EA0F142
:10C10000020C012615F83310C90706FA03F926D5E3
:10C110003C7812F8011C4CB1072901EB810405D8C9
:10C1200018F834104C0701D5C90618D515F8331086
:10C130009CF801E09CF80040D2F800A0C1F3400157
:10C1400099404EEA010144EA0904B2F804E08CF88F
:10C1500000408CF80110A0F804E0C0F800A0013302
:10C16000082B00F1060002F10802CBD1BDE8F087F0
:10C17000423E0020023E002017580020C03C002014
:10C180000820704738B50020FAF7D6F9C8B90E4C28
:10C190000E4D621E14F83030072B03EB830105D8D7
:10C1A00015F831306FF3451305F8313012F830309F
:10C1B0006FF3000302F8303001300828EAD1002084
:10C1C00038BD0C2038BD00BF013E0020C03C00201F
:10C1D0002DE9F04F804683B00020FAF7ADF9002832
:10C1E00075D198F80030FF2B054663D03D4E08F11D
:10C1F00001094FF0FF0A0446B71E03F0010B06E0E9
:10C2000059455AD00134082C06F108060FD017F80A
:10C210003420C2F34001D207F2D4BAF1FF0F08BFB5
:10C220005FFA84FA0134082C06F10806EFD1BAF15E
:10C23000070F52D817F83A2063F3410207F83A2063
:10C24000022314FB0A34D8F801303B513C44B9F8BE
:10C250000430A38098F800B0234C0BF0010B661E4D
:10C2600004E00135082D04F1280434D005EB8503E2
:10C270004FEAC30816F83330C3F38012DB07F0D55A
:10C280005A45EED120460622494622F0ECF8002815
:10C29000E7D116F8083043F0200306F80830EDB275
:10C2A00017F83A3007EBCA0243F0010307F83A30B7
:10C2B0005570002003B0BDE8F08F30460622494695
:10C2C000019322F0D0F8019B00289BD1F1E70C20CC
:10C2D00003B0BDE8F08FFF25E2E7072003B0BDE81B
:10C2E000F08F00BF023E0020C13C00202DE9F0414C
:10C2F00006460020FAF720F9C8BB96F80080B8F18E
:10C30000FF0F04462ED01B4D0136AF1E08F001086A
:10C3100004E00134082C05F1080525D017F8343065
:10C32000C3F34002DB07F4D54245F2D1062228468A
:10C33000314622F098F80028EBD107EBC4035B7874
:10C34000072B08D80C4A03EB830312F8331060F371
:10C35000451102F8331017F834306FF3000307F873
:10C3600034300020BDE8F0810220BDE8F0810C20CF
:10C37000BDE8F081023E0020C03C002007282DE9E6
:10C38000F04104460F46154619D81B4E04EB8403B2
:10C390004FEA840816F83330DB071ED5A04401228B
:10C3A00016F83830C3F380133B70282313FB0423A3
:10C3B000F218F3582B609388AB80BDE8F0810F4AE8
:10C3C0000F4910484FF48C7312F004FD404080F385
:10C3D00011884FF0030002DFD7E7084A0A490948ED
:10C3E00040F2191312F0F6FC404080F311884FF030
:10C3F000030002DFD2E700BFC03C0020E4000600DB
:10C4000028010600E0F50500340106000820704709
:10C4100010B50020FAF784F888BB1A4B1A4C19782B
:10C4200093F82820207060F3000160F30002197077
:10C4300083F8282093F8501093F8782060F30001D7
:10C4400060F3000283F8501083F8782093F8A0106E
:10C4500093F8C82060F3000160F3000283F8A01095
:10C4600083F8C82093F8F01093F8182160F30001C6
:10C4700060F3000283F8F01083F8182110BD0C203F
:10C4800010BD00BFC03C0020165800202DE9F04F21
:10C4900083B083460020CDF800B0FAF741F80028B9
:10C4A00040F087801BF8012BDFF82C91019202F0FD
:10C4B0000103044609F1FF381E4604E00134082C4C
:10C4C00009F1280971D004EB840208EBC20518F8C1
:10C4D0003270FB074FEA840AC7F38012EED5B242EE
:10C4E000ECD148460622594621F0BDFF0028E5D18F
:10C4F0003E467607019A07462FD5DFF8E0C09CF844
:10C500000060013E16F0FF0625D095F81790B14562
:10C5100021D02E4A019002EB061302EB09121546B8
:10C520000FCBDFF8BCE085E80F003D4605EB850347
:10C5300008EBC30218F83330D80705D5590703D5DF
:10C540009EF81730B34238D00135082D0EF1280E71
:10C55000ECD1009B1A788CF800601D4D02F00109A7
:10C56000AE1E04E00137082F05F1080512D016F8B9
:10C570003730C3F34002DB07F4D54A45F2D1062237
:10C580002846594621F06FFF0028EBD106EBC7067D
:10C59000FF237370A244002018F83A306FF30003B1
:10C5A00008F83A3003B0BDE8F08F022003B0BDE8D0
:10C5B000F08F0C2003B0BDE8F08F009B82F817903D
:10C5C0001A78044B03F80950C5E700BF403C00202F
:10C5D000023E0020383C0020C13C002016580020BC
:10C5E000C03C00202DE9F8431D465B7903F0C003F1
:10C5F000402B01D0BDE8F8830F46F1B1DFF864802D
:10C60000002400F0010608F1FF3904E00134082C91
:10C6100008F12808EED004EB840319F83330D90769
:10C62000C3F38012F2D5B242F0D106224046394619
:10C6300021F019FF0028E9D1E2B2072ADAD8084927
:10C6400002EB820311F83330DB07D3D518202823FF
:10C6500013FB02032868C8500B44AA889A80C9E7D4
:10C66000C03C0020C13C00202DE9F84F82461A4E04
:10C670001AF8018B8946002408F00108771E03E0B0
:10C68000082C06F128061BD004EB8402D50017F80D
:10C690003230C3F38012DB0704F10104F0D54245C8
:10C6A000EED106225146304621F0DDFE83460028B9
:10C6B000E6D118357C1906212046F5F723FA10B982
:10C6C0000220BDE8F88F7859C9F80000A388A9F8BE
:10C6D00004305846BDE8F88FC13C00202DE9F047F2
:10C6E0008246174E1AF8018B8946002408F001088B
:10C6F000771E03E0082C06F128061DD004EB840207
:10C7000007EBC20517F83230C3F38012DB0704F1E0
:10C710000104EFD54245EDD106225146304621F0C5
:10C72000A2FE0028E6D16B6A1A68C9F800209B882F
:10C73000A9F80430BDE8F0870220BDE8F08700BF0B
:10C74000C13C002010B504460020F9F7E9FE40B9CD
:10C750001CB1012C01D0122010BD034B1C70002015
:10C7600010BD0C2010BD00BF17580020034B4FF424
:10C770007A7202FB00F01860704700BFD03B0020C7
:10C780002DE9F047824600208846F9F7C9FE90BBA4
:10C790001D4E1AF8019B044609F00109771E03E0BB
:10C7A000082C06F1280620D004EB8402D50017F8E7
:10C7B0003230C3F38012DB0704F10104F0D54A459F
:10C7C000EED130460622514621F04DFE0028E7D139
:10C7D000B8F1000F12D0B8F1010F09D17B5D43F021
:10C7E00010037B550020BDE8F0870220BDE8F087EC
:10C7F0001220BDE8F0870C20BDE8F0877B5D68F370
:10C8000004137B55EEE700BFC13C0020034A044BF4
:10C81000002814BF10461846704700BF403E002055
:10C82000D43B0020A8B110B50B4A12684FF4004366
:10C8300040F2E7300021E2FB03014FF47A7200235B
:10C84000E9F75EFCBDE8104002460B46034810F0D5
:10C850008BBA024821F0FAB8D03B0020A01C00207F
:10C8600008B5094B00221A8030B9084B084A1B78DA
:10C87000002111801BB908BDFFF738FCF5E7BDE8C2
:10C880000840FFF7F9BB00BF403E002017580020CA
:10C89000D43B00202DE9F04F834687B021F054FAB5
:10C8A0004A0143011B1A42EAD06262EB0102920084
:10C8B00042EA93729B001B1841EB02094FEAC90937
:10C8C00049EA5379C3F3103343EA49434FEAD9396C
:10C8D000BBF1000F16D1624AD2E90012B2F1FF3F5C
:10C8E00008BFB1F1FF3F0DD05E480068591A69EBEF
:10C8F0000202814272F10002ACBF4FF0010A4FF018
:10C90000000A01E04FF0010A574ECDF804B0DFF8FD
:10C910006C810024F71F9B460DE0254417F8353045
:10C9200043F0020307F835300134082C08F10608FB
:10C9300006F1280625D004EB8403A50017F8333050
:10C94000DA07F1D5BAF1000F01D19807ECD42B1911
:10C9500017F83330590750D42B1917F833301A070A
:10C96000DBD502A9304614F089F800286AD1BDF859
:10C970000C300298A8F80430C6F81D80C8F80000F2
:10C98000CBE75B46DDF804B0BAF1000F02D0344AC1
:10C99000C2E90039BBF1000F08D00020F9F7B2FD61
:10C9A000044618B194F86A305B0702D407B0BDE8BA
:10C9B000F08F94F82630072BF8D8FF238DF8083035
:10C9C00094F8293004EB830302A9DE6A04F12800FD
:10C9D00001F00EFB727805460232314621F06BFB06
:10C9E00029462046F9F7B8FD9DF80830FF2BDDD029
:10C9F00084F8293007B0BDE8F08F317C1B4B0F2243
:10CA000002EB01121A440DF117000DF1070312F8A1
:10CA1000011903F8011F8342F9D106F1170102A899
:10CA200014F02CF8002897D0114A1249124840F20D
:10CA3000F32312F0CFF9404080F311884FF0030048
:10CA400002DF89E70A4A0B490B4840F2013312F032
:10CA5000C1F9404080F311884FF0030002DF86E700
:10CA6000D01C0020D03B0020C73C0020403C0020D0
:10CA7000E40006003CF60500E0F50500083C002057
:10CA800010B50120FFF706FF0A4A12684FF4004371
:10CA900040F2E7300021E2FB03014FF47A720023F9
:10CAA000E9F72EFBBDE8104002460B46024810F0A5
:10CAB0005BB900BFD03B0020A01C0020072813D882
:10CAC00070B500EB8003104D15F833301A0704469B
:10CAD0004FEA8006C3F3C00005D59B0706D5264460
:10CAE00005EBC605686A70BD00207047074A084913
:10CAF00008484FF44A7312F06DF9404080F31188F2
:10CB00004FF0030002DFEAE7C03C0020E40006002B
:10CB100048010600E0F5050007280CD800EB80036B
:10CB2000064A12F833104B0705D5282303FB0022D1
:10CB300002F11E0070470020704700BFC03C00207B
:10CB40002DE9F047894616460AB1FF231370154DAB
:10CB5000002400F0010805F1FF3A09E01EB1337826
:10CB6000FF2B08BF37700134082C05F1280514D0BD
:10CB700004EB8403E7B21AF83330C3F38012DB0707
:10CB8000ECD54245EFD106222846494621F06BFC00
:10CB90000028E8D13846BDE8F087FF273846BDE8D1
:10CBA000F08700BFC13C00202DE9F04F074685B05B
:10CBB00000200E469046F9F7B3FC002840F0938021
:10CBC000BA4604461AF8010B0DF10F025146FFF761
:10CBD000B7FF072840F2BA809DF80F90B9F1070F10
:10CBE00000F2978009EB8902D2005A4DD7F8011064
:10CBF0000192531C09EB890BE9502B44BAF804103D
:10CC000099803B7815F83B10009263F38611A95484
:10CC100030461021F4F776FF009BE95C60F3820157
:10CC2000E95440461021F4F76DFF009B019AE95C3E
:10CC300000F0010060F3C30111F0040FE95405EBAB
:10CC4000CB0B4FEA89031CD0DFF810E1DFF810C1ED
:10CC50009EF800108BF817100CF80190DFF804B163
:10CC60004FF0FF3C0CEB011C01318EF80010DC444E
:10CC700006F10F01013E11F801E90CF801EFB14294
:10CC8000F9D1002849D118320021A9502A44324E46
:10CC9000918003EB090215F8321021F0120105F81A
:10CCA000321097F80080B71E08F0010804E0013444
:10CCB000082C06F108061AD017F8342012F0010BE0
:10CCC000C2F34001F3D04145F1D13046062251462E
:10CCD000009321F0C8FB009B0028E8D107EBC407B4
:10CCE00087F8019005E00C2005B0BDE8F08F4FF00B
:10CCF000000B4B444FEA4B1215F8331042F001027F
:10CD000021F021010A43002005F8332005B0BDE8D9
:10CD1000F08F072005B0BDE8F08FD61DA81903EBF2
:10CD20000901D8F800B0D8F804E0D8F808C0D8F85D
:10CD30000C8045F806B005EBC101C0F804E0C0F86E
:10CD400008C0C0F80C80002048629CE7122005B0A3
:10CD5000BDE8F08FC03C0020023E002016580020A5
:10CD6000383C0020403C0020072807D8044B00EB4B
:10CD7000800013F83000C0F3C000704700207047F7
:10CD8000C03C0020024B1B7803700248704700BF74
:10CD900016580020403C002010B5204B1B788342E1
:10CDA00004460CD91E4B1C5D072C19D81D4B04EBF7
:10CDB000840213F83230DB0720D5204610BD1A4A12
:10CDC0001A491B4840F2793312F004F8404080F3CE
:10CDD00011884FF0030002DF114B1C5D072CE5D9D1
:10CDE000114A1449124840F27B3311F0F3FF4040DE
:10CDF00080F311884FF0030002DFD7E70A4A0E499B
:10CE00000B484FF45F7311F0E5FF404080F3118849
:10CE10004FF0030002DF204610BD00BF165800206F
:10CE2000383C0020C03C0020E4000600D802060088
:10CE3000E0F50500F8020600CC020600072823D81A
:10CE400070B500EB8003114E16F83330DB07044653
:10CE50004FEA800505D5254416F83500C0F340108B
:10CE600070BD0B4A0B490C4840F2873311F0B2FFFA
:10CE7000404080F311884FF0030002DF254416F88C
:10CE80003500C0F3401070BD00207047C03C00204A
:10CE9000E400060034010600E0F505001378FF2BDE
:10CEA00019D12DE9F047194D0446AE46002303EB96
:10CEB000830C9E0015F83CC01CF0010003D0CCF39D
:10CEC000801CA44509D00133082B0EF1280EEED1A9
:10CED0000120BDE8F0870120704701F1FF38774657
:10CEE0004FF0000C17F801AF18F8019FCA450CF17C
:10CEF000010CE8D1BCF1060FF4D11E44137015F8F3
:10CF000036305A07E5D5C3F30010E2E7C03C0020F5
:10CF1000024B1878003818BF0120704717580020BE
:10CF200000F07CBB08B5002302F050F8002008BDDB
:10CF300010B584B0079BD3E900209047012812D098
:10CF400004460DF10F010DF10E00F6F73BFF002135
:10CF5000064B00919DF80F209DF80E000121F6F779
:10CF600007F9034BDC6004B010BD00BF75CF0300B0
:10CF70008C3E002000B585B00DF10F010DF10E00C3
:10CF8000F6F720FF9DF80F20064B9DF80E000021BC
:10CF900001320091D2B20221F6F7EAF805B05DF84D
:10CFA00004FB00BF45D00300F0B58DB00E4605462A
:10CFB0000DF12F010DF12E001C461746F6F702FF6A
:10CFC0009DF82FC006940CF1010C0024CDE9074414
:10CFD000CDE90344CDE901449DF82E000597009664
:10CFE0002B465FFA8CF20121F6F72EF810F0FD0FB8
:10CFF0000AD006480094064BC4609DF82F209DF887
:10D000002E000121F6F7B4F80DB0F0BD8C3E0020E3
:10D0100075CF0300019B024A3121FFF7C5BF00BF56
:10D0200025D0030070B5059D0446F6F7D1FE2B46CA
:10D030002046034ABDE870400621FFF7B5BF00BF98
:10D0400031CF030001480FF025BD00BF743E002022
:10D0500008B501220021024820F023FC002008BD71
:10D06000743E0020024BA0F2A462C3E90020704786
:10D070008C3E00200020F5F7C1BF00BF08B5F6F7D1
:10D08000FDF8014B986008BD8C3E0020684620F0FA
:10D0900007018D4601B501F0BDFFEEF723FBBDE8AA
:10D0A00001408546704700BF08B50A4BD3F84021C0
:10D0B0003AB90120F4F716FEBDE808400220F4F763
:10D0C00011BE0020C3F84001D3F84031F5F7A2FFAC
:10D0D000EFE700BF00B000400020F4F703BE00BF40
:10D0E00038B5F8B91F4B204C1B7821789942DAB239
:10D0F0000DD01E4A1E491F484FF4547311F06AFEAA
:10D10000404080F311884FF0030002DF22781A4B71
:10D110001A4D19782B7801329942227010D00133C0
:10D120002B7038BD114A1649124840F24B3311F0AA
:10D1300051FE404080F311884FF0030002DFD1E739
:10D140000A4A10490B4840F2563311F043FE404062
:10D1500080F311884FF0030002DF2B7801332B702E
:10D1600038BD00BF185800201958002000030600E1
:10D1700048030600E0F505001D5800201C5800205B
:10D1800000FB05006403060010B50E4B0E4C1A7828
:10D1900023789A4206D00D490D4A0978117001335F
:10D1A000237010BD0B4A0C490C4840F2423311F079
:10D1B00011FE404080F311884FF0030002DF237816
:10D1C000E9E700BF1B5800201A580020185800201B
:10D1D00019580020000306008C030600E0F5050046
:10D1E00002F028B810B5184A184C127823789A42E1
:10D1F0001BD02178164B0131C9B20022217003994E
:10D20000996001201146F4F70FFD00B910BD114AD5
:10D210001149124840F2D63311F0DCFD404080F352
:10D2200011884FF0030002DF10BD0A4A0C490B4879
:10D230004FF4747311F0CEFD404080F311884FF02D
:10D24000030002DFD5E700BF19580020185800205E
:10D2500090090020000306004CF70500E0F50500EA
:10D26000B40306002DE9F047494E1446494A337885
:10D2700012789A428AB058D019B10A7F12F002058A
:10D2800003D000200AB0BDE8F087E368D4F800902E
:10D290001B68DFF82CA1DF68D3E9012191422CBF84
:10D2A000C7EB0107C7EB020709EB070828F07F4827
:10D2B000DAF800104046F5F7E3FF0302E1D5364AFD
:10D2C000364B11781A7891422DD1354A354912786A
:10D2D0000978914227D000951A780132D2B21A709B
:10D2E0002946314B2A462846F5F742FF10F0FD0F3C
:10D2F00019D02E4A2E492F4840F2C23311F06AFD50
:10D30000404080F311884FF0030002DF274A28498C
:10D31000284840F28A3311F05DFD404080F31188C7
:10D320004FF0030002DFE36818E01D4B1D4A1B7835
:10D3300012789A42A0D1C368D0F800901A68DFF83A
:10D3400080A0D768D2E9011088422CBFC7EB000744
:10D35000C7EB010709EB070828F07F48CAF80080EF
:10D360000693154B0022CDE90732144BCDE902227A
:10D37000CDE90423CDE9007234780134E4B24B46A0
:10D38000114610463470F5F75FFE0AB0BDE8F0872D
:10D390001D5800201C5800201A5800201B5800203F
:10D3A000185800201958002089D1030000030600F6
:10D3B00040F90500E0F50500E1D00300E5D10300E8
:10D3C000A43E0020F0B56E4EB36889B083B13368D7
:10D3D00073B1FF2305468DF80A3002E0037F9807FA
:10D3E00008D00DF10A00F6F79FFE04460028F5D19B
:10D3F00009B0F0BDE368AB4244D00DF10A00F6F786
:10D4000093FE07460DF10A00002F00F0A1803B7F3C
:10D410009907F4D1FB689D421CD0F6F785FE0346C0
:10D420000DF10A00002B00F093801A7F9207F4D1CF
:10D43000DA68AA42F1D19F420CD0524A524953486D
:10D4400040F20B4311F0C6FC404080F311884FF0CE
:10D45000030002DF237FA269E16843F00203237720
:10D4600020469047FF238DF80A3002E0037F99079A
:10D4700007D00DF10A00F6F757FE04460028F5D153
:10D48000B6E7C56873683168284603AA9847054619
:10D49000002853D0B36831680020984715F10B0F6E
:10D4A0000FD08C35A4D0374A394938484FF48963B6
:10D4B00011F090FC404080F311884FF0030002DF30
:10D4C00096E7FF240DF10B008DF80B40F6F72CFECC
:10D4D00060BB0123306800930021CDE9041106915F
:10D4E00007903160039BD6E9010104AAF6F7D4FD49
:10D4F00000287FF47DAF234A2649244840F2464362
:10D5000011F068FC404080F311884FF0030002DF07
:10D510006EE743F002030377836998478DF80B4069
:10D520000DF10B00F6F700FE0028D2D0037F9A071A
:10D53000F6D4C26831689142F2D1EAE7237FA2694A
:10D54000E16843F0020323772046904709B0F0BD1D
:10D55000224600212046FFF785FE30F002033FF40B
:10D5600047AF084A0C49094840F2014311F032FC28
:10D57000404080F311884FF0030002DF38E700BF1E
:10D58000A83E002000030600D0030600E0F50500D9
:10D59000F0030600E803060040F9050010B5154841
:10D5A0001FF0E2FF10B3144B00249C6000F0F6FA69
:10D5B00000281ADB214601202246EEF7B9FA22465E
:10D5C0000B200121EEF7B4FA224621461820EEF78F
:10D5D000AFFA0120EEF77CFA0B20EEF779FA18206B
:10D5E000EEF776FA01F046FD204610BD6FF012000E
:10D5F00010BD00BFCCE60500A83E002008B500F035
:10D60000DDFA002809DB0120EEF770FA0B20EEF7B7
:10D610006DFA1820EEF76AFA002008BD03460348A9
:10D620008AB2194683681B68184700BFCCE605001C
:10D6300030B4074DAB685C6834B18AB2A446014689
:10D640000023284630BC60476FF0850030BC70472F
:10D65000CCE6050030B4074DAB685C6834B18AB2E3
:10D66000A44601460023284630BC60476FF0850081
:10D6700030BC7047CCE605000020704730B504464A
:10D6800083B078B3234B1A68824225D0FF250DF171
:10D6900007008DF80750F6F747FD38B91AE0A142A8
:10D6A0000AD00DF10700F6F73FFD98B1037F9B0705
:10D6B000F7D4C168002CF2D1037F826943F00203E2
:10D6C000037790470DF107008DF80750F6F72CFD12
:10D6D0000028EBD103B030BD9B686BB10146002040
:10D6E0009847D3E70B4A9368002BCFD011680029E5
:10D6F000CCD000209847C9E7074A0849084840F2BB
:10D70000151311F067FB404080F311884FF00300C0
:10D7100002DFBBE7A83E002000030600FC03060072
:10D72000E0F505000020704738B50446F6F7EEFC3A
:10D7300054B110B324680020F6F716FD2046F6F722
:10D7400087FD58B1002038BD1A4DAB681BB32C685B
:10D750000023AB602B60002CECD1ECE7164A174994
:10D7600017484FF4C37311F035FB404080F3118824
:10D770004FF0030002DF002038BD0F4A1149104866
:10D7800040F24F1311F026FB404080F311884FF018
:10D79000030002DFCEE7084A0B4909484FF4AA7399
:10D7A00011F018FB404080F311884FF0030002DFB6
:10D7B000CDE700BFA83E00200003060028040600B5
:10D7C000E0F5050004040600140406006FF08B0069
:10D7D000704700BFD0E90132002A04DB9A4238BF0B
:10D7E0001A4610467047C068984238BF18467047BE
:10D7F00010B51446F5F742FD2146F5F741FD034605
:10D8000010F4000004D10333092B88BF184610BD63
:10D81000002010BD262810B504461CD0272812D0A1
:10D82000252808D00A281ED9272821D803304000EF
:10D8300001F06EFC02E0022001F06AFC2046BDE827
:10D84000104001F06BBC502001F062FC2046BDE8A6
:10D85000104001F063BC1A2001F05AFC2046BDE8DC
:10D86000104001F05BBC0230400001F051FCE5E7E4
:10D87000064A074907484FF4FC7311F0ABFA4040E1
:10D8800080F311884FF0030002DFD7E700030600A2
:10D8900060F60500E0F5050001F0A0BC01F0A6BCB3
:10D8A00008B501F0C7FCBDE8084001F01FBE00BF8D
:10D8B00008B501F0BFFC01F019FEBDE8084001F019
:10D8C000BDBD00BF08B501F0B5FC01F00FFE01F0D1
:10D8D000F3FD01F0F9FFBDE8084001F0AFBD00BF66
:10D8E00008B50146174801F0A5FB01F0C9FC60B17D
:10D8F00001F092FE01F0F6FB00F09CF900280EDB2F
:10D90000BDE808400020FFF70FBF01F07DFC01F0EB
:10D9100083FE01F0E7FB00F08DF90028F0DA0A4AF7
:10D920000A490B484FF41D7311F054FA404080F33C
:10D9300011884FF0030002DF0020BDE80840FFF728
:10D94000F3BE00BFE1D1030000030600300406006F
:10D95000E0F5050010B5044601F06CFC01F0C6FDD1
:10D9600001F0AAFD01F0B0FF01F068FD2046BDE81E
:10D970001040FFF7B5BF00BF08B50146134801F0DE
:10D9800059FB01F07DFC40B100F054F900280ADB9E
:10D99000BDE808400020FFF7C7BE01F035FC00F0ED
:10D9A00049F90028F4DA0A4A0A490B4840F283236D
:10D9B00011F010FA404080F311884FF0030002DFAD
:10D9C0000020BDE80840FFF7AFBE00BFE1D1030073
:10D9D0000003060030040600E0F505002DE9F047DD
:10D9E00084B01D46FF239DF830908DF80F30064619
:10D9F0000F46904604E090F81CC01CF0030F3AD08C
:10DA00000DF10F00F6F790FB04460028F3D1DFF884
:10DA10002CA1DAF80830002B45D1EB68CAF80030A9
:10DA2000CAE901672846C047044603E0017F11F0B8
:10DA300003010AD00DF10F00F6F776FB024600282D
:10DA4000F4D1204604B0BDE8F087FFF70BFC30F0BE
:10DA50000203F6D0344A354935484FF43E7311F08D
:10DA6000B9F9404080F311884FF0030002DF2046EF
:10DA700004B0BDE8F087DFF8C4A0DAF8083093B945
:10DA8000B9F1000F36D1AC42C7D0274A29492848FE
:10DA90004FF4367311F09EF9404080F311884FF037
:10DAA000030002DFB9E72A46CDF800904346394625
:10DAB0003046F6F7F1FA024630B3B9F1000F16D14D
:10DAC000002C14BF204610462146FFF7CBFB30F058
:10DAD00002030CD0144A1549154840F2B32311F043
:10DAE00079F9404080F311884FF0030002DF6FF0B6
:10DAF0007604A6E7CDF8009043462A4639463046DC
:10DB0000F6F7CAFA0028F2D1074A0B49084840F252
:10DB1000A62311F05FF9404080F311884FF0030015
:10DB200002DF0022C9E700BF0003060040F905003C
:10DB3000E0F50500440406003C040600A83E002071
:10DB400001F110000EF0A6BF70B505468AB00C4674
:10DB50000122002104A81FF0A4FE0F4B0193002610
:10DB60000323694628460396029311F06DF80028B6
:10DB700010DB4FF40043314640F2E730E4FB030191
:10DB80004FF47A720023E8F7BBFA02460B4604A86A
:10DB90000EF0A6FF0AB070BD41DB030010B50120F6
:10DBA00003F002FA0449002301244B608C60CB602F
:10DBB000BDE8104011F048B8B83E002008B501207B
:10DBC00003F0F2F9BDE8084011F096B80C4B1A7852
:10DBD0000AB10020704710B50120187003F0E4F975
:10DBE0004FF4FA710446FFF7AFFF38B9204611F041
:10DBF00083F802280CBF00206FF0040010BD00BFA6
:10DC00001E58002008B50A4BBFF35B8F53E8002F66
:10DC1000511C43E800100028F8D1BFF35B8F002AA5
:10DC200001DD002008BD03F0C7F9002008BD00BFDA
:10DC3000B43E002008B50C4B1A68002A11DDBFF372
:10DC40005B8F53E8002F511E43E800100028F8D1E5
:10DC5000BFF35B8F012A01DD002008BD03F0C2F98C
:10DC6000FAE76FF0770008BDB43E0020322070471D
:10DC7000014B33F8100070477804060010B50446D5
:10DC8000FFF720FE01F00EFC2046BDE81040FFF734
:10DC900027BE00BF30B583B00546FFF701FE9620D2
:10DCA00001F034FC002318461A46194601F058FBCF
:10DCB0000120F6F789F90446002843D004F11C003E
:10DCC00001F080FA01F0C8FAE0B92548294601F0D0
:10DCD000B1F9FFF71DF950BB01F0F2FC0021044639
:10DCE000084601F085FA00210546084601F07CFA55
:10DCF0002C44C334201A01F09BFC03B0BDE8304033
:10DD000001F0D0BC174A1849184840F29F4311F05F
:10DD100061F8404080F311884FF0030002DF1048A3
:10DD2000294601F087F9FFF7F3F80028D4D00DF168
:10DD30000700FFF727F8002201469DF8070001F0D1
:10DD400081FDC9E7074A0A49084840F29B4311F0A0
:10DD500041F8404080F311884FF0030002DFADE747
:10DD600011E4030088040600DC040600E0F5050069
:10DD7000D4040600814208B50ED00B7ADB0702D42A
:10DD80006FF08B0008BD124B1360FFF73BFF0028BC
:10DD90000FDB6FF00A0008BD0B7B01EB83010B6901
:10DDA0001B7803F00F03012B14BF6FF08B000020D2
:10DDB00008BD084A0849094840F2544311F00AF8DE
:10DDC000404080F311884FF0030002DFE1E700BF1D
:10DDD00021E203008804060030040600E0F5050097
:10DDE00010B50446FFF76EFD01F05CFB2046FFF71F
:10DDF00077FD0B4B0021012208469C60F3F714FFCE
:10DE000000B910BD074A084908484FF4B56310F03F
:10DE1000E1FF404080F311884FF0030002DF10BDA6
:10DE2000A0090020880406004CF70500E0F5050075
:10DE300010B5D8B10C46FFF7FDFE002804DB2046E4
:10DE4000BDE81040FFF770BC0C4A0D490D4840F288
:10DE50007A4310F0BFFF404080F311884FF0030079
:10DE600002DF2046BDE81040FFF75EBC064801F027
:10DE7000E1F8BDE8104001F0C7B900BF8804060012
:10DE800030040600E0F505007DDC0300084B0422A9
:10DE900010B598182821F3F7CDFD064B00249C807F
:10DEA0000222214604481FF0FCFC204610BD00BFA2
:10DEB000E83E0020B0090020D03E0020084B04229C
:10DEC00010B598182821F3F7B5FD064B00249C8067
:10DED0000222214604481FF0E4FC204610BD00BF8A
:10DEE000E83E0020B0090020D03E002010B50446D6
:10DEF0000548F3F7C5FD20B1034600205870636064
:10DF000010BD6FF00B0010BDE83E0020034600205E
:10DF1000187058709860704738B52D4C2279617927
:10DF20002378914203D002FB03439D6835B9294809
:10DF3000F3F7A6FD054688B1284638BD26480EF001
:10DF4000F7FD23796279A1789A42F5D00133DBB2EB
:10DF5000994208BF00232371284638BD1E484FF45C
:10DF6000203200230EF0BCFDB0B91B480EF0E0FDDE
:10DF7000237961792278A07899421BD013FB02F2B1
:10DF8000164901338A58DBB2984208BF0023237137
:10DF900082B11546284638BD114A1249124840F24E
:10DFA000B91310F017FF404080F311884FF00300C1
:10DFB00002DFDAE70A4A0D490B484FF4DF7310F02D
:10DFC00009FF404080F311884FF0030002DFB3E700
:10DFD000B0090020E83E0020D03E0020B809002013
:10DFE000880406003CF60500E0F50500F004060094
:10DFF00010B5027843789A4214D0D4B244700278B3
:10E00000944204D05A1C4370D3B2022B0ED01A464D
:10E0100000EB82040B70606800B110BDFFF77CFF5D
:10E02000606010BD0133DBB2022BF0D10022134639
:10E03000EEE700BFF8B502784378934204462CD04F
:10E04000D5B2184A92F805E000EB85070EF10103FE
:10E050009078DBB2984208BF0023107998420E46B0
:10E0600079680BD094461CF8080B10FB0EF04CF8A6
:10E07000001053710C480EF00DFD00216B1CDBB23B
:10E08000022B0ABF00221A46134679602370012131
:10E0900004EB820431706068F8BD1A4604EB820418
:10E0A0006068F8BDB0090020D03E002070B5037A4A
:10E0B000C3F302130446002B93FAA3F0B0FA80F0E6
:10E0C00008BF4FF0FF3082B000F1010545D0217A42
:10E0D0005A1E134063F3061105F124002172FFF765
:10E0E00099FB00230DF1070104F10C008DF80730B6
:10E0F000FFF7A0FF0546002840D0284601F068F849
:10E100002B7803F00F03022B1ED00DF1070104F151
:10E110001800FFF78FFF064600283DD09DF8073016
:10E120002BB1D5F80230C6F80230EB88F3802146D7
:10E13000204800F07FFF962001F0E8F9002002B0AF
:10E14000BDE8704001F0C4B81B48214600F072FFE2
:10E1500002B0BDE8704001F063B9184A1849194887
:10E1600040F2B35310F036FE404080F311884FF078
:10E17000030002DF237AC3F30213A8E70F4A124910
:10E18000104840F2BC5310F025FE404080F3118847
:10E190004FF0030002DFB0E7084A0C49094840F29B
:10E1A000C65310F017FE404080F311884FF0030073
:10E1B00002DFB3E795DC0300D1E103008804060029
:10E1C000F4040600E0F50500FC0406000005060066
:10E1D00010B50446FFF776FB237A03F07102012A9B
:10E1E00005D1C3F3420262F306132372DBB213F0CC
:10E1F000700F05D0636853B193F820309B0706D5A4
:10E2000001F050F92046BDE81040FFF769BB2046F9
:10E21000FFF74CFF00F0F2FFBDE8104001F042BAFA
:10E2200070B5C36804461E68F5F728F80546304601
:10E23000FFF7D0FA00232D1AC4E9005323812046AA
:10E24000BDE87040E9F724BC10B582B00446FFF782
:10E25000D9FC00281ADB144A1449154800940023FD
:10E26000F6F700FA08B1773001D102B010BD114ABB
:10E270001149124840F2B22310F0ACFD404080F347
:10E2800011884FF0030002DF02B010BD094A0C49AB
:10E290000A4840F2AF2310F09DFD404080F3118802
:10E2A0004FF0030002DFD6E7917A020031DE03006F
:10E2B00075DD030088040600A0F70500E0F5050001
:10E2C000300406002DE9F0410D46417A9DF8188092
:10E2D0001746CA071E4609D5B8F1000F17D02B788C
:10E2E000B7EBD31F1AD00020BDE8F08129460446C1
:10E2F00011F8020B079AC0F38010FEF7CFFD00283B
:10E30000EDD1637ADB07EED5B8F1000FE7D1079BBB
:10E310001878FEF793FD0028E1D1E4E7062205F125
:10E320000801304620F09FF8B0FA80F04009BDE8BF
:10E33000F08100BF2DE9F84F1F460B9B9DF82890F8
:10E340009DF8305006460C4692466BB9437A03F06E
:10E350000303012B2CD9002D3AD02378BAEBD31F1D
:10E360004AD00020BDE8F88F88460D9A18F8020BB5
:10E37000C0F380104146FEF791FD0028F2D094F8DA
:10E3800000B0BAEBDB1FECD104F1080138460622DD
:10E3900020F069F80028E4D10D9B1B78FF2B1ED0DC
:10E3A000B27AFF2A1BD0981AB0FA80F04009D9E758
:10E3B00011F8020B0D9AC0F38010FEF76FFD0028D4
:10E3C000CBD1737A03F00303012BCAD9002DC4D13A
:10E3D0000D9B1878FEF732FD0028BED1C1E7CBF3C4
:10E3E000801BCB45BDD10B980622414620F03BF85F
:10E3F000B0FA80F04009B5E7062204F1080138467A
:10E4000020F031F8B0FA80F04009BDE8F88F00BF85
:10E410002DE9F0438BB0044600F028FFC0B250B99C
:10E42000FFF750FA7A48214600F004FE0BB0BDE831
:10E43000F04300F0E9BE00F039FF054601F046F870
:10E44000814601F04DF801F057FA064601F036FA20
:10E45000EDB2804600F0FCFFFFF734FA002DE1D06A
:10E4600016F0FF0677D1FF2301208DF82730F5F74E
:10E47000ABFD0546002800F09F80237B04EB83035F
:10E4800005F11C011F693B465FFA89F913F8020B7D
:10E4900000F00F0CBCF1010F08BF07F10808C0F332
:10E4A00080124FEAD017287F00F00F0018BF4FF0FE
:10E4B0000008032857D00528B4D1687F2228B1D19D
:10E4C00060680028AED090F820008007AAD40DF133
:10E4D00027000390CDE9018900972046FFF72AFF26
:10E4E00000289FD00420F5F76FFD00289AD04948F6
:10E4F000214600F09FFD00F087FE00F0ADFE0028F1
:10E500004CD1626892F8203043F0010382F8203049
:10E51000F5F77CFD17224FF6FF730271C38084600C
:10E52000054601F073F8286101F0C4F800210446A3
:10E53000084600F05DFE241A6C6196B19DF8273004
:10E540006B76F5F763FD2946E8602868F5F78CFDE2
:10E550000BB0BDE8F0835FFA88F0FEF71DFC0346C0
:10E5600082E7FF23ECE7687F0C287FF45BAFB8F10C
:10E57000000F7FF457AF0DF127000190CDF8009008
:10E580002046CDE906230591FFF79CFE10BB287FAE
:10E59000079BDDE9051200F00F008CE71E4A1F49BA
:10E5A0001F4840F2566310F015FC404080F311887C
:10E5B0004FF0030002DFA4E7174A1A49184840F257
:10E5C000F65310F007FC404080F311884FF0030031
:10E5D00002DF52E70E48214600F02CFD00F020FF3C
:10E5E000237E04EB8303D86900F0F2FD00F034FED3
:10E5F0000028ADD0084A0949094840F20F6310F0DD
:10E60000E9FB404080F311884FF0030002DF9FE7F1
:10E61000D1E10300E1DD030088040600DC0406000C
:10E62000E0F50500D4040600F8B50546FFF74AF901
:10E63000F5F7FEFD0446002836D02249A279087875
:10E64000214B60F30002A271204A1B881278A3803C
:10E650000121217022721BB195F91D30002B04DBC2
:10E660002846BDE8F840FFF73BB995F85B3003F06A
:10E670000703022B16D0042B0CBF4FF4BC772827BE
:10E6800001F004F8064601F007F8361AE6602A6B36
:10E69000C4E9042700232B63AB632846BDE8F84098
:10E6A000FFF71EB91827EBE7094A0A490A484FF451
:10E6B000527310F08FFB404080F311884FF003003D
:10E6C00002DFBAE720580020865300201F580020A0
:10E6D000440506002CFD0500E0F5050008B500F036
:10E6E000EFFD02780346012161F301021A70002058
:10E6F00008BD00BF00207047704700BF10B4064837
:10E70000064C0749074A0023238003700B701370DF
:10E710005DF8044B704700BF20580020865300204E
:10E72000215800201F58002038B550B30D4604462C
:10E73000FFF780FA002817DBE2682389518A01334A
:10E740000B445382F5F774FD044608B3A279002305
:10E7500063F3000201212170A380A2712372284675
:10E76000BDE83840FEF7E0BF104A11491148AC231C
:10E7700010F030FB404080F311884FF0030002DFBF
:10E78000DAE70D4800F056FCBDE8384000F03CBD2B
:10E79000064A0A490748B42310F01CFB404080F3A6
:10E7A00011884FF0030002DFD0E700BF44050600E8
:10E7B00030040600E0F5050029E603002CFD050005
:10E7C000F8B505460120F5F7FFFB044650B395F870
:10E7D0005B60B5F84E7006F007060021304600F089
:10E7E00083FC95F87230B2001B07F9B242F00102C7
:10E7F00004F11C040ED50431C9B2082000F0B8FCA5
:10E800002246314605F1730000F060FFBDE8F84094
:10E8100000F0D8BC082000F0ABFC2046BDE8F84072
:10E8200000F0D0BC064A074907484FF4217310F0A6
:10E83000D1FA404080F311884FF0030002DFC6E7B1
:10E8400044050600D4040600E0F5050038B504468A
:10E85000FFF726F8962000F059FE94F85A2094F815
:10E860005B00C2F3C00300F0070002F007020021C2
:10E8700000F076FD2046FFF7A3FF00F0EDFC58BB4B
:10E8800000F01EFF054694F85B00012100F0070030
:10E8900000F0AEFC94F85B3003F007030544022B54
:10E8A00005F1A30516D0042B0CBF4FF4BC7328232D
:10E8B00094F85A00C0F3C00100F007001D4400F0B6
:10E8C00093FC281A00F0B4FE21460A48BDE83840FF
:10E8D00000F0B0BB1823EBE7074A0849084840F2AC
:10E8E000392310F077FA404080F311884FF003008D
:10E8F00002DFC5E719EA030044050600DC04060050
:10E90000E0F50500F8B50F4690F85A10B0F84C60E5
:10E9100001F007040546C1F3C001204600F0E4FB06
:10E9200095F87230A200DB0642F00102F1B20DD57B
:10E930000431C9B2082000F01BFC394605F19400EF
:10E9400000F012FFBDE8F84000F042BC082000F0E3
:10E950000FFC3846BDE8F84000F03ABCF0B505467B
:10E9600083B001AAC06D0F46296EF3F7EFF895F852
:10E9700072305A07064638D448B3019C95F8713076
:10E9800095F8702004341C4412B9627885F8702020
:10E9900033B12378012262F30103237095F87130BB
:10E9A00095F87020D31A63702846F8F705FE63784F
:10E9B00083422AD960700121237803F00F030022DB
:10E9C00043EA01132370A2703C6003B0F0BD43F032
:10E9D000040385F8723000F073FC044623786FF36B
:10E9E000041323703C6003B0F0BD43F0040385F8CA
:10E9F000723000F065FC0446002EEFD0037843F03F
:10EA0000100303703C6003B0F0BD32682B6E9A4275
:10EA1000D1D10021D0E700BF2DE9F04182B00446FA
:10EA200000F024FCC0B250B9FEF742FFB8482146BE
:10EA300000F000FB02B0BDE8F04100F0E5BB00F0E3
:10EA400035FCC5B200F004FDFEF732FFB14A138871
:10EA5000012003441380F5F7B7FA8046002800F040
:10EA6000DD80002D49D1AC4B1E78002E40F0A480F3
:10EA7000012201A920461A70FFF770FF0026019FAE
:10EA80003546962000F042FD94F85B0000F0070048
:10EA900000F01EFCA148214600F0CCFA00F002FE76
:10EAA00094F872203B7862F3C3033B7094F87230A1
:10EAB0003A78C3F3400363F382023A703946204642
:10EAC000FFF720FF00F0C8FB002840F0998000F01D
:10EAD000DDFD002866D0002D6AD0A0894FF6FF73B7
:10EAE000984200F0CC802946F8F7CCFC002E75D176
:10EAF00002B0BDE8F041F5F7AFBA94F8723098F87B
:10EB00001C2003F00101C2F38000884200F09680CF
:10EB100094F91D2081F0010161F30003002A84F8BB
:10EB2000723005DA94F8203043F0040384F8203082
:10EB300094F872305D0700F1B380D4E9170101AA9F
:10EB4000F3F704F80546002800F0B08094F871202F
:10EB5000019B1344597971B194F87230D8060AD5E3
:10EB6000D4F8A4300133C4F8A430D4F8A83043F169
:10EB70000003C4F8A83094F870300A44D2B29A4224
:10EB8000C0F09A8000F0B080654A664966484FF44C
:10EB9000757310F01FF9404080F311884FF00300A7
:10EBA00002DF83E000F066FD00F06AFD002D94D1E5
:10EBB000A6B902B0BDE8F081013EF6B201A9204637
:10EBC0001E70FFF7CBFE002E7FF458AF019F504818
:10EBD000214600F02FFA00F023FC61E7F5F716FA62
:10EBE000032388F80430A389D8F80000A8F8063079
:10EBF0004146F5F721FA02B0BDE8F041F5F72CBA2D
:10EC0000474A4A49484840F28F1310F0E3F8404021
:10EC100080F311884FF0030002DF58E7404A44496F
:10EC20004148FF2310F0D6F8404080F311884FF0A0
:10EC3000030002DF002D3FF416AF5EE70025C2F3AC
:10EC4000C002C3F340039A4239D00026324A394BFE
:10EC5000002111702046012201A91A70FFF77EFEE3
:10EC600098F81C30DA0619D4019F3B78DB063FF593
:10EC700008AF7B78002B7FF404AFA8E70026284A72
:10EC80002D4929484FF4CF7310F0A4F8404080F389
:10EC900011884FF0030002DFA08924E7019FF0E60E
:10ECA0006FF3820384F8723000F00AFB94F872303C
:10ECB00098F81C200025C2E784F87120F6E70320AD
:10ECC000F5F782F90028C0D094F8723083F002037F
:10ECD00084F8723098F81D30002BB6D094F872305A
:10ECE00019072BD40126B1E70022A4F87020206E6A
:10ECF00004F15C01F2F732FF019B1B682B60019B62
:10ED00001D60019D94F8723098F81C2097E700BFB1
:10ED100029E6030086530020215800204DE8030017
:10ED20004405060060F60500E0F50500DC04060079
:10ED3000D4040600205800209805060000F04EFD7F
:10ED4000002867D000F074FD002853D1D4F8833038
:10ED5000D4F88720134305D198F81C3003F003033F
:10ED6000032B30D0324B3348022221461A7000F078
:10ED700061F900F049FA00F06FFA78B900F086FC0A
:10ED8000D0B1002D3FF415AFA0894FF6FF73984224
:10ED90003FF474AF2946F8F775FBA9E6264A2749E0
:10EDA00027484FF4887310F015F8404080F311881D
:10EDB0004FF0030002DFE1E700F05CFC00F060FCD4
:10EDC000002DE1D1F5E600F07FFA4378272B0146CC
:10EDD000C8D80333DAB208F11C001FF06CF9D4F87C
:10EDE0008330D4F88720013BC4F8833042F1FF33ED
:10EDF000C4F88730D4F883300D4A0133C4F8833027
:10EE0000D4F8873004F1830143F100034B60012300
:10EE1000137067E7084A0B49094840F2EF330FF0D7
:10EE2000D9FF404080F311884FF0030002DF89E7EB
:10EE30001F58002029E6030044050600DC040600F4
:10EE4000E0F505009005060010B582B00446FEF717
:10EE5000D9FE002825DBE16820894B6ACA6A00FBDD
:10EE60000333886A1344834228BF0346CB62134AA4
:10EE70001349144800940023F5F7F4FB08B17730E8
:10EE800001D102B010BD104A104911485D230FF0A6
:10EE9000A1FF404080F311884FF0030002DF02B071
:10EEA00010BD094A0B490A484C230FF093FF40401C
:10EEB00080F311884FF0030002DFCCE7017C0200F1
:10EEC00029E70300CDD70300B0050600A0F7050031
:10EED000E0F5050030040600054B4FF480320021B8
:10EEE000C3F80815C3F84423C3F80423704700BFD0
:10EEF00000B00040054B1878421C1A7018B9044B3A
:10EF000001221A6070470120704700BF225800207C
:10EF100000B0004010B50D4C207848B10138C0B2A7
:10EF2000207018B90A4B01225A6010BD012010BD93
:10EF3000084A0949094828230FF04CFF404080F354
:10EF400011884FF0030002DF2078E7E72258002005
:10EF500000B00040100606005C060600E0F5050063
:10EF6000014BD3F80405704700B00040024B00F598
:10EF7000A87043F82010704700B00040124B30B426
:10EF80000121044600205960C3F80445C3F800017C
:10EF9000C3F80401196005E0D3F8042132B9D3F8AD
:10EFA00004251AB1D3F80021002AF5D05960D3F80E
:10EFB0000421002AE7D1D3F80455002DE3D0C3F88B
:10EFC000042530BC704700BF00E0004070B58CB035
:10EFD0000E4615460146102268461C46F2F784FD8F
:10EFE00010220DEB02003146F2F77EFD6846FFF776
:10EFF000C5FF25B1102208A92846F2F775FD3CB1DE
:10F000000DF1200CBCE80F0020606160A260E3609D
:10F010000CB070BD044BD3F8103123B1034A044B3C
:10F0200010681B681847704700100040A841002076
:10F03000AC41002038B5044601200D46ECF756FDE2
:10F04000084B094A1C600949094B1560102002222F
:10F05000C1F80403C3F88021BDE838400120ECF773
:10F0600037BD00BFAC410020A84100200010004087
:10F0700000E100E04FF080434FF0FF320021C3F881
:10F08000002EC3F8042EC3F8081EC3F80C2EC3F8D4
:10F09000101EC3F8142EC3F8182EC3F81C2EC3F884
:10F0A000202EC3F8242EC3F8282EC3F82C2EC3F824
:10F0B000302EC3F8342E704710B50120ECF716FD42
:10F0C000064B074800244FF490514FF41052C0F8FB
:10F0D0001845C3F80018C3F8042810BD00F001401B
:10F0E00000100040704700BF054B02280CBF0421F0
:10F0F000032140F20122C3F81015C3F850267047CF
:10F1000000100040014BC3F80C0570470010004090
:10F11000014BC3F80805704700100040074BC3F8C7
:10F120005405D3F8182522F00072C3F81825D3F837
:10F13000182542F00072C3F81825704700100040EF
:10F140000A4A00210123C2F82C15C2F83035C378D1
:10F15000C2F82435437890F802C001781B0443EAD2
:10F160000C6343EA0123C2F81C35704700100040CD
:10F17000C2F38203A3F1020302F00302B3FA83F3A2
:10F18000013A5B091B06022A98BF43F4801300F082
:10F190000F000A4A184340F48070C2F81405D2F8F0
:10F1A0001805074B0340C2F81835D2F81835194333
:10F1B00041F44031C2F81815704700BF00100040FC
:10F1C0000000F8FE014BC3F8040570470010004032
:10F1D000014BC3F8040570470010004002280CBF23
:10F1E00028202920704700BF012070472920704740
:10F1F00002280CBF05200A20704700BF014B0122E6
:10F200001A60704700100040084A094910B40123F1
:10F210004FF410640020C2F808455360D360C1F871
:10F2200000020B615DF8044B704700BF00F0014025
:10F2300000100040074B0022C3F80021D3F8001152
:10F24000C3F80C21D3F80C11C3F81021D3F81031F6
:10F25000704700BF00100040034BD3F80001003896
:10F2600018BF0120704700BF00100040034BD3F8C7
:10F270000C01003818BF0120704700BF001000408B
:10F28000034BD3F85005B0FA80F04009704700BF37
:10F2900000100040044B40F20312C3F83425C3F8B9
:10F2A0003805C3F83C15704700100040034BD3F8F5
:10F2B0000004003818BF0120704700BF0010004054
:10F2C00000487047A441002000487047A04000203B
:10F2D000F0B41D4B1D4D1E4E1E4C1F4F0322C3F894
:10F2E00000222A78C6F8687502F10C03DBB2D00060
:10F2F000DB00910003F1804300F1804003F5F83317
:10F3000000F5F83001F18041C6F86C0501F51041B7
:10F3100004EB82041148C3F81045C3F81405D1F872
:10F3200040352D2B8ABFD1F8403501232D3BC1F844
:10F3300040350132064B4FF4106102F00102C3F870
:10F3400004152A70F0BC70470010004023580020BC
:10F3500000F00140409100400C11004004100040BA
:10F360002DE9F041284E294C294FDFF8ACE0DFF8B9
:10F37000AC800323C6F800322178CEF8688501F10D
:10F380000C03DBB2DB00CD0003F1804303F5F8335F
:10F3900005F1804507EB810705F5F835CEF86C558A
:10F3A0004FEA810CC3F8107549F63465C3F814654B
:10F3B0004AF2B813022A18BF1D460CF1804C42F2E3
:10F3C000B84241F28833022818BF13460CF5104C9E
:10F3D000104A2B44A2FB0323DCF84025B2EB931F19
:10F3E00085BF9809DCF8403501231B1ACCF840355D
:10F3F0000131094B4FF4106201F00101C3F80425FB
:10F400002170BDE8F08100BF0010004023580020AB
:10F4100040910040D34D621000F001400C110040BB
:10F420000449054B03204FF41062C1F80002C3F8F1
:10F43000082570470010004000F00140034B0022F7
:10F44000C3F81C21D3F81C31704700BF00100040E6
:10F45000034BD3F81C01003818BF0120704700BFD0
:10F460000010004010B44FF0000C4FEA8C0303F181
:10F47000804303F580531468C3F800460CF1010C77
:10F480009488C3F82046BCF1080F02F10602ECD1C3
:10F49000034B40EA0120C3F840065DF8044B704777
:10F4A00000100040034AD2F8403623F0FF03C2F8B0
:10F4B0004036704700100040034B0022C3F814216F
:10F4C000D3F81431704700BF00100040034BD3F84D
:10F4D0001401003818BF0120704700BF0010004021
:10F4E000014BD3F810047047001000400449054B4D
:10F4F000054A4FF48020C1F84803C3F80825704737
:10F5000000B0004000F00140C000700E034B044A00
:10F510001B7803F5A87342F8230070472358002096
:10F5200000900040F0B4A2F574232F4DA3F51073A2
:10F53000AB42044606D902F1E87202F5D432013931
:10F5400002F5A572294B2A482A4D2B4E0127DF6070
:10F550000027C3F80475A0FB02020427C3F8107546
:10F56000900C0227C3F80875244AC3F84005C5F873
:10F5700048154FF48021C5F844134021C2F8406576
:10F58000C2F84435C2F804154CB34FF48013C2F8E6
:10F5900004351B4A012100240423D160C2F804452C
:10F5A000C2F81035154BC2F8084511601549C3F86B
:10F5B00050150C32C3F8542502F5AF32124CC3F883
:10F5C000584502F5FC7201F50041C3F85C2538315D
:10F5D0000832C3F86015C3F86425F0BC70474FF4D7
:10F5E0000013C2F80435D4E7BFBDF07F00800040AF
:10F5F00083DE1B4300B0004048B1004000F00140F2
:10F60000009000400C11004040910040014BD3F8A5
:10F610004805704700B000400349044A01234B608D
:10F620000B61536013617047008000400090004000
:10F630000449054BC1F844054FF08862C3F804251E
:10F64000704700BF0080004000F00140054B0648B5
:10F650000649074AC3F84805C3F84C15C3F8042502
:10F66000704700BF00F001400011004040800040A2
:10F6700080000004014BD3F844057047008000402F
:10F68000014B1860704700BF9C400020014B186878
:10F69000704700BF9C400020014BD3F840057047E5
:10F6A00000800040024B4FF00062C3F80425704711
:10F6B00000F00140014BD3F848057047008000403E
:10F6C000014BD3F848057047008000401F4B30B411
:10F6D0000024C3F800450224A142C3F800450546B2
:10F6E0002DD003F580334FF00071194CC3F8041589
:10F6F0001849164BD1F818151748C9B20439C3F880
:10F700001815C3F804450021144CC3F80855C3F874
:10F710000C05C3F81025C3F81445C3F80012C3F84C
:10F720000011D3F80021C3F80411D3F80421C3F861
:10F7300008110122D3F808111A6030BC7047084B39
:10F74000084C4FF00071C3F80415D1E700F00040F9
:10F750000100000100100040A0400020903F002068
:10F7600000F001400100010130B4174B00240222D7
:10F77000C3F80045C3F80025144AD2F81825D2B2C0
:10F78000043AC3F818250546114AC3F80425114860
:10F79000C3F808550122C3F80C150F49C3F810052A
:10F7A000C3F81415C3F80022C3F80041D3F80011C0
:10F7B000C3F80441D3F80411C3F80841D3F8081181
:10F7C0001A6030BC704700BF00F0004000100040DD
:10F7D00000000101A0400020903F002010B5124C15
:10F7E0000223C4F80433D4F804316BB94FF020037A
:10F7F000EFF3118083F31288BFF36F8FECF75CFA9D
:10F80000D4F80431002BF1D0074B084A02204FF402
:10F810000041C3F80803C2F88011D3F80801B0FA18
:10F8200080F0400910BD00BF00F0004000E100E0A2
:10F83000034BD3F80004003818BF0120704700BF05
:10F8400000F00040F0B4194A194BD2F80455194E93
:10F850000024013D0327C3F80075C3F80405C3F86D
:10F860000815C3F81055C3F81465C3F80041D3F860
:10F870000011C3F80441D3F80411C3F80841402132
:10F88000D3F80831C2F86015D2F800320A4943F0C3
:10F890004003C2F80032C2F828414FF40003D2F806
:10F8A0002821C1F80435F0BC704700BF00100040AB
:10F8B00000F000408C3F002000F00140014BD3F8E5
:10F8C0000004704700F0004010B4084A084C094991
:10F8D0000023C2F828314FF40000D2F82821C4F8E0
:10F8E0000035C1F808055DF8044B70470010004072
:10F8F00000F0004000F00140174BD3F828314BB323
:10F9000010B5164C0123C4F80433D4F800316BB998
:10F910004FF02003EFF3118083F31288BFF36F8F52
:10F92000ECF7CAF9D4F80031002BF1D00B4B0C4A9C
:10F9300001204FF40041C3F80803C2F88011D3F846
:10F9400004212AB1D3F80801B0FA80F0400910BDB3
:10F95000002010BD002070470010004000F0004063
:10F9600000E100E00139012905D80B200AB1ECF7CC
:10F97000AFB8ECF7BBB808B5064A074907482D23CE
:10F980000FF028FA404080F311884FF0030002DFA7
:10F9900008BD00BF6806060060F60500E0F505003A
:10F9A00029B10139012905D80B20ECF7B3B818208B
:10F9B000ECF7B0B808B5074A0749084841230FF0EB
:10F9C00009FA404080F311884FF0030002DF002065
:10F9D00008BD00BF6806060060F60500E0F50500FA
:10F9E00088420FD0012807D002280DD1A1F10100D3
:10F9F000B0FA80F040097047A1F10200B0FA80F03F
:10FA0000400970470120704700207047012908B560
:10FA10000FD002290DD091B10C4A0D490D487B231E
:10FA20000FF0D8F9404080F311884FF0030002DF57
:10FA300008BD094B4FF40062C3F8002108BD064B16
:10FA40004FF08072C3F8002108BD00BF68060600B1
:10FA500060F60500E0F5050000E100E008B51DF0E6
:10FA600043FE08BD032810B5044604D8114B1C5DA5
:10FA70008CB1204610BD104A1049114829230FF0BF
:10FA8000A9F9404080F311884FF0030002DF094BD1
:10FA90001C5D002CEDD1084A0A4909482C230FF0BF
:10FAA00099F9404080F311884FF0030002DF2046AF
:10FAB00010BD00BF38070600B8060600080706009C
:10FAC000E0F5050028070600013810B51C4604289B
:10FAD00000F28280DFE800F01221303F03000429A9
:10FAE0004AD0444A44494548B8230FF073F940408E
:10FAF00080F311884FF0030002DF10BD042943D0CA
:10FB00003C4A3D493D484C230FF064F9404080F3A6
:10FB100011884FF0030002DF10BD03293CD0354AA5
:10FB20003549364863230FF055F9404080F311887A
:10FB30004FF0030002DF10BD042935D02D4A2E49B5
:10FB40002E487A230FF046F9404080F311884FF099
:10FB5000030002DF10BD032936D004292CD0254A2A
:10FB600025492648A0230FF035F9404080F311883D
:10FB70004FF0030002DF10BD214B9C60BDE8104038
:10FB800002210320F2F750B81E4B9C60BDE81040E4
:10FB900002210020F2F748B81B4B01219C60BDE810
:10FBA00010400846F2F740B8184B9C60BDE8104082
:10FBB00002210120F2F738B8154B02219C60BDE804
:10FBC00010400846F2F730B8124B9C60BDE8104078
:10FBD00001210220F2F728B8064A07490748BE2348
:10FBE0000FF0F8F8404080F311884FF0030002DF77
:10FBF00010BD00BFB806060060F60500E0F5050080
:10FC0000C4090020140A0020040A0020F40900207E
:10FC1000D4090020E409002001460020FFF7A6B91E
:10FC20004FF080530246D3F8A410013107D04FF0B3
:10FC30008051D1F8A00010F0010009D17047D3F82D
:10FC4000A8304FF6FF719BB28B42F0D10020704775
:10FC5000D1F8A4301360D1F8A8301371C3F307238F
:10FC600063F03F035371D1F8903001331CD0D1F8C9
:10FC70009430013318D0D1F89830013314D0D1F832
:10FC80009C30013310D0D1F89030C2F80630D1F852
:10FC90009430C2F80A30D1F89830C2F80E30D1F85A
:10FCA0009C30C2F8123008E00023C2F80630C2F8D7
:10FCB0000A30C2F80E30C2F812300120704700BF7F
:10FCC00000234FF08052036043608360C360D2F82A
:10FCD0008030013318D0D2F88430013314D0D2F8F8
:10FCE0008830013310D0D2F88C3001330CD0D2F8E8
:10FCF00080300B60D2F884304B60D2F888308B6053
:10FD0000D2F88C30CB60704700230B604B608B6067
:10FD1000CB607047024B2C2202FB0030704700BFC3
:10FD2000B0100020827A064B2C2101FB02339A6A24
:10FD30001B7F1B33801A23F00303B0FBF3F07047E3
:10FD4000B010002038B50A4B827A2C2404FB023311
:10FD50000C685B6A5B681A68944294BF0C600A6026
:10FD6000D3E90054FFF7DEFF05FB004038BD00BFBC
:10FD7000B01000202DE9F04385B005466846039198
:10FD800090461C461DF0E2FFDDE900674FF02003BE
:10FD9000EFF3118983F31288BFF36F8F6B8B002B06
:10FDA00045D02A8B9A4229D90022002328460CF0FC
:10FDB0003DFE044610B389F31188BFF36F8F039B98
:10FDC000002B45D032463B4668461DF0E3FF264DEA
:10FDD000A37A2C2606FB035303A95B6A1B68204603
:10FDE0001F68DDE90023B8476061002831D1A07A9F
:10FDF000214600FB06501DF046FD24E0698B4B1E9A
:10FE00006B8389F31188BFF36F8F2B7F2A8BAC6ACA
:10FE10001B3323F00303521A02FB0344124B134A11
:10FE2000EB1A9B105343A3722B7FE372C7E789F34E
:10FE30001188BFF36F8F2346424628460CF0F6FD2B
:10FE400004460028BBD10024204605B0BDE8F0835D
:10FE5000636100230122636022812382039A636924
:10FE60006282E360F0E700BFB0100020A38B2EBADF
:10FE70002DE9F041164D044600262C270CB9BDE8AB
:10FE8000F081237AD4F80480013BDBB22372002B8B
:10FE9000F5D1616959B1637ADB0707D4A37A07FB0F
:10FEA000035320465B6A1B689B6898476661A07A8B
:10FEB000E66007FB005366601B6A1BB1204698474B
:10FEC0004446DBE7214600FB07501DF0DCFCF7E76A
:10FED000B0100020020600F07F0312D5082B05D1D8
:10FEE000010700F00F0306D50E48704710F0780F99
:10FEF00012D100F00F034C2000EB43100A4B1844C2
:10FF00007047082B05D1020700F00F0306D50748FC
:10FF1000704710F0780FF6D000207047044800EBCF
:10FF2000431070472C430020E04100204C44002047
:10FF30004C430020014902481DF063BD08420020E7
:10FF4000D81C0020014601481DF092BC98100020EA
:10FF50000248002200230CF069BD00BF9810002069
:10FF600013B5124804F0D2FC114B98421AD1114833
:10FF700003F0A0FA0024104803F0E2FA0F491048F9
:10FF800000944FF0FF334FF480620CF08BFE0D496C
:10FF90000B481DF0AFFB0C480C491DF005FD204639
:10FFA00002B010BD6FF00400FAE700BFB501040015
:10FFB0000000AD0BAC1A060048070600E8760020EA
:10FFC000D81C00209E1A060008420020D10204001E
:10FFD00010B50E49BFF35B8F002351E8002F012AB3
:10FFE00003D141E800300028F7D1BFF35B8F0CD17B
:10FFF00051F8044C143920460EF0A3FE783004D199
:020000024000BC
:100000002046BDE810400EF077BE10BD0042002033
:1000100038B5002464F07F00C0B2FFF75BFF013405
:1000200013F096FE082CF5D10E4D0024E0B2FFF738
:1000300051FF036903B90561013413F089FE082CEF
:1000400005F14005F2D1084813F082FE074BD3F8C2
:100050007C2212B9064AC3F87C22064813F078FEC7
:10006000002038BD704800202C430020E0410020D3
:10007000704400204C44002010B5054CFFF768FF89
:1000800020B1416820461DF009FBF7E710BD00BF15
:10009000900F002007B500230E48002201A90CF0A4
:1000A0007BFA90B1FFF7E8FF0A480022002301A97C
:1000B0000CF072FA38B90198042340600374FFF71A
:1000C00041FFFFF737FF002001E00198406003B0D7
:1000D0005DF804FB900F0020022810B511D8094BE1
:1000E0001C5CFFF7D7FF60B1002202740472FFF7B7
:1000F00029FF054B93F824301BB1BDE81040FFF7F2
:1001000019BF10BDA91A0600E0410020F8B5877894
:1001100006463846FFF7DEFE3B06F578044612D564
:10012000002D43D1FFF7B6FF034600283ED0012241
:10013000A5770274032202739C60FFF703FFBDE8FA
:10014000F840FFF7F7BE4DB1012D2FD1FFF7A2FF09
:10015000034658B3657705740573EDE7FFF79AFF1B
:1001600020B3B278124B12F0800F02F0080111D0C8
:1001700041B1D3F8A836E36001230374022303736B
:100180008460DAE702F00F02142101FB0233D3F896
:100190000836F0E711B1D3F8A837ECE702F00F0208
:1001A000142101FB0233D3F80837E4E7F8BD00BFA0
:1001B00000700240F0B5064689B01422002103A861
:1001C0001DF0A1FF3378013B052B21D8DFE803F0B8
:1001D0007A0314146A1603238DF814300024FFF7F1
:1001E00059FF0346A0B1047400F10802DDE90501DE
:1001F00082E8030018461DE00423EDE7B77838468F
:10020000FFF768FE837A044623B1013B022B43D9F2
:1002100009B0F0BD3B06F57813D5002DF8D1FFF7F6
:1002200039FF03460028F3D00122A5770274032288
:1002300002739C60FFF786FE09B0BDE8F040FFF74F
:1002400079BE55B1012DE3D1FFF724FF0346002805
:10025000DED0657705740573EBE7FFF71BFF0746F4
:100260000028D5D00123037402230373846004F1B2
:100270000C01B07814F05AFF134AE168B2F88C32DE
:100280008B4206D95B1AA2F88C3204F093FD3846F3
:10029000D0E7A2F88C52FAE7304609B0BDE8F0404A
:1002A000FFF734BF01A804F063FD9DF80530052B6E
:1002B00004D19DF8043013F0600FA9D0034B0593CF
:1002C00001248CE702248AE7E04100204C4300200F
:1002D0002DE9F043A64CDFF89C9285B08046FFF7ED
:1002E00037FE074610B905B0BDE8F08394F8253015
:1002F0003A7C3BB9002A00F0868079689D481DF061
:10030000CDF9ECE7042A42D8DFE812F07D000500C1
:100310000001160140013B7BBD68032B37D8DFE8A5
:1003200003F0023D5A5F6E69934B002232607260A7
:10033000D3F880143170D3F884147170D3F8881412
:10034000D3F88C0441EA00217180D3F89014D3F8DB
:10035000940441EA0021B180D3F89814D3F89C3476
:1003600041EA0323F3800823EB6030687168834B14
:1003700003C311462B68687A984796F90030002B22
:1003800008DBF38833B1A4F88C3204F013FD7968EC
:100390004846B4E70023A4F88C32F8E76B7F002BC3
:1003A000F5D02B7F002BF2D000266E774FF0FF3276
:1003B00073482E774FF0FF3313F0DDFC6B69019328
:1003C0006B68CDE9023601A9687A04F0E1FA6C485D
:1003D00013F0D3FCDBE72B680121687A9847D6E756
:1003E000AB7A6BB9EB7F5BB965484FF0FF324FF0EA
:1003F000FF3313F0C0FC04F00DFD614813F0BDFCA9
:100400002B680221E9E73A7A042AC0D8DFE802F033
:1004100059032367730004F043FA05460028B6D158
:1004200004F074F9BFF35B8F5649012351E8002FA4
:10043000002A03D141E800300028F7D1BFF35B8FD9
:10044000A5D141F8085C41F8105CE069636114399A
:100450000EF0FAFB9BE7002565F07F00C0B2FFF7C6
:1004600039FD037A13B1407A04F09CFE0135082D62
:10047000F2D194F854311BB194F8550104F092FE76
:100480000025E8B2FFF726FD037A13B1407A04F0A5
:1004900089FE0135082DF4D194F874321BB194F81B
:1004A000750204F07FFE002004F0DCF9012384F8DB
:1004B00025302368002B3FF46AAF002102209847C3
:1004C00065E7002584F8255004F010FEFFF780FD55
:1004D0002368002B3FF45BAF29460420EFE7002B95
:1004E0003FF455AF04F0E6F92368002B3FF44FAF1B
:1004F00000210520E3E72268002A3FF448AF002BE3
:100500003FF445AF00210620904740E708F1100571
:100510004FF0FF334FF0FF32284613F02CFCFFF76B
:1005200077FD284613F029FC58F8283C002B3FF4AF
:100530002EAF00210120C2E794F874327BB101256F
:1005400084F8895284F88852FFF7A4FD38B10E4A26
:10055000057405738260FFF7F5FCFFF7EBFC58F8B4
:10056000283C002B3FF413AF00210A20A7E700BF6F
:10057000E0410020900F002000700240E441002084
:1005800018420020004200204C44002014F05AFC85
:1005900004F0ACFD04F0B0F8FFF76EFDFFF738FD96
:1005A00014F049FC014804F0B1F9F0E6B50104008B
:1005B00038B5164D95F824402CBB05F138001DF0D8
:1005C000B2F8204600F0F0FC22460121E861272025
:1005D000EBF7AEFA14F02FFCFFF71AFD044610B942
:1005E000012385F824300A4B1B680BB1FFF7A2FCEE
:1005F0004FF08043D3F83834DB0702D50020FFF7F3
:100600006BFD204638BD0024FBE700BFE041002021
:1006100098100020074B93F824203AB193F8253026
:10062000002B14BF00206FF0120070476FF0120013
:10063000704700BFE041002038B5104B93F82430DC
:100640000446C3B105782846FFF744FC10B96FF0A3
:10065000150038BD45722379837263884360207822
:10066000618810F0080F02D14B1E0B42EFD114F03D
:1006700058FD0020EDE76FF01200EAE7E0410020AE
:1006800038B5124B93F824200546CAB193F82530AB
:10069000B3B1FFF71FFC0446A8B1837A012B12D037
:1006A00007D9023B012B07D96369A3610020E060F1
:1006B00038BD04F0B7FBF7E7284604F02BFBF3E75F
:1006C0006FF01200F4E76FF01500F1E7E041002051
:1006D00038B50E4B93F82420054682B193F82530A7
:1006E0006BB1FFF7F7FB68B115F008040AD1284693
:1006F00004F032FB284604F0A9FD204638BD6FF017
:100700001200FBE76FF01500F8E700BFE0410020A2
:1007100038B50C4B93F8242005460C4662B193F88B
:1007200025304BB1FFF7D6FB48B144B1284604F061
:10073000F9FA2070002038BD6FF01200FBE76FF06F
:100740001500F8E7E041002070B5134E96F824300C
:100750000446C3B1FFF7BEFB0546B8B1230705D475
:10076000204604F0F9FA204604F070FD2B7A83B994
:1007700001232B7296F825300BB9002070BD20465E
:1007800004F010FDF9E76FF01200F7E76FF01500C5
:10079000F4E76FF07700F1E7E04100202DE9F04346
:1007A000DFF8EC801E4698F8243085B0074689466D
:1007B0001546002B61D098F82530002B5DD003063C
:1007C0005ED5FFF787FB0446002859D0037A002B3B
:1007D00056D04FF0FF334FF0FF3208F1380013F0DE
:1007E000CAFAA37F4BB108F1380013F0C6FA6FF0D4
:1007F0000A04204605B0BDE8F083A37AC5B13BB337
:100800000123A3774FF0000801A93846CDE90195EF
:10081000CDF80C8004F0BCF81B4B984229D084F82A
:100820001E801EBB6FF00404184813F0A6FAE0E720
:10083000E27F02B1E577002BE2D104F0FBFAB84287
:10084000DED004F0E7FA114813F097FA0024D0E75D
:10085000B8F80A30AB42F0D96268B5FBF2F302FB9C
:100860001353002BE9D10123E377E6E7C6F80080B4
:10087000D8E706B135600024D6E76FF01204B8E778
:100880006FF01504B5E700BF0000AD0B1842002063
:10089000E04100202DE9F0411D46204B174693F81A
:1008A00024200E46002A33D093F8253083B3030664
:1008B00031D401B97FBBFFF70DFB044658B3037A6F
:1008C0004BB34FF0FF3316484FF0FF3213F053FA9B
:1008D000E3689F42B84628BF984646B93FB905B17C
:1008E0002B600F4813F049FA0020BDE8F081A169A0
:1008F000424630461DF0DFFBA3694344A361E36831
:10090000A3EB0803E360002DEBD0C5F80080E8E717
:100910006FF01200E9E76FF01500E6E7E041002014
:100920001842002070B51E4D95F82420034682B36E
:1009300095F825206AB31B062ED4FFF7CBFA0446A0
:1009400050B3037A43B34FF0FF334FF0FF3205F15A
:10095000380013F010FAE368B3B90126636926770B
:10096000A361637F83B1FFF795FB30B905F13800D0
:1009700013F003FA6FF00B0070BD06748460067309
:10098000FFF7E0FAFFF7D6FA064813F0F6F9002071
:10099000F2E76FF01200EFE76FF01500ECE700BF31
:1009A000E04100201842002010B5084B93F8243095
:1009B0000C462BB1FFF78EFA28B10460002010BD61
:1009C0006FF01200FBE76FF01500F8E7E041002040
:1009D000014B1860704700BFE041002008B5074B8D
:1009E00093F8243023B1FFF775FA20B1406808BDB1
:1009F0006FF01200FBE76FF01500F8E7E041002010
:100A000013280ED8084A12F8103053B102EB4002F6
:100A1000527832B108684343002093FBF2F30B6035
:100A200070476FF015007047AD1A0600054B0122A4
:100A3000C3F8002590F8861009B1DA6070471A6093
:100A40005A60704700700040087970B500F01F04CC
:100A5000072C20D80B780B2B1DD8DFE803F00707F5
:100A600007071C061C1C1F211C2304234A78032A89
:100A70001AD0042A0FD100254A8844F20A06B2424D
:100A800046D013D844F20306B2423DD044F20506E4
:100A9000B2423BD0E2B36FF0150034E00523E5E746
:100AA0000623E3E70723E1E70125E5E744F214061F
:100AB000B2422FD044F22806B2422DD044F20F06A3
:100AC000B242E8D10322C0F340101B0243EA0053B4
:100AD00043EA053343EA0243220102F1804202F570
:100AE000E0420020C2F81835230103F1804303F5EA
:100AF000E0438A79C3F81425C3F81005074B4A79F7
:100B0000234483F8A02070BD0022DCE70122DAE74D
:100B10000222D8E70422D6E70522D4E718020020F3
:100B2000F7B50D464FF0FF3357484FF0FF320BF04B
:100B3000D7FF6E68731EFE2B3CD800235348544FDA
:100B40001A4626FA03F111F0010126D017F803C066
:100B5000BCF1000F2ED000EB031E6C7CDEF81815E4
:100B6000003C18BF012421F0807141EA0461CEF8F5
:100B7000181503F151010901013240F801C0D2B248
:100B80000133082BDDD12B7C083B062B12D8DFE884
:100B900003F009111D1119111B0003F15104240167
:100BA0000151EDE700233949012AC1F8F0356B7C8A
:100BB0000ED97BB16FF0150433480BF06BFF204664
:100BC00003B0F0BD0223EEE70323ECE70123EAE7DD
:100BD000082BEFD8C1F8F4352968530011B1898981
:100BE00001FB0333E96899424AD3284BA968C3F84B
:100BF0002C162F46C3F830260FCF264C04F174066E
:100C00000FC63B683360002626672B6827469BB3D8
:100C10000FCB04F1880585E80F006567A4F898609C
:100C200050B3BFF35B8F57E8003F47E80062002AEC
:100C3000F9D1BFF35B8F1849D4F88850174A4FF4A5
:100C400000400F463146E5FB007100233846E5F7CA
:100C500057FA0022CDE90001002304F108000CF04E
:100C6000FBFD0F484FF0FF324FF0FF330BF038FF22
:100C700000B12067246F9FE70648FFF7D7FEF0E733
:100C80006FF00B0498E700BF58020020007000408E
:100C9000B8020020180200203F420F0040420F001F
:100CA0007002002010B50E4B0024C3F80441D3F8A5
:100CB0000421C3F81041D3F810211222C3F80423F1
:100CC0000720EAF705FF224601210720EAF730FF57
:100CD0000448836C13B940300BF0DCFE002010BDDB
:100CE000007000401802002038B52F4BD3F80421C3
:100CF000002A4CD00022C3F80421D3F804112B4C55
:100D000001219960C3F80025636F2546D3B3D4F859
:100D10008C30B4F8982033B104F17401984701285D
:100D200014D0022828D0B4F89830B4F894209A420D
:100D300022D90133A4F898301B4BD3F82C26D3F8D2
:100D4000341689B202EB4102C3F82C26D4F888305D
:100D500023B9BDE838401548FFF768BEBFF35B8F85
:100D600055E8003F5A1E45E800210029F8D1BFF39D
:100D70005B8F012BEDDC38BDD4F8883013B10C4803
:100D80001DF029F80B48BDE838400BF083BED3F8BE
:100D900010110029EFD0C3F81021D3F8102101223F
:100DA0009A601A605A60E6E700700040180200205E
:100DB0002002002070020020084B70B5C31A0D46B7
:100DC00007499B10044659430648402213F049F84E
:100DD0002B4601462046BDE870401847844A002053
:100DE000B76DDBB684E6050073B50C4C0C4A4023A6
:100DF000041B00930D460B460A49A41061430646A6
:100E0000094813F05BF8011E05DA30462B4602B0A4
:100E1000BDE87040184702B070BD00BF844A002092
:100E2000293F0500B76DDBB684E60500002270B5EA
:100E3000012104461046EAF77BFE0F4801F040FE10
:100E40000E4B984215D101F04BFE26690C493046F5
:100E50000DF0E7FE00280BDB012535642469084905
:100E600004F11C000DF0DDFE002801DBE56400202C
:100E700070BD6FF00400FBE7B90E04000000AD0B7D
:100E80005807060070B501460C2309484B43C418A7
:100E9000D4E90E56403300221844A26312F0CEFF6C
:100EA0002DB132462B460348BDE87040184770BD4F
:100EB000844A002084E6050010B1012804D0704760
:100EC000034B1B6C5B0701D1FFF7DCBF704700BF12
:100ED000844A002008B54FF02003EFF3118183F31B
:100EE0001288BFF36F8F124A136843F0020010603C
:100EF000DA0708D481F31188BFF36F8F0120BDE8B2
:100F0000084001F005BE4FF08043D3F80C24D3F81D
:100F10000C34DB07EED5074812F090FF81F31188FF
:100F2000BFF36F8F0020BDE80840FFF7ABBF00BFE5
:100F3000D44A0020C44A00207FB500220123CDE915
:100F4000022304ABCDE90433094ACDF800D06B4647
:100F5000CDF804D012F0E1FF002805DB4FF4804209
:100F6000002368460BF0BCFD07B05DF804FB00BF32
:100F7000493F050010B54FF02003EFF3118483F3D0
:100F80001288BFF36F8F074A136823F00201DB0753
:100F9000116002D4012013F0C3FE84F31188BFF363
:100FA0006F8F10BDD44A0020024AC3B21C2003FB3D
:100FB00000207047844A0020094BBFF35B8F53E841
:100FC000002F42F0010143E800100028F7D1BFF3E1
:100FD0005B8F930702D4012001F09ABD704700BFD8
:100FE000D44A002010B54FF02003EFF3118483F3AF
:100FF0001288BFF36F8F074A136823F001019B0724
:10100000116002D4012013F08BFE84F31188BFF32A
:101010006F8F10BDD44A00202DE9F0413849BFF34D
:101020005B8F0746012251E8003F41E8002000287D
:10103000F9D1BFF35B8F33B9324933484B60CB6092
:101040008A600DF001FE7B1E012B2BD8012F07D1EA
:101050004FF08043D3F81C3403F00303012B21D05D
:101060001CF042FB0546F8B9284B1B78E3B14FF062
:1010700080430222C3F808230646DFF894804FF02D
:101080008044D4F81824D4F81834D20316D503F0C9
:101090000303012B01D0012F10D15DB386F311881A
:1010A000BFF36F8FBDE8F0814FF02003EFF311869F
:1010B00083F31288BFF36F8F0125DEE7ADB13046B1
:1010C000EAF7FAFDD4F81835002BDAD1D4F8042168
:1010D000002AD6D0C4F80431D4F804310123C4F86E
:1010E0001835C8F88031A360CBE7002121200CF02F
:1010F00037F9E7E74FF080430222C3F80423D1E732
:10110000804A0020704A0020A04A0020D15D0020C3
:1011100000E100E04FF02003EFF3118283F3128827
:10112000BFF36F8F094BD3F8001161B10021D3F8E1
:101130000805C3F80011D3F80031C0B282F311885A
:10114000BFF36F8F70476FF00A00F7E700D00040E1
:10115000F0B5034610469C7893F803C04FF0200585
:10116000EFF3118285F31288BFF36F8F1F7893F826
:1011700001E0E41B04EA0C04A04288BFA0B23E18C0
:101180000CEA06063D461E7082F31188BFF36F8F8E
:101190000A188A4217D177450DD14FF02001EFF39D
:1011A000118281F31288BFF36F8F1978597082F31F
:1011B0001188BFF36F8F1B79241AA34222BF064BFD
:1011C00001221A60F0BD5E190135767901F8016BD4
:1011D00005EA0C05DDE700BF00D00040DB432DE948
:1011E000F04713F001050E46144604D02348FFF7DC
:1011F000AFFFBDE8F087A2B34FF02003EFF31188F3
:1012000083F31288BFF36F8F0D20EAF783FC074644
:101210000D20EAF76BFC88F31188BFF36F8FDFF8BE
:1012200060A0DFF86080CAF80051DAF800314FF4AE
:1012300000590123CAF800302546C8F88091DAF831
:10124000003183B1FFF766FF031EC8F88091F6DB1B
:10125000013DADB27355002DF1D117B10D20EAF764
:1012600037FC2046C5E74FF02003EFF3118083F3EE
:101270001288BFF36F8FEAF71FFDE0E7084B0020ED
:1012800000D0004000E100E02DE9F041124F0D4692
:10129000144607F1450814B92046BDE8F0814FF027
:1012A000FF334FF0FF3238460BF01AFC2246294636
:1012B0004046FFF74DFF064638460BF0EBFB3EB9C4
:1012C0004FF0FF324FF0FF3304480BF009FCE6E724
:1012D000A41BA4B23544DEE7D84A0020F04A00201F
:1012E00038B5194C0122114620461CF0DAFA0122C9
:1012F000002104F118001CF0D4FA40F20743A4F8CE
:1013000048304FF0706323630C2384F83430002599
:101310000E4B84F84550A4F84650D3F8042542F00B
:101320000102C3F804250121C3F80051D3F80021BC
:10133000C3F804132A4619600D20EAF7F9FB0D20C3
:10134000EAF7C6FB284638BDD84A002000D0004046
:1013500010B5FFF7DFFE002820DB174B93F8322093
:1013600093F8314093F83310141B31EA0404C0B2EF
:101370000DD193F8472093F8464093F84810141B7A
:1013800031EA04040BD10D4B01225A600EE09C1887
:101390000132114084F8350083F8321010BD9C18DA
:1013A0000132114084F84A0083F847100448BDE830
:1013B00010400BF06FBB00BFD84A002000D00040A7
:1013C000F04A0020024B0B6001231360704700BFFE
:1013D0002C4B002000487047FC07060010B5012286
:1013E00011460748074C1CF05CFAFBF731FE13F07E
:1013F00012FD206013F00BFD6060002010BD00BFE7
:10140000344B00202C4B00204FF08042D2F81015B6
:10141000D2F8103501F01E0123F01F030B4343F0F7
:101420000103C2F81035024B00221A70704700BF4A
:10143000265800204FF08053D3F83031082B20D1AC
:101440004FF08042D2F81015CB071AD5D2F81035DC
:1014500001F01E0123F01F030B43C2F81035D2F830
:1014600008315BB1D2F8103523F01F030B4343F072
:101470000103C2F810356FF08B007047024B012258
:101480001A700020704700BF26580020F8B50446A7
:1014900013F0BDFC237B05460BB1FBF7EFFD134FAB
:1014A0000026FFF7C7FFE8B9606801F0D5FFA36821
:1014B0005B1BA36063682B4463603B780BB1FFF751
:1014C000A3FF237B01363BB9A368002BE9D1A068B9
:1014D000003818BF0120F8BD3046E6F7B5FA0028FD
:1014E000F2D0F4E76FF08B00F5E700BF265800203C
:1014F000F0B587B00E46154613F089FC294607461D
:10150000304612F030FFC8B3B6FBF7F307FB1363A6
:10151000A3BBB5FBF7F407FB14547CBBBD4222D33D
:101520004FF0FF324FF0FF3316480BF0D9FAFBF7BC
:10153000A1FD02AB01461022C0B1214618461CF0A5
:10154000E2FD01228DF814200F4ACDE900200F485A
:10155000CDE90365FBF786FD6846E6F7F9F9044631
:1015600008480BF097FA204607B0F0BD18461CF06B
:10157000CAFDCDE90365FFF789FFF0E76FF01504B9
:10158000F1E700BF344B00208D140400645E0100BD
:1015900070B5037B04460BB1FBF770FD194E0125B6
:1015A000A368032B06D8184AD2F80034DB07FBD512
:1015B000002070BDFFF73EFF08BB23686068196814
:1015C00001F06AFF33780BB1FFF71EFF6368043345
:1015D0006360236804332360A368043BA360237B18
:1015E0000135002BDCD02846E6F72EFA0028D7D0AC
:1015F000054AD2F80034D907FBD50120D9E76FF0AE
:101600008B00D6E72658002000E0014070B50D465B
:1016100086B01946284616461C4612F0A4FE60B352
:1016200045EA04039B0728D1FCB14FF0FF334FF08C
:10163000FF3213480BF054FAFBF71CFD0346CDE9CB
:10164000026502A804949BB101238DF814300D4B60
:10165000CDE9003041F64C50FBF704FD6846E6F753
:1016600077F9044606480BF015FA204606B070BD1F
:101670008DF81430FFF78CFFF3E76FF01504F4E7F3
:10168000344B00209115040030B54068057B01F013
:101690001F04B2F5001F85B044EA451405D1204669
:1016A00013F0ABFB002005B030BD0025B2F5800F74
:1016B000CDE9025514D1B3F1007F0CBF04230523FB
:1016C0008DF808300023194602AA204601F0E8FBF5
:1016D000234B98423DD10121204601F07DFDE1E7F9
:1016E000B3F1C06F27D0B3F1007F14BF01230223F1
:1016F0008DF80830836823FA01F111F00101E1D17E
:10170000B2F1A07FDED104F01F03620903F5E0739C
:1017100013D0012A20D1134A52F82330DB07D1D449
:101720000DF107052946204601F0F0FC0E4B9842CA
:1017300006D00395C6E70323DAE74FF0A042EBE7B4
:10174000284601F043FD064B9842F2D06FF00B00A3
:10175000A9E76FF01500A6E751F82330FFDE00BFC0
:101760000000AD0B000300500400AD0B10B501F0FC
:101770001DFD044668B901F0E1FC084B98420AD10E
:101780000748214601F0BCFC224605210620EAF765
:10179000CFF9002010BD6FF00400FBE70000AD0B97
:1017A000A5170400420970B5034602D0012A17D0DC
:1017B00070BD0D4E326951680029F9D003F01F0346
:1017C00001250C689D400029F2D08A682A4002D089
:1017D0004B68304698472CB1236821461C46F2E7F7
:1017E000024EE7E72346F8E7B4E605009CE605006D
:1017F0002DE9FF4147683B7B01F01F0545EA431592
:101800000E4628460DF10701144601F07FFC14F442
:10181000403F80460DD1284613F0EDFA3D4B9845E8
:1018200003D19DF8070001F0CBFC002004B0BDE817
:10183000F0810023194602AA2846CDE9023301F0BF
:101840002FFB344B984214D1804503D19DF80700FB
:1018500001F0B6FCA3034ED540F206332340B3F5A6
:10186000837F1AD00DD8062B18D005D8B3B1022B20
:1018700033D06FF01500D9E7B3F5807FF9D101239C
:101880000CE040F20222934229D0B3F5407F28D0E9
:10189000B3F5007FEDD1022300E007238DF8083077
:1018A00084F48033C3F30043E0068DF8093054BF5D
:1018B000C4F34013032321038DF80A3013D57A684B
:1018C0000123B340C2F80835002202A9284601F0DE
:1018D0009FFB104B9842A8D0CBE70423DEE70523FB
:1018E000DCE70323DAE7620341BF01237A68B340F0
:1018F000C2F80C35E8E7E3064FF0000354BFC4F329
:10190000401403241A4602A928468DF8084001F025
:10191000C7FADEE70000AD0B73B5446823680DF12C
:101920000701D3F80855D3F80C650DF02DFD9DF88F
:10193000073013B9204602F05DFA3146284603F01D
:10194000A5FC9DF80710054629B9206A12F018FE7B
:10195000204602F03FFA044B9D4214BF6FF00F0087
:10196000002002B070BD00BF0000AD0B38B5446868
:101970000569E3699847206A002112F001FE0028FA
:101980000DDB2B46084A04F10801204602F0E8F975
:10199000064B984204D1204602F01CFA002038BDC4
:1019A0006FF00400FBE700BFB11904000000AD0BAD
:1019B0000378012B08D0022B08D04BB9054B0B63E1
:1019C00001F118000BF066B8034BF8E7034BF6E79C
:1019D000034BF4E70000AD0B0100AE0B0200AE0BB1
:1019E0000100AD0B2DE9F04FD0F804A006698BB0D3
:1019F000934614221D468046BAF81830D6F8349023
:101A000002930C460DEB020000211CF07CFB8DF8CC
:101A100015504FF0FF324FF0FF3330460BF060F8B7
:101A200006F1180301930022019800230BF058F8E7
:101A300000273D465F4501D3002461E0207A02077C
:101A400000F1838001375F4521680AD2830708D4FB
:101A5000237D80EA030202F0010203F004031A432B
:101A600007D025B901F06043B3F1005F18D000231F
:101A700000E00123D4F804E0029A05EB0E0C944533
:101A800066D8C20706D4724609EB050003931CF022
:101A900012FB039B62682A4495B2002B3FD1FDB92B
:101AA0002368089363680025227A069302F00101F7
:101AB0008DF81410BAF8241099424CD382F0020227
:101AC000C2F34002520105A9504602F0C7F9234B68
:101AD000984209D00B33984210D16FF00F040FE0F9
:101AE000CDF820902B46DFE74FF480420198002389
:101AF0000AF0F6FF58B14046FFF70EFF6FF00404FE
:101B000030460AF0C7FF20460BB0BDE8F08F336BBC
:101B1000124A9342F2D1237ADB0702D400250C3417
:101B200088E7089B9945F9D1234608E0A91AD868A7
:101B300003938DB219FA81F11CF0BDFA039B5A6828
:101B40009542A3F10C03F1D2E8E76FF08504D7E7E3
:101B50006FF01B04D4E76FF01B04D4E70000AD0B5B
:101B60000B680068C01A024BC0105843704700BF92
:101B7000ABAAAAAAD0E90001014B0C221CF00FBBB2
:101B8000611B040038B505690446284640F8044B3B
:101B9000FFF7F0FF05F1100003491BF049FF6369EF
:101BA00001221A72002038BD6B4805002DE9F84F5C
:101BB00004460D4629B1012925D06FF08500BDE806
:101BC000F88F06690C27B368AB4206D9706800210C
:101BD00007FB050012F017FD88B1666800250C2789
:101BE0007368AB4206D93068002107FB050012F08C
:101BF0000AFD30B12046BDE8F84F12F049BE01356C
:101C0000E1E70135ECE7D0F81080DFF8A8A0002567
:101C10004FF00C09D8F808309D4209D2D8F804706A
:101C200009FB05F607EB060BB8591BF09DFCB8B98C
:101C3000666800250C277368AB4208D9326807FB39
:101C400005F302EB0308D0581BF08EFC48BB60681C
:101C5000002112F03CFD2046BDE8F84F12F040BED6
:101C60004FF48031584612F0CEFC0028E0D1DBF86A
:101C7000083022691901126C54509BF8040002EBE1
:101C80000313012202FA00F0C3E902A0B859191D9A
:101C90008368DB69002BCBD098470028C8D1013579
:101CA000B8E74FF40031404612F0ADFC0028CED129
:101CB0000135C0E7A74805002DE9F047DFF810C15E
:101CC000424F0026F3B2994202D80020BDE8F087C7
:101CD00050F8265005F07F03C5F343242D0C7F2BCD
:101CE000A5F1040508BF4FF0FF33082D61D8DFE8E8
:101CF00005F0050B11606060601846005D1CC2F8BD
:101D000008353FD10136DDE75D1CC2F80C35F9D04E
:101D1000012538E0C2F810355D1CF3D00025AE4631
:101D200008E0C2F80835002CF6D15C1CEAD000258A
:101D3000AE46062450F826A00AF40058B8F1000F69
:101D40001CBF01254FF0000E03F01F085B092DD0CA
:101D5000012B35D13B4603EB8808CAF3C11AD8F8EA
:101D6000003703EA0C09230243EA8A0343EA0E031D
:101D700043EA450343EA0903C8F80037C2E7C2F85B
:101D80000C35D0E700255FEA531E0CD0BEF1010FE1
:101D900012D1B94603F01F084FF0010E0EFA08F8F1
:101DA000C9F80C85C6E74FF0A049F3E74FF0A04310
:101DB000D1E76FF0850089E70023C3F80C35FFDE1B
:101DC00008F5E078002353F82830F8E700030050C6
:101DD000F0F8FCFF014B01221A60704700C0004080
:101DE0000C2903690BD1DB6A064907484B4393FB77
:101DF000F0F100FB113311605360002070476FF069
:101E00008500704790D0030040420F00044B0069EA
:101E10000022C3F80021D3F800310AF03BBE00BF16
:101E200000C000407FB505692B6B63B33A2901D030
:101E30000C292BD105F118064FF0FF324FF0FF337C
:101E400030460AF03DFD134B0193286B0323002419
:101E50006946039402930CF0F7FE4FF0FF324FF007
:101E6000FF3328460AF03CFE286B0CF045FF0A4B76
:101E7000D3F80825EA6201225A6030460AF09AFD3A
:101E8000204604B070BD6FF00A00FAE76FF08500DD
:101E9000F7E700BFD51D040000C0004010B504697D
:101EA0000020FFF781F820634FF0FF320021204629
:101EB0001BF0F7FC04F118001BF035FC0022012197
:101EC0000C20E9F735FE0C20E9F702FE024B012257
:101ED000C3F80423002010BD00C00040F0B5046921
:101EE0004768A56D236E85B006463DB96BBB1946A4
:101EF000306905B0BDE8F04012F06FBE616D03BB04
:101F000031BB3A8F636D0091AA4228BF2A46A26670
:101F10001BB1A36D002B18BF13460193E36D029311
:101F20001BB1236E002B18BF1346002269463846AA
:101F3000039301F0B5FD0E4B984217D06FF00401EA
:101F4000D6E79D4228BF1D46DAE7616D1D46D8E7FA
:101F500001F06043B3F1005FD3D0082D28BF0825FE
:101F6000206F2A461CF0A7F8216FCAE705B0F0BD24
:101F70000000AD0B2DE9F04F8FB0994643680193F7
:101F80008B88046992469A0407460E4600F1248124
:101F90004FF0FF324FF0FF3304F110000AF0A0FDC4
:101FA0006660D7F804B0D7F81080DBF808300393E8
:101FB00098F86D3023B1D8F800309E4200F08C8044
:101FC000B6F804E01EF4006F40F03C811EF0090FEB
:101FD00040F03581CEF34513082B40F03081336853
:101FE0000293029AAC4B9A4240F229810BF10C0CFD
:101FF000BCE80F0004AD0FC5BCE80F000FC5DDE95C
:1020000002329A4228BF1A469CE80300A34B9A4228
:1020100085E803001BD2A24B9A4218D2A14B9A42E8
:1020200015D2A14B9A4200F2E080A04B9A4200F2F6
:10203000DE809F4B9A4200F2DC809E4B9A4200F277
:10204000DA809D489D4B9E49824288BF0B461EF018
:10205000020F09930EF0040300F0CF80002B14BF91
:10206000032302238DF82830CEF300138DF8293096
:10207000DBF80030D3F80835002B15DB1EF0020F1B
:1020800003F01F00CEF340014FEA53134FF001025B
:1020900040F0BA80002B00F0B480934240F0F5800D
:1020A000884B8240C3F80C2598F86D302BB1584608
:1020B00001F0A8FC002388F86D304346824A04A949
:1020C000584601F06BFC814B984240F0A8800123F8
:1020D00088F86D30C8F80060012384F86C30019BEB
:1020E000186C431C01D012F0E0FDBAF1000F40F073
:1020F000AC80C4F844A00023A36404F1580204F1A6
:10210000480104F1440012F098FC6065B9F1000F39
:1021100040F0A480C4F84C900023236504F16002D1
:1021200004F1500104F14C0012F087FCE0652068D6
:102130000023236448B183683BB10121083012F0C9
:10214000B8FC236818691BF00AFA3846FFF7C6FE88
:102150000022A06C1346834240F089800023256D45
:102160001946A94240F08A809342264638BF13465A
:102170004FF4FA5202FB03F556F8283B4FF00008E3
:102180001B68B5FBF3F54FF4004CC835414640F2EF
:10219000E7304FF47A720023E5FB0C01E3F7B0FF60
:1021A00002460B4630460AF09BFC18B9256C15F127
:1021B000740F36D10198C4F8688001F023FC84F8CC
:1021C0006D8038696FF0730112F007FD30460AF038
:1021D000AFFC6FF0730524E0A369002B7FF4D8AE49
:1021E000636899427FF4D4AEDBE6394B2FE7394B75
:1021F0002DE7394B2BE7394B29E7003B18BF01236B
:1022000030E74FF0A0434CE733B1012B40D12D4BC9
:102210008240C3F8082547E74FF0A043F8E76FF086
:10222000040523689B8813F4005304D1636004F110
:1022300010000AF02FFC28460FB0BDE8F08F6FF0B9
:102240001505EEE76FF08505EBE7DAF8003063641B
:10225000002B3FF450AFDAF804304DE7D9F80030E6
:10226000E364002B3FF458AFD9F8043055E7616CB4
:1022700001EBC301013349680A446CE7E06C00EBF1
:10228000C1000131406803446BE7C1F80C15FFDE63
:102290000023C3F80835FAE747E801000048E801E1
:1022A0000024F40000127A00FF083D007F841E0025
:1022B0003F420F001FA107008FD0030048E8010034
:1022C00090D0030000030050134C05000000AD0B3C
:1022D00000093D0080841E0040420F0020A107003D
:1022E00000F01F0240090DD001280ED10A4B03EB6C
:1022F00082030A4AD3F80007024042EA8102C3F887
:10230000002770474FF0A043F1E702F5E072002389
:1023100053F82230FFDE00BF00030050F0F8FCFF4E
:1023200030B585B001238DF80430054602230DF148
:1023300007008DF80830039000F048FF0C4B9842DE
:1023400004460FD1002302AA01A9284600F0A8FDE7
:10235000A0420AD09DF8070000F032FF6FF00400A1
:1023600005B030BD6FF01200FAE70020F8E700BFBB
:102370000000AD0B70B5012383400E4ABFF35B8FA5
:10238000DC4352E8001F01EA040542E80056002E33
:10239000F7D1BFF35B8F4FF4803282400648C0F81C
:1023A0000823BFF35F8FBFF36F8F0B4214BF012071
:1023B000002070BDFC4B00200010014070B40E499D
:1023C000D1E90034D01AC31844F1000422F07F464A
:1023D000C1E90034A6F50013B3F5400F09D2074B4D
:1023E0001B681A0A1B069C19054B42F10005C3E93C
:1023F000004570BC0BF03AB9D01D0020004C002005
:10240000D81D002011B3BFF35B8F0123104A834016
:1024100052E800CF4CEA030C42E800C10029F7D192
:10242000BFF35B8F0B4A4FF480338340C2F8043311
:10243000094BBFF35B8F1B68BFF35B8FC340DB07A8
:1024400042BF064B4FF40032C3F80021704700BF73
:10245000FC4B002000100140F84B002000E100E0A0
:102460000D4B1868010A0006BFF35F8F0B4BD3F8C2
:102470000435181841F10001B3F5801F0AD2084B4A
:10248000D3E90023904271EB030303D210F1807073
:1024900041F10001704700BF004C002000100140D6
:1024A000D81D00202DE9F04F85B016461F469DF837
:1024B00040A00446FFF75EFF0190FFF7D1FFB04256
:1024C00071EB070354D23E4B301A67EB010198427F
:1024D00071F100014FD23B4B03EB0413D3E902230C
:1024E0009F4208BF96425ED037494FF4803804F1CE
:1024F000500508FA04F8AD00C1F848832046ADB293
:1025000012F0FBFB26F07F4B05F1804504F5A87324
:1025100005F58835DC464FF003090293029A2CF04A
:102520007F4341F82230C1F84483D1F80435274A6B
:102530006FF00200C01A604420F07F40904232D910
:10254000286868B1D1F804350393A3EB0B0020F0A1
:102550007F40B0F5000F26D9204612F0CEFB039B3A
:10256000BAF1000F07D109EB030C09F10109D5E716
:10257000BAF1000F09D06FF0150520460199FFF759
:1025800041FF284605B0BDE8F08F0123104ABFF394
:102590005B8FA34052E8000F184342E80001002976
:1025A000F8D1BFF35B8F07490E98230101EB0412AA
:1025B000C8500F9B5360C2E902670025DDE700BFEA
:1025C00001008000C01D002000100140FDFF7F00C1
:1025D000F84B00207FB51C4C1C4BC4F80833C4F8E2
:1025E00048331B4B00254FF0FF304FF0FF31C4F84C
:1025F0000855C3E902014FF48033C4F80433154B86
:1026000002264FF400320121C4F804631120C3F8FC
:1026100080212A46E9F78CFA1120E9F759FA0E4A87
:102620000123A360236013600C4B0D4A0093CDE996
:10263000015500232846FFF735FF3046FEF7ECFC36
:10264000284604B070BD00BF0010014003000F0019
:10265000C01D002000E100E0FC4B0020BD23040071
:10266000FFFF7F002DE9F7432F4CD4F8043399077F
:102670000BD5D4F8043143B12C4A0023C4F80431FB
:10268000D4F80431136801331360D4F80433DA0347
:102690002AD5BFF35B8F264B53E8002F22F00101B0
:1026A00043E800100028F7D1BFF35B8FD30702D4B3
:1026B000D4F84031C3B10025C4F84051D4F84031BA
:1026C000FFF7CEFE4FF02003EFF3118283F3128861
:1026D000BFF36F8F174BD3E90267B042B94106D2FF
:1026E00082F31188BFF36F8F03B0BDE8F0834FF022
:1026F000FF384FF0FF39C3E90289D3E900101D60AC
:102700004FF48033C4F84833C4F84051D4F8403112
:1027100082F31188BFF36F8F0029E5D00090324615
:102720003B4628468847DFE700100140004C002068
:10273000F84B0020C01D002030B5431C124C85B062
:1027400005D08442A8BF0446012CB8BF0124FFF77E
:1027500087FE0E4B0C4DD3E90013401AB0F5000F65
:1027600010D22218AA4228BF2A4652184FF0000061
:1027700007490091CDE9010043F10003FFF792FE04
:1027800005B030BD2A46F0E7FFFF7F00D01D0020D6
:10279000BD23040008B5FFF763FE024B1B68C01A97
:1027A00008BD00BFD01D002010B5084C0123636098
:1027B0001120E9F79BF9064BC4F80833C4F84833F5
:1027C000044B4FF40032C3F8802110BD00100140CB
:1027D00003000F0000E100E04FF08053D3F83021F8
:1027E000082A06D1D3F83431052B02D8024AD05C2E
:1027F00070470020704700BF911B060008B54FF0DE
:102800008053D3F83021082A4ED14FF08042002166
:10281000C2F80C11C2F81011C2F8381502F5404286
:10282000D3F80414C2F82015D3F80814C2F82415FC
:10283000D3F80C14C2F82815D3F81014C2F82C15CC
:10284000D3F81414C2F83015D3F81814C2F834159C
:10285000D3F81C14C2F84015D3F82014C2F844155C
:10286000D3F82414C2F84815D3F82814C2F84C152C
:10287000D3F82C14C2F85015D3F83014C2F85415FC
:10288000D3F83414C2F86015D3F83814C2F86415BC
:10289000D3F83C14C2F86815D3F84014C2F86C158C
:1028A000D3F84434C2F87035FFF796FF18B12B4BBC
:1028B0002B4AC3F88C26FFF78FFF18B1294BFB2258
:1028C000C3F81825FFF788FF70B14FF080414FF033
:1028D0008053D1F8E42ED3F8583222F00F0203F0DF
:1028E0000F031343C1F8E43EFFF776FF20B11E4B00
:1028F0004FF40072C3F840264FF08053D3F83031C4
:10290000082B09D14FF08043D3F80024D20744BFED
:102910006FF00102C3F80024144AD2F8883043F45F
:102920007003C2F88830BFF34F8FBFF36F8F4FF043
:102930008053D3F83021082A0ED1D3F83431052B37
:1029400002D80B4AD35C3BB14FF01023D3F80822D6
:102950004FF08043C3F8582508BD00BF0050004029
:102960004881030000F000400090024000ED00E0CC
:102970008B1B060030B50468CCB1BFF35B8FB4FA93
:1029800084F3C3F11F03DBB201229A4024EA02025E
:1029900050E8005FA54204D140E8002CBCF1000FD4
:1029A000F6D1BFF35B8FE6D102480B7030BD024811
:1029B000FCE700BF0000AD0B0200AD0B10B50368D3
:1029C000CB40DB0714D401238B400268BFF35B8F3D
:1029D00043EA020150E8004F944204D140E8001C51
:1029E000BCF1000FF6D1BFF35B8FEED1014810BDF3
:1029F0000148FCE70000AD0B0400AD0BF7B5044641
:102A000018B1012823D003B0F0BD4FF0804302225B
:102A1000C3F808230122DA60C3F80401D3F80431B3
:102A2000064601238DF8073042F210754FF08047BB
:102A3000D4B1012CE7D1D7F80C3403F48033AEBB0A
:102A400083B3012012F06AF9013DF4D12AE04FF07E
:102A500080430022C3F808035860C3F80021D3F86C
:102A600000310DF10706DCE7D7F8183403F48033A2
:102A70003EB9002BC7D0012012F050F9013DF3D12F
:102A8000C1E7D7F8182402F003023260002BBAD055
:102A90009DF80700012803D112F040F9013DC7D18C
:102AA000012CB0D1054B00225A71ACE7D7F80C24A9
:102AB00002F001023270002BEAD1F3E7044C00204F
:102AC000044B1A7922B9012218609A800248704793
:102AD00002487047044C00200000AD0B0C00AD0B09
:102AE00008B5094B1B682BB10020E9F713F808B9AA
:102AF000E8F7EEFF4FF080430022C3F81825034BA0
:102B000001221A7008BD00BF044C0020BF5C0020E9
:102B100010B510B1012843D010BD4FF08043D3F859
:102B20001814D3F81824C80321D502F00303012B8D
:102B300004D013B10020FFF761FF00234FF0804263
:102B40000220C2F8183508224FF4827303F1804343
:102B50000021196002F180421C6801241460154AAA
:102B600012680AB34FF08043C3F80403D4E7D3F8E4
:102B70001424D107E1D5D3F81C249207DAD40D4AE6
:102B800012681AB10222C3F80423C5E7D3F804215E
:102B9000002AFBD00022C3F80421D3F80431BBE79C
:102BA00000224FF48073D1E71A68002AFCD0196024
:102BB0001B68B1E7044C002010B54FF08043D3F8F8
:102BC00000216AB10022C3F80021D3F800210122BC
:102BD000C3F80823114B587910B95A711B689847EC
:102BE0004FF08043D3F8042172B10022C3F80421CE
:102BF000D3F80421D3F81824D3F81824920704D169
:102C00000122C3F818259A6010BD0222C3F80823D8
:102C1000024BBDE810401B6801201847044C0020FF
:102C2000036803F01F025B09026004D0012B034814
:102C300018BF002070474FF0A040704700030050BD
:102C4000034A430900F01F00D35C1844C0B2704728
:102C5000971B060070B50546FFF7F2FF0C4C0830D5
:102C60000E4634F81030DA0508D5C3F3432304EBDD
:102C7000C302284654F8333052689847A3682BB1F2
:102C8000E26831462846BDE87040184770BD00BF75
:102C9000D00B002010B5FFF7D3FF124A083032F8EE
:102CA0001030D9051CD5C3F3432123F4F85322F87F
:102CB000103002F10E04002034F8023F13F4807F3C
:102CC00003D0C3F3432399420AD001303028F3D113
:102CD000002342F831300448BDE81040FFF76EBED3
:102CE00010BD00BFD00B0020480C002008B5FFF736
:102CF000A7FF034B083033F81000400B08BD00BF9E
:102D0000D00B002008B5FFF79BFF034B083033F8CA
:102D10001000C0F3401008BDD00B0020034611F096
:102D2000010010B5CCB20DD1A207C4F3400012D5FA
:102D3000094AD2F820055860C2F82005003818BFAB
:102D4000012008E04FF0A041D1F820251A60C1F819
:102D50002025002AE8D010BD00030050F0B505463C
:102D600000200446012607468C420BD1114BD3F8B4
:102D70007C2132B10022C3F87C21D3F87C3140F0B1
:102D80000040F0BDE3B29B0003F580729B0806FA99
:102D900003F31D420BD002F1804202F5C042D2F88B
:102DA00000C0BCF1000F02D0176012681843013454
:102DB000DAE700BF0060004008B5FFF741FF044BB1
:102DC000083033F8100080F00200C0F3400008BD66
:102DD000D00B002010B50446FFF794FFC0B1204689
:102DE000FFF7EAFFA0B12046FFF780FF0B4A01235F
:102DF0008340C2F8083303B29B0003F1804303F51C
:102E0000C043D3F8102522F00302C3F8102510BDEB
:102E100020460021BDE8104011F0CDBF0060004009
:102E200073B50446FFF70CFF184E00F1080536F89D
:102E30001530DB0727D52046FFF7CCFF2046FFF7EC
:102E400061FF40B12046FFF751FF114B00F5A27022
:102E5000002243F820202046FFF71CFF002301A892
:102E600026F815300194FFF7DBFE019B00EB830091
:102E7000084BD0F80027134043F00203C0F8003796
:102E8000054802B070BD0548FBE700BFD00B00202D
:102E900000600040F0F8FCFF0000AD0B0400AD0B3B
:102EA0002DE9F04385B0064615461F46FFF7C8FEDC
:102EB000044611B3DFF8448100F1080938F81930ED
:102EC0009B0703D53046FFF71DFF18BB0023CDE954
:102ED00000338DF80E308DF80F300DF10F020B46D8
:102EE00030460DF10E0111F01DFF38F8193023F0B6
:102EF000020343F0010328F8193055B33F4B95F80E
:102F000000C06A6804F1080033F8101011F0020FD5
:102F100002D0B2B13A481EE021F02001C904C90C28
:102F200023F810106AB1BCF1030FF3D86A6892F865
:102F300000E0BCF1000F11D1324A0EF5A27E42F83A
:102F40002EC033F8102022F01C0242EA8C0223F833
:102F500010204FBB2C4805B0BDE8F0834FEA8E022D
:102F600002F1804202F5C04241EA4E31D2F81055DA
:102F700025F00305C2F81055D2F8105525F44F3549
:102F800025F44075C2F810553502D2F8108505F4C5
:102F90007C5545EA0C4545EA080541F0200123F837
:102FA0001010C2F81055CCE7D7E900873046FFF77C
:102FB00071FEB8F1000FCDD0104DD5E9002390453A
:102FC00003D19F4201D1002209E010480DF10F0109
:102FD000FFF7D0FC0C4B9842BDD19DF80F2045F86F
:102FE000328005EBC20308345F6035F8143043EAE1
:102FF000422343F4807325F81430ABE7D00B002054
:103000000400AD0B006000400000AD0B480C002038
:103010002DE9FF4104461646FFF712FE054629B387
:103020002046FFF7C9FE18B12046FFF76BFE18BB1C
:10303000304F05F1080837F8183013F01C0F02D094
:103040004B78012B18D001238DF80F300023CDE9E8
:1030500000134A1C8B1C20460DF10F0111F062FE7B
:1030600037F8183043F0030327F81830002E3ED00D
:103070002046FFF7A1FE18B11F4804B0BDE8F0815B
:1030800096F800C01B4F6146890001F1804101F5AF
:10309000C041C1F8100505F1080037F8105025F0BF
:1030A0002005ED04ED0C27F810507278FAB1D1F834
:1030B0001035B67823F4991323F4F853C1F810357A
:1030C00012042302D1F810E502F4403203F47C53D9
:1030D000134345EA4C35320543EA0E0302F48012ED
:1030E00045F02005134327F81050C1F81035034868
:1030F000C3E700BFD00B00200400AD0B0000AD0BF8
:10310000014BC3E902017047D00B002010B5044603
:10311000FFF7F8FD50B12046FFF792FD044B083051
:1031200033F8103003485B0B0B7010BD0248FCE70E
:10313000D00B00200000AD0B0400AD0B38B5174DCF
:1031400095F8804044BB2146602205F110001AF03A
:10315000DAFF286F214688420ED1114B0022C3F8B6
:103160007C210620D3F87C31E8F7B2FC01230D481E
:1031700085F88030AB6738BDCAB2920002F5807323
:103180007C2A04BF03F1804303F5C04301F1010130
:1031900004BF1C601B68DEE70348ECE7D00B00208F
:1031A000006000400000AD0B0500AD0B034B93F831
:1031B0008000003818BF0120704700BFD00B0020EE
:1031C00001460148FFF7FABB440C002001460148C4
:1031D000FFF7D0BB440C002013B5284BD3F80423D1
:1031E000002AA4BF4FF00042C3F804230446FFF7AF
:1031F00089FD08B32046FFF7DFFDE8B12046FFF761
:1032000075FD03B29B0003F1804202F5C24203F157
:10321000804303F5C043002414601268D3F81025DE
:1032200042F00102C3F8102521B1144A0123834062
:10323000C2F8043302B010BD2046FFF701FD104B69
:10324000083033F81030C3F38203042B12D0052B5F
:1032500012D001A80194FFF7E3FC019BD0F81015F0
:10326000D94001F001010231204602B0BDE8104012
:1032700011F0A1BD0321F7E70221F5E7006000404E
:10328000D00B00202DE9F04F694BDFF8B081D3F867
:103290000403D8F87010C0B289B040F00040FFF7C6
:1032A0005DFD051E2FDAC24600235AF87C1F06A8D2
:1032B000CDE90633FFF732FD5E4B01930DF118099E
:1032C0004FF0000B019A12F8013B0192DA0803F06B
:1032D00007031AF8022022FA03F3DA071CD409F1D3
:1032E0000409BBF1000F14D0D8F870104FF0004063
:1032F000FFF734FDD8F87C1006A8FFF70FFD002873
:10330000DAD125F000450124002D79D109B0BDE8BE
:10331000F08F4FF0010BD5E7474B5B440293D9F890
:1033200000100029DBD0029B91FAA1F11C78B1FAC0
:1033300081F141EA44142046FFF782FC08300594ED
:1033400038F81070C808BB0819F80020039301F082
:103350000701012303FA01F122EA010209F8002022
:1033600005A8FFF75DFC059A039B02F5E072C7F321
:10337000820650F822205B073746C2F3014224D56B
:1033800020463946D6B2FFF765FC05A80594FFF73D
:1033900047FC059B03F5E07350F82330C3F301436A
:1033A0009E4207D10021204611F005FD31462046FE
:1033B00011F001FD05A80594FFF732FC059B0122E1
:1033C00002FA03F3C0F82035A9E7022A0CD1032141
:1033D000204611F0F0FC06F00503012BEAD1394636
:1033E0002046FFF737FCE5E702212046039211F063
:1033F000E2FC032EF3D0039A032ADBD1022EEDE781
:1034000095FAA5F3B3FA83F304FA03F29B0003F1F0
:10341000804303F5C04325EA0205D3F81005D3F82D
:103420001015C0F30520C1F30141FFF713FC6BE752
:1034300000600040A71B0600A71B0600D00B002061
:10344000044AD2F80034DB07FBD50160BFF35F8F7D
:10345000704700BF00E001404FF080531A69B0FB95
:10346000F2F302FB130373B9084B0222C3F80425DD
:10347000C3F80805D3F80024D207FBD5002204487E
:10348000C3F8042570470348704700BF00E00140BF
:103490000000AD0B0A00AD0B10B5054C0123C4F8BC
:1034A0000435FFF7CDFF0023C4F8043510BD00BF7D
:1034B00000E0014010B5184C237853BB0278C2F3EA
:1034C0004003920712D54FF08053D3F83021082AD9
:1034D0000BD1D3F83431052B07D8104AD35C23B174
:1034E0004FF080430122C3F8382601234FF0804279
:1034F000C2F88035037803F00103C2F87835002064
:10350000E8F708FB08B9E8F7E3FA01230448237059
:1035100010BD0448FCE700BFC05C0020A91B0600EA
:103520000000AD0B0C00AD0B4FF080434FF4607208
:10353000C3F80823014B00221A6070470C4C00208E
:1035400008B5FFF7F1FF03680BB1014A136008BD2E
:103550000C4C002010B54FF08043D3F804436207B1
:1035600007D54FF4847011F05AFC10B11E4B1B6844
:103570009847A30608D54FF48A7011F050FC18B193
:103580001A4B00201B689847600608D54FF48C70D2
:1035900011F045FC18B1154B01201B689847210616
:1035A00008D54FF48E7011F03AFC18B1104B002082
:1035B0001B689847E20508D54FF4907011F02FFC76
:1035C00018B10B4B01201B689847A3050AD54FF48F
:1035D000927011F024FC28B1054BBDE810401B6827
:1035E0000220184710BD00BF144C0020104C0020D2
:1035F0000C4C0020036803F01F025B09026004D03A
:10360000012B034818BF002070474FF0A0407047BF
:1036100000030050012370B504460D464361642643
:1036200000220221204611F030FC20B9012011F0C7
:1036300075FB013EF4D100236B774FF08051D1E947
:103640004C1208291AD1052A18D80E498A5CAAB149
:103650004FF0FF32D4F80805D4F80C15C4F8003543
:10366000C4F80825C4F80C250922C4F80025C4F8BC
:103670000035C4F80805C4F80C1570BD0023C4F863
:103680000035FAE7AF1B06000F4B984219D00DD852
:103690000E4B984215D007D80D4B984211D00D4BC8
:1036A000C31A5842584170470B4BF9E70B4B9842ED
:1036B00007D004D80A4B984203D00A4BF0E70A4BD4
:1036C000EEE70120704700BF80841E0020A10700A4
:1036D00048E8010090D0030040420F000024F400AD
:1036E00000093D0000127A000048E80173B5164653
:1036F000421C1C460546069B18D0012902D1BBB1CD
:1037000011F001FC01A80195FFF774FF019B00EB8C
:1037100083002402D0F80027074B44EA86040C43B8
:1037200013401C4344EA4101C0F8001702B070BDC9
:1037300011F0F6FBE6E700BFF0F8FCFF2DE9F04FD3
:10374000814B4D6990F804909D4285B006460C4629
:1037500000F0C78000F2B7807C4B9D4200F0C4802F
:1037600000F2A9807A4B9D4200F0C180794B9D42C6
:103770000CBF4FF080654FF08045774F94F82300E1
:10378000242202FB0973997F60F300019977337952
:10379000217C02FB03739A7F61F341029A7794F8CC
:1037A0002380B8F1000F34D162696C4B9A420CBF90
:1037B0004FF0030A4FF0000A237E012B94BF002331
:1037C000012300932068534642460121FFF78EFFF4
:1037D000CDF800806068534642460121FFF786FF1E
:1037E000CDF80080A27EA06853464146FFF77EFFD9
:1037F000237C83F001030093E06853464246012195
:10380000FFF774FF01210091E06953464246FFF73C
:103810006DFF94F821202423002A71D003FB097343
:103820004FF0FF321A62D4E900BAE369D4F8089085
:10383000A07C217E94F81980D4F80CE0227C94F8C6
:1038400022C0029394F8203094F824400393336804
:1038500074B9029CC3F808B5C3F80CA5C3F8109559
:10386000C3F86C45C3F814E5C3F86825C3F864C50C
:10387000B8F1000218BF01220229C3F8C005C3F83D
:10388000245558D0032959D0012901D142F0020210
:10389000C3F85425039AC3F860253379242253438F
:1038A000FB58002B4DD0306840F3073005B0BDE821
:1038B000F04FE8F70DB92A4B9D420CBF4FF08055F1
:1038C0004FF0804559E7274B9D4213D0234B9D4233
:1038D00013D0254B9D420CBF4FF000454FF0804563
:1038E0004BE74FF0005548E74FF0006545E74FF0D4
:1038F000007542E74FF020653FE74FF0A0553CE7E9
:1039000003FB0979E168C9F82010217C99F81E3081
:1039100061F3410389F81E30E369D4F80890A07C74
:10392000217E94F819800293D4E900BA4FF0FF3E4B
:103930004FF0020C86E742F00402A9E742F00602CB
:10394000A6E705B0BDE8F08F80841E0020A1070027
:1039500048E8010090D003001C4C00200048E8011A
:1039600040420F000024F40000127A00431C07B507
:103970000ED0019001A8FFF73DFE019B00EB8300F4
:10398000054BD0F80027134043F00203C0F800377E
:1039900003B05DF804FB00BFF0F8FCFF2DE9F8432D
:1039A0000746144C97F80480242505FB08F504EB22
:1039B00005091E4699F81C30C3B999B14869FFF74B
:1039C00063FEA8B138466251C9F80460FFF7B6FE3D
:1039D000242303FB0844002363770748012323774C
:1039E000BDE8F8836251C9F80460F1E70348F7E7DE
:1039F0000348F5E71C4C00200000AD0B0500AD0BA3
:103A00000400AD0B2DE9F041044606790068214D14
:103A100040F30730E8F76AF824237343EB5853B1B7
:103A200023681D4AC3F8082306EBC601206805EB8E
:103A30008101FFF7EFFD2421236801FB0651D3F834
:103A40000805D3F80C75D3F810858B7FDB0714D4E9
:103A5000FFF78CFF4046FFF789FF3846FFF786FFE8
:103A6000086AFFF783FF2368D3F86C05D3F81415B1
:103A7000FFF77CFF0846FFF779FF2368074A934268
:103A800004BF01225A60242303FB065500232B7731
:103A9000BDE8F0811C4C00205201080000F00240FB
:103AA0002DE9F0430779DFF8C48124237B431646D0
:103AB00008EB03020D46517F85B08146002940F096
:103AC000C68058F8033023B116F0140F04BF012349
:103AD000537795E80F00242404FB078404F10C0CB1
:103AE0008CE80F00206A431C04D0A37F99071AD5E5
:103AF00011F009FA2968D9F8004021B101F06043BA
:103B0000B3F1005F06D1AB6883B103F06043B3F15A
:103B1000005F0BD0242303FB078300224D485A7714
:103B200005B0BDE8F08311F0FBF9E3E74A4B9C4296
:103B300024D14FF080436A68D3F8000E474B1860D9
:103B4000E2B1474821F4FF5323F01F0383426ED8AC
:103B50005018DFF81CC1C3F34F3101228A40002105
:103B600003F50053984241EA02014FEA420201D9AB
:103B70006345F5D34FF08043C3F8001E16F00103F0
:103B800018BF0123C4F8503516F0020318BF0123F3
:103B9000C4F8403595E80F00EC468CE80F00039B15
:103BA000C4F84405C4F84815C4F83425C4F83835B9
:103BB0000023C4F81831D4F8183116F008054FF076
:103BC0000703C4F800350FD124237B4358F80320A2
:103BD0000123236142B9D4F81831002BFBD062468F
:103BE0004021204611F051F924237B4358F803303B
:103BF0001BBB194B9C4201BF184B1A684FF0804306
:103C0000C3F8002E242303FB0783186A421C04D048
:103C10009B7F9B070ED511F083F935B907EBC707DA
:103C200008EB87012046FFF7F5FC0E4878E74FF4D4
:103C300080719FE711F067F9EFE716F0040F4FF07E
:103C4000400314BFC4F80833C4F80433EDE7064852
:103C500066E700BF0A00AD0B00F00240184C0020E0
:103C6000FFFF00200000AD0B0B00AD0B1C4C002033
:103C70000020012010B5134A1348402111F005F926
:103C8000F8B1124B124C1A684FF08043C3F8002E63
:103C9000206A421C04D0A37F9B070FD511F040F986
:103CA000637F1BB10A490848FFF7B4FC0023237265
:103CB0000848D4E90031BDE81040184711F023F955
:103CC000EEE710BD284C002000F00240184C002008
:103CD0001C4C0020244C002030B500F01F0440098B
:103CE00011D0012812D10C4800EB84001B02D0F83F
:103CF00000570A4C43EA82022C4042EA4101214328
:103D0000C0F8001730BD4FF0A040EDE704F5E074B7
:103D1000002353F82430FFDE00030050F0F8FCFFCE
:103D200010B4CC7B8A6803682CB9D1E90041C3F890
:103D30000845C3F80C15C3F82425037928225343FA
:103D4000064AD35833B100685DF8044B40F307309E
:103D5000E7F7BEBE5DF8044B704700BF404C002043
:103D60002DE9F04190F80480164E0746282000FB0C
:103D700008F035180C4695F82210F1B9A9603250B8
:103D80006B6085F8251085F824106CB1A37B85F84D
:103D90002730204611F002F988B1637B85F8263080
:103DA00021463846FFF7BCFF282303FB0866064878
:103DB000012386F82230BDE8F0810448FBE704487F
:103DC000F9E700BF404C00200000AD0B0500AD0B33
:103DD0000400AD0B036802790621C3F80015044BFB
:103DE000282101FB0233022283F82220704700BF02
:103DF000404C002010B5164B0479282202FB0432F7
:103E00000021916002681349C2F80813D2F8001229
:103E100021F4BC51C2F800124FF08051D1F83001AA
:103E2000082809D1D1F83411052905D80A48415C80
:103E300011B10921C2F800150021C2F8001528228D
:103E400002FB0433012283F8222083F8241010BDE2
:103E5000404C002002029C01B51B06002DE9F84FE2
:103E6000B04D90F804900468282303FB0953904652
:103E7000002283F823204B680E4633B1CB6803F051
:103E80006043B3F1005F40F085813378023B012B42
:103E900006D8336903F06043B3F1005F40F07A81E4
:103EA000A14BC4F80833282303FB095393F82410CB
:103EB00001F0FF0239B19B68DFF878B2C4F804332F
:103EC0005846BDE8F88F18F0140F0CBF01210021EF
:103ED00083F82410317883F82010717883F821104A
:103EE000F168D9607168196131695961B168996186
:103EF000C8F3001183F82510C3F81C807378C4F848
:103F00008835C4F86021D4F86031C4F84821D4F869
:103F10004831C4F82421D4F82431C4F80421D4F859
:103F2000043118F0010318BF0123C4F8503518F00C
:103F3000020318BF0123C4F84035337809EB890721
:103F400005EBC707032B00F2A380DFE803F07998A5
:103F500062024FF48073C4F80032D7E90323C4F837
:103F60004425C4F848350123A3604FF4801120464E
:103F700011F037F80028F8D1D7E90523C4F8442513
:103F8000C4F84835282303FB09534FF480229A6074
:103F9000DFF8A4B1282202FB09F218F0080AAB5896
:103FA00005EB020013D13178032910D0012940F02C
:103FB00085802160002B6ED0282202FB09F27168F7
:103FC000AA5821B9002A00F0BB8001226261282290
:103FD00002FB09F2A918AA58002A00F0B18018F0D3
:103FE000040F1CBF00228A6018F0400F06D128225F
:103FF00002FB0952916841F002019160282202FB04
:104000000952916841F4007191609268C4F80423E8
:1040100056E7D7E90323C4F84425C4F84835D7E95F
:104020000523C4F83425C4F838354FF48453C4F854
:10403000003201232362282303FB09530222A6E74F
:10404000D7E9032318F0200FC4F84425C4F84835F5
:104050004FF0280315BF4FF480724FF4007203FB3A
:10406000095303FB095315BFC4F80022C4F800220A
:104070004FF4802202229A600123236288E7D7E965
:104080000323C4F83425C4F838354FF48053CEE701
:10409000DFF8A8B07EE7026902B961612349DFF861
:1040A00090A0204610F09DFF012210F4007F18BF61
:1040B000626110EA0A0F1D49F3D07DE70121A1607A
:1040C000002B7FF479AF006918B3194B1AEA030F7C
:1040D0007FF472AF1549204610F083FF10F4007F83
:1040E0008246F2D04FF08071204610F07AFFD4F86B
:1040F000001280B111F4007003D1012222628246C5
:104100006261CB05E1D54FF48021204610F069FFB4
:1041100004E06161D9E70122226262614FF0000A86
:10412000D3E700BF404C002002029C0102020400C1
:10413000020004000B00AD0B0000AD0B0400AD0B42
:104140002821D4F8C424C4F8C42401FB0955002153
:1041500085F824108AB11149114B12F0010F14BFD8
:104160008B469B46013112F0020F18BF8B4612F0AE
:10417000040F0C4A18BF9346A2E618F0400F7FF4D4
:104180009FAE3946204610F0D8FE054A002808BFE9
:10419000934695E6DFF810B092E600BF0000AE0B44
:1041A0000100AD0B0200AE0B0A00AD0B70B55C4D0B
:1041B0005C4C86B00221284610F013FF4FF40071CA
:1041C0000646284610F00DFFD8B1E6B9A368C5F839
:1041D00008330223A360A368C5F804334FF080714D
:1041E000284610F0FEFE18B1D5F800329B0503D426
:1041F0004B4B01221A625A61012384F8233006B026
:1042000070BD002E57D0E5696E060AD494F82330AD
:104210003BB94449424810F090FE80F0010084F818
:10422000230015F0040524D13D4B94F82520C3F854
:104230006051D3F86011C3F85C51D3F85C1112B12E
:1042400094F8232052B10022C3F80022A260364A1B
:10425000C3F80823354B0822C3F88021238CADF81E
:104260000430E36804932369029363690593A369A7
:1042700003932B4AD2F8C434C2F8C434980749D403
:10428000590749D4DA0749D494F823309B00DBB2AC
:104290008DF8003094F825300BB984F82430E369A8
:1042A0005B0703D594F82330002BA8D0D4E9003164
:1042B00068469847A3E74FF48021284610F091FE06
:1042C00094F82030A3B994F825304BB9C5F80032E2
:1042D000A360154BC5F80833144B0822C3F880219E
:1042E00000238DF8043094F821308DF80530B8E7BC
:1042F0004FF40073C5F8003240F20223A36003F1CB
:10430000CE73C5F80833A368C5F804330123AB6046
:104310002B6274E70123BBE70223B9E70323B7E766
:1043200000300040404C002002029C0100E100E00F
:104330004FF08053D3F83021082A06D1D3F8343116
:10434000052B04D8034AD05C704700207047012039
:10435000704700BFBB1B0600054B10F0800FA3F198
:10436000900208BF134600F00F0003EB00107047E7
:10437000104E002007B5074A00231370064A137039
:1043800001230193054B01A81B68984703B05DF812
:1043900004FB00BFC45C0020C35C0020A84E0020CA
:1043A00013B5194BD3F80044C3F80044E105D3F822
:1043B000003408D5154B01221A7002230193144BC7
:1043C00001A81B689847A20508D5104B00221A7057
:1043D000032301930E4B01A81B689847630510D572
:1043E0000A4B1A786AB100221A70074B0122C3F8EF
:1043F00008259A659B6D04230193054B01A81B6852
:10440000984702B010BD00BF00700240C45C00209D
:10441000A84E00204FF02003EFF3118083F31288A1
:10442000BFF36F8F0A4BD3F8001C032261B949F226
:104430007531C3F8001CC3F8142DC3F8001C80F3B9
:104440001188BFF36F8F7047C3F8142DF7E700BFD3
:1044500000E006404FF02003EFF3118083F3128851
:10446000BFF36F8F0A4BD3F8001C61B949F2753264
:10447000C3F8002CC3F8141DC3F8002C80F3118876
:10448000BFF36F8F70470022C3F8142DF6E700BF0B
:1044900000E00640F8B54B680B4F9A4228BF1A4619
:1044A0000C461546064609684023384619F0C8FFF1
:1044B000C6E9007560682368401B2B446060236078
:1044C000003818BF0120F8BD684C002070B54B685B
:1044D0009A4228BF1A4606460D4614468AB1402322
:1044E0000968094819F0ACFF074BC6E900346B684E
:1044F0001B1B6B602B682344201E2B6018BF012000
:1045000070BD1346F1E700BF684C002007B50023DB
:104510008DF804300B4BD3F82025ADF80620D3F8E6
:10452000C034094A002B136814BF4FF001214FF427
:1045300080710B431360054B01A81B68984703B0BB
:104540005DF804FB00700240A44E0020A84E00203D
:10455000064BBFF35B8F53E8001F014043E8001296
:10456000002AF8D1BFF35B8F704700BFA04E002038
:104570004FF08053D3F83031082B02BF034B002299
:10458000C3F81C2C024B00221A70704700700240C6
:10459000C25C002008B5FFF7EBFF084B93F89E20A4
:1045A000032A05D1BDE808406FF00100FFF7D0BF36
:1045B000D3F89030002BF5D008BD00BF804D00200F
:1045C00073B5012202FA01F51C491D4E0B6810F06B
:1045D000800F43EA050304460B6024D000F00F026D
:1045E000184B33F8123003F1804303F51C331A687B
:1045F00032B100221A6080281B6811D010F062FDD1
:1046000033682B400AD106228DF804208DF806402D
:104610008DF807300C4B01A81B68984702B070BD9D
:10462000FFF7B8FFECE733681D42F7D106238DF89A
:1046300004308DF806008DF80720EBE7A44E00202B
:10464000A04E002080120600A84E002008B5054BA1
:104650001A78104610F02DFDBDE8084001461046BE
:10466000FFF7AEBFC35C002007B5FFF781FF0C4B1F
:1046700093F88E20032A10D0D3F880306BB96FF0F6
:104680008070FFF765FF06238DF804300823ADF82E
:104690000630044B01A81B68984703B05DF804FB83
:1046A000804D0020A84E002007B5FFF761FF104B9A
:1046B00093F81E21032A06D16FF4807003B05DF8D1
:1046C00004EBFFF745BFD3F810316BB96FF480707E
:1046D000FFF73EFF06238DF804308823ADF806303F
:1046E000044B01A81B68984703B05DF804FB00BFAA
:1046F000804D0020A84E0020024A00231360024A89
:1047000013707047A84E0020C55C002008B54E4BC2
:104710004FF40062C3F80024D3F80034FFF708FE1A
:1047200008B1FFF777FE4FF08053D3F83031082BF4
:1047300019D14FF02003EFF3118083F31288BFF3F8
:104740006F8F424BD3F8001CC022002973D149F26D
:104750007531C3F8001CC3F8142CC3F8001C80F397
:104760001188BFF36F8F384B0122C3F80025D3F8AF
:104770000025D3F800241205FBD54FF40062C3F8DE
:104780000024D3F800344FF08053D3F83031082B95
:1047900018D14FF02003EFF3118083F31288BFF399
:1047A0006F8F2A4BD3F8001C002947D149F275328C
:1047B000C3F8002CC3F8141CC3F8002C80F3118834
:1047C000BFF36F8FFFF7B4FD30B1FFF743FEFFF784
:1047D000AFFD08B1FFF71EFE4FF08053D3F8303124
:1047E000082B194B0AD140F2E372C3F8002840228B
:1047F000C3F80428BFF36F8FBFF34F8F8022C3F835
:104800001C250122C3F83025114B40F2FF121A601B
:10481000104B00211960104B1970FFF7A9FE0F4BC8
:1048200019700F4B02221A70FFF782FD50B1BDE8DC
:104830000840FFF70FBEC3F8142C90E70022C3F81E
:10484000142CBBE708BD00BF0070024000E006402A
:10485000A44E0020A04E0020C15C0020C35C0020BC
:10486000C55C00200A4B002210B51A70094A0A4B99
:104870000A4C002808BF1346C4F804332720E7F782
:1048800027F90123C4F80435D4F8043510BD00BF5E
:10489000C45C00200514C0010514E0010070024052
:1048A000034B1878012894BF00200120704700BFF7
:1048B000C55C002010B54FF02003EFF3118183F3A6
:1048C0001288BFF36F8F0F4B1B7803F0FF0093B17B
:1048D0000D4BD3F8002412F400720CD10124C3F85C
:1048E0002C45D3F82C45D3F80044A40504D5C3F8CF
:1048F0002C25D3F82C35002081F31188BFF36F8F5E
:1049000010BD00BFC45C002000700240F8B51C4B15
:104910001C7894BB1B4A106001221A7040F2FF17EA
:10492000264664F07F0514F0080FEDB214BF394637
:104930004021284610F0F5FB2846FFF70DFD013415
:10494000092C867306608660EBD1002440F2FF17C5
:10495000254614F0080FE6B214BF39464021304610
:1049600010F0DFFB3046FFF7F7FC0134092C8573AC
:1049700005608560EDD10448F8BD0448FCE700BF40
:10498000C55C0020A84E00200000AD0B0500AD0B5B
:104990002DE9F84304464FF02003EFF3118683F32B
:1049A0001288BFF36F8F10F00F0903D1274B1B78CC
:1049B000834247D1264B274F1A683B68D24392B2B5
:1049C00020461A4310F075FB4FF0010808FA00F872
:1049D00012EA080F38D12046FFF7BEFC0C2322064E
:1049E000054603FB09F329D50A68886802F060428E
:1049F000B2F1005F00F001001DD1174A174C0028EA
:104A000008BF2246164803442A6007C983E8070006
:104A10006B600023AB60AB733B68124843EA08034A
:104A20003B60114B8022C3F8042186F31188BFF349
:104A30006F8FBDE8F8830D4A0D4CE0E70D4A134433
:104A40000D4AE1E70D48F0E70D48EEE7C35C0020B2
:104A5000A44E0020A04E00208B5005006950050098
:104A6000144D00200000AD0B00E100E0CD44040037
:104A700095440400A84C0020375005000A00AD0BF7
:104A80000B00AD0B10F0080F074B06D0D3F8C00495
:104A900010F4803F18BF0020704700F00F0000F5B1
:104AA000947053F820007047007002402DE9F04FD9
:104AB000664E337885B0002B7CD1DFF8AC81644D35
:104AC000D8F800402B681C4074D014F0012314BFA8
:104AD00093FAA3F494FAA4F4B4FA84F44FF001091D
:104AE00009FA04F90F2C6FEA090966D9103CE4B2FF
:104AF0002046FFF731FC82462046FFF7C3FFDAF875
:104B00000070BAF80C20DAF804100346834602A8B5
:104B1000B847029B002B5CD108B9CAF800004FF0DF
:104B2000805362B2D3F83031082B02BF494B822147
:104B3000C3F81C1C012333702B68039903EA090393
:104B40002B60DAF80830029D0B44002ACAF80830BE
:104B500004F008003F4B04F00F0457DA00284DD052
:104B6000C3F8A056C3F8A416042303EB840303F18F
:104B7000804303F51C33012119601B683649374B0C
:104B800013EA220338BF0B4633F8143003F1804395
:104B900003F51C3319680029FCD0002A2D4B4ADA92
:104BA000002842D0D3F8A8362D4A117803F001032B
:104BB0004B40137005B0BDE8F08F44F080042046F0
:104BC000FFF7CAFB036882894168824602A89847BA
:104BD000A2E7039B9B459FD9022748468AF80E709F
:104BE000FFF7B6FC06238DF804301E4B8DF8064007
:104BF0001B688DF8077001A8984761E7142606FB2B
:104C00000433C3F80056C3F80416ADE728B1C3F85F
:104C1000A057C3F8A4172823A7E7142606FB0433DC
:104C2000C3F80057C3F80417F5E7142202FB043356
:104C3000D3F80836B8E710B1D3F8A837B4E7142290
:104C400002FB0433D3F80837AEE700BFC25C002094
:104C5000A44E0020007002406E1206008012060072
:104C6000C15C0020A84E0020A04E002038B50F4B9C
:104C7000D3F86C44C3F86C4401251CB9BDE8384036
:104C8000FFF714BF94FAA4F3B3FA83F30F2BC8BF52
:104C9000A3F110001946D4BF43F08000C0B205FA5A
:104CA00003F324EA0304FFF78BFCE6E700700240FD
:104CB00037B5FFF75DFC0446FFF74EFB837B032B04
:104CC0000DD1204610F0F5F9012303FA00F0C0439E
:104CD000FFF73EFC03B0BDE83040FFF7E7BE0568D4
:104CE000002DF7D1204610F0E4F9012303FA00F07B
:104CF000C043FFF72DFC06238DF80430044B8DF8DC
:104D000006401B688DF8075001A89847E2E700BFEE
:104D1000A84E0020024B40F48070C3F8180570477D
:104D200000700240020713D400F00F0310F0800F50
:104D3000084A0BBF03F5887303F5847302EB830203
:104D400052F8230008BF5068431E5842584170472C
:104D50000020704700700240044BC3F80C0540F47B
:104D60008070C3F80C05D3F80C3570470070024012
:104D70000023036043600E4BD3F880240270D3F805
:104D800084244270D3F88824D3F88C1442EA012298
:104D90004280D3F89024D3F8941442EA012282800E
:104DA000D3F89824D3F89C3442EA0323C380704795
:104DB00000700240024B0122DA64DB6C704700BFD6
:104DC0000070024013B5FFF7D3FB104B9A7B032A08
:104DD00006D16FF4803002B0BDE81040FFF7B8BBD9
:104DE0001C6874B96FF48030FFF7B2FB06238DF8AE
:104DF0000430074BADF806401B6801A8984702B085
:104E000010BD02B0BDE81040FFF7D4BF804D0020B8
:104E1000A84E0020024B01221A651B6D704700BF8F
:104E200000700240024B01225A655B6D704700BF63
:104E300000700240014B1878704700BFC35C00202F
:104E400010B502464FF02003EFF3118483F312886C
:104E5000BFF36F8F10F02DF90D49012303FA00F015
:104E60000B6823EA00030B6012F008010AD102F07C
:104E70000F039B0003F1804303F51C33C3F8A01418
:104E8000D3F8A03484F31188BFF36F8F10BD00BF37
:104E9000A44E0020F7B501464FF02003EFF3118533
:104EA00083F31288BFF36F8FFFF756FA0646084662
:104EB00010F0FFF8012211F0800F02FA00F22E48E4
:104EC00019D1036832EA03030AD00846FFF7B8FF96
:104ED0000323B37385F31188BFF36F8F03B0F0BD65
:104EE00033600368254923EA020303600B6823EA61
:104EF00002030B60ECE70B0715D48029204B2FD061
:104F000001F00F0404F2DA346400C3F80048D3F867
:104F10000448D3F80478E4B244F002043C43C3F8F4
:104F20000448D3F80438154F04683B6864EA030C5E
:104F30001CEA020FCED0134324EA02043B60002394
:104F4000046033600323B3738DF807300D4B8DF885
:104F5000061006221B688DF8042001A89847B9E7BF
:104F600040F2B474C3F80048D3F80448D3F8047886
:104F7000E4B244F00404D1E7A04E0020A44E002087
:104F800000700240A84E002073B5144B144CD3F8A7
:104F900080542368134EDA43134B31781B6892B266
:104FA00008461A4310F085F801238340134202D0CB
:104FB0000846FFF76FFF25F07F056FF00110357091
:104FC000FFF7C6FA236843F001032360052301932A
:104FD000064B01A81B68984702B070BD00700240E4
:104FE000A44E0020C35C0020A04E0020A84E00204C
:104FF0002DE9F0411A4BD3F80403002301241D4688
:1050000070B9184F03F4000623F400044FF00108B0
:10501000BCB9FFF74BFD06B3BDE8F041FFF7B4BFE5
:1050200090FAA0F2B2FA82F20F499600314404FAE3
:1050300002F20E6816B10D600968134320EA0200FF
:10504000DEE794FAA4F5B5FA85F557F8253008FAA5
:1050500005F5984724EA0504DAE7BDE8F08100BFCA
:1050600000700240AC09060000710240F8B51B4B0D
:105070008022C3F884212720E6F74CFDB8B1184EF2
:10508000184B34681B68240C24041C4301277CB98A
:10509000154D40F2FF1333602720C5F80445D5F8BD
:1050A0000435E6F723FD4FF0FF33C5F80833F8BDAC
:1050B00094FAA4F5B5FA85F50F2D2846C6BFA5F1DB
:1050C0001000C0B240F08000030701D4FFF7E2FEF9
:1050D00007FA05F524EA0504D9E700BF00E100E07E
:1050E000A44E0020A04E00200070024008B5FFF73B
:1050F000BDFF134BD3F80423C3F80823114A1178DA
:1051000089B10021C3F80811D3F80811C3F80026AB
:105110000121C3F8041659605968D3F80811002911
:10512000FBD000231370064B0022C3F80025D3F8F0
:105130000035FFF71DFA044B01221A7008BD00BFAD
:1051400000700240C15C0020C55C002010B5044620
:10515000FFF7A0FE104A14F0800F04F00F004FF08C
:10516000010314BFD2F81015D2F8141503FA00F396
:105170006FEA030315BF0B400B40C2F81035C2F8AD
:10518000143514BF054B064B1A5C01239340024AA9
:10519000C2F8083310BD00BF00700240CA1B0600F1
:1051A000C11B060010F0800F70B52449044600F0C2
:1051B0000F034FF0010512D0214AD25C05FA02F22A
:1051C000C1F80423D1F81025DA40D00706D4D1F86D
:1051D000102505FA03F31343C1F8103570BD194AC1
:1051E000D25C05FA02F2C1F80423D1F81425DA40A2
:1051F000D207F3D4D1F8146505FA03F23243C1F8AB
:105200001425002BEAD00307E8D44FF02003EFF376
:10521000118683F31288BFF36F8FFFF711FE2046CC
:105220000FF047FF084A136805FA00F023EA00036D
:10523000136086F31188BFF36F8FCFE700700240D1
:10524000CA1B0600C11B0600A04E0020030610B5B5
:10525000044605D4FFF766FD10B12046FFF7F0FDC8
:10526000014BC3F8184510BD00700240036803F0FD
:105270001F025B09026004D0012B034818BF002005
:1052800070474FF0A040704700030050F7B5064646
:105290000FF07AFF08460FF077FF01A80196FFF79D
:1052A000E5FF019B2E4D00EB83000C46D0F8003744
:1052B000019440F20D612B400B43C0F8003701A868
:1052C000FFF7D4FF019B00EB83000127D0F80037E4
:1052D0002B400B43C0F8003704200FF01FFD0925B9
:1052E00001A80194FFF7C2FF019AD0F81035D3400E
:1052F000DB0715D401A80196FFF7B8FF019B07FA59
:1053000003F3C0F80C3504200FF008FD30460FF011
:105310003BFF013D04200FF001FD15F0FF05DFD13B
:1053200001A80194FFF7A2FF019A01239340C0F85E
:105330000C3504200FF0F2FC20460FF025FF04206E
:105340000FF0ECFC01A80194FFF790FF019AD0F850
:1053500010350448D34003F00103C01A03B0F0BD78
:10536000F0F8FCFF0100AD0B2DE9F047A2B0894633
:1053700092461F469DF8A850064602F017F80446CC
:105380000FF072FF8046A069D0B1404518D00FF0F1
:105390003CFF0021A06906F081F900221146A069B6
:1053A00010F0EAFF0022A069602112F044FA94F89C
:1053B00028309A0702D5404612F04FFCD4F81880E6
:1053C0006069A66138B194F828309B0703D512F0C4
:1053D00044FC00236361A9F10A036D00042B98BF0C
:1053E00045F0010594F8283005F0030523F0030388
:1053F0001D43002184F82850304606F04FF90FF085
:1054000033FF002106F04AF900221146304610F021
:10541000B3FF0FF029FF0022114610F0ADFF00226C
:105420006021304612F007FA0FF01EFF00226021C3
:1054300012F001FA5AEA070305D1304622B0BDE85E
:10544000F0470FF0E2BE684606F012F95C4B02939B
:105450007F425C4B039311A80096CDF82CA00C97CB
:1054600006F006F923691193CDE91CA7B9F10E0FD7
:105470000FD8DFE809F0081C252C3238495B697821
:105480007F8790999F00504B01930023CDE908330B
:105490000A9300222521404600F030F9684606F0C4
:1054A0002DF911A806F02AF922B0BDE8F087464B85
:1054B0000193204605F0B2FFCDE908000023E7E79D
:1054C000414B0193204605F0A9FF4042F4E73F4BD2
:1054D0000193204605F0B2FFEEE73C4B01932046D6
:1054E00005F0ACFFF1E7384E0196204605F096FF37
:1054F0000025CDE9080020460A95129605F08EFF9A
:10550000CDE9195540420FE02F4E0196204605F097
:1055100085FF4042CDE90800002520460A951296F5
:1055200005F07CFFCDE919551B90B2E7274E019697
:10553000204605F083FF0025CDE9080020460A95A6
:10554000129605F07BFFDBE7204E0196204605F022
:1055500075FF4042CDE90800002520460A951296C5
:1055600005F06CFFDEE71A4B01930023CDE9083309
:10557000FF238DE7164B1293FF23CDE91933002348
:105580001B9386E7104B1293204605F047FF00233C
:10559000CDE91933B6E70C4B1293204605F03EFFD8
:1055A0000023CDE91933BFE7084B1293204605F0DD
:1055B00045FFECE7054B1293204605F03FFFEFE770
:1055C00077520500B7510500B1510500AB510500F8
:1055D000A351050070B5044600F0F6F8B8B9636849
:1055E000002198680FF089FE0E460546E5B9214670
:1055F00028460FF08FFE024698B1636829469868E6
:105600000FF07BFE002844D1012A4FD00AE0006849
:1056100083680BB1217A9847237E98075FD4D90716
:10562000DDD50022104670BD2B683BB9636801369A
:10563000986831460FF061FE0546D7E795F90820D6
:105640002B7A002AF2DA802B04D0227A23F080030E
:105650009342EBD16B68E3602B6820469847237E2A
:105660009A073CD4DB07E1D5DBE790F90820037A01
:10567000002A13DB13B1227A9A420FD14368E36008
:10568000036820469847237E9E0728D4D80705D56F
:10569000C7E7012AC6D10368002BE6D1636801354C
:1056A000986829460FF029FE0028F4D16068436805
:1056B000ABB1237E590712D4237A233B012B10D997
:1056C0004FF4804110F052F948B1237A113BDBB21C
:1056D0001B2B06D8084A22FA03F3DA0701D5012268
:1056E000A0E763685B6863602046FFF773FF431EB3
:1056F0005A425A4196E700BFFF270F0B10B588B0FA
:10570000B8B10023CDE904329DF81C300A4C8DF865
:105710000C1023F00703CDE901008DF81C3001A81F
:10572000236806932060FFF755FF069B236008B0AF
:1057300010BD0120FBE700BFAC4E0020074B1B68EB
:1057400003B970475A68824202D01A68824203D174
:105750001A7E42F001021A765B69F1E7AC4E002036
:105760000148202117F0C2B9B8500020014B186839
:10577000704700BFB04E002010B50446064A0749E6
:105780000FF028FE63692BB120B920460121BDE846
:105790001040184710BD00BFC9CB0500BDCB0500A8
:1057A00010B50749074A04460FF014FE6369014625
:1057B00023B118B92046BDE81040184710BD00BFFE
:1057C000C3CB0500D1CB0500014B1868704700BF63
:1057D000B84E002038B50D46044600283ED0437927
:1057E00043F002034371214B1B68834202BF204BED
:1057F00000221A6003681B78013B012B12D821B9E3
:10580000416381620023E3620CE0436B8B4204BF7F
:1058100000234363836A8B4204BF00238362C36A0D
:105820008B42EFD038BD437943F0020343710368E4
:105830001B78013B012B11D81DB945638562C462F9
:105840000CE0436BAB4204BF00234363836AAB426B
:1058500004BF00238362C36AAB42F0D005F00CFEA4
:105860000028E0D1024B1860DCE700BFB84E0020F2
:10587000B44E0020014B1868704700BFB44E0020A2
:105880002DE9F047A2B005460FF05EFD064628461A
:105890000FF056FD122E04464BD128460FF058FD4E
:1058A0000378022B054608D017220021204611F06C
:1058B0004BFE064620B102232B7022B0BDE8F087D4
:1058C00001460B22204611F03FFE68220FFA80F8B5
:1058D0003146204611F038FE6922074631462046FF
:1058E00011F032FEB4F91620B4F918E0B4F91AC078
:1058F000A18ABBB280B2C91A121A73446044ADF8CF
:105900004010ADF84220ADF84430ADF8460068686C
:10591000424610A916F0BAFE08B90123CCE72122AD
:105920003146204611F010FEC0B2FC28F5D92E7089
:10593000C3E7152E40F0868028460FF012FD04AF15
:105940000646384603F05EFB34220021204611F063
:10595000FBFD28B19DF82D3043F001038DF82D306B
:105960003A460021204610F03EFA682200212046E7
:1059700011F0EAFD692205460021204611F0E4FD00
:10598000B4F91AC0B4F91620A18AB4F918E0ABB280
:1059900080B2121AC91A60447344ADF80810ADF809
:1059A0000E00314610A80025ADF80C30ADF80A20E5
:1059B0000DF1080810F0C9FBC14B119310AA1A2170
:1059C000204612951497CDF84C801D95FFF796FE52
:1059D00017222946204611F0B7FD68B3BDF91030F3
:1059E00053B3424639463046DDF81CA0079513F004
:1059F000A2F8182005F0E6FF04F114018146BDF974
:105A000010202B4603F0FAF804F59071484602F096
:105A100075FFBAF1000F05D110AA1B212046FFF730
:105A20006DFE4AE78DF813508DF82C508DF83450E8
:105A30008DF83E50CDF81CA042463946304613F052
:105A40007AF8E9E7182E7FF438AF28460FF089FC82
:105A500002AA06466946204611F0BCF8684616F0D0
:105A6000E8FC002800F0BC8004AD284603F0CAFA28
:105A700021224FF48031204611F066FDC0B2022889
:105A80008DF8130007D920224FF48031204611F001
:105A90005BFD8DF8140031224FF48031204611F067
:105AA00053FDC0B202288DF82C0013D932224FF4D6
:105AB0008031204611F048FD00B20028ADF82A00E0
:105AC00040F3F58030224FF48031204611F03CFD48
:105AD0008DF8280045224FF48031204611F034FD26
:105AE000C0B202288DF83E001BD940224FF480310D
:105AF000204611F029FD00B20028ADF8360040F331
:105B0000DA8043224FF48031204611F01DFD4422FB
:105B1000ADF83C004FF48031204611F015FD8DF8B2
:105B2000350060224FF48031204611F00DFDC0B2E7
:105B3000FC280BD89DF8133043431B128DF813300B
:105B400043431B0A8DF82C308DF83E309DF82C20F5
:105B50009DF8133013439DF83E20134346D00B228B
:105B60004FF48031204611F0EFFC3146ADF81000C3
:105B700010A810F0EAFA524B1193022312936846D0
:105B80004FF4803314951D9316F053FC80B110AA86
:105B90001A212046CDF84CD0FFF7B0FD6A462946C1
:105BA000304612F0C8FF10AA1B212046FFF7A6FDC1
:105BB00002A816F03EFCC8B102AB10AA1A2120467A
:105BC0001393FFF79BFD02AB1A4629463046139309
:105BD00012F0B1FF10AA1B212046FFF78FFD05E050
:105BE00002A816F026FC00287FF43EAF1722002101
:105BF000204611F0A9FC50B104F5907002F0C8FEE7
:105C0000054620B112F057FF284605F025FF342243
:105C10000021204611F098FC00283FF44EAE0DF113
:105C200010080025404603F0EDF94246294620467B
:105C30008DF813508DF825508DF834508DF83E5066
:105C400010F0D1F868222946204611F07DFC692227
:105C500007462946204611F077FCB4F91AC0B4F97A
:105C60001620A18AB4F918E0BBB280B2121AC91A80
:105C700060447344ADF80810ADF80E00314610A82A
:105C8000ADF80C30ADF80A2010F05FFA0C4B119310
:105C90000123129310AA02AB1A212046CDF850809E
:105CA00013931D95FFF72AFD02AA4146C6E600237D
:105CB0008DF82C300EE700238DF83E3031E700BF21
:105CC000100A060010B5114C2378F3B916F0C8FF7E
:105CD00005F062FF05F0F2FD05F0B0FCFFF740FDB6
:105CE00012F041F901F0D8F809484FF4AE7116F0FE
:105CF000FDFE08485C2116F0F9FE12F038F803F0BA
:105D0000F9FC16F074FA0123237010BDC65C002064
:105D1000E8500020DC50002010B50146034800F098
:105D200059F8044610F001F8204610BD100A06008C
:105D300010B508460C46FFF701FD002001F0B2F84F
:105D4000144A0021204611F0C2FC012001F0AAF8FB
:105D50000021204605F0A2FC20460FF015FE10B1F0
:105D600020460FF0BDFBA3689BB1186820B105F079
:105D70000BFEA36800221A60A368D86820B105F062
:105D800003FEA3680022DA60A06805F0FDFD002391
:105D9000A36010BDFFFF0F0010B583680446ABB9C8
:105DA0000B4A13681C200133136005F0E5FDA06069
:105DB00060B11C210FF036FCA268537E43F00F0344
:105DC0005376A268137E43F00303137610BD00BF21
:105DD000BC4E0020F8B50D463649074602463AB19A
:105DE0009669314202D0C6F30F1602E01268F6E758
:105DF0001646304605F0C0FD044668B13246002123
:105E000018F081F9C4E900756DBB05F001FB05468A
:105E100028B9204605F0B8FD00242046F8BDC0682A
:105E200098B9042005F0A8FD0123E86004606B62C6
:105E300000256561284605F0F1FA013820832846DF
:105E400005F0FCFA01386083E7E7696A01316962AD
:105E5000890005F0A3FD6B6AE86003F18043013B14
:105E600040F82340E4E7AB6813B92846FFF794FFF6
:105E7000AE68336853B9042005F07EFD3060AB682E
:105E80001B681C60AB6801225A60C6E77368013367
:105E90007360AE6871683068890005F07FFD30601E
:105EA000AA685368126803F18043013B42F823401B
:105EB000B3E700BFF0FF0F0038B50B4905460FF000
:105EC0005BFD044608B1002038BD284611F016FEDF
:105ED0000028F8D00A22214611F036FB80B20038A3
:105EE00018BF0120F0E700BF0100060007B5054B11
:105EF000019301AA2C21FFF701FCBDF9040003B0B6
:105F00005DF804FB000001E02DE9F04F87B080460A
:105F1000FFF7D2FF0546002840F01F81404611F0F0
:105F2000EDFD294600900722404611F00DFB294661
:105F300004B20822404611F007FB009B05B23BB9B2
:105F40002A462146404607B0BDE8F04F10F062BC3B
:105F5000009810F04DFA0746009810F05FFA04F42C
:105F6000C043B3F5005F06460ED124F4C043B3F539
:105F7000FA6F09DCB3F57A7FC8BFC3F57A737B4348
:105F8000642293FBF2F31CB205F4C043B3F5005F47
:105F90000ED125F4C043B3F5FA6F09DCB3F57A7F6F
:105FA000C8BFC3F57A737343642293FBF2F31DB247
:105FB0006A220021404611F0C7FA6B220FFA80FBDB
:105FC0000021404611F0C0FAB8F814300193B8F837
:105FD0001830019A01339BB2A3EB020A0493B8F87C
:105FE00016300293B8F81A30029A01339BB2A3EB31
:105FF000020903930BF4C043B3F5005F00B20FFA3C
:106000008AFA0FFA89F910D12BF4C043B3F5FA6F6D
:106010000BDCB3F57A7FC8BFC3F57A7303FB0AF3D1
:10602000642293FBF2F30FFA83FB00F4C043B3F551
:10603000005F0FD120F4C043B3F5FA6F0ADCB3F56B
:106040007A7FC8BFC3F57A7303FB09F3642293FB1D
:10605000F2F318B25C44A3B2054409220021404681
:10606000059311F071FA10F0FF001FFA85FB059BF4
:1060700024B22DB20CD10098029310F0A7F8012899
:10608000029B7FF45DAF019A0499541A3C4420E0CE
:1060900001283FF455AF023807283FF651AF01A25F
:1060A00052F820F0C560040087600400EB60040033
:1060B000D9600400F96004001F610400136104004A
:1060C0002F6104000AEBDA7407EBD7776410C4EB96
:1060D00067041C4424B233E70AEBDA7407EBD77782
:1060E0006410C4EB67041C4424B2DDE902329D1A3B
:1060F00035445D442DB223E7019A0499541A3C4477
:106100001C44DDE902329B1A33445B4424B21DB2C5
:1061100016E7019A0499521A3A4413441CB209EB47
:10612000D97506EBD6766D10C5EB6605E1E70AEB8F
:10613000DA7A09EBD97907EBD7774FEA6A0A06EBE7
:10614000D6764FEA6909CAEB670AC9EB6609534478
:10615000CB441CB20FFA8BF5F2E607B0BDE8F08F26
:106160002DE9F04F90F8233003F00603062B8FB093
:10617000044603D100200FB0BDE8F08F11F0BEFC43
:1061800007460028F6D0204600F03EFB94F8231086
:10619000059011F0040120D0268BA38A0136F61A4F
:1061A000002336B20193204610F04AFC94F82310E5
:1061B000069011F0020100F03781658BE38A01350A
:1061C000ED1A019B2DB2002B00F06581DDE905126F
:1061D0000023204610F0D5FC5DE10122204611F09D
:1061E000B3F942F2D17805B2A5EB08014B424B411D
:1061F000019305F4C043B3F5005F384641D125F45F
:10620000C046B6F5FA6F3CDC10F0F2F84545029056
:1062100040F0E18000221146204600F047FC204675
:106220000FF0DBFF064620460FF0DEFF1FFA86FA6E
:1062300010FA86F620460FF0DEFF82442046FFF774
:1062400055FEB6B21FFA8AFA06EB0A050544204647
:1062500011F066FC039020460FF0B8FF01282DB224
:1062600029D00FFA8AF3DFF8F89204934FF0000870
:10627000039B434572D1BA4B994509D04E4436B27F
:1062800028E010F0B5F842F2D1739D420290C1D0DF
:1062900002220021204611F057F9032206B2002104
:1062A000204611F051F9314602B2029B284610F007
:1062B0004DFB064677E733B2DFF8A48204934FF034
:1062C0000009039B4B450CD1A54B9845E0D0D04429
:1062D0000FFA88F6A24B9E42DAD0B542B8BF3546D7
:1062E000D6E7A3689F491B6853F829B058460FF0BA
:1062F00043FB80BB5846FFF7DFFD014658B9092232
:10630000584611F021F9C0B208280ED840F24912BF
:10631000C240D20709D5B4F91820BBF91430D31AFA
:1063200001334345B8BF434613E0072200215846D6
:1063300011F00AF900B270B9BBF81820BBF814309C
:1063400004990132D31A9AB201FA83F3984502DC18
:10635000B3180FFA83F809F10109B2E7A36881497C
:106360001B6853F828B058460FF006FB80BB584610
:10637000FFF7A2FD014650B90922584611F0E4F892
:10638000C0B207280DD89322C240D30709D5BBF964
:106390001830B4F914209B1A01334B45B8BF4B4653
:1063A00014E008220021584611F0CEF800B278B966
:1063B000BBF81820BBF8143004990132D31A9AB2F2
:1063C00001FA83F3994503DC0AEB02030FFA83F920
:1063D00008F101084CE797F8231011F0040116D1D9
:1063E0000122384611F0B0F800B240450FD12046E6
:1063F0000FF0F3FE064620460FF0FDFE85192046FD
:106400000FF0F2FEADB2304405442DB240E7029ADF
:10641000B6F57A7F3346C8BFC6F57A735343642214
:1064200093FBF2F31DB233E70422204611F08CF8FF
:106430000FFA80FA00F4C040B0F5005F384605D18D
:106440002AF4C045B5F5FA6F40F38E800FF0E6FFF1
:1064500042F2D1739A45029000F08D805546052294
:106460000021204611F070F806220FFA80F8002172
:10647000204611F069F8029B02B24146284610F00E
:1064800065FA019B0546002B7FF4A0AE42F2D17362
:106490009A453FF49BAE238BA28A01339B1A1BB211
:1064A0009E4207D1638BE28A01339B1A1BB29D4245
:1064B0003FF460AE204610F08FF9A38AADF8283083
:1064C000E38AADF82A30238BADF82C300CA9638B0E
:1064D000ADF82E3038460FF0B7FF00220CA90AA8FD
:1064E00016F0D4F804F11409804610B9384610F0BB
:1064F000FFFEE38A013B2B44638320460FF066FED8
:1065000001280BBF238BA38A013303F1FF33B6B2FB
:106510000BBF9B1BF618A38226830AAA29212046BB
:10652000FFF7ECF8224622213846FFF7E7F820462D
:1065300010F052F90021204610F0FAFE00220CA9BA
:10654000484616F0A3F8B8F1000F00D110B1384654
:1065500010F0CEFE20460FF007FE01200BE600BF34
:1065600001E0FFFF010004000FF058FF42F2D17874
:10657000C245029072D100221146204600F0ACFACA
:1065800020460FF02AFE054620460FF042FE1FFA75
:1065900085F810FA85F5ABB2039320462BB207932A
:1065A0000FF030FE80441FFA88F3204604930FF06A
:1065B0007BFFDDE903329D180544204611F0B0FA57
:1065C000DFF8E88008902DB24FF0000B089B5B4588
:1065D0000AD1364B98453FF442AF049B43441BB26B
:1065E0009D42B8BF1D463AE7A36831491B6853F87E
:1065F0002B9048460FF0C0F968BB4846FFF75CFC9B
:10660000014640B909900922484610F09DFFC0B2EA
:106610000328099909D8B9F91A30B4F916209B1A38
:1066200001334345B8BF434613E00822484610F003
:106630008BFF00B278B9B9F81A20B9F8163007996B
:106640000132D31A9AB201FA83F3984503DC039B13
:1066500013440FFA83F80BF1010BB7E797F82310F7
:1066600011F0020117D10422384610F06DFF00B27C
:10667000404510D120460FF0B0FD804620460FF077
:10668000C8FD00EB080520460FF0BCFDADB240444C
:1066900005442DB2E3E6029BB5F57A7FC8BFC5F588
:1066A0007A755D43642395FBF3F5F2E701E0FFFFA4
:1066B0000100040070B5044611F032FA00250646C8
:1066C000B54227D194F82230DA072BD56FF30003B7
:1066D00084F822302046FFF743FD2046FFF714FCE4
:1066E00005B30A220021204610F02EFF83B2CBB161
:1066F0000D4A12689A4215D30C4A03F100531268EE
:10670000013B02EBC301204652F833304968BDE833
:1067100070401847A3681B6853F82500FFF7CAFFAD
:106720000135CDE770BD00BFC04E00209C50002059
:1067300038B50B4D2B7853B901232B7011F0D6F9D6
:10674000044694F8223013F0020201D12A7038BDB9
:106750006FF3410384F822302046FFF7ABFFF0E7E8
:10676000C75C00202DE9F843064611F0D9F9244D05
:10677000DFF8909007460024BC4230D1102200215F
:10678000304610F0E1FE112200210446304610F0A0
:10679000DBFE322207460021304610F0D5FE184BB2
:1067A0009D42804604D0728B3B189B1A2B441DB22D
:1067B00030460FF079FE814630460FF013FEE319A4
:1067C00003EB48034B441B1A304610F033F99BB2DD
:1067D000181A00B2A842B8BF2846BDE8F883B368CB
:1067E0001B6853F82480494640460FF0C5F820B98D
:1067F000B8F91A309D42B8BF1D460134BCE700BF4E
:1068000001E0FFFF010004002DE9F84F00210546DB
:1068100010F0CFF8012806D0A86810B1008A4042D5
:1068200000B2BDE8F88F13220021284610F08CFE3C
:10683000122200210746284610F086FE002132224F
:106840000446284610F080FE8046284611F068F97C
:106850001F49824641F6FF790026B24527D141F60D
:10686000FF73994514BFAB8A1A4EA4B21FFA88F879
:106870001EBF04EB0806F618A6EB0906284618BF4B
:1068800036B2FFF733FB814628460FF0A5FD3C44A6
:106890000346284610F0C8F804EB48044C44A4B260
:1068A0000444E01A00B2B042B8BF3046B9E7AB6862
:1068B0001B6853F826B058460FF05EF8044920B91B
:1068C000BBF914309945A8BF99460136C5E700BF0A
:1068D0000100040001E0FFFF2DE9F8430021064616
:1068E00010F067F8012805D1B06808B1B0F91000C0
:1068F000BDE8F883304611F013F9234DDFF88C9092
:1069000007460024A7422FD113220021304610F061
:106910001BFE122200210446304610F015FE3222E2
:1069200007460021304610F00FFE174B9D4280466F
:1069300004D0328B23189B1A2B441DB23046FFF72C
:10694000D5FA814630460FF047FDE31903EB4803C3
:106950004B441B1A304610F067F89BB2181A00B26D
:10696000A842B8BF2846C3E7B3681B6853F8248021
:10697000494640460FF000F820B9B8F918309D425A
:10698000B8BF1D460134BDE701E0FFFF0100040070
:10699000F0B5164651EA060293B004460D465DD0A6
:1069A000012B5DD100F002FD074601A804F060FE56
:1069B0003A4B0194049345B3384604F02FFD2A4620
:1069C000002140F35D0015F0E5FCB0F5C87F0346FB
:1069D00028BF4FF4C873C82B38BFC82320460C9378
:1069E00010F022F84342CDE90933281A2C4B0B90C2
:1069F000029301AA2B4B089309212046FEF77EFE45
:106A000001282BD101A804F079FE3EB3384604F0EA
:106A100015FD3246002140F35D0015F0BBFCB0F5DA
:106A2000C87F28BF4FF4C870C82838BFC8200C9052
:106A300020460FF0FFFF4342CDE90933301A1A4BCD
:106A40000B90029301AA174B089309212046FEF7E9
:106A500055FE012802D101A804F050FE13B0F0BD8C
:106A6000114904F01BFE0E49204604F017FE0022D7
:106A700009212046FEF742FE0128EFD13246294681
:106A800020460FF0DFFF0128E8D100220A2120462E
:106A900013B0BDE8F040FEF731BE00BFBF6905008E
:106AA000A36A0500B1C305008B6A050070B50446F2
:106AB0000E460849154604F0F1FD20460FF0B4FFDC
:106AC000811B2B4620460022BDE8704009B20FF022
:106AD000F4BF00BFA36A050070B504460E4608491E
:106AE000154604F0DBFD20460FF0A4FF821B2B4669
:106AF000204612B2BDE8704000210FF0DEBF00BF9B
:106B00008B6A05002DE9F04F8BB0074608460291CD
:106B10009146039310F0F2FF102105460EF026FF78
:106B2000002800F05B8128460FF06AFF009028469D
:106B30000FF074FF8346002800F0D680029B03F11B
:106B4000140A32220021284610F0FEFC10220646CC
:106B50000021284610F0F8FCB3B2112210FA86F694
:106B600000212846019310F0EFFC019BB9F8028048
:106B7000BAF806100891184483B20493B6B2EB8AAF
:106B8000A6EB08041C44BAF80230E41AA3B2059339
:106B900018FA80F86B8B09931FFA88F8A8EB0302A8
:106BA0000A4412B2284607920FF01CFC24B2002CB3
:106BB000DDE90721099B0690C0F2A380002AC0F2FC
:106BC00095800024BBF1020F00F0A980BBF1030FF8
:106BD00000F0AB80BBF1010F05D1EC8ABAF80230AE
:106BE0003444E41A24B228460FF012FF824608B15A
:106BF000029F143712220021284610F0A5FC019BA9
:106C0000132203EB00080021284610F09DFC019B95
:106C1000B9F80010B7F804C018441FFA88F8AB8A16
:106C2000A8EB01061E443B881FFA80FBF61A11FAF6
:106C300080F02B8B80B2B2B2C11A36B26144002E02
:106C400009B2C0F299800029C0F28A800026284645
:106C50000FF0C2FBBAF1020F00F09C80BAF1030FF3
:106C600000F09D80BAF1010F04D1AE8A3B88464402
:106C7000F61A36B25D49284604F010FD5C49074615
:106C8000284604F00BFD002F40F0A080002840F0C3
:106C90009D80009BD80740F1A480009B9907009B32
:106CA00058BF06EAE6765A07009B039A58BF24EAC3
:106CB000E4741B0758BF04EAE474B9F80230002AF0
:106CC00000F09280B9F800203244A9F80020224652
:106CD0001344A9F80230039B2246314628460BB0E4
:106CE000BDE8F04FFFF754BEBA462AE7002C3FF448
:106CF00068AF28460FF09EFE059B9842BFF662AF34
:106D00005FE7002A7FF75DAFA3EB08035B1A284615
:106D10001CB2FFF727FDE0427FF554AF51E7049B1B
:106D20006C8BE41ABAF806305BE7049B0699BAF854
:106D300002203344CB1AC3F3C03101FA83F3E98A4A
:106D40000E44B61A06EB6306BAF8063001339B1AF6
:106D5000C3F3C03202FA83F3A6EB630634B242E710
:106D6000002E3FF473AF28460192FFF74DFD019AC4
:106D70009042BFF66CAF69E700297FF767AF1B1A37
:106D8000A3EB0C0328461EB2FFF7A6FDF0427FF5E9
:106D90005EAF5BE72E8BBB88A6EB0B0668E7BB8874
:106DA0003A88AE8A013346449B1AB61AD844C3F3D4
:106DB000C03202FA83F3A0EB0800A6EB6306C0F32F
:106DC000C03303FA80F006EB600652E700220A2186
:106DD0002846FEF793FC01283FF45BAF0BB0BDE8FB
:106DE000F08F26EAE67658E7039A71E78B6A05008A
:106DF000A36A05002DE9F84F064626480D461746BA
:106E0000984615F0DEFE4FF6FF7B04460CB9BDE850
:106E1000F88F4445FBD01F48214615F0D9FE236862
:106E2000B34281461CD1A368AB4202D0B5F5702FA6
:106E300016D1A388BB4201D05F4511D14FF0000AA3
:106E4000728CC2F3C50292450CD30021204604F097
:106E500025FC1048214615F088FE204604F094FDDC
:106E60004C46D3E7F06800EBCA024FEACA0CD1796E
:106E70008B070CD5B5F5702F04D05268C2F31702FA
:106E8000954204D1A18850F80C0015F008FF0AF1D2
:106E9000010AD5E7A05000200148142115F026BEB4
:106EA000A0500020014B1870704700BFEE0D00206D
:106EB0002DE9F047764B1B7804460E461546002B0D
:106EC00000F0A3800FF088FC284604F045FE00F097
:106ED0000409284604F040FE00F00207284604F0AA
:106EE0003BFE00F00108284604F036FE06F47F065B
:106EF00000F0100AB9F1000F50D0B6F5702F3AD05B
:106F00005EB304220021204610F01EFB42F2D17A2B
:106F100000B2504507D001220021204610F014FB9A
:106F200000B2504507D100222A212046FEF7E6FB99
:106F300020460FF02CFA4FF6FF739D425DD120469C
:106F40000FF012F920460FF047FCB6F5803F5CD0F9
:106F50002046BDE8F04710F035BA32462A212046D7
:106F6000FEF7CCFB20460FF012FA4FF6FF739D425E
:106F70003AD120460CE000222A212046FEF7BEFB33
:106F800020460FF004FA4FF6FF739D4220462CD1A5
:106F900010F0B4FDA8B10FF0FAF92AE0B6F5702FA1
:106FA0004FF6FF7301D0002EC5D19D42E1D0BAF15A
:106FB000000F09D1002F5CD12046BDE8F0470FF04B
:106FC0000BBCBAF1000FBAD06D220021204610F0A0
:106FD000BBFA0FFA80FABAF1000F18D0A368002BA1
:106FE00045D14FF0020A29E0204610F087FD002825
:106FF000D1D1BAF1000F9ED0E6E7002F39D120465B
:107000000FF0EAFBB8F1000F3DD1BDE8F0876C222C
:107010005146204610F098FA00B2B0F5807FDDD1DD
:1070200060225146204610F08FFAC0B2FF280DD0E2
:10703000A3680BB1012015E04FF0010A2046FEF7CE
:10704000ABFEA3689A7E6AF387120EE06722514670
:10705000204610F079FA10F0FF00A368E9D1002B68
:107060003FF469AF9A7E60F387129A7663E7022055
:10707000F8E720460FF078F820460FF0ADFBB8F1A6
:10708000000FC2D061E7B9F1000F7FF45EAFBCE73B
:10709000EE0D00202DE9F34106680B46718C054684
:1070A000C1F3C5010022914240D9F06800EBC2044F
:1070B000D70094F807C01CF0020F05D06468C4F331
:1070C000170CAC68A44501D00132ECE7A98861290E
:1070D00054D04DD836292CD81F293ED9A1F12004EF
:1070E000A4B20122A240354C14406CBB12F4C01F64
:1070F00033D0FE2B40DCEC68C05901AA15F02EFEFF
:10710000002857D0019BB3EB040818BF4FF00108CB
:10711000F368A988D859224604F018FDB8F1000F89
:1071200004D0AA88A9682868FFF7C2FE02B0BDE8AB
:10713000F08155290FD843290FD9214AA1F14404E0
:10714000A4B2E240D20708D5002B22DC2B7B00241E
:1071500063F30704D0E75729CBD0002BCBD0FF2B0C
:107160000AD0D5E90342121B5A4304EB2224C3E799
:107170006629BED06729EFE72C69BDE7D5E9034250
:107180000CB91446B8E7002AB6D07F2BC8BF144606
:10719000B2E7FE2B95F810C003DD00246CF3070462
:1071A000AAE72A7B13F0800F18BF6246002462F31F
:1071B0000704A1E74FF00108AAE700BF050041005E
:1071C000090002002DE9F041046827482568A788D6
:1071D000254E15F0F3FC014619B96A8CC2F3C502BD
:1071E0003DE0A1420BD00A6823689A4207D18A6821
:1071F000A3689A4203D18A88A3889A4231D0304644
:1072000015F0E2FC0146E7E7EB6803EBC103CE00B3
:10721000D879800722D55B68A068C3F3170383423F
:107220001CD12146104815F0A0FC204604F0ACFB10
:10723000EC683946A05915F032FDEB68985904EB1B
:10724000060815F0D7FD60B1D8F80420A1592846EA
:1072500022F07F42BDE8F04110F039BA01318A4294
:10726000D2D8BDE8F08100BFA05000202DE9F04742
:10727000984692B090F822301A9E028443F004039C
:1072800080F822301546328904460F4610F05CF92A
:10729000A4F82080824632893946204610F054F9FD
:1072A00094F8223082456FF38203814684F82230BD
:1072B00064D0258432893946204610F045F9394694
:1072C0000546A4F82080204610F09DF8318900681A
:1072D0002A4604F03BFC33890B2B22D147F6FF737F
:1072E0009D4201D099451CD120460FF075F800EB66
:1072F000D07040F34F0820460FF074F847F6FF7245
:1073000000EBD073954243F34F0342D1984538DAEE
:1073100008F1010591452DB203D108F101080FFADA
:1073200088F91E4815F0EAFB804638B3C0E90359D6
:10733000046033898380876001A804F099F9FF22F3
:107340000B9232880C927288154B02935242154B65
:107350000D92F26803930892134B9DF84620049314
:10736000002363F30002CDE9093301A83369CDF8A6
:1073700004808DF84620079304F0C0F912B0BDE8F0
:10738000F0875D1C91452DB2CBD101330FFA83F903
:10739000C7E79145C5D19845F7DABEE7A050002070
:1073A000957004008F760500C571040010B5436820
:1073B000044613B110F09AFB04460A4815F0FEFB90
:1073C00078B1426A002305E0C16851F82310A14258
:1073D00007D001339A42F7D10146024815F0F4FB79
:1073E000EEE710BDE85000202DE9F04F0D4691B0BA
:1073F0008046012128460EF0B9FA0646002840F0E2
:10740000538128460EF0DDFE074630B92946404636
:1074100011B0BDE8F04F10F0ABBC602231462846F9
:1074200010F092F85FFA80FABAF1010F40F23C8155
:1074300028460EF094FE0DF11409044649462846EC
:107440000EF0BDFF22462146484615F000F8022FF7
:1074500040F02D8199E8030009AC84E8030032462E
:107460002146284633460DF11C0B0FF0A8F8D8F83A
:1074700008102246584615F00AF8002800F014813A
:107480009BE803000BAC84E803003246214601234D
:1074900028460FF094F84A462146204614F0F7FF9C
:1074A000002800F0018194E8030003AB05F1140B00
:1074B00003AC83E8030000225946204615F0E6F8A5
:1074C000002800F0FB8000230BAA122128468DF82B
:1074D0002C300C94FEF712F99DF82C90B9F10009AC
:1074E00018BF4FF00109012F08BF49F002092146DA
:1074F0004A46404610F0A7FD0446002800F0D4801C
:107500006E220021284610F01FF86F2206B20021DB
:10751000284610F019F806F4C043B3F5005F07B22F
:1075200014D126F4C043B3F5FA6F0FDC2E8BAA8A70
:107530000136B3F57A7FA6EB0206C8BFC3F57A73AE
:1075400036B25E43642396FBF3F636B207F4C043CB
:10755000B3F5005F14D127F4C043B3F5FA6F0FDC25
:107560006F8BEA8A0137B3F57A7FA7EB0207C8BFB2
:10757000C3F57A733FB25F43642397FBF3F73FB2DF
:107580000BA810F012FD6D22002128468DF836A0C0
:107590000FF0DAFF03B2B3F5616F40F39280A0F50C
:1075A000616003B26C2200212846ADF82C300FF048
:1075B000CBFF6722ADF82E00002128460FF0C4FF54
:1075C0009DF837309DF83C2060F303038DF8373089
:1075D000494B1B681B681B7CC3F3C00363F30002A9
:1075E00019F0020A8DF83C2010D094E8030004F151
:1075F000080383E80300628A63891344013BB4F9FA
:1076000006201BB29342A8BF1346E381B4F90A20B7
:10761000BDF912309A4243DCBAF1000F26D0B9F11D
:10762000020F17D004F108031846002259460193AF
:1076300015F02CF8019B002849D000228DF8242059
:10764000122109AA28460A93FEF758F89DF824301B
:10765000002B3CD10022B4F90E10B4F90630994247
:10766000C8BFE3812146404610F01CFD2946404634
:1076700010F07EFBD8F80420AB8A11885B1A3344E3
:10768000ADF830305288EB8A9B1A3B440BAA214656
:107690004046ADF8323010F009FDBAF1000F1DD1AF
:1076A0002146404610F006FD11B0BDE8F08F012FD5
:1076B000FAD1D8F808100BAC4A46EEE64FF00109B3
:1076C00011E7002BBFF66EAF00F5616069E7228A13
:1076D00063891344013BE3810122BCE7E389628AA9
:1076E00001339BB2013A1A44E281BDF91220638151
:1076F0001BB29A4293DAD3E7C44E00202DE9F84337
:1077000006460D4629B91F4B18680DF0A6FD054623
:1077100040B130462946FFF767FE284610F0EEF9E3
:10772000044608B9BDE8F883204610F0F9F90027AF
:107730008046B946474513D1324617212046FDF70A
:10774000DDFF324618212046FDF7D8FF32461921C9
:107750002046FDF7D3FF204610F0D0F92546DFE79D
:10776000A3681B6853F82710B9F1000F06D16B1AF4
:10777000D3F1000949EB03090137DBE73046FFF796
:1077800033FEF9E7C44E00202DE9F04F824C054648
:10779000A7B0206814F0CCFDEB6806460BB1284674
:1077A00098473368002B3BD120686E680DF055FD7B
:1077B0000146304610F09EFA23685E690746002EA7
:1077C00044D1002840F08B80206803F027FE064655
:1077D000206803F033FE013800B20022731E0090CF
:1077E0001BB2114618A814F018FE2B6B002B44D1C5
:1077F0002368D86A002860D017A901F0DFFE0128AD
:1078000050D11AA810F0D1FB236893F829208DF8E5
:107810007220DB6A18AA1AA9284600F089FC41E008
:10782000236870681B68F268B3F90010B3F902307E
:1078300010B14B439A42B7D122683369002BB3D0C1
:107840001068836A002BF8D09847F5E731466868DE
:1078500010F050FA0646002F41D10028B4D023681A
:1078600093F82820D10747D45B691BB331462846DB
:10787000FFF744FFF7B1394649E01AA801F0C2FB0F
:107880002368DA6A1D9293F829208DF87D2093F8F9
:107890002A308DF86C308DF86B202B6B18AA1AA942
:1078A00028469847236893F82820D00723D45E6998
:1078B000002EDBD123681F69DDE71AA801F0A2FBC7
:1078C000236893F82A208DF86C2093F829306A6891
:1078D0008DF86B301AA9284611F02DF9E2E72368DC
:1078E00093F82820D20708D45B69002BC2D0002E61
:1078F00008BF1E46BAE700261F6939462846FFF72B
:10790000FDFE2368596929B1002E18BF314628466B
:10791000FFF7F4FE20680DF0C6FC01462846FFF78D
:10792000EDFE20680DF0C6FC01462846FFF7E6FE96
:1079300023680893184614F0FBFC089B03901B680F
:10794000DD6B6B6B0BB128469847039B1B6853B9E3
:10795000039A2068012313610268D2689169CC07F9
:107960001CD400231DE0039B5B68002BF0D0236830
:107970001A681388528813FB02F3039AD2689A425A
:10798000E6D02268039B1B69002BE1D01068836A54
:10799000002BF7D09847F4E7C44E00209269910776
:1079A000DFD5039A5361039B5B690E93089B1B68A9
:1079B0005A69002A00F098801A7C12F0300FD5E93D
:1079C000005400F0A181520740F19E810668337C8B
:1079D00003F00602062A00F0878003F03002202A16
:1079E00034D1A3882288618801339B1AE28801324E
:1079F000521A13FB0253681E9C465A1BACEB030140
:107A0000013A91421BD373886188B4F90620013B87
:107A10005B1AE38073882188013B9B1A638033885B
:107A2000B4F90420013B5B1AA3803388013B9B1A05
:107A300023802A462146304610F044F954E013F8DA
:107A4000012D10F8011F19700270D6E7DB064BD527
:107A500014F06EFC2388B4F9042009930590531C9C
:107A60000998B4F900109BB20A931B1A98B20FFA46
:107A700083FAB4F902300F9363880693E3880B907E
:107A8000069801331B1A1BB2079307984FF4205333
:107A9000B3FBFAF38342A8BF03461093337C03F091
:107AA0003003102B36D1738809995A1E521AE2807E
:107AB0000A9A9B1A63800AEBDA735B1014930AF13B
:107AC000010303EBD3735B1013934FF0000B2AEA0F
:107AD000EA73CDF810B01593079B5B451DDC049B42
:107AE00013B1184603F0B8FF039B1A687AB15B68BC
:107AF0006BB108990968097CC90701D50E9931B1A4
:107B0000039989688A4218BF1346039A936027B085
:107B1000BDE8F08F6180E280CDE7079B109AA3EB70
:107B20000B039342A8BF1346059A0C930123BDF99A
:107B300030801361BBF1000F40F08E80079B9A45A7
:107B400000F38A80337C03F0300311930B9B013BDD
:107B50009BB2D84658460D93149A03B29A423FDD21
:107B60000D9BA3EB000E0FFA8EFE0EFB0AF3129391
:107B70004FF0000C1EE00D99129FCB1A19B202EBC8
:107B8000080907FA83F3119F302F15F809700C9735
:107B90000AFB02E20AFB010116D16F5C05F80970CD
:107BA00015F8039005F80190A95CE9540C9BAB54BF
:107BB0000CF1010C13990FFA8CF28A421FFA8CF324
:107BC000D9DB0130D044C7E7AF5C05F8097015F880
:107BD000039005F802906A5CEA540C9B6B54E7E74B
:107BE000337C03F03003102B29D10F9B2380069B9D
:107BF0000B9A013B1344A380D046079A08EB0B0372
:107C00009A4279DC059B9B69DF0775D5059B9B69CB
:107C1000980771D50123059A5361049A2146002AD9
:107C200008BF2A46304610F04DF8059B1B69002B13
:107C300064D108FB0A55D8440FFA88FB4CE7338817
:107C4000069A013B9B1A099A9BB20132A380134406
:107C50000A9A9B1A2380CFE7049B23B94FF4205044
:107C600003F0B0FE04900AFB08F3A3EB0809307C94
:107C7000013BA3EB090300F03000AE4600210D9359
:107C80000AB2904510DC337CBDF8302003F030039D
:107C9000102B1FFA8BF124D1069B194489B2218045
:107CA00001391144A180A8E730280ABF0D9B01EBE0
:107CB00009025A1A4FF0000C0FFA8CF39A4503DCB4
:107CC000159B01319E44DBE71EF80C703B46049F78
:107CD0003028BB540CF1010C0CBF4244A2EB08024B
:107CE000EAE733880698013B1B1A5B1A9BB2A38014
:107CF00001339B1A238080E700238CE7B36A002BB3
:107D000093D03046984790E72A462146184693E696
:107D1000014B1868704700BFC44E00202DE9F04F9A
:107D20008FB0054614F007FB0023974C06900B9389
:107D3000FDB1EB682360284615F0E2F82368186966
:107D4000FEF7F6FC2368586908B1FEF7F1FC2368DA
:107D5000D869FEF7EDFC2368186AFEF7E9FC236892
:107D60001A69002A40F0B080A3F850210FB0BDE896
:107D7000F08F03F04DFB2060E0E7334493F830517F
:107D8000002D64D001362368B3F850219642F4D315
:107D90007E4900200860002A32D002F1FF3803F546
:107DA000987212F8081021B1B8F10108F9D24FF019
:107DB00000081868436B03B1984723681A68D168B4
:107DC0000A7E6FF300020A761A68D1680A7E6FF3A2
:107DD00041020A7693F8282042F0040283F8282012
:107DE000002303930DF130092568039AB5F850314B
:107DF0009A426DDB95F828306FF3820385F82830BE
:107E00002568B5F85031CBB14FF4807105F13000E1
:107E10000FF0A9FF202105F598700FF0A4FF0023B3
:107E2000A5F85031069814F093FA23680B9018685F
:107E3000436A1BB1554A0B991268984703F020FE1C
:107E400014F058FA0FB0BDE8F04F00F0B7BD4FEA9C
:107E5000C60A0AF130082068B0F850319D4291D22C
:107E6000431993F830316BBBAE422BD04FEAC50BB0
:107E70000BF1300B00EB0B01404414F0EAFB08B3AC
:107E800021680CA801EB0B02414414F02BFB0CA859
:107E900014F0CFFA03902068404414F0CAFA074661
:107EA0002068584414F0C5FA039B0744BB4209D22A
:107EB00023680C9903EB0A022B4411630D9951635B
:107EC00083F830910135C6E700264FF001095AE7E3
:107ED000039BEB1893F83031002B48D1039B4345AB
:107EE00005D12B68DA68137E43F0010313762B6803
:107EF000DA68137E6FF341031376039BDF0007F10B
:107F0000300305932B68DE6BDB689B6833602B685E
:107F10001B7C9B073CD0284603F080FA074620686C
:107F200003F08CFA0138002200B27B1E00901BB2D5
:107F30001146484614F071FA2368C6F804901B688D
:107F40001A7CDB6812F0020F15D01A7E42F0020292
:107F50001A76C6F808903046FFF716FC059B206895
:107F6000184414F066FA094A136803441360039B2B
:107F70000133039338E799691A7E61F341021A7657
:107F8000059B1D44B560E6E7C44E0020C84E0020A6
:107F90002F442846B7F834A03B8E7A8E0AF1010AA6
:107FA000AAEB030AB7F93630049303F1010BABEBEC
:107FB000020B03F043FA049B83420FFA8AFA0FFA8A
:107FC0008BFB5BDB206803F039FA431E1BB222688F
:107FD0001268D1689269CD68B5FBFAF55D45A8BF16
:107FE0005D46002A51D000220C92ADF834200FFAE1
:107FF00085FAD3460AF1FF3A226804930FFA8AFA07
:10800000ADF836A01068494682699047BDF9361030
:10801000BDF83220049B01318A1A12B2954230DA3F
:10802000BAF1000FE5DC00220492BDF81020B7F988
:108030003200511E4FF0000A0791049D216800EBA9
:10804000050E0EF1FF3E9E4521DD534586D03A8E4A
:10805000ADF83020BA8EADF83420ADF83200ADF86E
:108060003630C6E901990B68DB689B6833600B68A2
:10807000DA68137E43F0020313766CE7B7F9363003
:10808000A5E7BBF1000FCEDD0D460495CDE7B7F8AF
:1080900030E0079DADF830E0B7F834E0ADF83200DD
:1080A0001FFA80FB15FA80F0ADF83600ADF834E029
:1080B000C6E901990868C06880683060BDF936007B
:1080C00098428246A8BF9A469842ADF836A005DB92
:1080D0000868C168087E40F0020008763046CDE9A5
:1080E0000832FFF751FB099A089B93440FFA8BF073
:1080F000A3E700BF38B505460FF02AFF044650B18C
:1081000028460021044A0FF0E2FA29462046BDE83D
:1081100038400FF00EBF38BDFFFF0F000438C0B26B
:108120000A289ABF014B185C00207047DB1B060031
:108130002DE9F04F04468DB0884617461D463BB9E1
:10814000854A394620460DB0BDE8F04F0FF010BF0C
:108150008E7A022E2FD9C66936BB2846D8F80C2055
:1081600098F8081000F06AFF05460028E8D0067D60
:1081700006F01F0210460FF024FF38BB0E2A1646E9
:108180001CD0142A04D010460FF023FF061DF6B2AF
:108190002A6AEAB1394620460FF0EAFE28460DB0B9
:1081A000BDE8F04F10F096BDB047012803D098F815
:1081B0000A30022BD1D80DB0BDE8F08FD8F80030CE
:1081C000B3F1807FE4D0A8610526E1E70626DFE76A
:1081D000AB69002B56D0D8F80030B7F900C0B7F91A
:1081E00002E0B7F90410B7F90620ADF820C0B3F1EA
:1081F000807FADF822E0ADF82410ADF8262027D01E
:108200004046013230F9043B01900131B8F80200D8
:108210000090A2EB0E02A1EB0C0112B209B208A869
:1082200010F0AEFC3A88BDF82030BDF8221013449F
:10823000ADF820307B881944ADF82210BDF8241029
:108240000A44ADF82420BDF826201344ADF82630AA
:108250000DF12809A16808AA484614F018F918B9C0
:10826000284610F037FDA6E7D4F808A0C4F8089017
:108270000096AB693A46414620460FF0C1FEC4F86D
:1082800008A08BE7A1683A4606A814F000F9002878
:10829000E6D0BDF81C30BDF8182001339B1A1BB284
:1082A0005800049303F08EFBA3680393069B089386
:1082B0008146079B0993012108A814F0B5F8BDF980
:1082C0001830B7F90020BDF91AB0B7F902A09B1A0F
:1082D0001BB2ABEB0A0A0593BDF91E309B4505DDC9
:1082E000039BA360484603F0B7FB57E7039908AA2E
:1082F0000AA814F0CCF858B3049B0599CDF8009067
:108300000FFA8AF2284610F0D5FC01280BD0284637
:1083100010F0E0FC484603F09FFB284610F0DAFC22
:10832000039BA3600CE70AABA36008AA4B46009628
:10833000414620460FF064FEBDF822300133ADF80F
:108340002230BDF826300133ADF826300AF1010A9B
:108350000BF1010BC0E700BFD31B060010B51422C0
:10836000044600210C3015F0CEFEFF232376064B89
:1083700023604FF6FF73C4E90133052003F096FA3A
:108380000023A073637610BD380A06002DE9F04F74
:10839000B3B0834605930B7EDDF8F080022B0C46CC
:1083A000154640F2B9800B680493002B00F0B480AE
:1083B000036A002B00F0B0800F460FCF1EAE0FC631
:1083C00097E80F0086E80F00059B002B00F0A480C3
:1083D0001B78002B00F0A080DBF80820294617A8A6
:1083E00014F055F8002800F09780A37E0893E37EF0
:1083F000980700F19480AB882A8801339B1A1BB23E
:10840000049AB5F90200B2F90890B4F91020B4F951
:1084100016104A440A922A88ADF84C20B4F9142068
:108420001092421892B2ADF84E20B8F1000F40F011
:10843000878000261BB20B93DDE90410E37E0193D5
:1084400000230093B4F912200B9B304403F0C8FCC6
:108450008719DBF80820BDF94E30B2F902204B44F1
:108460009342059BC0F28D809819089B022B40F027
:10847000B980E37E0093B4F91230049AB91B14F06A
:10848000D4FDAB882A8801339B1A1BB2181ABDF899
:108490004C3000EBD07003EB6003ADF84C306368F8
:1084A0000693A3680793DDE90632934288BFCDE9BE
:1084B0000623237F990719D01BA80FF019FE237BF1
:1084C0008DF86C30049B9DF8752093F90E30002BCD
:1084D00008BF0123ADF86E30237E8DF87430237F02
:1084E000C3F3C20363F301028DF8752026A800F0E0
:1084F00089FDA37B8DF89C304FF00008BDF94C300E
:108500000F93CDF83880CDF82480059B33440D932C
:10851000059B9B5D002B7BD133B0BDE8F08F0293B0
:1085200041F6FF730193B4F910300093B4F912309F
:108530002268059926A814F0B7FDBDF998305FE7C9
:1085400000297FF476AF0028BFF673AFD8F8081083
:10855000091A0A980029B8BF4942C0F50070B1EB6A
:10856000400FC4BF4FF0FF31C8F80010D8F80060CA
:10857000002EFFF65EAFD8F804100A44ADF84E2086
:1085800058E703EB070AE37E019300230093B4F955
:1085900012200B9B0499504603F022FCBDF84E308C
:1085A0000A9A13441BB23844ADF84E30B8F1000FAC
:1085B00011D013F5806F0EDBD8F80020002A0ADAFC
:1085C000C8F80070B5F902209B1AC8F80430B5F954
:1085D0000230C8F808309AF800303E46002B9BD095
:1085E000074636E7089B032B7FF459AFE37E0093E1
:1085F000B4F91230049AB91B14F017FDAB882A881D
:1086000001339B1A1BB2BDF84C201B1A134444E7DC
:10861000BDF84C30109A1344ADF84C30002314933D
:108620009946BB1B11931499119B8B4200F28680D3
:10863000237F9A0722D50F9BADF85830BDF96E30D5
:108640008DF86C8003EBD372BDF84E3003EB620300
:108650002268B2F9082002EBD27203EB62031BB26C
:10866000BDF84C20ADF85A30ADF86420ADF8663056
:1086700016AA19AB1BA958460FF043FD237FDB0751
:108680001ED50F9B2268ADF858301189BDF84E30C9
:1086900052898DF86C800B449B1A049A92F90D2034
:1086A0009B1A1BB2BDF84C20ADF85A30ADF86420CF
:1086B000ADF8663016AA19AB1BA958460FF021FD7C
:1086C000059B0499DE19E37E019300230093B4F91E
:1086D00012200B9B304603F083FB2B88ADF84C3007
:1086E000089B022B014607EB000940F0EF80E37E78
:1086F0000093B4F91230049A304614F096FCAB881B
:108700002A8801339B1A1BB2181ABDF84C3000EBB3
:10871000D07003EB6003ADF84C30BDF84E300A9AD0
:108720001344DBF80820B2F906201BB29A42ADF8D8
:108730004E303E46FFF6F0AE4F46E6E6069B4FF65D
:10874000FF7293421DD0079B93421AD06A4B059843
:108750001B6831449847824614AB0D9816AA15A998
:1087600003F054FCE37E13F0010300F0A580159A9A
:10877000232A13D1B9F1000F06D1149A0992994610
:1087800051E74FF0000AE7E7B9F1010F4DD0B9F119
:10879000020F00F0988094F80C804AE0B9F1010FC4
:1087A00040F08A80202A7FF43EAF149B099A9B1ADE
:1087B000072B38D10D9B0999585819909A18C0F376
:1087C0000723C0F3074AC0F307690C93C0B293882C
:1087D000ADF868300FF01FFC01469DF830000FF037
:1087E0001AFC00EB01115FFA8AF00FF014FC8246CC
:1087F0005FFA89F00FF00FFC00EB0A199DF8680092
:108800000FF009FC82469DF869000FF004FC00EBB4
:108810000A1049EA000941EA0901C1F3C0130E93A5
:108820004FF00209FFE6237BF9E794F80C804FF044
:108830000009DDE91512049813F026FD069B0C9043
:108840004FF6FF72934222D0079B93421FD0069BA4
:1088500053451CD8079B534519D9BDF94C30618A43
:10886000ADF86430013B0B44BDF94E20ADF86620F5
:108870000344ADF868300A9B013A1A44ADF86A2007
:1088800026A919AA584610F056F994F80D80159BA0
:108890008DF8848013AA1EA958460FF0CEFB0C9BBE
:1088A000002B3FF4C0AEBDF84C30628A13440C9AE2
:1088B0001A44ADF84C20B6E6B9F1020F7FF46BAF65
:1088C000DDF83880B5E74FF00009ACE6089B032BD4
:1088D0007FF423AFE37E0093B4F91230049A30465C
:1088E00014F0A3FBAB882A8801339B1A1BB2BDF896
:1088F0004C201B1A13440EE75C0C002030B5094ACB
:10890000002352F8335002EBC3042DB10133102B76
:10891000F7D14FF0FF3030BD42F833006160D8B27C
:10892000F9E700BFFC4E00202DE9F3470D4E074646
:10893000884691469A460024356825B90134E0B24C
:1089400002B0BDE8F08700952D6853464A4641467F
:108950003846A8470028F3D0022808BF012408366B
:10896000EAE700BFFC4E0020421C18BF074A03463E
:108970004FF000011DBF52F8300042F8331002EBF7
:10898000C302084618BF5160704700BFFC4E00206C
:10899000F8B50024084D064627466B68B34203D15C
:1089A00020B22F68FFF7E0FF0134102C05F1080515
:1089B000F3D13846F8BD00BFFC4E002038B5084C56
:1089C0000025206808B102F0DFFF20461C21073592
:1089D0000FF0B2FB1C2D04F11C04F2D138BD00BF16
:1089E0007C4F002070B5134E0446336818B9181E2A
:1089F00018BF012070BD002556F8353023B9013568
:108A0000102DF9D10020F5E71A79022A01D00120B2
:108A1000F0E7B3F9102003F108019B7CDB07204647
:108A200004D513F07CFE0028E9D1F0E713F02EFE08
:108A3000F9E700BFFC4E00202DE9F843BDF92060A6
:108A40009DF8249015460F462C21044698460FF0B9
:108A500073FBB54206D1B9F1030F0BD1013D013EC5
:108A60002DB236B2B54205DD2A46354616463A469F
:108A700047469046227CE68169F30102A8EB070392
:108A8000761B227483EAE37186EAE672A1EBE37156
:108A9000A2EBE672914294F828202F482781D4BF98
:108AA0000021012161F3000284F828200021D2076F
:108AB000C4E906116581A4F80C806782A582206054
:108AC000217126D533B14FF4801292FBF3F2724339
:108AD0009212E26136B14FF4801292FBF6F25343E8
:108AE0009B12A361E069237C94F82820206213F094
:108AF00003034FEAA00124D0012B22D0022B1AD16C
:108B000000281DDD42F0020284F828206162BDE8E1
:108B1000F88336B14FF4801292FBF6F25A43921268
:108B2000A26133B14FF4801292FBF3F373439B12B3
:108B3000E361A069D7E700280BDD6FF34102E3E7AB
:108B4000002363F34102002884F82820B8BF49427B
:108B5000DCE70123F5E700BF418105002DE9F34182
:108B600040F26715BDF920C0AB4217461A46A8BFB0
:108B70002B466545A8BF654625EAE57523EAE373FC
:108B80009D420E460446A9B230DA01F5B470C01A0F
:108B9000B32A80B2A4F868004FF001081648A381F8
:108BA000D4BF00220122BCF1B30FE5812681678189
:108BB000206084F8048006DDB439B32994BF4FF0F7
:108BC00000084FF00108009231463A4604F11000C7
:108BD0000FF08BFF2B463A46314604F13C00CDF8AE
:108BE000208002B0BDE8F0410FF07FBFE81A0028F6
:108BF000B8BF4042CCE700BF418505002DE9F04FEA
:108C00009046CA88B1F90040074648880132121AD6
:108C100088883C810130001B12B200B28242A8BF9A
:108C20000246B8EB620F4FEA6200B1F902207A8186
:108C3000B1F90420BA81B1F90620FA81BA7CC8BF23
:108C40000FFA80F863F30002A34B3B6028EAE87553
:108C50000223B8F1000F8FB03D82BA743B714FF020
:108C6000000603DC7E610FB0BDE8F08F9B4B0196E0
:108C700019461A46B1F91800A8421AD1019B1C20C6
:108C800000FB0323B8F10F0F596901F1010159618C
:108C90001B690199CCBF45F30F1501252B4400FB3F
:108CA0000122B3F57A7FA8BF4FF47A7313617A611A
:108CB000D9E7019801300428019001F11C01D9D1B4
:108CC00000245A6932B9002C3CD0196922699142BA
:108CD000B8BF1C46019A013A03F11C030192F0D17E
:108CE00094BB1C2002F048FE1C2104460FF024FA1D
:108CF0004FF0FF3323617C612068258308B102F0C7
:108D000043FE062005FB000002F036FE042200EBC5
:108D10004503023302EB8507E360B8F1010F00EB76
:108D20000703C4E9000005F10109A3601CD1B423C5
:108D30000370E26800231380E268A2F80280A26850
:108D4000138090E71C46C5E76369B8F10F0F03F184
:108D500001036361CCBF45F30F130123B3F57A7FA1
:108D6000A8BF4FF47A73C5E74FEAC90002F02AFEA4
:108D7000AB00C3F101010FFA83FA43F38D0309B28B
:108D800006930023C21902910A939B469946D14546
:108D900022DC0DF1180E0DF1280C0027029EBDF803
:108DA0000810002E62DC033101EB490109B2029187
:108DB00009F101010FFA81F9D1450ADC4FEAAA0154
:108DC00001374EF8041B042F0AF003014CF8041B72
:108DD000E4D1042F9C4655D003F1004C0CF1FF3C2C
:108DE00040F2D32130F91CE015FB01F5BEEBA52FB5
:108DF0004FEAA5214FEA4C0703D132F91CC0614567
:108E00001AD0C5F309050237B5F5007F09B2C15381
:108E1000C8BFC5F58065D153C8BF6D436168D5BF74
:108E20006D43ED13ED0BC5F10F05CD546568E95C9D
:108E30000901E95401331BB29D1E1946002D80F231
:108E4000B08099B24D1E002BCCBF2B460023E568A5
:108E50001944002309B22B808B42BDF904C0C0F233
:108E6000B1800FB0BDE8F04F02F0F6BDA9EB0A08E3
:108E7000053101EB480109B202910AF1FF310FFA05
:108E800081FA95E7DDF818800FFA88F10E469DF813
:108E90003410039109995F009BB20593884503F153
:108EA00001030FFA8BFE1BB21AD1C6530A9922F89E
:108EB00007E0039F66680F4439460B9F39440C9FB7
:108EC000394406F80C10676817F80C10090107F808
:108ED0000C100BF1010B5AE7418805007C4F002074
:108EE00008F1FF3109B204910799884522D0C65391
:108EF00022F807E061680A9F01F80C70676817F8AC
:108F00000C10090107F80C10049920F81310039FA6
:108F10000B9922F813E00F4439460C9F6668043120
:108F20003944F1546768F95C0901F954059B02332F
:108F30001BB2CEE70899C653884522F807E00A9984
:108F400017D00B9E6768314407F80C106768049EC1
:108F500017F80C10090107F80C105900465222F8B6
:108F600001E0039E0C9967680E4431460831F954BC
:108F7000D8E70B9F049E01EB07080C9988446168B1
:108F800001F80C80676817F80C10090107F80C103D
:108F90005900039F465222F801E061680C37CF5414
:108FA000C0E732F9157020F8117030F9157022F809
:108FB0001170676817F805C007F801C00131013D5D
:108FC00009B23BE7E56825F81C30A56830F8137056
:108FD00025F81C704FEA4C0E32F91350654501D14B
:108FE0008B4203DB019D0135019535E7A76830F918
:108FF000135037F80E804545A8BF454627F80E5058
:109000000133E9E710B530220446002115F07BF862
:1090100040F2FF232381084B2361FF23E37040F2DA
:109020000112637584F8243084F82E3041F6FF6312
:10903000A280A38310BD00BF380A06002DE9F041CD
:1090400004460F46904613F076F9124D2146064627
:1090500043463A46284600F0DFFA044650B9014636
:109060002822284615F04FF84FF00043AB62204607
:10907000BDE8F0810023AB62EB690BB10548F7E76F
:10908000304613F065F908B1E861F7E70123EB61B9
:10909000F4E700BF7050002030B5084685B00D469B
:1090A00014460EF0A0FFE0B92B78C3F30403043B91
:1090B000DBB2102B39D82B682268C3F38A2363F301
:1090C000942222606B886288C3F34A1363F34F12C1
:1090D00062802A78237862F304032370012005B0AC
:1090E00030BD012823D1284602F004FC1449DDF7E5
:1090F00071F9D0B90222294601A813F0B1FC70B968
:1091000004226B4621460DEB020013F0A7FB054637
:1091100001A813F084FB45B9009B042B05D12378EB
:109120001C3303F01F03102BD8D90020D7E70228E7
:10913000FBD1236803F47872024B13432360CDE71D
:10914000E61B06000B0420002DE9F04F087D89B0D6
:109150001F4600F01E03042BBDF948900E4614462E
:1091600003D000F01F03062B2DD1337C012B03D03D
:10917000002009B0BDE8F08F00F01F00D6F8248071
:10918000FEF7CCFF7169C1F38A2117FB014141430E
:10919000C910054600220431404613F01FFC002888
:1091A000E6D1C5F3C70515FB09F50490139904AB87
:1091B0002A46404613F052FB0028D9D10498431B9D
:1091C00058425841D5E7A3F10B02032A00F2B280BE
:1091D0004FF47F43ADF80830A3F5AD03A3F5285352
:1091E00003939F4B04AA03F1100C9046186859682A
:1091F000154603C5083363452A46F7D1317A002363
:109200001AB2914514DC307D00F01F00FEF786FF96
:1092100001238340013B9BB20093337D03F01F0386
:109220000B3B8246032B54D8DFE803F0072C3C4A63
:10923000139A02F813100133E2E77569C5F38A2522
:109240000735EB10E110E4431D4603FB071104F062
:1092500007040DF108082846D6F824B0019102F061
:10926000B1FB0746002883D0337C0199ABBB736800
:109270009A680A44139BCAF1080000215D1C4FFA4A
:1092800080FE4FE07569C5F38A250335A110E443DC
:10929000AB1004F003041D4603FB071164000DF13D
:1092A0000C08D8E77569C5F38A2501356110E443D8
:1092B0006B1004F001041D4603FB0711A400CAE76C
:1092C0007569C5F38A210D4617FB01410024A046AC
:1092D000C1E7002421462546F9E70022043158461B
:1092E00013F07CFB2A4600233946584613F0B6FAA1
:1092F0003A46BFE71378009896F814C0234103401C
:10930000DBB20CF01F0CA4EB0A04BCF10E0F64B22C
:1093100018BF18F8033005F81130002CBCBF744694
:10932000013201310BB29945E4DC384602F094FB7E
:1093300001201EE7073B032B3FF61AAF00F01F008A
:10934000FEF7ECFE337D4FF0010808FA00F803F059
:109350001F0308F1FF38073B82461FFA88F8032BEA
:1093600052D8DFE803F0022737477569C5F38A252D
:109370000735EA10E31002FB0733E443154603F117
:10938000080104F007042846D6F824B0009102F042
:1093900019FB074600283FF4EBAE337C0099BBBBBA
:1093A00073689A680A44139BCAF10806591C002581
:1093B00076B251E07569C5F38A250335AA10A3106A
:1093C000E44302FB073304F00304154603F11001E4
:1093D0006400D8E77569C5F38A2501356A10631002
:1093E000E44302FB073304F00104154603F1400196
:1093F000A400C8E77569C5F38A2317FB03471D4618
:1094000007F580610024BEE700210C460D46BAE74F
:1094100000220431584613F0E1FA2A460023394667
:10942000584613F01BFA3A46BDE71378DBF80C00F8
:10943000234103EA0803DBB2A4EB0A04C05C01F891
:10944000010CDBF8100064B2002CC35C0B70BCBFD5
:1094500034460132013502312BB29945E5DC64E72F
:109460008FEB0500F0B50B7C012B85B007460C4651
:1094700035D1486802F03EFA4F49DCF7ABFF78B9C6
:109480006168022201A813F0EBFA48B9636A6BB96C
:10949000142002F071FA606228B901A813F0BFF934
:1094A000002005B0F0BD14210FF000FC01AB03CB90
:1094B000626A1060516018689060237D03F01F009D
:1094C000031F022B12D9C31F0D2B31D8DFE803F085
:1094D000151515151313130E30303030300E002BC8
:1094E000EBD14B689B68002BE7D1D9E7237C13B9FC
:1094F00063689B68A3610120D3E7FEF70FFE636AF0
:109500000126864043B9142002F036FA6062002832
:10951000C6D014210FF0CAFB3046656A02F02CFA5F
:10952000E860304602F028FAEB68286103B120B900
:10953000214638460FF0A2FBB2E7237C012B21D154
:1095400000220421284613F049FA0024B442D2D064
:1095500004220DEB02010023284613F07FF99DF849
:1095600005309DF80410EA68DB0943EAD1139DF841
:10957000061043EAD11313552B699DF807201A559D
:109580000134E3E763689A680020B04202F1040204
:10959000B1D012F8033C12F8044CE968DB0943EA45
:1095A000D41312F8024C43EAD4130B542B6912F86B
:1095B000011C19540130E8E7E61B06002DE9F041D3
:1095C0000F460646042138460FF070FB1EB90025F1
:1095D0002846BDE8F08130460EF005FD10B9B368AD
:1095E000002BF4D00B48DFF82C8013F0E7FA0025AD
:1095F0000446002CECD0236833B13A46314620466D
:10960000984701280546E3D02146404613F0DCFA8E
:109610000446EEE7AC5000202DE9F8430F46282120
:10962000044616461D460FF041FB1FB90026304682
:10963000BDE8F88338460EF0D6FC38B9BB68002B7D
:10964000F4D026722074E560676010E0012826726D
:109650002074E560F8D13846DCF7CEFE013002F028
:109660008BF960600028E1D03946DCF7BDFE19486F
:10967000DFF8609013F0A2FA0026054604F1140802
:1096800035B9237C012BD2D1606802F07DF9CEE799
:109690002B68CBB16A68BAB142463946284698472A
:1096A0000128064610D125606B6821462846984758
:1096B00001280646BBD0042140460FF0F7FA0023EC
:1096C0002362A3616362E3612946484613F07CFA92
:1096D0000546D5E7AC50002010B5054813F00EFA4A
:1096E000044610B114210FF0E1FA204610BD00BF6E
:1096F000AC50002008B50848142113F0F7F9FFF723
:10970000EBFF38B1054B0360054B4360054B8360AD
:10971000054BC36008BD00BFAC5000209990040009
:1097200065940400499104007D8C050010B508463D
:109730000C460FF0E1FA104B6361104B2361104BA4
:109740002363104B2362104BA361104B6362104BD9
:10975000A362104BE362104B6363104BA363104B87
:10976000E363104B2364104B6364104BA364104BF2
:1097700063652C23E36410BDDD8D050035AE050067
:109780006BA80500DDA20400579B0500F9A60400A4
:1097900035AE040069BD0500F78C0500018D05009C
:1097A000719F050055A00500AFA0050041A105006F
:1097B000B59704002DE9F04FD1F80CA00B7C91B0C7
:1097C00081460F46BAF1000F02D0002B00F08980CD
:1097D000012BD9F80430D9F808203968B3F90440CE
:1097E000B3F900500EA808BF4FF0000A12F04FFE68
:1097F000002876D00134641B23B20593FEF788FA63
:109800000268D9F80040D3690546ABB9D9F804001D
:10981000BDF93A10B0F90230B0F90000C91A059B41
:109820005943BDF938301B1A107C40064ABF5B0013
:109830005B1803EB41031C447E68002E54D038684B
:109840008388B0F90010B0F9020001335B1A1BB233
:109850000793BDF93A30181ABDF938305B1A0799E9
:1098600001FB00331E44BAF1000F52D0137C1B07DA
:109870003CD57869BDF93A108388B0F900200133EE
:109880009B1A1BB20893B0F90230C91ABDF93830DF
:109890009B1A089A02FB01339A44D9F804305A887B
:1098A00019885242494212B209B20EA812F0DEFDE6
:1098B0002B6897F81890DB697D68002B00F0E28038
:1098C000002D7BD13B7A8DF81830FEF721FA8346C4
:1098D000BAF1000F3AD1BDF93A50BDF93E309D4280
:1098E0001ADD11B0BDE8F08F0796BCE7786912F079
:1098F000A0FD0AF1FF32CAF101018B189842B8DDD0
:1099000012F8013F802B4FF0FF3398BF00231370F4
:10991000F3E7CDF820A0C0E7BDF938602FB2BDF95C
:109920003C309E4201DD0135D7E7DBF800009DF8B1
:1099300018308DF80430CDF80890009733B2D0F885
:109940001C80059A2146C0470136E8E7BDF83C7007
:10995000BDF83830BDF83E600137FF1ABDF83A3027
:109960000136F61A33B23FB20793079BAB42B8DD1C
:109970004FF000081CE01AF80820BAB119FB02F2F7
:10998000120ADBF8000002929DF818208DF80420DE
:10999000BDF83A20BDF838302A4412B20092C269AC
:1099A000434416461BB2059A2146B04708F1010808
:1099B0004745E0DC089B01359A44D6E7FEF7A8F955
:1099C000BDF83C50BDF83830BDF83A20069001355E
:1099D000ED1A2BB20993BDF83E3001339B1A0FFAF2
:1099E00083FBBAF1000F23D04FF00008C3457FF787
:1099F00078AF00273CE0069B1868CDF80890F25D30
:109A00008DF80420BDF83A20BDF83830524412B227
:109A100000923B44D0F81C80059A1BB22146C047F7
:109A20000137099BBB42E6DC079B0AF1010A1E4491
:109A3000D3457FF756AF0027F3E71AF80720B2B1F6
:109A4000069B19FB02F2120A18680292F25D8DF869
:109A50000420BDF83A20BDF83830424412B20092DA
:109A6000C2693B4415461BB2059A2146A8470137F7
:109A7000099BBB42E1DC089B9A44079B08F1010863
:109A80001E44B3E7BDF83C20BDF838107B7E0132A0
:109A9000521A0FFA82FBBDF83E20BDF83A1001328F
:109AA000521A12B20692002B40F0EB81002D40F0CA
:109AB00004813A7A1646BAF1000F37D1B9F1FC0F9A
:109AC0001BD819F0800F6FEA090014BFD6B21E46EA
:109AD00002F00102002740B206998F42BFF601AFA3
:109AE000611EC4F1010C19E020465A46314612F0BD
:109AF00062FE059B0AF1010A1C44069B9A45F3DBB2
:109B0000EFE64D789D4207D0002862F30008ACBF15
:109B10005FFA88F62E462B4601F8016F0CEB010523
:109B2000AB45EEDC059901370C44D5E7B9F1FC0FE4
:109B3000D2B240F28F80059BA3EB0B0C089BABF1DC
:109B40000407A3EB0B0E069B9D42BFF6CAAE504620
:109B5000002107E010F8018BB8F1FF0F13D1267038
:109B6000013401315945034602DA10F0030FF1D1F7
:109B70008F420FDAC91AC81883455CDC644403EBD2
:109B80000E0A0135DFE718F0800F237818BF13465F
:109B90002370E5E753F8040BB0F1FF3F04F1040430
:109BA00009D104F8046C04F8036C04F8026C04F89E
:109BB000016C0431DCE70028FBD013F8048CB8F109
:109BC000FF0F1DD104F8046C13F8038CB8F1FF0FDC
:109BD0001FD104F8036C13F8028CB8F1FF0F21D1E8
:109BE00004F8026C13F8018CB8F1FF0FDFD018F005
:109BF000800F14F8010C18BF104604F8010CD8E7C8
:109C000018F0800F14F8040C18BF104604F8040C68
:109C1000DAE718F0800F14F8030C18BF104604F8A8
:109C2000030CD8E718F0800F14F8020C18BF104688
:109C300004F8020CD6E713F8018BB8F1FF0F02D13C
:109C40002670013497E718F0800F207818BF10466F
:109C50002070F6E708992778A1EB0B0CB846184658
:109C60001E46BBF1000FA8BFDC4406998E42BFF62A
:109C700038AE002118E01AF80150A5B19D4214F841
:109C800001E00BD0FF2D16D015FB09F0000A10F0F3
:109C9000800F14BF9046F0462B4601E07745F6D181
:109CA00004F80180774601315945E4DB0599E24427
:109CB0000C440136D9E74846E9E7BAF1000F2CD148
:109CC000B9F1FC0F14D851464FFA89F5069B994219
:109CD000BFF607AE621E002317E0314620465A4603
:109CE00014F0E9F9059B1C44079B0AF1010A1E4484
:109CF000069B9A45F1DBF4E5F75C507830EA2500E5
:109D000028BF384602F8010F01335B45F4DB059BA1
:109D10001C44079B01311E44D8E7B9F1FD0F40F206
:109D2000AA80ABF104089E46069B9E45BFF6D9ADBE
:109D300050462346002211E015F0800F197818BF15
:109D40003946197008E085070BD010F8015B1DB18A
:109D5000FF2DB75CF0D11F70013201335A45014627
:109D6000F1DBB018A31890450CDC0139A3185A4553
:109D700055DB059B1C44079B1E44089B0EF1010EFE
:109D80009A44D1E70D6855B3013508D105781D70A7
:109D900045785D7085789D70C578DD701FE00F781F
:109DA0002FB1FF2F90F800C01ED183F800C04F786C
:109DB0002FB1FF2F90F801C01DD183F801C08F781B
:109DC0002FB1FF2F90F802C01CD183F802C0CF78CA
:109DD0002FB1FF2F90F803C01BD183F803C00431CB
:109DE000043204300433BEE717F0800F1D7818BF2B
:109DF00065461D70DBE717F0800F5D7818BF65467C
:109E00005D70DCE717F0800F9D7818BF65469D7088
:109E1000DDE717F0800FDD7818BF6546BDE711F864
:109E2000015F1DB1FF2DB75C03D11F7001320133FB
:109E30009DE715F0800F187818BF38461870F5E7C1
:109E40001AF801206AB1FC2A98BF19FB02F2755C6E
:109E5000605C94BF120A4A4612F0800F18BF284671
:109E6000605401315945EBDB059A1444079A1644B6
:109E7000089A01339244069A9342BFF632AD00210C
:109E8000F0E7013BDBB2002D61D1387A8DF8240078
:109E9000022B3FF626AD6F4A267852F82370BAF1AE
:109EA000000F1CD14A463146B847069B9A45BFF67B
:109EB00018AD25460BE095F80080B04504D09DF81C
:109EC00024004A464146B84705F8010B46462B1B7D
:109ED0009B45F0DC059B0AF1010A1C44E5E79AF872
:109EE0000020FC2A9ABF12FB09F2120A4A463146A8
:109EF000B84700230793DDE906128A42BFF6F1ACAA
:109F00000AF1FF38254617E018F8012F9AB19A4256
:109F100002D12978B1420DD0FC2A98BF12FB09F278
:109F200029789DF8240094BF120A4A46B84798F849
:109F300000302E78287001352A1B9345E4DC059A01
:109F40001444089A9244079A01320792D3E7022BED
:109F50003FF6C7AC404A257852F82330099333784E
:109F6000BAF1000F2ED1184608934A46099B29469C
:109F70009847089B069A9245BFF6B3AC04F1FF38A8
:109F8000002716E0F25D089298F801200A92089ADC
:109F90009A4202D10A9A954207D0099B9DF828104F
:109FA0009DF820004A469847089B08F8010F0A9D33
:109FB00001375F45E6DB059A1444079A0AF1010A66
:109FC0001644D7E79AF800200A93FC2A9ABF19FB97
:109FD00002F24FEA1228C84618464246099B294613
:109FE000984700230B930A9B0B9A06998A42BFF667
:109FF00078AC002721E01AF80720EAB1F15D0A9158
:10A00000E15D0C91FC2A0A999ABF19FB02F2120A2F
:10A010004A46994204D10C998D4201D1904508D00D
:10A02000099B9DF830109DF828000D9298470A9BD7
:10A030000D9AE0550C9D904601375F45DBDB059A94
:10A040001444079A1644089A92440B9A01320B92D0
:10A05000CAE700BF2C0A06002C0A06002DE9F843C7
:10A06000DFF85480D8F8003006460F461546FBB19D
:10A07000104B1C68E4B1DFF84490636833F0404350
:10A0800016D039462046B047012803D105B12C60CF
:10A09000BDE8F883D8F8003053B1B4F90C3003337D
:10A0A00023F0030310331C44D9F800309C42E4D35E
:10A0B0000020EDE7F84E0020D04E0020CC4E0020CE
:10A0C0002DE9F04143680A68C3F31D039342054636
:10A0D0002ED1B0F90C40174B033424F003041F6851
:10A0E00004F11006C4F1FF2404F57F04A7EB000877
:10A0F000F0342744B8EB06081F600BD081194246A4
:10A1000013F0D9FF29468F4207D1314605EB0800ED
:10A110000FF0B6FC0120BDE8F0818B6823448B6012
:10A12000B1F90C30033323F0030310331944EAE789
:10A130000020F0E7CC4E002038B5084D04462868D2
:10A1400001F022FC204601F017FC054A2860214658
:10A1500010600FF095FC034B1C6038BDF84E0020DA
:10A16000CC4E0020D04E00202DE9F04F43795B0704
:10A1700087B007460C46164604D10024204607B097
:10A18000BDE8F08F4E4D287818B9FFF7D5FF0123B1
:10A190002B707A794B4802F00702022A14BF33462B
:10A1A000234687EA640983EA0903039304AA002388
:10A1B00003A90493FFF752FF01284FF0000306D1D3
:10A1C000049C63685A1C62F31D036360D6E77A79C6
:10A1D000DFF8FC80DFF8FCB0DFF8FCA002F007023B
:10A1E000022A14BF32462246A642B8BF2646019232
:10A1F000D8F80040DBF80020DAF80010F51C25F054
:10A2000003051035A21AA81888422DD2E27963F30B
:10A21000C712E271019BA68183EA09032360636888
:10A2200003F00043002B43F00102A8BFD8F8003030
:10A230006260019AE281B3BF04F1100303F11002DE
:10A240005B19A360A4BFA260C8F800300026B4F96F
:10A250000E1035B2A94291DD2A4638460FF014FCA3
:10A26000A36801365855F2E78D421ED84FF0FF34EF
:10A27000DAF800302A449A4206D8D8F80040E37948
:10A280006FF3C713E371C5E7002205A90E480594D3
:10A29000FFF7E4FE00220D4805A9FFF7DFFED8F81E
:10A2A0000020DBF80030D21AE2E7284601F064FB18
:10A2B000044600283FF461AFC37943F08003E1E72F
:10A2C000C85C0020759A0500639A0500C1A00400CF
:10A2D000CC4E0020F84E0020D04E00202DE9F04F4B
:10A2E0008946A3B01D4605901446D9F80000002306
:10A2F0002A4612A911F07EFF00283DD11F2D38D922
:10A300004FF6FF039D4234D042F20C039D4230D001
:10A310002188BDF852306288BDF850001944BDF85C
:10A3200054301A44BDF84E3010FA82F013FA81F31B
:10A3300000B21BB212B209B2009010A812F06DF870
:10A3400016A8FEF75FFE02238DF85B308DF87C3097
:10A350008DF886308DF86D3099F80C308DF87030AE
:10A360000123ADF87230059B05981B6910AA16A948
:10A37000984723B0BDE8F08FBDF850100029F8D001
:10A38000BDF84EE0BEF1000FF3D02388BDF8522097
:10A39000B4F90200BDF954C01344D9F80020B2F951
:10A3A0000870B2F90A40059A92681FFA83FB1EB240
:10A3B0000EFA83F3B2F900E07345DADBB2F9043048
:10A3C000B342D6DB01EB0C03C01A3844001B83B246
:10A3D0000A93B2F9023004B201FA80F09842C8DB65
:10A3E000B2F90630A342C4DB1298294611F000FFEF
:10A3F0000028BED0129B1B7B9B07BAD19DF856301C
:10A4000099F8181003F00F03032B00F0E380013BD1
:10A41000072BAED801A252F823F000BF3DA40400E0
:10A42000E1A5040073A30400D5A5040073A30400F0
:10A4300073A3040073A30400C7A504008022049240
:10A44000A64A01250223FC29029211D8DFF8A4C2F2
:10A450009CF800208A4240F0C980A14A1268AA42B2
:10A4600040F0C4809E4B8CF800101D609D4B029301
:10A47000059BBDF84E809B68BDF850A0B3F90070F5
:10A48000B3F9042006EB080CBE42B4BFBF1B002783
:10A490009445C8BF961BB3F90220B3F90630D4BF68
:10A4A000464601369442B4BF121B0022039204EBCD
:10A4B0000A029A42C2BF1B1B01330893039BD8BFF9
:10A4C000CDF820A005FB08F107FB05F403FB0144D0
:10A4D00000EBD4031C22002116A8069313F013FEF0
:10A4E00099F80C308DF8603099F818308DF870308C
:10A4F00099F81C30C3F3C2038DF87130FDF708FCE6
:10A5000000F08CFF0AFB08FA82455346A8BF0346B9
:10A510001846099301F056FA0BEB070307901990C0
:10A520000BF1FF3B98B20A9A03991BB2B344C0F1F6
:10A5300001000FFA8BFCADF83830ADF8403010FA5E
:10A540008BFB089BADF83CC00A440FFA8BF011B2AC
:10A550000A9013FA82F210A8ADF83A10ADF83E1046
:10A56000ADF84210ADF844C0ADF84620B844FEF74F
:10A5700039FA0EABA8EB060816931B93C5F1080336
:10A580000B9305FB08F304F007040C900D934FF0B8
:10A590000008A6EB070A089B039A934237DCBDF933
:10A5A0003E30BDF93A209A4209D0013BADF83E3029
:10A5B0000598022316A98DF868300FF03CFA079829
:10A5C00001F04AFAD5E6FF2204920825464A4FF4E4
:10A5D000807338E7F02204920425444A102332E7BE
:10A5E000C02204920225424A04232CE7029FDFF88E
:10A5F000F4E03B4417F8012BFF2A1ABF12FB01F2CB
:10A60000120A0A46BB420EF8012BF3D12AE7049B3B
:10A6100023FA04F2079B03EB080BDE4639468E4211
:10A6200032DC0C9BB742D4BFD1464FF000097BB15E
:10A63000BDF938100A9BBDF93E205846FEF774F963
:10A6400001468DF8680018B90A9A584613F05BFD68
:10A65000099BD144C1444B4530D9B742D4BF53467E
:10A6600000239844BDF83E3001331BB2ADF83E30B4
:10A670000D9B1C44069B03EBD4030693039B013301
:10A6800004F00704039386E7069B0B981B78A0EB66
:10A69000040C134033FA0CF31CBF0298C35C0EF891
:10A6A000013B0B9BA3429DBF069B049A0133641997
:10A6B0008EBFEA40069300240131B0E702230598DB
:10A6C0008DF8683016A90FF0B6F9BDF83E300133A9
:10A6D0001BB2ADF83A304FF00008C7E7FE1C060089
:10A6E000D44E0020C95C0020EA1B0600EA1C0600CC
:10A6F000FA1C0600C95D00202DE9F04FC3B0CDE97A
:10A700000323B1F9023002900C46002B00F0E780E1
:10A710000A7A022A40F2E380039AB2F90050049ABE
:10A72000B2F90000039AB2F90210049A8542B2F914
:10A73000022002D1914200F0D28003EBD373C3F325
:10A740004F038542D4BFC3EB0506C3EB0006ADF84B
:10A7500028608542ACBF5E191E189142D4BFC3EB7E
:10A760000100C3EB02009142ACBF5B189B18ADF82F
:10A770002E30029BADF82A000DF1280A9A68ADF838
:10A780002C605146504611F082FE002800F0A78050
:10A79000029B9B680893029BC3F808A0039BB4F933
:10A7A0000250B3F90260049BB3F90280039B464553
:10A7B00040F00D81049AB3F90030B2F900209342C1
:10A7C0001946A8BF11469342B8BF1346013D013B4D
:10A7D000ADF8B03005F00103B6B2ADF8AC1003EB44
:10A7E00065032BA9F31A524606EB65060846ADF839
:10A7F000AE30ADF8B26011F04AFEF8B1B4F90630EF
:10A800002BA8002B6ED0B4F90430002B6AD0FEF7D1
:10A81000E9F84FF0010900251C2136A80FF093FC40
:10A820002BAB369323788DF8E030237A8DF8F03017
:10A83000002D5FD0029836A90FF0FDF8637A13F06F
:10A840000C0F49D036A8FEF7DDFB23788DF8DC30FD
:10A8500047F6FF73ADF8D830237AB4F902608DF86B
:10A86000DB30637A75105A076FEA060606F00106B8
:10A8700017D5039B1A88ABB2D11AADF8AC10039967
:10A8800049881A44C81A921B0B44ADF8AE00ADF8C3
:10A89000B0209B1B0298ADF8B2302BAA36A90EF05F
:10A8A0004AF9637A1B0717D5049B1A88ABB2D11AF1
:10A8B000ADF8AC10049949881A44C81A921B0B448D
:10A8C000ADF8AE00ADF8B0209B1B0298ADF8B230E9
:10A8D0002BAA36A90EF02FF9029B089A9A6043B072
:10A8E000BDE8F08FFEF77EF880F00105EDB24FF085
:10A8F000000991E7BDF8B050BDF9AC60BDF8AE30CD
:10A90000BDF9B2A0ADF8B2300135AD1B2DB2B9F131
:10A91000000F1AD0B4F90420B4F90630134496FBA2
:10A92000F3F203FB126636B2284601F04BF82BAB6C
:10A93000BDF9AE80399007463B934FF0000BD045F0
:10A9400005DD384601F088F878E74E46ECE7294601
:10A9500038460FF0FCFBBDF9AC102B460FFA88F21D
:10A960003846FDF7E1FF8DF8E800B9F1000F13D08C
:10A9700090B1314600230AE0B4F904208A421CDB7E
:10A9800013445B1A1BB2013301321BB211B29D4258
:10A99000F2DC02238DF8E830029836A90FF04BF86C
:10A9A000BDF8AE300133ADF8AE30BDF8B230013392
:10A9B000ADF8B23008F10108C1E7B4F9060002446D
:10A9C0009142BABF07F803B00A460022DBE7B3F9A9
:10A9D0000070049BB3F900904F4540F09F80013D0B
:10A9E00005F00103BFB203EB65034645A7EB030384
:10A9F000ADF8AC303346A8BF43464645B8BF4646DF
:10AA00002BA907EB6507013E52460846ADF8B0702A
:10AA1000ADF8AE30ADF8B26011F039FD00283FF46A
:10AA20000DAFB4F906302BA81BB1B4F90430002BDC
:10AA30003CD1FDF7D7FF80F00105EDB24FF00009E2
:10AA40001C2136A80FF07FFB2BAB369323788DF8B3
:10AA5000E030237A8DF8F030002D7FF4EBAEBDF8B6
:10AA6000B060BDF8AC30BDF9B2A00136F61A36B20E
:10AA7000BDF8AE30ADF8B230304600F0A3FF2BABDE
:10AA8000BDF9AE70399080463B93B9F1000F13D0F9
:10AA9000B4F90630B4F90420134497FBF3F503FB33
:10AAA00015752DB2574509DD40464BE7FDF79AFF76
:10AAB0004FF001090025C3E74D46F3E73146404614
:10AAC0000FF045FBBDF9AC1033463AB24046FDF7F6
:10AAD0002BFF8DF8E800B9F1000F0FD060B1B4F989
:10AAE0000420B4F90630AA42B8BF002013448DF800
:10AAF000E8009D42A8BF002501352DB2029836A975
:10AB00000EF099FFBDF8AE300133ADF8AE30BDF8B0
:10AB1000B2300133ADF8B2300137C3E7464505DB4B
:10AB20003346464698463B464F469946A9EB0703AF
:10AB30000593A8EB06030693059BBD4A83EAE37BD6
:10AB4000ABEBE37B069B83EAE37AAAEBE37AD3459C
:10AB5000CBBF4FEA4A134FEA4B13B3FBFBF3B3FBF4
:10AB6000FAF3D25C3F2315FB0235C5F3CF12B9458A
:10AB7000D4BFC2EB0901C2EB0701ADF83010B945F3
:10AB8000ACBF02EB0901D119ADF83410B045D4BF08
:10AB9000C2EB0801C2EB0601ADF83210B045ACBF04
:10ABA000424492190CA9EB11ADF8362008460AAAC6
:10ABB000079311F06CFC00283FF440AE079B03F0B4
:10ABC000010101EB2521D34589B2C5F30F2540F3DF
:10ABD000D98011FA86FB11FA88F10BB20793059B15
:10ABE000A6EB050A002BA8EB05054FF000030FFAB2
:10ABF0008BFB0FFA8AFA2DB2019340F3B5804B46D6
:10AC000052460095394615A8FDF716FF012301931A
:10AC1000079B00935A464B46394620A8FDF70CFF88
:10AC2000002115A8FDF76AFE0021079020A8FDF776
:10AC300065FE94F809A009901AF0100A40F0BE8051
:10AC400003220192059ABDF81850BDF814B016FA07
:10AC500082F27B1B12B2394600921BB232462BA8FD
:10AC6000FDF7EAFEC34402220192A9EB05030FFAA5
:10AC70008BF21BB200924946424636A8FDF7DCFE35
:10AC800051462BA8FDF73AFE5146834636A8FDF7FC
:10AC900035FE0746BDF83450BDF830300135ED1AA9
:10ACA000FDF736F800F0BAFB06460CA811F0C1FB20
:10ACB00086422DB203D90CA811F0BBFB06463046E4
:10ACC00000F080FEBDF9363006933146BDF83230D3
:10ACD000ADF8363080460FF03AFA1C210EA80FF07E
:10ACE00032FA22788DF840200CAB227ABDF932A0DE
:10ACF0000E938DF85020CDF8448013934FF0000947
:10AD0000069B9A455EDDBDF93630BDF932209A4288
:10AD100009D0013BADF83630029802230EA98DF818
:10AD200048300EF088FE404600F096FE15A80DF063
:10AD3000C2FE20A80DF0BFFEBBF1FF3F02D02BA842
:10AD40000DF0B9FE791C02D036A80DF0B4FE0798BC
:10AD5000FDF70AFE0998FDF707FE5846FDF704FEC9
:10AD60003846FDF701FE69E5079B00935A464B46BE
:10AD7000394615A8FDF760FE0123CDE90053524680
:10AD80004B4649E711FA89F3002211FA87F1CDE920
:10AD900000821BB2324609B21FFA87FA1FFA89FBFA
:10ADA00015A8FDF749FE0122ABEB0503AAEB05014F
:10ADB000CDE900821BB2324609B22EE74FF0FF37D1
:10ADC000BB4667E708EB09030593BDF9301005980A
:10ADD0002B460FFA8AF2FDF7A7FD8DF8480018B947
:10ADE000059829460FF0AFF9A94405EB09039E42E7
:10ADF00007D9BDF836300133ADF836300AF1010A13
:10AE00007EE74FF0020302988DF848300EA90EF04D
:10AE100012FEBDF8363001331BB231464046ADF864
:10AE20003230ADF836304FF000090FF090F9E5E719
:10AE3000001D06002DE9F04F8DB0022B0390079105
:10AE400016461D467ED9002A7CD09F00384600F069
:10AE5000B9FD0446002875D0336803606B1E0025D9
:10AE60002A469100081D36F9228006EB000E305E5E
:10AE7000804506EB820C05D1BCF902C0BEF9020088
:10AE8000844504D0715844F825100135ADB2013223
:10AE900092B29A42E5DB381FB6F90010325E914259
:10AEA00006EB000305D1B6F90220B3F902309A424D
:10AEB00004D0335844F825300135ADB2022D05D801
:10AEC00020460DB0BDE8F04F00F0C6BD7A4A1068CC
:10AED000516808AB03C32246002334F92310BDF99F
:10AEE00020008142A8BF0146ADF82010B2F902103F
:10AEF000BDF922008142A8BF0146ADF8221034F905
:10AF00002310BDF924008142B8BF0146ADF82410DA
:10AF1000B2F90210BDF926008142B8BF01460133E3
:10AF2000ADF8261099B28D4202F10402D5D8039BE8
:10AF30000AAE9A6808A9304611F0A9FA28B9204645
:10AF400000F08AFD0DB0BDE8F08F039B9B6806936F
:10AF5000039B22469E6032F9021F0123002632F92C
:10AF600023008842B8BF1EB203F10103B8BF0146F7
:10AF700098B28542F3D82C20684300F023FD721E5E
:10AF80000290B34606F1010364D52A4404EB820C17
:10AF900004EB860734F826007F88BCF802C0DDF891
:10AFA000089004EB830134F823304988ACEB070C9C
:10AFB0001B1A1CFB03F3049334F82230C91B1B1A21
:10AFC00011FB03F305934FF0000ADDE904329342CD
:10AFD00044DBBBF1010806F1010748BFA844AF42BA
:10AFE000A8BF002704EB88024FEA8803B2F90200E9
:10AFF00004EB8B024FEA8B01B2F90220904215DB81
:10B0000011D034F903C0615E8C450CD00123CDE929
:10B01000000348466346FDF70FFD48460299FDF7D9
:10B020006DFC09F12C090AF1010AC34655451FD1EF
:10B0300008AA079903980DF07EFD0298FDF7A8FC79
:10B04000029800F009FD204600F006FD039B069AD9
:10B050009A6077E79D42D8BF002397E70BF101087C
:10B06000A845A8BF4FF00008771E48BF7F19B9E771
:10B0700004EB8702BB00B2F9020004EB8602B100C8
:10B08000B2F90220904213DB0FD0E35E615E8B4287
:10B090000BD00026CDE900064846FDF7CDFC48461A
:10B0A0000299FDF72BFC09F12C090AF1010A3E4631
:10B0B00055458AD8BCE700BF36EB0500F0B50D4614
:10B0C00085B081B1046962697AB9678A0020C7F3E3
:10B0D00008074FF0140C83B29F420CD81AB11560C8
:10B0E000636900225A60002003E013688B42ECD1B0
:10B0F000506805B0F0BDA3680CFB00F699199B5988
:10B10000B1F804E0EB1A9E4500F10100E3D38A7C1C
:10B11000022A02D1C888184419E01AB9CA68D05C5A
:10B12000CB88F8E7032A19D1ADF80E30184B0A8AFC
:10B130000093896802230DF10E0012F011F830B16E
:10B14000A36833449A68DB88801A03EB6000636964
:10B15000002BCED01D6063695860CAE7012A14D164
:10B16000ADF80E300A4B0A8A0093896802230DF16C
:10B170000E0011F0F5FF0028E9D0A36833449A6867
:10B18000801ADA68DB88105AC5E70020DFE700BFC5
:10B19000C3C205002DE9F043092A85B00D461146CA
:10B1A00008BF20210669804699460CBF0127002769
:10B1B000FFF784FF044640B3F3684BBB002371687C
:10B1C000328A01EBC40153434A88C2F30B101B11AE
:10B1D00002460FB102B25200083313441B09AB8080
:10B1E0004B792B810A79EA8091F906306B8191F9CC
:10B1F0000730AB81F17CAB7BC1F3430123F01F032C
:10B200000B43AB73002F5FD1012005B0BDE8F08385
:10B2100049464046FFF752FF0028CFD0D8F810200B
:10B22000D2F80C80D27C930639D498F80B203F2AB0
:10B230001AD804EB0023D8F80090ADF80C30D8F8F9
:10B240000820234B009322F040420223494603A8E2
:10B2500011F086FF03460028B1D0A0EB09035B1074
:10B26000D8F80420D356AAE702F0C002402AA5D19C
:10B2700004EB0040D8F800900390D8F80820154B54
:10B28000009322F040420423494603A811F068FFCE
:10B290000346002893D0A0EB09039B10E0E7D8F801
:10B2A0000420D8F80810125D095C002A86D0002915
:10B2B00084D0D8F8003098F80D00013A0B4400FB18
:10B2C000023313F9013C7AE75200EA809CE700BFA1
:10B2D0009FC20500B1C2050010B55021044611F00F
:10B2E0000AF80C4A4FF0FF33C4E900230023A3609F
:10B2F000236923F4FF3323F4E47343F49443236179
:10B30000012384F83830044BC4E910335823A36474
:10B3100010BD00BF4001F0002D970400F8B50546B0
:10B32000374811F0EBFB044608B3EB6B4BB9A86C44
:10B3300000F022FB0646D0B101462B6C2846984708
:10B34000EE634FF4AE71204610F0D5FF2D4F2E481E
:10B3500025600123C4F8543122461E213E683C601A
:10B3600000F028FC606028B9204600F00DFB0024A6
:10B370002046F8BD2B7C9A070AD5E9682A88688898
:10B38000C96812FB00F291423CBF6FF341032B747A
:10B39000012384F82A30FF2384F829300020FAF7AB
:10B3A000BBFC20610020FAF7B7FCE0610020FAF74F
:10B3B000B3FC164A20620021E0690CF088F9134AB8
:10B3C000206A00210CF083F9E06902210AF07FFA7B
:10B3D000206A02210AF07BFAE06900210BF0F4FAFE
:10B3E000206A00210BF0F0FA20690BF0F5F9002E2D
:10B3F00008BF264660683E6011F08CFDB8E700BFCC
:10B40000E8500020E04E00201D7D0400FFFF0F00EB
:10B41000014B1868704700BFE04E002010B9064B82
:10B42000186840B103681A7CD20602D5B3F902004D
:10B430007047B3F900007047E04E002010B9064B8A
:10B44000186840B103681A7CD20602D5B3F900002F
:10B450007047B3F902007047E04E002010B9054B69
:10B46000186820B103681869C0F3C91070479420A8
:10B47000704700BFE04E00200146034809B911F0B3
:10B480009DBB11F0A1BB00BFDC50002008B5094BEB
:10B49000094801221A7011F091FB084B20B9186875
:10B4A000BDE8084011F02CBD1868BDE8084011F057
:10B4B0002CBD00BFCB5D0020C4500020E44E002016
:10B4C0002DE9F843594F5A4E3868DFF86C81DFF8A0
:10B4D000649110F03DFF3378054683F00103554831
:10B4E000337011F06BFB044624B910F024FF386070
:10B4F000BDE8F883002388F8003094F842303278B1
:10B50000C3F38001914200F08C8062F3820319073B
:10B5100084F84230DAB21AD4236B002B17DCEB42EA
:10B5200015D4D30709D463693BB120469847236AF1
:10B5300003442362A36A0344A362A3680BB12046B9
:10B54000984794F8423043F0080384F84230236B64
:10B550002B44002B23632BDBE26A9A42D4BF226385
:10B5600023632046E3699847636A8342014604D017
:10B57000636860620BB120689847D4E90B0383428B
:10B5800016DB94F84220B4F8403012F0020218D0D2
:10B590005BBB2848214611F0E8FAFFF777FFE36824
:10B5A00003BB23690BB120469847204600F0ECF915
:10B5B00098F80030002B34D0484611F0FFFA0446CA
:10B5C00092E7A16B43B14FF6FF7C634523D0013B6B
:10B5D0009BB2A4F84030F3B90029DAD0636B5B4228
:10B5E000236308E020469847DBE7E36BA16B5B42EF
:10B5F00023630029DCD094F84230A063B2FA82F2CF
:10B60000520962F34103226A84F84230A36A23623A
:10B61000C4E90A21CCE7E36B5B4223630029C7D06E
:10B62000DCE72146484611F0CFFAC8E7E84E002093
:10B63000CA5D0020C4500020CB5D002008B508483A
:10B64000442111F053FA00221E21064800F0B2FAFC
:10B65000054B1860FFF71AFF044B00221A7008BD53
:10B66000C4500020C1B40400E44E0020CB5D002093
:10B6700010B544220021044612F045FD64234FF426
:10B68000FA72C4E90A320123A4F84030024BE361A4
:10B69000012384F8423010BD6FC305002DE9F84343
:10B6A00005461548DFF850900E4611F087FA4FF026
:10B6B0000008044614B94046BDE8F88321464846D0
:10B6C00011F082FA2368AB42074600D095B963684F
:10B6D000B34200D076B92146484611F046FA2369B4
:10B6E0000BB120469847204600F04EF9FFF7CEFEFA
:10B6F0004FF001083C46DDE7C450002038B54168F2
:10B70000054611B10068FFF7C9FF194811F063FA47
:10B7100018B110F010FE174B1860154811F0EEF933
:10B72000044618B34422294612F0C5FC2B68124A7D
:10B73000AB42127894F8423008BF246062F382036F
:10B7400084F84230DB070FD563693BB12046984748
:10B75000236A03442362A36A0344A36263681BB1A0
:10B76000206808B1216A9847FFF790FE204638BD4F
:10B77000C4500020E84E0020CA5D00202DE9F74F9C
:10B780000446174698460D4611B9B2F5807F18D089
:10B79000B8F800302288D21A12B222806388B8F832
:10B7A00002105B1A1BB2638075B9B8F800107A43B7
:10B7B00001EB22222280B8F802207B4302EB2323F4
:10B7C000638003B0BDE8F08F3549364A0B68AB4261
:10B7D0003AD0B5F5616F53DDA5F561696FF00903E6
:10B7E0004FF00A0B99FBFBFA0FFA8AF003FB0A9958
:10B7F00000F096F80AF10106019030B200F090F8DE
:10B8000006460AF15A0000B200F08AF800900AF1E8
:10B810005B0000B200F084F8019B0099214AABEB79
:10B82000090C09FB06F60CFB036609FB00F30CFB95
:10B8300001331D481A4996FBFBF693FBFBF3761187
:10B840005B11166003600D601749B4F900000E68C3
:10B850001568B4F90230B8F8002006FB00F105FBCA
:10B860001311B7F5807F06FB03F305FB00330DD101
:10B8700002EBA1222280B8F8022002EBA3239FE76B
:10B88000002DB4BF05F56169A946A7E7794302EB2E
:10B89000A14222805F43B8F8023003EBA7438FE751
:10B8A000540C0020F04E0020EC4E0020122896BFD1
:10B8B000014B0020185C7047071F06000148042157
:10B8C00011F014B9D050002038B504460848084D8E
:10B8D00011F074F9014609B9084638BD08680378C3
:10B8E000A342FAD0284611F06FF90146F3E700BFF2
:10B8F000D050002010B50446DAF77EFD08B907489D
:10B9000004E0235C2E2B02D10130204410BD2F2BEC
:10B91000F5D05C2BF3D00138F0E700BFE417060048
:10B920004FF4B47390FBF3F202FB130000B2002853
:10B93000BCBFC01800B259280E4B02DC33F910000E
:10B94000704780B2A0F15A02592A03D8C0F1B4005E
:10B9500080B2F3E7A0F1B40292B2592A85BFC0F5D4
:10B96000B47080B233F8120033F81000404200B2D5
:10B97000704700BF9212060008B100F0F9BB014801
:10B98000704700BF580C0020034A904202D008B113
:10B9900000F018BC704700BF580C002010B559B11A
:10B9A000074CA04204D1BDE810400846FFF7E4BFB1
:10B9B000BDE8104000F0F0BBFFF7E6FF004810BD07
:10B9C000580C0020F8B5054698B1224C00234FF0E2
:10B9D000FF32271D04EBC306B179C80713D437F82B
:10B9E0003300A8420FD305D141F0010154F83300D0
:10B9F000B171F8BD561C01D15AB204E004EBC2018A
:10BA000089888142F8D80133102BE3D1511C08D02A
:10BA100004EBC20154F832008B7943F001038B71BF
:10BA2000E7E7002604EBC607BB79DB070ED454F822
:10BA300036002946FFF7B2FF00B9FEE7BB7944F8AC
:10BA4000360043F00103BB71BD80D2E70136102EF2
:10BA5000E8D1FEE7EC4F002010B5084A002352F869
:10BA60003340844202EBC30104D18B796FF30003AE
:10BA70008B7110BD0133102BF1D1FAE7EC4F002090
:10BA8000F8B50B4C002527462E46206848B1FFF735
:10BA90007BFF07EBC50326609A7966F300029A7173
:10BAA000A6800135102D04F10804EED1F8BD00BFC9
:10BAB000EC4F0020362819D8212807D8062839D07D
:10BAC00020282CD0032835D000207047A0F1220276
:10BAD00092B201239340194A134225D148F28802B9
:10BAE000134213D13328EFD10F20704757281FD0AE
:10BAF0000ED856280AD03738114A80B20123834025
:10BB00001A408AB90F4A1A40002ADDD0FF20704738
:10BB10006028FBD06C28D7D14FF480707047012388
:10BB2000002063F30700704700206FF307007047A1
:10BB30000548704741F6FF70704700BF0140100094
:10BB40000020414801C08010380A0600014B11F066
:10BB50005EB900BF63CC05004FF6FF73984211D069
:10BB600098B16F2802D8094B185C7047084B1A68C7
:10BB700052B10849A0F1700309689BB28B4203D20D
:10BB8000D05C70471F207047002070471A1F0600C6
:10BB9000F44E00200051002008B50448182110F090
:10BBA000A5FF034B01221A7008BD00BFF45000200E
:10BBB000D05D0020F8B506460C480F46154610F03B
:10BBC0009DFF044678B14FF0FF330361037D0760AA
:10BBD0006FF300030375866010F0ADFB044B6060EB
:10BBE0000122E5601A702046F8BD00BFF450002025
:10BBF000CD5D002010B501460446054810F0B5FFA4
:10BC0000044B01221A702046BDE81040FFF7BCBE6D
:10BC1000F4500020CE5D00202DE9F74F5C4E3378C4
:10BC20002BB9012333705B4B1B782BB93370012583
:10BC3000284603B0BDE8F08F10F07DFB074638B909
:10BC4000554A13680133642B94BF194601461160AD
:10BC5000DFF85481DFF844A1DFF850B1DFF85091EC
:10BC60000023504688F800308BF8003010F0A6FF13
:10BC70000546C9F8005085BB4848DFF8209110F010
:10BC80009DFF4FF0FF350446002C6CD1DFF8248176
:10BC9000384610F05DFB424FD8F800300344386856
:10BCA000C8F8003010F054FBB0F5FA7F12D3D8F882
:10BCB000003064225343B3FBF0F0C0B29042394BE2
:10BCC0009CBF101AC4B21C700023C8F8003010F0DA
:10BCD00032FB386000233370AAE72946504610F043
:10BCE00073FFD9F80040237DDB070546C1D46068A7
:10BCF00010F02EFB236898422AD32369002B1ADD0B
:10BD0000013B236110F017FBA2686060EAB998F864
:10BD1000003023B9236913B92046FFF76BFF9BF866
:10BD200000301BB998F80030002BA2D0D9F80030B1
:10BD3000002B91D1A0E7019310F0FDFAA26860609A
:10BD4000002AE4D0019B002BE1D020469047DEE79B
:10BD500098F80030002B8CD12369002B89D1204624
:10BD6000FFF748FF85E7237D13F001080AD16068DB
:10BD700010F0EEFA236898422CBF43461B1A9D42EE
:10BD800028BF1D462146484610F01EFF04467BE7AB
:10BD9000CC5D0020D05D00200C510020F45000202C
:10BDA00004510020CF5D0020CE5D0020CD5D00203D
:10BDB0006C50002008510020F7B50024074F019473
:10BDC00006460D46019BAB4202D3204603B0F0BDB0
:10BDD0003B6801A9304698470134F3E7600C002026
:10BDE0002DE9F04F91B09946DDF868B09DF86C30C0
:10BDF0000191804606920593BBF1000F02D000230B
:10BE0000ABF80030B8F1000F00F0F58098F80000B2
:10BE1000D8B1019B002B00F0F080059B13F00603C6
:10BE200016D0002000E0013018F800300A2B00F096
:10BE3000E6800D2B00F0E380002BF4D1BBF1000F66
:10BE400003D04FF6FF73ABF8003011B0BDE8F08FB0
:10BE5000059A8DF8333012F00202079241F6FF7214
:10BE600018BF91460D9300930D9B02934344039397
:10BE7000029B18F803303BB3B9F1000F24DD079A99
:10BE8000039841F6FF73002A08BF4B4609935D4BA8
:10BE900000251B68CDE90E550EA998470E9B0F9300
:10BEA000059B049503F0010382464FF0FF342F46B3
:10BEB0002A462E460A93039B995DE9B9631C6CD010
:10BEC000029B2646002B70D00D9D002D40F08D80EA
:10BED0004C4B0DA91B68404698470146BBF1000F2B
:10BEE00000F0878001982A4610F0CEF903B2009343
:10BEF000009BABF800307CE0424B03981A680FA916
:10BF00009047049B013308930A9B024673B10B9040
:10BF100051460DF1330011F06FF80B9A30B1DDE9A5
:10BF20000E61089B0E9104939246C4E701980B9210
:10BF3000514610F0A9F9074400B20028C8BF069B7B
:10BF40000B9ABFB2C4BFFF18BFB2601C3FB205D18D
:10BF5000069BF91A099B9942C8BF3446BAF10A0FE9
:10BF600016D0BAF10D0F13D0AAF59C4045F2A511D9
:10BF700088420DD90021244BC8B2185C20B9B4F115
:10BF8000FF3F08BF3D46CAE7824501F10101F2D1FA
:10BF9000002E93D1611C93D13D46049B23B1BAF18D
:10BFA0000D0F02D10A2A00D10E9E009BADB2A9EB63
:10BFB00005091D442BB200930FFA89F90D9B002E41
:10BFC00082D01E4498F800300D960A2B3FF47CAFC7
:10BFD0000D2B3FF479AF18F806300A2B02D00D2B49
:10BFE0007FF442AF01360D966EE7BBF1000F7FF490
:10BFF0007FAF0D9829E7404627E7019825E70130F4
:10C000001CE700BF600C00208A1F06002DE9F041EC
:10C01000DFF828801C460F46D8F800302146064637
:10C0200015469847386028B12068D8F800300021BC
:10C03000304498472860BDE8F08100BF600C0020C4
:10C0400070B5254C204611F08FFA00283ED0234DC4
:10C0500000F0CCF8F9F736FE2946A36841F8044B06
:10C0600020461F4CDB6998472046FFF735F9AB881F
:10C070001C48E564802B98BF2380EB8894BF002682
:10C080006FF08506202B09D91749E06040F6382368
:10C09000002210F034F96FF0850070BD6380124902
:10C0A000E06040F63823002210F029F9002EF2D18A
:10C0B0000B4800F01BF80028EDD10948FFF72EF9D6
:10C0C00038B111F0DCF900EAE070E6E76FF0120039
:10C0D000E3E74FF0FF30E0E7D4E7050074520020BB
:10C0E0008C520020585200201051002010B5C36C13
:10C0F0001B7C082B04460ED893B1013B072B0ED8AE
:10C10000DFE803F004130D130D0D0D1B0F4B104949
:10C11000002210460DE0102B13D0202B11D000234D
:10C120001A4619466FF0850003E00A4B0A4A0B498C
:10C130000020C4E90532E16110BD094B0949002224
:10C14000E7E7094B09490022E3E700BF97D3050061
:10C15000DBD30500C9D1050001D3050077D2050066
:10C160000BD405004DD405003BD305007DD305005D
:10C1700010B501464FF02003EFF3118483F31288CA
:10C18000BFF36F8F034802F07EFB84F31188BFF387
:10C190006F8F10BDDC52002010B50B464FF020020F
:10C1A000EFF3118482F31288BFF36F8F00220146F0
:10C1B000034802F0F9FB84F31188BFF36F8F10BDC1
:10C1C000DC52002010B501464FF02003EFF311843C
:10C1D00083F31288BFF36F8F034802F045FB84F3AB
:10C1E0001188BFF36F8F10BDDC5200200249034855
:10C1F0004FF4006202F06CBCE01D0020DC52002015
:10C20000F7B5283989B2122927D8154BCB40DB075F
:10C2100023D505691348866805F1080173689847B6
:10C220000023AB760446A8B9AB8B328928782F7EE1
:10C23000534301A90193F4F7E3FB044650B9019875
:10C24000384100EB800080B2E88300B211F034F98D
:10C2500085F82000204603B0F0BD6FF08504F9E7B3
:10C26000210004005CE7050070B50469124D284602
:10C2700011F07AF9E0B11422002104F1080011F064
:10C2800042FF04F11C020D4922614FF45062C4E9DF
:10C29000001202220123626140F20C42E360228319
:10C2A000A376AB68214628461B68BDE87040184756
:10C2B0006FF0120070BD00BF5CE705000504284068
:10C2C000034A044B02609B1A1820B3FBF0F070473E
:10C2D00084E605004CE8050070B5054600B3047817
:10C2E0003CB1104C104EB44205D30E4CB4420BD3AB
:10C2F0000024204670BD204611F036F910B12368A5
:10C30000AB42F6D01834EEE7204611F02DF928B1F3
:10C3100021682846DAF75EF80028EAD01834E5E705
:10C320000446E6E784E605004CE8050038B54FF022
:10C330002003EFF3118583F31288BFF36F8F064B51
:10C340009C6811F025F985F31188BFF36F8F2046A3
:10C35000BDE83840DFF732BB10530020104B70B5FA
:10C3600053F82040013053F82060A64200D870BD39
:10C37000D4E9003595B153B12846984738B1002823
:10C38000B8BF4042EB68FF28A8BFFF201870EA68DA
:10C39000537843F0010353700834E6E79847FBE70E
:10C3A000A80D060008B50A4B012203201A70FFF7FA
:10C3B000D5FF01F023FB0420FFF7D0FF00F084F944
:10C3C00002F0CFF8034A137B23F00103137308BD77
:10C3D000D15D0020A826002008B50348034A0021AB
:10C3E000121A11F0D8F808BD28120020D45D0020E0
:10C3F00070B51A4E1A4D1B49C82386B003FB006660
:10C4000001220023CDE904230F22CDE9023201935A
:10C41000182303FB00554FF4A0720446124B0095FD
:10C4200002FB0011304600F0E5F8737B2C7423F01A
:10C43000040373730D4BEE60013403EBC4236B6094
:10C440000B4BBFF35B8F53E8001F013143E8001231
:10C45000002AF8D1BFF35B8F06B070BDE025002045
:10C4600010530020E8820020FFD60500E87A002063
:10C470000C53002080B50020B8B0FFF76FFF2D4BA4
:10C4800083F308882C4D2D4E6B692D4F43F40073B8
:10C490006B610024E02385F82230EC772C766C76F3
:10C4A000AC7685F820406B6A43F4E0236B6285F834
:10C4B0002340DFF74DFADFF7EBFB4FF0FF33AB62C2
:10C4C000EB62DFF759FCDFF717FC40F20113ADF820
:10C4D000243006ABB360CDE91F44229411F043F839
:10C4E0000120FFF73BFF0220164DFFF737FF00F05A
:10C4F000ADFE154BB5610593012314490094CDE9B8
:10C5000003434FF480623B46CDE90144284600F0E6
:10C5100071F86A7B064622F0040228466A7311F01D
:10C520001DFB2046FFF764FF3A4631462846DFF7F9
:10C530008BFB00BFE882002000ED00E010530020DC
:10C54000A5C30400A8260020981F06002884002008
:10C5500038B5064C064DAC4201D3002038BDD4E9B5
:10C560000112204611F01BF81434F4E7C80F002024
:10C57000C80F002038B5064C064D0020AC4200D351
:10C5800038BD204611F074F80028F9DB1C34F5E7BB
:10C59000580F0020C80F002073B50C464FF020053F
:10C5A000EFF3118185F31288BFF36F8FC5685DB11A
:10C5B00025602B68C360836901338361002081F3A8
:10C5C0001188BFF36F8F11E052EA030603D1256093
:10C5D0006FF00B00F3E7CDE900230246083000F0CE
:10C5E0003FFD18B9024B9B685B69236002B070BDC8
:10C5F000105300202DE9F04385B0984600F1580310
:10C600000732C0E91633109B037322F00705042399
:10C610000026437301EB05090F9B83730F46C0E9A6
:10C62000066649468660C6730446DFF72DF8073074
:10C630000E9B20F00700E066C4E9197502930D9B7C
:10C640000193A9EB00090C9B00934A4643463946E7
:10C650002046DFF7B3FA054B66659B6803B11B6F95
:10C660002367484605B0BDE8F08300BF10530020A3
:10C67000F0B587B000250595109D04950F9D039595
:10C680000E9D0295DDE912760D9D01950C9D00959C
:10C690000446FFF7AFFFB6F1FF3F08BFB7F1FF3F1A
:10C6A00005D056EA070305D1204600F04FFD20468D
:10C6B00007B0F0BD03493A46334604F1180000F0D4
:10C6C0005FFFF4E7E5DB050070B5224C224D86B034
:10C6D0002646AE4204F130040AD300F087FD1D4C1B
:10C6E0001E4EAC4220D306B0BDE8704000F092BDB3
:10C6F00054F80C3C059354F8103C049354F8143C43
:10C70000039354F8183C029354F81C3C019354F8DA
:10C71000203C009354E90A2354E90C01FFF76AFF17
:10C7200054F8303C5E65D3E7D4E90A23B3F1FF3F08
:10C7300008BFB2F1FF3F05D052EA0301206803D1E0
:10C7400000F004FD3034CCE73146183000F018FF1B
:10C75000F8E700BFCCE90500CCE90500E5DB050002
:10C760002DE9F34104460E4600F108084FF0200180
:10C77000EFF3118781F31288BFF36F8F056AC168E9
:10C780008D422FD211F049FAA2680546314678B1A0
:10C790000024406911F08FFC2846EC6711F0DEF9A7
:10C7A0004046394600F0C0FC204602B0BDE8F081AA
:10C7B000E06911F080FCE369A26813446269E361F7
:10C7C000934204BF2369E361236A013304F1240027
:10C7D0002362102111F048FC002087F31188BFF379
:10C7E0006F8FE2E752EA03010AD0074989684E6178
:10C7F000CDE9002339460246404600F031FCD4E73B
:10C800006FF02200E9E700BF10530020F7B504469F
:10C8100004F1080708464FF02001EFF3118681F379
:10C820001288BFF36F8F216A002931D0A268A169F5
:10C8300011F041FCA369A26813446269A3619342A9
:10C8400004BF2369A361236A013B2362204611F0E0
:10C85000E4F9054660B34169A268E06911F02BFC78
:10C86000E369A26813446269E361934204BF2369E8
:10C87000E361236A0133236200242846EC6711F048
:10C880006DF93846314600F04FFC204603B0F0BD4C
:10C8900052EA03010AD0094989684861CDE90023B9
:10C8A00031462246384600F0DBFBEFE76FF022000E
:10C8B00086F31188BFF36F8FE8E700BF10530020A5
:10C8C0002DE9F341044617461E464FF02003EFF3CF
:10C8D000118883F31288BFF36F8FC368334A7BB12B
:10C8E00080689168884219D057EA060318D188F306
:10C8F0001188BFF36F8F6FF00F0002B0BDE8F081B9
:10C90000916891F90E1021610133E3609368A3608F
:10C9100088F31188BFF36F8F0020EEE72169F2E7FB
:10C9200091F90E1090F90E309942A8BF19466FF098
:10C930007E029142B8BF11468B422EDD10F0EBFE15
:10C940000546CDE900761A482246414600F088FBAC
:10C950000028E1D04FF02003EFF3118683F3128813
:10C96000BFF36F8FA068D0B1236821699C420AD0C1
:10C970004BB193F90E309942A8BF19466FF07E0370
:10C980009942B8BF194610F0C6FE40B1084831467A
:10C9900000F0CAFB6FF00A00AFE70025D1E7002DD9
:10C9A000F4D186F31188BFF36F8FF3E710530020A3
:10C9B000D25D002038B5836804466BB3194A92688B
:10C9C00093422CD1C368012B03D9013BC3600020E3
:10C9D00038BD4FF02003EFF3118583F31288BFF3C6
:10C9E0006F8F0169806810F096FE204611F015F9EE
:10C9F000A06058B190F90E2022610022C26711F0A8
:10CA0000ADF80948294600F08FFBE0E7E06085F3C8
:10CA10001188BFF36F8FDAE76FF01500D8E74FF09A
:10CA2000FF30D5E710530020D25D002037B5114606
:10CA30004FF02002EFF3118582F31288BFF36F8F5E
:10CA400004689CB12368426823F0030394420360A6
:10CA500008BF43600121204610F0D2FE044685F352
:10CA60001188BFF36F8F204603B030BD51EA030237
:10CA7000F5D000F10802CDE900131046294600F078
:10CA8000EFFA0028EFD1024B9B685C69EBE700BF2F
:10CA90001053002038B504464FF02003EFF3118502
:10CAA00083F31288BFF36F8F11F0B7F848B10022FB
:10CAB000C26711F053F829460848BDE8384000F035
:10CAC00033BBD4E902329A4218BF0133A36002217A
:10CAD00004F1100011F0C8FAEDE700BFD25D0020AC
:10CAE00013B54FF02004EFF3118184F31288BFF3E4
:10CAF0006F8F846844B1013C846081F31188BFF377
:10CB00006F8F002002B010BD52EA030406D181F3FA
:10CB10001188BFF36F8F6FF00F00F3E7CDE90023AB
:10CB20000246024800F09CFAECE700BFD25D00200C
:10CB300070B504464FF02003EFF3118583F312889C
:10CB4000BFF36F8F6FF00A06204611F066F818B138
:10CB5000C66711F003F8F7E7A060022104F11000A6
:10CB600011F082FA29460248BDE8704000F0DCBAB4
:10CB7000D25D00201FB5094B029302AB0024009345
:10CB8000074908488DF80C404FF0FF334FF400621E
:10CB900000F088F8204604B010BD00BF9D1F0600BD
:10CBA000288800207027002070B5C368C3F34006B2
:10CBB0009B0705460C460DD50122002104F1080013
:10CBC00010F06FFE00232360054B65605A681AB9A8
:10CBD000C3E90044304670BD14605C60FAE700BFF2
:10CBE00038530020F8B5C3689A0704460F46C3F3CC
:10CBF00040062CD45B071AD40B680BB983680B6012
:10CC0000E368DD0744BFA3683B603D684CBF022674
:10CC10000126002D3AD01F4B9B68AB420AD0D5F8B5
:10CC2000E030D807C3F3800214D46FF0120600235B
:10CC30003B6025E010F058FDD5F8E0300028F0D139
:10CC4000D907C3F3C002F0D552B15B0708D46FF027
:10CC50000F06ECE7002AFAD1C3F3C003002BF6D18C
:10CC600000232360D5F8CC3063B9C5E932442846A7
:10CC700010F041FEE36843F00403E3603B68A36007
:10CC80003046F8BD1C60C5F8CC40F0E76FF01506E3
:10CC9000CDE700BF105300200146014810F0B1BE9F
:10CCA00070270020F0B589B004460020C4E93200A6
:10CCB0000E9D04F1D000C4E9340004F1D800C4E9A9
:10CCC00036001DB32879002840F2011008BF01206A
:10CCD000C4F8E00000204FF0FF364FF0FF37CDE9F9
:10CCE0000330CDE90100CDE90667094B00942046E9
:10CCF000FFF7BEFC25B1296811B1204610F0FAFCFF
:10CD0000204609B0BDE8F04010F0F7BC0120DFE795
:10CD1000317E020037B5019008464FF02001EFF355
:10CD2000118481F31288BFF36F8FC16811F00E0F69
:10CD300016D153EA020508D101A9FFF753FF84F386
:10CD40001188BFF36F8F03B030BD41F00801C1609F
:10CD5000019981621030034900F012FC0120EEE7D6
:10CD60000020ECE76BD9050001460148FFF7D2BF70
:10CD700070270020F7B50C46019016461D464FF06F
:10CD80002003EFF3118783F31288BFF36F8F0846F8
:10CD900010F0A2FD55EA060309D101A92046FFF7CC
:10CDA00021FF87F31188BFF36F8F03B0F0BDE368F5
:10CDB000064943F00803E360019BA36204F11000FD
:10CDC00032462B4600F0DCFB0120EAE76BD9050078
:10CDD00001460148FFF7CEBF70270020C3897F2B93
:10CDE00012D80A4B1B6863B1094B90F90E201B68DF
:10CDF0009A4209DB437BDB0606D1064BC31A18BFF8
:10CE0000012303F0010070470023FAE74853002094
:10CE100044530020E0250020044BC01A044BC010EE
:10CE20005843044B01221A54704700BF5828002071
:10CE3000ABAAAAAAD25D002070B50E4B0E4C1E7C88
:10CE400006EB460304EBC3040546204610F062FFE0
:10CE50000A4B002228469A55FFF7C0FF48B1084BFD
:10CE600008491A68013A2046D317BDE8704000F01F
:10CE700087BB70BD1053002058280020D25D0020D1
:10CE80004853002019CE040038B50D4D2B4653F8F9
:10CE90001C4F9C4200D004B9EC68AB6838B95A7B8F
:10CEA000D20604D1A26912B9DA897F2A05D89C4238
:10CEB00002D02046FFF7C0FF2346AB6138BD00BF5C
:10CEC0001053002070B590F90D20437B002A0146D5
:10CED00004DA03F07F03437310F0FDFD4B7B154A2A
:10CEE00063F07F0310464B7350F81C3F146A834273
:10CEF00008BF002323B9C1E90004216011620CE0DE
:10CF000091F90E5093F90E60B5420ED0AE420CDD91
:10CF10005868C1E90030016059609068431A58426E
:10CF2000BDE870405841FFF7AFBF9C42E3D01B689B
:10CF3000E0E700BF1053002070B490F90D30427B41
:10CF4000002B29DBD30627D183692BBB134962F061
:10CF50007F0242730A4652F81C4F944218BF234680
:10CF60000C6A23B9C0E90024206008620CE090F943
:10CF70000E5093F90E60B5420AD0AE4208DD5A68F1
:10CF8000C0E900321060586070BC0020FFF77CBF21
:10CF9000A342E7D01B68E4E770BC70471053002041
:10CFA00008B590F90D20437B002A014604DA03F00E
:10CFB0007F03437310F08FFD044B9868431A584267
:10CFC0005841BDE80840FFF75FBF00BF1053002085
:10CFD00070B515461C46064610F098FDB4F1FF3FAB
:10CFE00008BFB5F1FF3F08D02A46234606F11800D6
:10CFF0000249BDE8704000F0C3BA70BDE5DB050032
:10D0000038B54FF02003EFF3118583F31288BFF397
:10D010006F8F104B104A9C681068A04206D1FFF732
:10D020000BFF85F31188BFF36F8F38BD00211B7C88
:10D0300011600A4AD35C002BF3D02046FFF7CEFEE6
:10D040000028EED0637BDB0602D12046FFF73AFFD3
:10D050002046E4E71053002040530020D25D00201A
:10D0600070B50C480C4D86682E600C461146DDE903
:10D0700004234FF02006EFF3118586F31288BFF3E7
:10D080006F8F8068FFF7A4FF2046BDE87040DEF791
:10D09000ABBC00BF1053002040530020F8B504463D
:10D0A0004FF02003EFF3118683F31288BFF36F8FE5
:10D0B000437BDA0649B219D18569BDB903F07F0314
:10D0C000437310F008FD437B164A817363F07F03BE
:10D0D0004373134653F81C0F984218BF0546106A55
:10D0E0005DB9C4E900300460146211E0A17300204E
:10D0F00086F31188BFF36F8FF8BD95F90E70B942B2
:10D100000BD08F4209DD6B68C4E900531C606C6072
:10D110000120FFF7B9FE0120EAE7A842E1D02D681F
:10D12000DEE700BF1053002049B9EFF3058030B9A6
:10D13000054B9A699B689A4201D0DEF755BC81F392
:10D140001188BFF36F8F70471053002010B54FF058
:10D150002002EFF3118482F31288BFF36F8F427BBA
:10D16000510704D484F31188BFF36F8F10BD22F0F0
:10D1700004024273FFF7E0FE21460248BDE810407A
:10D18000FFF7D2BFD35D002070B50446183010F011
:10D19000C1FD4FF02003EFF3118683F31288BFF334
:10D1A0006F8F94F90D20637B002A05DA03F07F036B
:10D1B0006373204610F08FFC0B4D637BA86843F02F
:10D1C00010036373031B58425841FFF75DFE86F35B
:10D1D0001188BFF36F8FAB68A34203D1BDE87040E5
:10D1E00010F05BBD70BD00BF105300204FF0200356
:10D1F000EFF3118183F31288BFF36F8F044B9A68AA
:10D20000D37B013BD37381F31188BFF36F8F7047DA
:10D210001053002010B54FF02003EFF3118483F377
:10D220001288BFF36F8F084B9A68D37B0133D37397
:10D230000020FFF729FE84F31188BFF36F8FBDE84C
:10D24000104010F02ABD00BF10530020024B03F124
:10D250001C02C3E90722704710530020F8B54FF0B5
:10D260002003EFF3118583F31288BFF36F8F194901
:10D270008868437B03F07F03437310F02CFC8B68BA
:10D280005A7B084662F07F025A7350F81C2F0C6AD2
:10D29000824208BF002222B9C3E9000423600B6266
:10D2A0000CE093F90E6092F90E70BE420ED0B742B8
:10D2B0000CDD5168C3E900210B6053600120FFF7CA
:10D2C000E3FD2846BDE8F840DEF78EBBA242E3D07E
:10D2D0001268E0E71053002050EA01032DE9F04105
:10D2E00005460E4603D1FFF7B9FF00202CE0831C52
:10D2F00071F1FF332ADB10F023FD2C184FF02003CF
:10D30000EFF3118883F31288BFF36F8F114F124B25
:10D31000B8681860FFF744FEB86810492A463346DB
:10D32000183000F02DF9BA68537B43F010035373A3
:10D330004046DEF759FB10F003FD201A63EB0303B0
:10D34000012873F10003D0DBBDE8F0816FF0010428
:10D35000241AD3E71053002040530020E5DB0500DA
:10D36000B1F1FF3F08BFB0F1FF3F08B506D1084B50
:10D370009868FFF709FF4FF0FF3008BDFFF7ACFFDB
:10D380004FF47A7380FB0303C00B40EA4340F4E799
:10D390001053002038B50A4C0A4A4FF400450021CA
:10D3A000C0FB054100232046D8F7AAFEC117FFF7AE
:10D3B00093FF044B80FB0303C00B40EA434038BD9E
:10D3C0003F420F0040420F00014B9868704700BF7A
:10D3D000105300202DE9F04104464FF02003EFF3F5
:10D3E000118683F31288BFF36F8F037BD9070BD5A8
:10D3F00086F31188BFF36F8F404080F311884FF0A0
:10D40000040002DFBDE8F081437B1A0704D586F3F0
:10D410001188BFF36F8FF5E723F0200242F0080177
:10D42000D20923D14173A36813B1204610F05BFBEE
:10D4300004F1180010F06EFC04F158074FF00008DA
:10D44000A56DBD4200D0CDB90120FFF71DFD2046DE
:10D45000DEF7D4FB104B9B68A342D8D1EFF30583D2
:10D46000002BD4D13046DEF7BFFAD0E703F05F03DC
:10D4700043F00803437310F02EFBD4E7284610F066
:10D4800032FB05F1180010F045FCC5F87C802846F9
:10D49000FFF752FDD4E700BF10530020D3B5DDE9FC
:10D4A0000667089CCDE90067FFF7DAFD1CB1034B66
:10D4B0009B685B69236002B0D0BD00BF10530020A1
:10D4C00008B50648064A0749121A10F066F8BDE882
:10D4D0000840054A0549064810F05FB800000020E2
:10D4E000231200204020060000000000402006001B
:10D4F00000000020034B1B680BB9F5F74BB9002067
:10D50000704700BF4C53002010B50E4B1C689C4266
:10D5100004D1FFF7EFFF6FF0004010BDFFF7EAFF07
:10D52000002CF8D0D4E904321B1A62EBE072B3F19C
:10D53000004F72F10001EEDA002AACBF184600205D
:10D54000EBE700BF640C002030B570B10B4B5B689B
:10D5500098420AD0036843B1D3E90421D0E90445D5
:10D56000121941EB0501C3E90421D0E9003213602F
:10D570005A600023C0E9003330BD00BF640C0020B6
:10D58000B3F1FF3F08BFB2F1FF3FF8B504461D46B7
:10D5900016465CD081604FF02003EFF3118783F3D0
:10D5A0001288BFF36F8F013275F1FF3324DA2D49F2
:10D5B000D1E900206FF001039B1A4FF0FF3262EBBC
:10D5C00000009E1B60EB0500012E70F1000301DAE4
:10D5D00001260020C4E90460234ED6F800C0756817
:10D5E000B44508BF4FF0000CBCF1000F0DD1C4E9E9
:10D5F00000652C6074601CE0FFF77CFF013645F18C
:10D600000005361845EBE070E4E7DCE90420D4E9D6
:10D610000431934271EB000E1ADAD21ADCF80430AE
:10D6200060EB0100CCE90420C4E900C31C60CCF825
:10D6300004403368B34206D09C4204D1FFF764FF34
:10D640000021F5F779F887F31188BFF36F8FF8BDE4
:10D650009B1A61EB0001AC45C4E90431C7D0DCF88A
:10D6600000C0C1E770280020640C00202DE9F84FAD
:10D670004FF02003EFF3118783F31288BFF36F8F0E
:10D68000DFF8B8902B4E2C4C3060D9F800004FF0EA
:10D69000000A484508BF00204FF0000BD4E9001EE7
:10D6A00033683D4688B3D0E904874FEAE37C4345BD
:10D6B0007CEB070206DAB8EB030267EB0C07C0E964
:10D6C000042722E018EB01014EEBE873C0E904AB3C
:10D6D000C4E90013FFF738FF85F31188BFF36F8F9C
:10D6E000836898474FF02003EFF3118583F3128886
:10D6F000BFF36F8F3368D9F80000A3EB08034845E8
:10D700002F463360CAD1D4E9001E59184EEBE3739B
:10D71000C4E9001300243460FFF7F6FE2146F5F754
:10D720000BF885F31188BFF36F8FBDE8F84FFFF753
:10D7300067BC00BF4C53002070280020640C002000
:10D7400010B54FF02003EFF3118483F31288BFF379
:10D750006F8FFFF7CFFE064A0346D2E90001181883
:10D7600041EBE37184F31188BFF36F8F10BD00BFED
:10D7700070280020F8B504464FF02003EFF311871E
:10D7800083F31288BFF36F8F026822B187F3118889
:10D79000BFF36F8FF8BDD0E90A36581C46F100017F
:10D7A000022871F1000127D3012B76F10001BCBFE3
:10D7B000012316465D1E46F1FF3610F0C5FA013012
:10D7C00041F10001401946EB0101012871F100010E
:10D7D0003ADB10F0B9FA013041F100016FF00102BB
:10D7E000401946EB0103121A4FF0FF3161EB0303BE
:10D7F00018492046FFF7C4FE236B01332363236AD5
:10D8000073B187F31188BFF36F8F236A204698475F
:10D810004FF02003EFF3118783F31288BFF36F8F6C
:10D8200054F8185FA542B1D0002DAFD0284610F0B3
:10D83000A5F90023EB6787F31188BFF36F8F2846A4
:10D84000BDE8F84010F08AB96FF001024FF0FF33E5
:10D85000CEE700BF75D704002DE9F047B3F1FF3FD5
:10D8600008BFB2F1FF3FDDE9088905461C461746AF
:10D870001E461BD0531C74F1FF3308DB012A74F1E0
:10D880000003BCBF01220024571E44F1FF36284686
:10D8900010F040FAC5E90A8900232B633A46334663
:10D8A00028460349BDE8F047FFF76ABEBDE8F087A8
:10D8B00075D704002DE9F3471D46294B9F680123C6
:10D8C00087F8603087F8613052EA050316460CBFCE
:10D8D0000123002307F16002804610F0F9FA814627
:10D8E0004FF02003EFF3118A83F31288BFF36F8F99
:10D8F00097F8604064B901465246404610F088FAF5
:10D900008AF31188BFF36F8F204602B0BDE8F0871D
:10D91000002387F8603056EA050306D18AF31188A0
:10D92000BFF36F8F6FF00A04EEE7CDE900650D4A93
:10D930000D485146FFF794FB04464FF02003EFF3E8
:10D94000118583F31288BFF36F8F2A4649464046FC
:10D9500010F05EFA85F31188BFF36F8FD4E700BF34
:10D96000105300206C0C0020D35D002038B5034616
:10D970004FF02002EFF3118582F31288BFF36F8F0F
:10D98000C160012181600068834206D185F311885E
:10D99000BFF36F8F0024204638BDD0E900321360FA
:10D9A0005A600023C0E9003310F009FB2946044601
:10D9B0000148FFF7B9FBEEE7D35D002073B50646DB
:10D9C0000D460FF091FE78B90B4B9B681C6F7CB134
:10D9D0002A1D09D200200021CDE9000146F00401F2
:10D9E00020460FF0E5FD08B9002401E00460041DA5
:10D9F000204602B070BD00BF10530020014800F067
:10DA000038BE00BFA61F06000CB430B589B005466D
:10DA10000C461C22002101A810F075FB02238DF892
:10DA200006300E4B0293059523462CB1B4F1004FFE
:10DA300028BF4FF00043013B1D440DAA0C990695E9
:10DA400001A8009200F072F814B1059B00221A7030
:10DA500009B0BDE8304002B0704700BFF7E40500F0
:10DA6000242AF0B5044601D8012A40D110F04CFD1B
:10DA70002D4B16221A5001B10C600020F0BD2F462C
:10DA80003D4615F8010B2028F9D0A0F10906042E17
:10DA90000346F4D92B282CD02D282CD101267B78B5
:10DAA000BD1C302B2DD1287840F02000782824D1BF
:10DAB00032F0100021D16B782C4610220235002064
:10DAC000392B82BF03F1FF3343F02003263B303B69
:10DAD0009A421AD9A0FB02040CB9C01801D346F02F
:10DAE00002062F462C4617F8013B3D46E8E707465D
:10DAF000C6E70026D3E70026D3E7002A08BF08229E
:10DB0000DDE7002A08BF0A22D9E701B10C60F2075D
:10DB100048BF4042B307B1D510F0F6FC024B2222B9
:10DB20001A504FF0FF30A9E70C0000002DE9F04F2C
:10DB30008BB043680193837881469807144640F17F
:10DB4000098100250F78002F00F00681252F0BD0CA
:10DB50004B1C02930135019B4946384698470028E3
:10DB6000C0F2F2800299EDE74F788B1C252F0293CB
:10DB7000F0D000239A469846B8F11F0F37D8A7F186
:10DB80002002102A0AD8DFE802F02909092F090922
:10DB9000092009090927092C09091E00A7F13002EB
:10DBA000092A32D92A2F36D118F0400F54F8042B05
:10DBB0007ED1002AA7BF48F020089246C2F1000A91
:10DBC00048F0280801E048F00108029A12F8017BA9
:10DBD0000292002FD0D130E048F0020848F004084B
:10DBE000F3E748F00808F0E748F01008EDE7B8F16F
:10DBF0007F0F19D8A7F13002092AD3D818F0400FA7
:10DC000003D00A2101FB0323DFE70A2101FB0A2AD3
:10DC100048F02008D9E72E2F06D118F0400F40F029
:10DC20009B8048F04008D0E76C2F2ED028D8682F72
:10DC300033D06A2F39D04C2F37D0002B47F0200239
:10DC4000B8BF28F04008A2F16501BCBF1FFA88F8F0
:10DC50000023022901D9612A2CD1073424F00704BA
:10DC6000A24E0834072718F0080F64D006EB070B04
:10DC7000B046D84561D1AE1BB044AAEB070A62E1B9
:10DC8000742FA2D07A2FA0D0D7E718F0800F18BF3A
:10DC900048F4007848F0800897E718F4807F18BFB0
:10DCA00048F4007848F480788FE748F420788CE7CF
:10DCB00013468AE7A7F16301122900F2E080DFE84A
:10DCC00011F013004F00DE00DE00DE00DE004F002A
:10DCD000DE00DE00DE00DE00DE00EE00D900DE0049
:10DCE000DE001A00DE00A30054F8043B8DF81C305F
:10DCF000012707AEB7E754F8046B7D4A002E08BF32
:10DD0000164618F0400F14BF19464FF0FF31304649
:10DD100010F0E5FB0746A6E7019B494620209847FF
:10DD2000002811DB08F1FF384745F5D35544A5EB32
:10DD30000805C2469AE7D046F6E718F8010B019BA2
:10DD400049469847002894DA99F8023043F00403D2
:10DD500089F802304FF0FF3528460BB0BDE8F08F50
:10DD600018F0800F2ED018F4007F1BBF073424F06A
:10DD7000070454F8040B54F8080B28F01006002888
:10DD8000B6B22ADA404246F4806603930DF11C08CD
:10DD90000A22414610F089FB7206039BA0EB08089B
:10DDA00053D526F00101434589B240F39380002FFB
:10DDB00000F08B8016F01002039240F08D809B469D
:10DDC0000E4616E018F4807F54F8040BD5D018F4F2
:10DDD000007F14BF40B200B2CFE7D6D118F0400F99
:10DDE000D3D0002BD1D128F011081FFA88F69B461A
:10DDF000984640F2064116EA010203921EBF002235
:10DE00000BF1010B039228E028F010081FFA88F8A4
:10DE10000A2218F0800F45D018F4007F1BBF07348A
:10DE200024F0070454F8040B54F8080B002844D1DC
:10DE300028F0160618F0400FB6B242D0002B40D1A1
:10DE400028F017081FFA88F6984616F01002039279
:10DE500049D0002F45D108F1010B31075CD4F207FE
:10DE600006D5DA4572DDAAEB0B0202EB0803D346B6
:10DE70005A464BE048F0100810227827C9E7782A64
:10DE800004D1C7F1780242F01002C2E7019B494673
:10DE9000252098470028FFF657AF02355BE6082299
:10DEA0000027B6E718F4807F54F8040BBED018F4AE
:10DEB000007F14BFC0B280B2B8E728F006081FFA8E
:10DEC00088F603930DF11C0863E726F01106B6B23D
:10DED0009B468EE70E46B8E71A460E4602F1020B45
:10DEE000BBE74246FAE7C34683E700BFDB1F0600F5
:10DEF000D41F0600CDE904324946019B20209847F3
:10DF00000028FFF621AF059A049B01329245F1DC0F
:10DF1000A5EB0B018D189346039A1AB30393494658
:10DF2000019B302098470028FFF60EAF039B7FB976
:10DF300001355E19711B414526DC464607AF66BBBD
:10DF4000A844AAEB0B0A4546C24437E043468FE794
:10DF50000393023549463846019B98470028039BA6
:10DF6000E7DAF1E640F206410E42E2D016F0020F87
:10DF700014BF2B20202016F4806F039305F10105B8
:10DF8000494618BF2D20E7E7019B494630209847B6
:10DF9000002805F10105CDDAD6E6013E019BB85D0A
:10DFA000494698470028CADACEE6019B4946202018
:10DFB0009847002805F10105FFF6C6AEAAEB050358
:10DFC000002BF2DCCEE500BF704710B588B08DF8AD
:10DFD00007200DF1070202920122039200228DF820
:10DFE0001020059302220A9B06938DF81C2083685B
:10DFF0009C680B4602A9A04708B010BDF8B50646BC
:10E0000008460F461446D8F7F7F9054654B1013CC7
:10E0100084422246394628BF0246304610F04BF86B
:10E02000002333552846F8BDDAF7E2B910B5837AF4
:10E0300004681A44C37A1944437A14B901FB0320D3
:10E0400010BD13FB01F3134442689BB2934204D208
:10E0500054F8230008B10138F2E76FF01500EFE73C
:10E06000084307D1824201D10020704743F82000C5
:10E070000130F7E76FF0150070470021DAF7F0BACA
:10E08000012303FA01F103691B68194218BF82F0EA
:10E09000010212B18368DB68184783681B69FBE7DC
:10E0A00003691878704770B50669456800246B6885
:10E0B0009C4205D301233370BDE87040DAF7C4BB3E
:10E0C0002B6803EBC40153F8340009790122FFF7F0
:10E0D000D7FF08B90134EAE76FF0040070BD70B5EE
:10E0E0000669456800246B689C4205D300233370A1
:10E0F000BDE87040DAF7A8BB2B6803EBC40153F806
:10E10000340009790022FFF7BBFF08B90134EAE7C0
:10E110006FF0040070BD08B529B1012906D1FFF7E1
:10E12000C2FF002008BDFFF7DAFFFAE76FF08500B5
:10E13000F8E782B008B502A9006881E80C00FFF793
:10E1400073FF43681868DBF727FD83681B6803B11A
:10E1500018476FF08500704783685B6803B1184704
:10E160006FF08500704783689B6803B118476FF0B4
:10E170008500704782B08DE80C00002002B0704727
:10E1800082B08DE80C00002002B0704782B082B0EF
:10E1900002A981E80C0043680E2B4ED8DFE803F09B
:10E1A000080C1014191C2124292C31393E3441004B
:10E1B00002B002B0DBF76ABA02B002B0DBF7DAB93C
:10E1C00002B002B0DBF7FAB9012002B002B0DBF70F
:10E1D000D3BA4FF0FF30F8E7012002B002B0DBF70E
:10E1E000E1BA4FF0FF30F8E7012002B002B0DBF7F0
:10E1F000EFBA4FF0FF30F8E7012002B002B0DBF7D2
:10E20000FDBA4FF0FF30F8E7806802B002B0DBF7EC
:10E2100027BA012002B002B000F09CB94FF0FF30E5
:10E22000F8E703894289ADF804205BBAADF80630FF
:10E23000019802B002B0DBF733BA6FF0850002B08C
:10E2400002B0704782B013B504A981E80C0043689E
:10E2500004460C2B10D8DFE803F0070F0F262A2DF9
:10E260003115230F0F3B340001A8DBF773F920B9F8
:10E270009DF8043001336360002002B0BDE8104017
:10E2800002B070470120DBF75BFA0E236360C0F336
:10E2900007431B0203EB004303EB1060A060EBE7B6
:10E2A0004FF0FF30EFE70120DBF712FAEDE74FF018
:10E2B000FF30F9E70120DBF727FAE6E74FF0FF3000
:10E2C000F9E70D2343604FF0FF30DBF7BBF9E5E7DB
:10E2D0000D2343600120F8E770472DE9F04186B037
:10E2E00005460E4617469846DAF712F9041E12DB69
:10E2F000012302930DF117030193BDF83030009311
:10E300003A464346314628468DF8174004F039FD19
:10E3100006B0BDE8F0816FF01200F9E71FB50124E7
:10E320000294CC680194BDF81840009404F029FDD3
:10E3300004B010BDF0B591B01D46BDF858305E195F
:10E340000C46B6B2142EE46811463DD814202A4675
:10E3500000FB03400FF0AFFE0B2E32D9264416F817
:10E36000011C71BB20220DF11D000FF0CCFE01231A
:10E370008DF81C30D4F80330CDF82D30D4F80730A8
:10E38000CDF831302378CDF83530A3788DF83A3098
:10E3900004F10B0110220DF11D00FFF72FFEDAF73B
:10E3A0000BFE0AAE84460FCE6C460FC496E80300FF
:10E3B00044F8040B07AF217097E80E00604600F0A8
:10E3C0001EF8284611B0F0BD6FF00600FAE70860AD
:10E3D00070470020704700B589B003F0BCFB694668
:10E3E000DAF72EFD09B05DF804FB00B589B003F043
:10E3F000B2FB6946DAF724FD09B05DF804FB84B08E
:10E400002DE9F0419AB021A880E80E009DF88430F3
:10E41000012B49D10DF185030593DDF89530069365
:10E420001822DDF899300793002108A80FF06BFE41
:10E43000DDF89D700FF088FC4FF47A73A0FB030C9D
:10E4400003FB01CCC40B9DF8A23044EA4C444FEAD4
:10E45000DC3CCDE909740DF15008CDF82CC053B364
:10E4600008AE0FCE0EAD0FC596E8030085E8030099
:10E47000CDE90F74CDF844C00EAE0FCE44460FC4A4
:10E4800095E8030084E803000598FFF7CDFD58B137
:10E4900083689C6844B11AAB13E90F008DE80F0044
:10E4A00005A898E80C00A0476FF085001AB0BDE8F9
:10E4B000F04104B0704708AD0FCD0EAE0FC695E821
:10E4C000030086E80300CDE90F74CDF844C00EAC1C
:10E4D0000FCC45460FC596E8030085E80300059874
:10E4E000FFF7A2FD0028DFD08368DC68D2E730B5F3
:10E4F00085B00546DAF716FA044668B10D22002108
:10E5000068460FF000FE63688DF80130237A8DF8BD
:10E5100002306846DAF7BEFD2846DAF779FA78B1B4
:10E520000023CDF80130CDF80530CDF809300323B4
:10E530008DF8003003788DF801306846DAF7AAFDCF
:10E54000002005B030BD08B5DAF7BEFDBDE80840D3
:10E55000DAF7F2B908B5DBF775F8BDE80840DBF784
:10E560007FB808B5DCF7AAFE00F0C8FFDBF7ACF90E
:10E57000002008BDFDF750BB00207047F0B56423B4
:10E580000546042600200A2769B9F0BD9A42B2FB6D
:10E59000F3F40CD2012B0AD048B903FB1422D2B2F7
:10E5A0000A24B3FBF4F3013EF0D12E70EDE73034D2
:10E5B00005F8014BB2FBF3F4013903FB14220130DF
:10E5C000B3FBF7F3C9B2C0B2D2B2DBB2DCE7A0F161
:10E5D0003003DBB2092B02D80B7000207047A0F18A
:10E5E0006103052B02D85738C3B2F5E7A0F1410308
:10E5F000052B01D83738F7E76FF015007047F7B5EE
:10E60000054601F0010000EB51069E424FEA51071A
:10E6100003D90026304603B0F0BD58B128780DF17B
:10E620000701FFF7D4FF0028F3DB9DF8073002F85D
:10E63000013B013501351744BA42EBD015F8010C06
:10E640000DF10701FFF7C3FF0028E2DB9DF807404B
:10E650002401E4B2147015F8020BFFF7B8FF00288C
:10E66000D7DB9DF807301C4402F8014BE4E700209B
:10E6700070470FB407B504A951F8040B0191DBF7FB
:10E680004BF903B05DF804EB04B0704700EBC10038
:10E69000408840087047F8B50346FFF7F7FFB0FA27
:10E6A00080F0C0F11F0003EB800CCA00DCF81060A2
:10E6B000171D0C4606328DB256B9012101FA00F041
:10E6C000D9680143D960CCF81040DD539D52F8BDA4
:10E6D000F1000431585AD85303EBC0009E52C58054
:10E6E0005D52F4E710B500EBC104E388994202F1F2
:10E6F00004010AD1012303FA02F2C36823EA0203E8
:10E70000C360002340F8213010BDA28840F82130BA
:10E7100000EBC20100EBC300CB808280F4E708B5B8
:10E720000346FFF7B3FFB0FA80F2C2F11F021846AA
:10E73000BDE80840FFF7D6BF2DE9F843B1FA81F5EF
:10E74000C5F11F0900EB89080346D8F810200E46D2
:10E75000C2B10327D8F8104018462146FFF796FFAC
:10E76000B04206D34A461846FFF7BCFF2046BDE834
:10E77000F88303EBC404013FE088C8F8100001D01F
:10E780008242E7D1C5F120024FF0FF349440DA68AD
:10E790001440EBD094FAA4F2B2FA82F2111D53F8AD
:10E7A00021402146DFE738B50346FFF76FFF0D46EE
:10E7B000044611461846FFF769FF03EBC5050444FC
:10E7C000600068801846FFF761FF014423F831407C
:10E7D00038BD38B50346FFF759FF0C46A51A511A44
:10E7E00003EBC40405444800608003EBC2006C00E6
:10E7F000448023F8321018461146FFF747FF0144C2
:10E8000023F8315038BD38B50546FFF73FFF0C46B9
:10E81000014405EBC1035B88DA070AD42846FFF7F9
:10E820007EFF21462846FFF731FF22182846FFF7D2
:10E83000BAFF35F83410611A05EBC1035B88DB07BA
:10E840000CD42846FFF76BFF35F834102246611AC6
:10E850002846FFF7A8FF35F83430E41A2146284649
:10E86000BDE83840FFF717BF61B100680439091AE5
:10E8700021F007030344C9085A8822F001025A8094
:10E88000FFF7C1BF704770B5056809B9002070BDBA
:10E89000AB68B3EBD10FF9D90B31CC082146284630
:10E8A000FFF74AFF06460028F0D001462846FFF74A
:10E8B000EDFEA04207D932192846FFF78AFF11461C
:10E8C0002846FFF7E8FE05EBC6021046538843F0E2
:10E8D000010353800430DAE72DE9F84301F1FF39F1
:10E8E00019EA010906680F4614460CD04B420B404A
:10E8F000042B1A464F4628BF0422994664B90025C6
:10E900002846BDE8F883042904D8BDE8F843114639
:10E91000FFF7B9BF0422F1E7B368B3EBD40FEED928
:10E9200004F10B013944891AC9083046FFF704FF86
:10E9300080460028E3D009F1040505EBC0057B1EE5
:10E9400035441D44B5FBF7F57D43A5EB09052C4483
:10E950002B1F07349B1B24F00704A41BB0EBD30F21
:10E960004FEAD3074FEAE40408D201463A4630465C
:10E97000FFF72FFF41463046FFF78DFE3946304600
:10E98000FFF784FE3844844207D230462246FFF720
:10E9900020FF21463046FFF77EFE06EBC706738850
:10E9A00043F001037380ABE72DE9F74F914604680C
:10E9B000009098460E4631B94246494603B0BDE83C
:10E9C000F04FFFF789BFB8F1000F06D1FFF74CFFFA
:10E9D0000027384603B0BDE8F08FA368B3EBD80F2B
:10E9E000F6D90D1F2D1BED08EF003A1D22442946D4
:10E9F000B21A2046FFF74AFE0192019908F10B0274
:10EA00000A4403464FEAD20AB9F1000F03D009F1D4
:10EA1000FF310E4240D19A450FD010D2274405EB6A
:10EA20000A0229462046FFF7D4FE7B8843F0010303
:10EA30007B8011462046FFF7E6FE3746C9E705EB27
:10EA4000030B04EBCB014988CA0725D4594620465D
:10EA5000FFF71CFE184450451ED32046AAEB0308BE
:10EA6000FFF75DFE59462046FFF710FE404508D9E6
:10EA700005EB0A022046FFF7ACFE11462046FFF7E1
:10EA80000AFE27445A4629462046FFF78CFE7B881B
:10EA900043F001037B80D0E7009842464946FFF7E8
:10EAA0001BFF0746002893D029462046FFF7EEFDBE
:10EAB000019BC3EBC002043A4245314628BF42469F
:10EAC00038460FF0F8FA00983146FFF7CDFE80E7A0
:10EAD000043A2DE9F041CC1D114424F0070421F043
:10EAE00007010E1BF708B7FA87F2C2F12405AD0043
:10EAF0004FF000080735C2F12002ED0804604146DE
:10EB0000A760C4F80C80920004F110000FF0FBFA2B
:10EB10006B0043F00103638004EBC5027B1B5900CB
:10EB2000A4F800805180A21924F83550A2F8028080
:10EB3000A35304EBC70329465A8842F001025A80C6
:10EB40002046BDE8F041FFF7A6BD036800220BB9DF
:10EB5000184670478B4210D10B6842B94268036077
:10EB6000914200D1436000230B6001207047136085
:10EB70004368994208BF4260F5E71A461B68E6E71A
:10EB8000038B13F0070305D10368002B0CBF002093
:10EB900003207047022B05D1408BB0FA80F040096A
:10EBA00080007047012B05D10368002B0CBF0020AB
:10EBB000052070470020704710B50C4600B111B910
:10EBC0006FF0150010BD081D00F0D7F80028F9D12E
:10EBD000A368032BF6D9F3E72DE9F0410D4607466C
:10EBE0001946281D90461E4600F0DBF8044638B151
:10EBF0003346424629463846A446BDE8F0416047C0
:10EC0000BDE8F08110B44FF02004EFF3118284F3DB
:10EC10001288BFF36F8F41615DF8044B0121DAF771
:10EC2000ADBE38B50C46054658B151B10B6843B17D
:10EC30004B6833B11C2200210FF065FA2C610020D3
:10EC400038BD6FF01500FBE770B505460E46FFF7BF
:10EC5000B3FF041E15DB4FF02003EFF3118283F3A3
:10EC60001288BFF36F8F6B8B2C8B4FF6FF718B422B
:10EC700004F0070407D182F31188BFF36F8F6FF0A0
:10EC80000A04204670BD022C0CD101336B8382F341
:10EC90001188BFF36F8F0023224631462846FFF7C5
:10ECA0009BFFEEE7062C14D8DFE804F004131313DF
:10ECB000041A0400002333606B683BB9C5E90066A1
:10ECC000ACB902212846DAF759FEDAE71E606E6019
:10ECD000F6E782F31188BFF36F8F6FF00404D0E77B
:10ECE00082F31188BFF36F8F6FF08504C9E782F359
:10ECF0001188BFF36F8FC4E710B54FF02003EFF317
:10ED0000118283F31288BFF36F8F048B04F0070422
:10ED1000022C0AD0012C0CBF6FF004006FF08500AC
:10ED200082F31188BFF36F8F08E0438B013B9BB2E6
:10ED3000438323B92146DAF721FE204610BD204641
:10ED4000EEE738B5B0B1A9B14FF02002EFF311856D
:10ED500082F31288BFF36F8F048BFFF7F6FE30B19A
:10ED600004F0070085F31188BFF36F8F38BD6FF093
:10ED70007700F7E76FF01500F8E7034640B1426807
:10ED800002F00302022A06D0032A04D0012A05D089
:10ED90006FF0150070471A68002AF9D000209860BB
:10EDA000704710B54268816002F00302022A0346F0
:10EDB0004FF0000407D0032A02D05C60002001E07D
:10EDC00018685C6010BD18685C600028F6D0FEF71B
:10EDD000CDFDF3E70FB407B504A951F8040B019179
:10EDE000DAF79AFD03B05DF804EB04B0704708B59C
:10EDF0004FF02002EFF3118382F31288BFF36F8F7D
:10EE000000F001F870474FF080430122C3F800255D
:10EE1000BFF34F8F20BFFDE708B5DAF7F1FE002002
:10EE200008BD70B406688489806A0D0C16FA81F1F9
:10EE300005FB041184682468A44670BC60470B6815
:10EE400003F580330B60C0891A0CB0EB134F04BF7D
:10EE5000A3EB02430B6070472DE9F0431C46C36AE5
:10EE60001D686D4289B081460E46174605F02005A3
:10EE70001CB9204609B0BDE8F083AC42A04628BFCB
:10EE8000A84643466A4631464846FFF7CAFF00286F
:10EE9000F0D14246694638460FF0E5FA20B9A4EBB6
:10EEA000080446444744E3E70120E3E710B5014680
:10EEB00004460722FF20DAF713FDE07110BD2DE9AB
:10EEC000F0411C46C36A1D686D4288B005F02005FC
:10EED00007460E46684611462A460FF014F91CB93B
:10EEE000204608B0BDE8F081AC42A04628BFA84645
:10EEF00043466A4631463846FFF7AEFF0028F0D158
:10EF0000A4EB08044644EAE738B5828903680D0C8F
:10EF1000090C04462D04806A02FB013183689B685A
:10EF2000984750B9E26AA389127929462046FFF72B
:10EF3000C6FF002818BF6FF0050038BD0378012B0D
:10EF400081BF01F1FF31C9185B4219400846704783
:10EF500070B50C4605460821C06AFFF7EFFF07228F
:10EF600006462146FF20DAF7BBFCE379834207D14E
:10EF7000AA896388901B83422CBF0020012070BDAA
:10EF80000020FCE738B505460C46FFF7E1FFA0B1CD
:10EF9000A08898B922884FF6FF739A420DD1E86A8B
:10EFA0000821FFF7CBFF6288AB899B1AB3FBF0F215
:10EFB00002FB1030B0FA80F0400938BD0020FCE7B9
:10EFC000F7B504460D46C06A0821FFF7B7FF296868
:10EFD000074608232046FFF724FF0646002836D1BF
:10EFE0002B683B442B60A28999B2D21B91422ED14F
:10EFF0001A0C03BFE28902F1FF3203EB0241A3F5D1
:10F000008031296008236A462046FFF70AFFE8B9E5
:10F01000E36A1A796B4613F8011B8A420CD101305E
:10F020000828F8D1636805E02B68BDF802201B0CA6
:10F030001B0413442B600AE069462046FFF7A2FF39
:10F040000028F1D129462046DAF70EFE0646304662
:10F0500003B0F0BD2DE9F043074689B090461E4647
:10F060001BB9002009B0BDE8F0833C688389080C17
:10F0700014FA81F100FB0314FB6A1D686D423540F0
:10F080000CD0B86A83682146D3F804902B46C84751
:10F090000028E7D1761BE4D02C44A8442023324634
:10F0A000414668460FF0CCF9FD6A2A682979921B1F
:10F0B0000DEB06000FF027F8B86A2B68826821462E
:10F0C00055686A46A847CDE710B50A460823416847
:10F0D0000446FFF7BFFF08210246E06AFFF72EFF54
:10F0E00063681B1A6360104610BD13B54FF6FF73BB
:10F0F00000220446ADF800308DF806308368ADF884
:10F1000004206846ADF80230FFF7D0FE694620467D
:10F11000FFF7DAFF02B010BD2DE9F04F044695B0BD
:10F12000C06A0821FFF70AFF63681B0C1B04054631
:10F1300003A920460393FFF782FEDDF80CB0A689F1
:10F140005E44761B06AA0823314620460496FFF744
:10F1500068FE021EC0F2A980E36A06AA197900239C
:10F1600012F8010B814240F08F800133082BF7D158
:10F17000A36862682B449A427ED259462046FFF724
:10F18000C3FE024691E0BDF81A30360C36041E4428
:10F19000049608AA04A92046DDF810A0FFF710FF86
:10F1A0000246002840F0818008A92046FFF7D0FEE3
:10F1B00018B9019B9A45ECD1DAE7636805930AAA6E
:10F1C00005A92046059EFFF7FBFE024600286CD1EC
:10F1D000BDF82820BDF820309A4227D06268059BF0
:10F1E0009A42ECD15645E4D1BDF82430002BE0D052
:10F1F000BDF822704FEA1A431B041F4408A8A368F5
:10F20000ADF82230FFF752FEE36ABDF824901E6885
:10F21000764206F02006B9F1000F0ED108A920466B
:10F22000FFF752FF02460028C3D03EE00AA920465D
:10F23000FFF78EFE0028D1D0D4E74E45B04628BF58
:10F24000C8460CAA434639462046FFF7EAFD024667
:10F2500058BB4346A1680CAA2046FFF7FBFE414677
:10F260000246E06AFFF76AFEA3680344A360E2B9BE
:10F27000A9EB08094744CEE72046FFF736FF0246D0
:10F2800000283FF47AAF10E0731B06A920460193D3
:10F29000FFF778FE00287FF476AF04A92046DAF75E
:10F2A000E3FC024600283FF474AF104615B0BDE8F9
:10F2B000F08F00231A46DAF769BE2DE9FF471E4694
:10F2C000037CBDF8309004460F469046002B4ED08C
:10F2D000C06A0821FFF732FEA389A3EB40039E42D8
:10F2E00048D8D4F804A0CDF804A00025A94551467B
:10F2F000DDF804A00BD26368534520D1BDF8083077
:10F30000BB421CD06FF0010004B0BDE8F08702AA38
:10F3100001A92046FFF754FE0028F5D1BDF80830BA
:10F32000BB4206D102A92046FFF712FE08B1013503
:10F33000ADB26268019B9A42D8D15146DEE7BDF872
:10F340000C30002BDED0A945DCD8BDF80A00090C32
:10F35000B3424FEA014128BF3346014442462046AA
:10F36000FFF75FFD0028CFD1BDF80C00CCE76FF0B0
:10F370000C00C9E76FF01500C6E713B50024009430
:10F38000FFF79BFF02B010BD43691BB11B7A0B70E6
:10F39000002070476FF057007047406930B1BFF3ED
:10F3A0005B8F4068BFF35B8F00F0010070474369DB
:10F3B0000BB900207047BFF35B8F1A1D5B68BFF36A
:10F3C0005B8F1807F5D591B143F01001BFF35B8F48
:10F3D00052E8000F984204D142E8001CBCF1000F33
:10F3E000F6D1BFF35B8F0CBF01200020704723F0E4
:10F3F0001001EBE7406930B1BFF35B8F4068BFF3AA
:10F400005B8FC0F300107047406930B1BFF35B8F72
:10F410004068BFF35B8FC0F3C0007047406930B1F4
:10F42000BFF35B8F4068BFF35B8FC0F38010704702
:10F43000704770B54C680368A34201D2012070BDCB
:10F440008A682244934201D30020F8E7D1E90325DA
:10F450004E69B54203D36FF00B038B61F4E71B1BBE
:10F4600042F835304368086902EBC00253600B690B
:10F4700001330B61E2E710F0700F08D100F07F0359
:10F4800010F0800F18BF1033012098407047002003
:10F4900070472DE9F84306460F46904699460425E5
:10F4A0004B46424639463046F1F778F910F10B0FDA
:10F4B000044603D1FDF7D2FE013DF1D12046BDE85F
:10F4C000F8832DE9FF41D1F80C80054640461F46E0
:10F4D0000C461646D6F790FFBDF82830009380B250
:10F4E000CDE901803B4632462146284603F049FCDF
:10F4F00004B0BDE8F0817047002070470020DBF7C2
:10F50000C3BD00221146DBF785BD034610B5084692
:10F510000AB10021116053B1D0B1411E11F8010FA1
:10F5200080B113F8014BA04201D13D28F6D1002053
:10F530000EE0013313600AE03D2808D0B0FA80F0F5
:10F54000400905E018782F28F6D1002AF1D10120D2
:10F5500010BD10B509B100230B6058B103461A78ED
:10F560001C4601332AB13D2A03D02F2AF7D101B11D
:10F570000B60201A10BD2DE9F341DDF820800190C9
:10F5800007460C4615461E46B8F1000F07D0D8F8BE
:10F59000001081B9D8F804E0BEF1000F14D101A920
:10F5A0003846DBF707FE58B18768019833462A468C
:10F5B0002146B84704E001AAFFF7A7FF0028E9D1D8
:10F5C000002002B0BDE8F081D8F808300198089317
:10F5D0002A4633462146F44602B0BDE8F041604772
:10F5E0000830704710B5134614460A4681880068F3
:10F5F000FFF7C3FEA042A8BF204610BD2DE9F04F83
:10F6000097B0044601929A46894600297ED0DAB125
:10F61000BAFA8AF77F09258F0135ADB2A84604F101
:10F62000080B6E1EB6B2B6F5004F29D04A2303AAC6
:10F6300031465846FFF7A1FE002807DA10F1020F05
:10F6400008BFB0463546ECE70127E4E700F1580370
:10F650000DEB0300002300F84C3C03A94846D6F705
:10F66000B9FE0028EED12FB3238FB3420BD0314621
:10F670005846FFF71EFE002812DA17B0BDE8F08FDB
:10F68000B7B30020F9E72246731E22F8383F4FF443
:10F69000004102235846DAF779FC0028E7DAECE764
:10F6A00005F57F513F3189B25846FFF702FE00EA67
:10F6B000E070E2E7B046B8F5404F2AD004F1080503
:10F6C00008F58041019A534689B22846DAF75EFC74
:10F6D0000028D2DB77B9238F4345D2D222460223BA
:10F6E00022F8388F4FF400412846DAF74FFCDEE766
:10F6F0000127E0E74846D6F77FFE4A4603464146E3
:10F700002846DAF743FC0028E5DAB6E76FF0150083
:10F71000B3E76FF00B00B0E773B5C36B0363044648
:10F72000C3B100F108063046DAF7D0FA054670B9E1
:10F7300002230DF106024FF400413046FFF71DFE93
:10F740000028ACBFBDF806304FF40043238728469D
:10F7500002B070BD6FF01205F9E738B50D46AB4247
:10F7600011461C4604D81A460EF0A5FC204638BDAA
:10F770000024FBE70EF0C7BCC30903EB430303EB14
:10F78000C30383EA4000C0B2704710B50A460021A7
:10F7900004460EF0B8FC10BD2DE9F0410546A8B0B6
:10F7A0000F461446402602F12408DBF745FE0346C7
:10F7B00000283CD0402108A89847C0B3B4F90220E3
:10F7C00012F11F0348BF02F13E0308A942466846F2
:10F7D00043F3471300F0F1F92246694618A800F0F8
:10F7E00008FE10B3B4F90230D91D48BF03F10E0171
:10F7F0006A46C910384600F024FE94F9011018AA90
:10F80000284600F01EFE94F9011094F9002018AB70
:10F81000681803EB820200F014FE68462021FFF70F
:10F82000B4FF012028B0BDE8F081013EBDD1002029
:10F83000F8E72DE9F0471C4693F9016093F900A021
:10F84000B3F90230A4B09046DA1D48BF03F10E02AE
:10F8500004AD81460CAF2846D2100295039700F004
:10F8600004FE3246494614A800F0FFFD14AB03EB3A
:10F870008A00324609EB060100F0F7FD23463A46BE
:10F880002946284600F089FDB0FA80F3019424AAA5
:10F890005B0902EB8301638801331BB2009351F8CB
:10F8A000882C14A90023084600F0AFFC14AA3146A6
:10F8B000404600F0C6FD214614A800F01BFC0821BC
:10F8C00004460DEB0100FFF760FF38462021FFF7EB
:10F8D0005CFF28462021FFF758FFB4FA84F0400966
:10F8E00024B0BDE8F087F0B500240646204665B296
:10F8F000AB4200DCF0BD51F8247052F824503D4476
:10F900000544AF4200F0010018BF002046F8245023
:10F9100088BF40F001000134E9E700EB81010023DA
:10F92000884200D3704751F8042D43EA52030B601C
:10F93000D307F5E770B50368DB070546144604D422
:10F94000BDE870401146FFF7E8BF13460A4601467E
:10F95000FFF7C9FF214606462846FFF7DEFF46B1FE
:10F9600004F18044013C55F8243043F0004345F84D
:10F97000243070BD2DE9F74F4FF0000C0092654622
:10F9800064464FFA8CF94B4516DC4FF0FF3606EB18
:10F99000430601964FF00008019A53FA88FE4FFA89
:10F9A0008EFE96455FFA88F629DB00EBC30040F82F
:10F9B000044C03B0BDE8F08F009A4FF0000E02EB4C
:10F9C0008C0AF04651F82E705AF80469A6FB0767B6
:10F9D00036190EF1010E6F4134464FFA8EF64FF094
:10F9E000000B28BF4FF0010B4E45D8443D46E9DDE2
:10F9F00040F82C4045460CF1010C3C46C1E7009A0A
:10FA00000136A94676B202EB8E0A002577B2BB42D8
:10FA100005DC40F82E4008F101084C46BCE76FF0C9
:10FA2000030202FB06F751F826205AF80770A7FBDD
:10FA3000027C3F195CEB090C4FF0000B28BF4FF024
:10FA4000010B5D44E1463C460136DFE721EAE17205
:10FA5000920000210EF057BB10B500231A465CB28D
:10FA6000A14203DCB2FA82F0400910BD50F82340F5
:10FA700001332243F3E74A11012350F8220001F039
:10FA80001F018B40184070474B1E10B55BB2041D20
:10FA90001A0603D45A1E54F8221071B101335BB216
:10FAA00083B103F18042013A50F82210002231B9AB
:10FAB000013B02EB431210B210BD1346E8E74908C0
:10FAC0000132F4E71846F7E710B500235CB2A24212
:10FAD00000DC10BD51F8234040F823400133F5E726
:10FAE00010B5013A52B2130601D5002010BD50F8EE
:10FAF000224051F822309C4205D802F1FF32F2D266
:10FB00004FF0FF30F2E70120F0E730B5013A52B292
:10FB10000023140603D5181E18BF012030BD50F86D
:10FB2000224051F822506C402343013AF1E7F0B5EE
:10FB3000002406469C46204665B2654500DBF0BDC4
:10FB400051F8247052F824303D1AED1AAF4200F0FB
:10FB5000010018BF002046F8245038BF40F00100D3
:10FB60000134E9E770B59DF910601D46334604463F
:10FB7000FFF7B9FE30B9324621462846FFF7B0FFFD
:10FB8000012807D033462A4621462046BDE870406A
:10FB9000FFF7CDBF70BD70B59DF910601D463346AF
:10FBA0000446FFF7C4FF38B133462A4621462046B3
:10FBB000BDE87040FFF797BE70BD2DE9F04FA5B0CE
:10FBC0001D4614ABCDE90231019029461046174677
:10FBD000FFF75AFFC0EB851424B2002C2646B8BFAD
:10FBE00004F11F06634246F3471603F01F0304F0B7
:10FBF0001F09314658BFC3F1000904A8FFF726FFCB
:10FC0000B9F1000F4FEA86062DDD04AB00221E4439
:10FC1000C9F1200C13469D421AD804AB03EB8503AF
:10FC200000936F1E24AB4FEA45084FEA8509012671
:10FC300003EB8707002C53DA24AB03EB860601980D
:10FC400056F8881C2A46FFF73FFF25B0BDE8F08F25
:10FC500057F8230000FA09F10A4346F8042B013350
:10FC600020FA0CF2D7E704AB2A4639469819FFF779
:10FC70002BFFD2E75AF8883C53F8202024AB03EB43
:10FC800080030CF1010C53F8803C0B44D31A34BFB1
:10FC90004FF0010B4FF0000B9A425EF8882C42F8AF
:10FCA000203018BF59464FFA8CF04045E2DB731AFA
:10FCB0005E42294604A85E41FFF72FFE09F190033A
:10FCC0006B44009853F8802C57F8803C294643EA4F
:10FCD000C273013C47F8803C24B2FFF71EFEA9E73F
:10FCE00024AB4FF0000CC6F1010E614603EB860A0F
:10FCF00003EB8E0ED7E730B51C4691B0054693F95D
:10FD000000306846FFF736FED4F8AC306946284626
:10FD1000984711B030BD13460A46FFF7ECBF2DE9F6
:10FD2000F04793F9006092B0044689461046314688
:10FD300015461F46FFF790FE002840F091803A4696
:10FD4000494602A8FFF7E7FF3B4602AA21460AA858
:10FD5000FFF7D1FF02A908463A46FFF7DCFF3B4612
:10FD60002A4649464846FFF7C6FF07F104083A46C7
:10FD700029462846FFF7CFFF43462A46214620461C
:10FD80000096FFF7EFFE43462A462946284600968E
:10FD9000FFF7E8FE43462A46214628460096FFF72D
:10FDA000FAFE3B462A4621462046FFF7A4FF43467B
:10FDB0002246214628460096FFF7D4FE4346009689
:10FDC0002A4621462046FFF7CDFE2368DB074AD5A9
:10FDD0003346424621462046FFF785FD314682469E
:10FDE0002046FFF79AFD06F18043013B54F823209B
:10FDF00042EACA7244F823203A4621462846FFF7D1
:10FE00008AFF43460AAA294628460096FFF7C3FE02
:10FE100043460AAA294628460096FFF7BCFE0AA9CF
:10FE2000084643462A460096FFF7B5FE3B460AAA17
:10FE300021462046FFF75FFF02AA434610462146AF
:10FE40000096FFF7A8FE324629462046FFF73CFE03
:10FE500049462846FFF738FE02A94846FFF734FE18
:10FE600012B0BDE8F08731462046FFF756FDC3E7E4
:10FE70002DE9F04115468AB004460E461C220021A9
:10FE800003A80EF040F92F1D95F9008003232A46A0
:10FE9000314620460293FFF73EFF3B4602AA214629
:10FEA0002046CDF80080FFF776FE2B4632462146ED
:10FEB0002046FFF720FFCDF800803B4605F1840285
:10FEC00021462046FFF74EFE0AB0BDE8F0812DE93D
:10FED000F0479AB01646DDF888804446994614F9F2
:10FEE000045B009507468A4623460246314602A82F
:10FEF000FFF751FE02A942460846FFF70CFF4346B2
:10FF000002AA39463846FFF7F6FE434602AA3146B2
:10FF10003046FFF7F0FE23465246494602A80095B8
:10FF2000FFF720FE23465246494648460095FFF714
:10FF300032FE23463A4631460AA80095FFF72BFECB
:10FF400043460AAA51465046FFF7D5FE234632469D
:10FF500039460AA80095FFF705FE42464946304655
:10FF6000FFF7D9FE23460AAA314630460095FFF72F
:10FF700012FE23463246394612A80095FFF70BFEC3
:10FF8000434612AA49464846FFF7B5FE2346524665
:10FF9000494648460095FFF7FEFD424602A912A8D1
:10FFA000FFF7B9FE12A923460AAA08460095FFF7F3
:10FFB000F2FD23463A4612A90AA80095FFF7EBFD89
:10FFC0000AA9434602AA0846FFF795FE2346524671
:10FFD0000AA950460095FFF7DEFD2A4612A93846C9
:10FFE000FFF772FD1AB0BDE8F087F0B50F46A1B07B
:10FFF00006461946384615461C46FFF72DFD28B122
:020000025000AC
:10000000304621B0BDE8F040FFF720BD224639461A
:100010006846FFF759FD294608A8FFF755FD214618
:1000200010A8FFF713FD0123214618A81093FFF72E
:100030000DFD224608A96846FFF752FD30B9224659
:1000400010A93046FFF740FD21B0F0BD009BDA0754
:1000500009D421466846FFF760FC2246294610A8CD
:10006000FFF768FCE5E7089BDB0707D4214608A8F3
:10007000FFF753FC2246294618A8F1E7002823463B
:100080001CDD08AA69466846FFF751FD214668460F
:10009000FFF743FC224618A910A8FFF721FD00280E
:1000A00005DA10A923462A460846FFF71CFC10A9CA
:1000B000234618AA0846FFF73AFDCEE76A4608A885
:1000C000FFF735FD214608A8FFF727FC224610A9B7
:1000D00018A8FFF705FD002805DA18A923462A46C7
:1000E0000846FFF700FC18A9234610AA0846FFF7A8
:1000F0001EFDBFE70978490049B2FFF7ADBCF0B576
:10010000154689B01C4607460E461A4629466846DB
:10011000FFF701FE23466A4639463846FFF7EBFDF6
:1001200023462A4669466846FFF7E5FD23466A46A8
:1001300031463046FFF7DFFD09B0F0BD2DE9F0474D
:100140008AB01446DDF848A055461F4615F9046BE1
:100150000096804689462B460246214602A8FFF7B4
:100160001AFD02A952460846FFF7D5FD534602AADA
:1001700041464046FFF7BFFD534602AA21462046AE
:10018000FFF7B9FD2B464A46394638460096FFF739
:1001900002FD5246394602A8FFF7BDFD02A92B46D3
:1001A000424608460096FFF7F6FC02A92B46224677
:1001B00008460096FFF7EFFC2B46424621462046B4
:1001C0000096FFF7E8FC5346224649464846FFF7AB
:1001D00092FD2B4602AA414620460096FFF7DBFC23
:1001E0005346224639463846FFF785FD2B464A4698
:1001F000394638460096FFF7CEFC324602A9204623
:10020000FFF762FC0AB0BDE8F0872DE9F04FAFB010
:100210009146399C039094F9006016A832461D4619
:10022000FFF752FCB300049301EB8603884626A82F
:1002300019460293FFF748FC002D00F08180294603
:1002400006A8FFF741FC324616A90EA8FFF73CFCB2
:1002500026A91EA8FFF738FC234606AA16A8FFF712
:100260004EFFD4F8A450234606AA26A916A8A847EC
:10027000234606AA1EA90EA8FFF741FFBDF9E050CC
:10028000023D2DB2002D62DCD9F80050009405F03B
:1002900001070EAB03EB4719ED431EAB03EB47170A
:1002A00005F001050EAB03EB451A1EAB03EB45153C
:1002B0002B4652463946484604F1040BFFF707FE29
:1002C0005B460EAA16A906A80096FFF764FC06A9CD
:1002D00023463A460846FFF70EFD06A92346424646
:1002E0000846FFF708FD06A933465A460846FFF7B9
:1002F0007CFE06A9029A23460846FFF7FCFC06A9E5
:1003000023464A460846FFF7F6FC3B464A4629463E
:1003100050460094FFF712FF234606AA1EA90EA816
:10032000FFF7EDFE039832460EA9FFF7CDFBDDE99E
:1003300003031EA91844FFF7C7FB2FB0BDE8F08FD9
:10034000314606A8FFF782FB012306937BE7294687
:100350004846FFF790FBB0FA80F77F09C7F101012B
:100360000EAB03EB411B1EAB03EB41110EAB03EBDA
:10037000471A1EAB03EB47173B46524658460094BC
:100380000591FFF7A4FD059900940B465A4639469E
:100390005046FFF7D3FE013D73E72DE9F843B3F96B
:1003A000029019F11F0648BF09F13E060F4603F1FE
:1003B000240546F347160146904633462A463846FA
:1003C000FFF791FA044690B9B9EB461F06DA4946A1
:1003D0003846FFF750FB041E18BF012433462A4657
:1003E00039464046FFF77FFA2046BDE8F8830124EE
:1003F000F4E730B5144695B005460CAA23460846E6
:1004000004A902910392FFF7C8FFB0FA80F30194A8
:100410005B0914AA02EB8302638801331BB20093C9
:1004200052F8482C002304F144012846FFF7EDFE62
:1004300021462846FFF75EFEB0FA80F0400915B06D
:1004400030BDF0B500254F1E6CB28C4205F10105A0
:1004500000DBF0BD3B1B23F0030603F003039659BA
:10046000DB0026FA03F30355EEE7F8B50E46D11C80
:1004700048BF911D144641F387010546671EFFF7EB
:10048000E5FA002042B2A24200F1010000DBF8BD13
:10049000BB1A23F00301B25C03F00303DB009A40B4
:1004A0006B5813436B50EDE7F0B591B091F90060D4
:1004B00005460C46FFF71EFE28BB271D324629467F
:1004C0003846FFF70DFB012820D1324605EB8601A7
:1004D0003846FFF705FB012818D122466846FFF78A
:1004E0001AFCD4F8A8302246294608A89847324674
:1004F00008A96846FFF709FB002814BF6FF0020047
:10050000002011B0F0BD4FF0FF30FAE76FF00100AE
:10051000F7E7F0B50C4691F9017091B02646014617
:1005200005463A466846FFF7A0FF16F9440B3A46DF
:10053000E9190DEB8000FFF798FF1022314668465D
:10054000FFF7CEFA28B121466846FFF7ADFF11B09C
:10055000F0BD6FF00300FAE7CB78027853400370E8
:100560004B884278534043700A68837883EA1223A9
:1005700083700A68C3785340C370CB7902795340C3
:100580000371CB884279534043714A68837983EA87
:10059000122383714A68C3795340C371CB7A027ABC
:1005A00053400372427A4B89534043728A68837A7C
:1005B00083EA122383728A68C37A5340C372CB7B67
:1005C000027B53400373CB89427B53404373CA6819
:1005D000837B83EA12238373CA68C37B5340C3734C
:1005E00070471FB502788DF8002042798DF8012000
:1005F000827A8DF80220C27B8DF8032002798DF873
:100600000420427A8DF80520827B8DF80620C2787E
:100610008DF80720027A8DF80820427B8DF809209A
:1006200082788DF80A20C2798DF80B20027B8DF834
:100630000C204278C37A8DF80D2082798DF80E2037
:100640008DF80F3010236A461946FFF786F805B07B
:100650005DF804FBF8B5064608780C46FFF78CF801
:1006600005466078FFF788F8A27863785340E2780F
:1006700053405D406840307060782778FFF77CF821
:100680000546A078FFF778F8A3785F40E3785F40ED
:100690007D406840707063782778A0785F40FFF7EE
:1006A0006BF80546E078FFF767F8E3785F407D4038
:1006B0006840B0702078FFF75FF862782378534085
:1006C000A278534080EA0305E078FFF755F8EDB2D1
:1006D0004540F570F8BD70B5144688B00546002851
:1006E00049D0002949D0002A49D010230A4668463B
:1006F0001946FFF732F821466846FFF72DFF103400
:1007000001F1A0066846DAF75DFF6846FFF769FF6A
:10071000694604A8FFF79EFF01A905A8FFF79AFF05
:1007200002A906A8FFF796FF03A907A8FFF792FF03
:10073000102319460DEB03026846FFF70EF8214619
:1007400068461034FFF708FFB442DBD1DAF73AFF0E
:100750006846FFF746FF21466846FFF7FDFE102377
:1007600019466A462846FEF7F8FF6846102200211F
:10077000FFF700F8012008B070BD0846FBE71046FF
:10078000F9E710B50A460F3012F9103B002BACBF49
:100790000023872312F8014D83EA44038A4200F8BC
:1007A000013902D01378DB09F4E710BD08B520B198
:1007B00058220021FEF7DEFF012008BD10B50446D7
:1007C00088B110220021FEF7D5FF102204F130007D
:1007D0000021FEF7CFFF0023636400224FF4803333
:1007E000C4E91423012010BD70B504460D46164619
:1007F00010B311B358220021FEF7BCFF2946A664AE
:100800003046DAF7EBFE102200212046FEF7B2FF59
:1008100004F11005A26C21462046FFF75CFF21463B
:100820002846FFF7AEFF294604F12000FFF7A9FF95
:100830002046FFF7C3FF012070BD0846FCE72DE905
:10084000F0410E4615460446002860D0FAB1002952
:100850005DD0D0E9143253EA020158D0013BD0F800
:10086000448042F1FF32C0E91432B8F1000F2CD0BD
:10087000C8F1100708F13000BD4220440AD22B46CF
:1008800032462946FEF769FF636C2B4463640120FE
:10089000BDE8F0813B4632463946FEF75EFF103D2B
:1008A0000023636445443E44631E04F10F0113F8C2
:1008B000012F93F830008B4282EA00021A70F6D1C1
:1008C000A26C21462046FFF706FF04F10F07102D0A
:1008D0000AD8002DDBD02B463246294604F13000E1
:1008E000FEF73BFF6564D2E7631E711E13F8012F0C
:1008F00011F8010FBB4282EA00021A70F6D1A26C15
:1009000021462046FFF7E7FE1036103DDFE70020C6
:10091000BEE770B50C460546E8B169B34A6C102ACB
:100920001AD11031631E013904F10F0013F8012FA1
:1009300093F83060724011F8016F984282EA060223
:100940001A70F3D1A26C21462846FFF7C4FE204658
:10095000FFF72CFF012070BD02F130000021C2F131
:1009600010022044FEF706FF636C2344802283F8C4
:10097000302004F12001D5E70846ECE7FBF7D6BCB0
:1009800001460068FBF7D2BC08B5DAF779FEBDE88E
:100990000840DAF7A7BE00210120FFF7EFBF2028AB
:1009A00009D9B0F1004F08D80138B0FA80F0C0F191
:1009B0001F0040007047082070473E2070472DE917
:1009C000FF410E469846144605460027B74220DAF6
:1009D0006868C8B1B8F1000F07D0431E184216D19D
:1009E0001F2814D92A68134211D12B680193FFF7ED
:1009F000D6FFAB6803430393E3B2072B07D8204627
:100A000001A9DBF785F9013401370C35DEE76FF01A
:100A10001504204604B0BDE8F08130B585B0144619
:100A20000A888B78ADF8002005460D2200210DF1D3
:100A300003008DF802300DF066FB6A4669462846D1
:100A4000ECF770FA28B9BDF800209DF8023022803A
:100A5000A37005B030BD13B50C4601AA0331FFF7F2
:100A6000DCFF48B9032201A920460DF0FCFCB0FAD6
:100A700080F0400902B010BD0020FBE770B5CE1C2D
:100A800005460C4630460321ECF74AFA60B9637913
:100A900003F03F0343F0400363712246314628468A
:100AA000BDE87040FFF7B9BF70BD2DE9F0414FF0D0
:100AB000FF3206460D464FF0FF3300210F20DBF7D3
:100AC000DFFD012700F10C080446077602214046AD
:100AD00003F0FBF80F23042103704170404603F03C
:100AE000F4F84770468005702046BDE8F041DCF719
:100AF00043BA01F12003013813F8012D00F8012F4A
:100B00008B42F9D1704790F8223043F0060380F809
:100B1000223090F8293043F0040380F829307047E0
:100B200008B5ECF7FDF9B0FA80F0400908BD70B5E2
:100B30000D4600210446FEF70CFD0D2818D1237B3D
:100B4000302B13D0312B13D1012305F8063B04F1D0
:100B50000C062A462046012302210234FDF74FFDF0
:100B6000B44205F1FF35F4D1002070BD0023ECE75D
:100B70006FF01500F9E7DAF7A1BB0020704710B558
:100B80000C46017822788A428AB00FD06946DBF79A
:100B90000BFD05A92046DBF707FD10220DF115011D
:100BA0000DF101000DF05FFC0AB010BD012A06D066
:100BB000022A07D072B940886388C01AF4E74068F7
:100BC0006368FAE71022611C01300AB0BDE81040EA
:100BD0000DF049BC6FF01500E6E7042A0AD0102A90
:100BE0000DD0022A4FF0000315D103700B8843800B
:100BF00001207047012303700B684360F8E702236C
:100C000000F8013B01F1100351F8042B40F8042BCC
:100C10009942F9D1ECE718467047012310B5062137
:100C2000044600F8013BECF77BF918B9A37963F0AF
:100C30003F03A37110BD0B6803608B8883808B79A1
:100C40008371037823F00203037070470078C0F3C8
:100C5000400070470F2807D80D280BD8052808BF7B
:100C6000032018BF02207047132803D01A2808BF9A
:100C70000120F6E7012070477047D0F8B43083B107
:100C80005A7BD1070DD5D2060DD51B7B102B14BF77
:100C9000032304234372807A98428CBF00200120F2
:100CA00070470223F6E70323F4E710B50346BFF3CA
:100CB0005B8F53E8000F40EA010243E80024002C58
:100CC000F7D1BFF35B8F10BD70B5C5682E78B5F84E
:100CD000010076B90F21DDF769FB044648B1EB78D6
:100CE00003733146DDF7A6FA2046BDE8704000F0F8
:100CF0005BBE70BD08B5C36801211888DDF756FBDF
:100D000018B1BDE8084000F04FBE08BD01210C300D
:100D100003F002B837B5C5680121B5F80100DDF769
:100D200045FB044670B32B781A2B19D1C378012BDD
:100D300024D14FF480610430FFF7B7FF43050FD48F
:100D4000D4F8A03000936946D4F8A8300193204627
:100D5000DDF77AFE204603B0BDE8304000F024BE47
:100D60002B785BB9B5F80330A4F89E30B5F80530A0
:100D7000A4F8A430B5F80730A4F8A6302046DDF773
:100D80005FFBE7E703B030BD0B6803608B888380AF
:100D900070470B6803608B8883808B798371704701
:100DA00038B5C5680121B5F80100DDF7FFFA044642
:100DB00098B12B783BB9D5F80330C0F8AC30D5F8F2
:100DC0000730C0F8B030201D4FF48051FFF76DFFA1
:100DD0002046BDE8384000F0E7BD38BD30B402EB36
:100DE000C303044608469A4201D130BC70471146FD
:100DF00011F8085BA54206D1018A53789942F4D3D1
:100E000030BC536818470A46EDE7BFF35B8F50E8E4
:100E1000003F0B4040E80032002AF8D1BFF35B8F5F
:100E200070477047C0F307231070000E5370D070E6
:100E30000023C1F30720090E937013715071937151
:100E4000D17170472DE9F843C7683A78012303EB65
:100E50008203028A93425FD9BDE8F8836369002B5D
:100E600033D182F31188BFF36F8F204600F09CFDD1
:100E700001353B789D42EFDA07EB85030F21B3F88C
:100E80000100B3F80360DDF791FA04460028EFD0C3
:100E900000F12809002EE8D04FF02003EFF3118273
:100EA00083F31288BFF36F8FE369002BD6D0013B29
:100EB000E36182F31188BFF36F8F2046DDF7EAF814
:100EC000013EFBF7E7FDB6B2E4E7A169186860618F
:100ED0008B4208BFA06182F31188BFF36F8F4FF080
:100EE0002002EFF3118182F31288BFF36F8FDA686B
:100EF000E261C3F80C80C3F80080626A4AB9C4E9B1
:100F0000083381F31188BFF36F8F4846FBF7C4FEA7
:100F1000D3E713606362F4E70025A846A9E7F0B5BC
:100F2000C5682F8887B00121B8B2DDF73FFA0646C1
:100F300058B302ACD5F80220D5F80630019469897F
:100F4000009102F06BFB10B3122142F21A00DBF7A2
:100F500035FD0546B0B112210C3002F0B6FE034655
:100F6000224623F8027B06AF144603CCBC4218602D
:100F70005960224603F10803F6D1294642F21A00CD
:100F8000DBF756FD304600F00FFD07B0F0BD022143
:100F900042F21B00DBF712FD04460028F2D00221CA
:100FA0000C3002F092FE2146078042F21B00E7E778
:100FB00070B506460D4642F221000321DBF7FEFC28
:100FC000044660B103210C3002F07FFE068085707C
:100FD000214642F22100BDE87040DBF729BD70BD1B
:100FE00073B5C368D9789A781E8842EA0122ADF8B1
:100FF000002059791A7942EA0122ADF80220D97904
:101000009A7942EA0122ADF804201A7A5B7AB4B2E6
:1010100042EA032301212046ADF80630DDF7C6F988
:10102000054628B902212046FFF7C2FF02B070BD75
:101030006946DDF76BFA38B91E212046FFF7B8FF85
:10104000284600F0B1FCF1E70E2142F22000DBF768
:10105000B5FC04460028F3D00E210C3002F035FE1A
:1010600000230680C0F80A30BDF800304380BDF888
:1010700002308380BDF80430C380BDF806300381A0
:10108000214642F22000DBF7D3FCD9E773B50646D0
:101090000D4601AA002142F22F00DBF7EBFC0446CB
:1010A00048B90198C368B3F801203280B3F803301F
:1010B0002B80EEF7DDFE204602B070BD38B5C56866
:1010C0000121B5F80100DDF771F9044688B1E8782F
:1010D000DBF768FD84F8B8002879DBF763FD84F856
:1010E000B9002046DDF7F0F92046BDE8384000F0B1
:1010F0005BBC38BD70B506460D4640F20640032184
:10110000DBF75CFC044668B103210C3002F0DDFD26
:101110000680857021460022BDE8704040F20640FE
:10112000DBF7A8BC6FF0680070BDF8B507460E4647
:1011300042F2220006211546DBF740FC044678B156
:1011400006210C3002F0C1FD3B880380468085807B
:1011500021460022BDE8F84042F22200DBF78ABCBB
:101160006FF06800F8BD2DE9F0478146884642F2ED
:10117000320007219DF820A017461E46DBF71EFC13
:101180000546A0B107210C3002F09FFDB9F80030F0
:10119000038080F80280C7700671A0F805A0294678
:1011A0000022BDE8F04742F23200DBF763BC6FF08B
:1011B0006800BDE8F087C068DBF7FEBC10B50388A7
:1011C0004288934219D8052B17D9B2F5486F14D825
:1011D0008388B3F5FA7F10D2C088A0F10A0189B2E2
:1011E00040F67644A14208D801339BB25343B3EB97
:1011F000800F34BF0120002010BD0020FCE738B56F
:10120000C3680F21B3F801001D78DDF7CFF804465D
:1012100020B365B12846DBF7FFFD2946024620468C
:10122000DDF7DCF92046BDE8384000F0BDBB83782F
:10123000012BEFD102F05DFB2046FFF71EFD0028D9
:10124000E8D10520DBF7E8FD052102462046DDF761
:10125000C5F90521204600F0EEFBE3E738BD70B587
:10126000C6680F21B6F801003578DDF79FF804460F
:1012700068B365B12846DBF7CFFD29460246204614
:10128000DDF7ACF92046BDE8704000F08DBB8278F8
:10129000F378C372012A05D00020DBF7BDFD0021E1
:1012A0000246ECE70BB102F024FB2046FFF7E5FC19
:1012B0000028F1D10520DBF7AFFD052102462046CD
:1012C000DDF78CF90521204600F0B5FBDAE770BDAB
:1012D000DAF744BF40F2C130704708B5E0F702FBCF
:1012E00018B1C089003818BF012008BD70B54FF093
:1012F000FF320D464FF0FF3300210646DBF7C0F901
:10130000022104460C3002F0E0FC067045702046D5
:1013100070BD033138B5C9B205460E20FFF7E6FFB0
:10132000032104460C3002F0D0FC01230370A0F826
:101330000150204638BD70B505460E460F200421E9
:10134000FFF7D4FF042104460C3002F0BEFC01225A
:10135000067042704580204670BD08B507220DF02A
:1013600082F8B0FA80F0400908BDBFF35B8F0068D7
:10137000BFF35B8F70470B6803608B888380704777
:101380000B6803608B8883808B7983717047F8B515
:101390000F46144630BB272142F22700DBF70EFB35
:1013A000054610B327210C3002F08FFC3946FFF7B9
:1013B000E7FF06462246C31D04F1100152F8040B54
:1013C00043F8040B8A42F9D11022002106F11700DC
:1013D0000CF099FE29460022BDE8F84042F22700B1
:1013E000DBF748BB6FF01500F8BD6FF06800FBE756
:1013F000037A5B07024605D501462A3211F8010B34
:10140000FFF7C5BF704738B50121054642F22D00F0
:10141000DBF7D4FA044658B129460C3002F064FCDC
:1014200021460022BDE8384042F22D00DBF722BB06
:101430006FF0680038BD10B400F11003BFF35B8F8C
:1014400053E8002F22F4004143E80014002CF7D1A8
:10145000BFF35B8F130404D55DF8044B012100F04A
:10146000DAB95DF8044B70472DE9F041D1F80480FA
:1014700086B004460D46B8F1000F1DD1037A5B0714
:101480001AD50E68411C701CFFF767FF2A3616221A
:101490004146074668460CF036FE10226946304643
:1014A0000CF0E1FF30B1102204F12A0130460CF0BB
:1014B000DAFF00B107B16C6006B0BDE8F08100F161
:1014C000100208B503461046FFF74FFF010611D57D
:1014D000BFF35B8F52E8000F40F4004042E8000188
:1014E0000029F7D1BFF35B8F18460021BDE8084003
:1014F00000F091B908BD10B50C4630B919B1E0F74C
:10150000AFF900B1441C204610BD0024FBE718B120
:1015100011B10846DBF756BE6FF01500704713B5E2
:10152000044680B106216846EBF7FAFC48B99DF8FD
:101530000530694603F03F0320468DF80530FFF77C
:10154000E6FF02B010BD6FF01500FAE7003818BFD3
:1015500001207047037AD90704D523F001030372F1
:10156000DBF782BE990704D523F002030372DBF791
:1015700011BF704700207047034610F4004F0CBFA6
:1015800007200620DA0348BF00F005009B0348BF90
:1015900000F0FB007047BFF35B8F0068BFF35B8F09
:1015A000704710B50346BFF35B8F53E8000F00EAA6
:1015B000010243E80024002CF7D1BFF35B8F10BD7C
:1015C0000B6803608B8883808B79837170472DE96A
:1015D000F74F0C46202100909246DBF7EFF90546C5
:1015E000002850D020210C3002F06FFB2022002177
:1015F00081460CF088FD09F1010B04EBCA0A0026B4
:10160000D4F800800023626893420CD30834A245CA
:10161000F6D1009889F800600022294603B0BDE8A1
:10162000F04FDBF727BA98F8012098F800C0B01CFB
:1016300011181F2908D9BCF1090FC0F11F021AD1D6
:10164000002A18DD4FF0080CD7B2791C0BF80610F1
:10165000711CC9B25BFA80F00BF801C0D8F8041015
:10166000019302370CF027FD019B3744FEB2013392
:1016700008F10808C7E72846EEF7FAFB6FF01500F7
:1016800003B0BDE8F08F6FF06800F9E7012310B4F4
:1016900003FA01F104466AB1BFF35B8F54E8003FDF
:1016A0000B4344E80032002AF8D1BFF35B8F5DF8AA
:1016B000044B70475DF8044BC943FFF772BF2DE937
:1016C000F04F87B005469DF84860DDF840909DF8E2
:1016D00044A00C4690460021102202A81F460CF0A0
:1016E00012FDEEB9CDE90248012202A942F208003A
:1016F000FFF76DFF044678B9BAF1000F3ED11035FF
:10170000BFF35B8F55E8003F43F0040345E8003228
:10171000002AF7D1BFF35B8F204607B0BDE8F08FFA
:10172000DBF7FCFC8346E4B937BB5846D4F764FECC
:101730000923012ECDE901B48DF800308DF80100A8
:10174000CDF80C80D0D1CDF810D005960222CCE790
:1017500014F83320083A012A25D901339845F7D1E6
:10176000E2E70023FAE717F83320083A012A1AD9EA
:1017700001339945F7D1D8E70023FAE7022E4FF05D
:10178000010208BF059202A908BF324642F20900D1
:1017900008BFCDF810D0CDE90279FFF718FF002877
:1017A000ADD00446B8E76FF01504B5E7436813F011
:1017B00008000AD05A0307D403F4C063B3F5806F5E
:1017C00014BF0220012070470120704770B5064603
:1017D00086B00D4642F20A000121DBF7EFF804461D
:1017E000B0B10C3095B1012102F07EFA06F1100281
:1017F00003A9204600950723DBF7CEF800222146F7
:1018000042F20A00DBF736F906B070BD2946EBE775
:101810006FF06800F8E7FFF7D9BF18300CF016B981
:10182000DCF760B9036800220BB9184670478B4299
:1018300010D10B6842B942680360914200D1436005
:1018400000230B600120704713604368994208BF72
:101850004260F5E71A461B68E6E710B50346BFF39A
:101860005B8F53E8000F00EA010243E80024002CDC
:10187000F7D1BFF35B8F10BD2838DCF713BB10B571
:101880000446006918B1EEF7F3FA0023236110BD96
:101890002DE9F0410446002704F138060023002218
:1018A000304602F0D8F9034650B92046FFF7E7FF6B
:1018B00004F158000022BDE8F0410023FBF788BA8C
:1018C0009D699F61EEF7D4FA002DE7D029462046A6
:1018D000DCF718FBE0E770B5164604460D46DCF76A
:1018E000E1FA012E17D0022E17D1236913B1204639
:1018F000FFF7C5FF256121690A8A012A37D9CB681C
:101900001B8804339BB29A4231D328D92046BDE8C4
:101910007040FFF7B4BF206918B92046FFF7AFFF4A
:1019200001E02E8A26B92846BDE87040EEF7A0BA3D
:101930000C3002F005FA864207D9216900222046C0
:1019400000F0ECF900232361EDE720692A8AE968B9
:101950000C3002F0C0F92846EEF78AFACBE70023F4
:10196000236120460122BDE8704000F0D7B970BD68
:1019700010B5BFF35B8FD0F8BC30BFF35B8F00F1C5
:10198000BC027BB1BFF35B8F591C52E8004F9C42F5
:1019900004D142E8001CBCF1000FF6D1BFF35B8F0D
:1019A000E7D110BD1846FCE700F1BC03BFF35B8F25
:1019B00053E8001F013943E80012002AF8D1BFF3B1
:1019C0005B8F428840F201139A4208D1BFF35B8FCC
:1019D000D0F8BC30BFF35B8F0BB9DCF7BFB87047F2
:1019E0002DE9F84307460E46904600244FF0C00903
:1019F000B44203D100231846BDE8F88309FB047004
:101A0000FFF7B6FF034658B1457B012D02D0073DD5
:101A1000012D03D81A884245EDD01846FFF7C4FFC0
:101A20000134E5E710B50446DCF7C0FF2046BDE809
:101A30001040DCF719BA10B5437B023B0446062B75
:101A400016D8DFE803F004151515090B090001731A
:101A500000212046DCF7EEFB002010BD0088FFF7D8
:101A600049FB0028F9D1637B072BF5D10821F0E76A
:101A70006FF07F00F1E710B50446D0F8B40028B944
:101A8000207A04F18801DFF72DFF38B1E278C389AD
:101A90002AB913F0210F14BF0120002010BD13F04C
:101AA000240FF8E738B5437B072B044626D10B06F5
:101AB00001F07F0513D5BFF35B8F031D53E8001FB3
:101AC00041F4006143E80012002AF7D1BFF35B8FB5
:101AD000A5722046DFF778FB68B9002038BD437A4D
:101AE000AB42FAD2837AAB42F7D26FF40061043092
:101AF000FFF7B3FEECE7637AA372EFE76FF07F00C6
:101B0000ECE7407A704738B5037A8B4204461546B5
:101B100015D100F18801072228460CF0A4FC80B101
:101B2000E378072243B904F1960128460CF09BFCA8
:101B3000B0FA80F0400938BD04F18F01F5E70020CC
:101B4000F9E70120F7E708B5DCF794FD10B1FFF7DE
:101B50002BFF012008BD88307047F8B507460D46B9
:101B600042F213000E21DAF729FF0646D0B10E210A
:101B70000C3002F0AAF80E22044600210CF0C3FA41
:101B80003B8823802B8863806B88A380AB88E380AD
:101B9000EB88238131460022BDE8F84042F2130071
:101BA000DAF768BF6FF06800F8BD7047F8B5074610
:101BB0000E46154600234FF4803204210020DCF746
:101BC0002DFC044630B104210C3002F07EF8077081
:101BD000467045802046F8BD704770B5D0E90035A5
:101BE000044623B16B6803B1984700232360E36880
:101BF0000BB1204698472B6A1BB12046BDE87040C8
:101C0000184770BD38B5006D30B150F8084904B1BF
:101C1000083CFFF7E2FF04B938BDA5682DB12046A6
:101C2000083DFFF7DAFF2C46F7E72046BDE83840CD
:101C3000FFF7D3BF38B5036D0D46BBB1184650F85A
:101C4000084904B1083C53F8043C9B680BB1294691
:101C500098475CB12046A468436824B19B68083C5F
:101C6000002BF4D1F6E79B68002BF0D138BD04318E
:101C7000DCF7D4BB2DE9F041144605460F4602F1CE
:101C80000C0004211E46DDF8188002F035F8228A87
:101C90004780043A02804346324621462846BDE842
:101CA000F041DCF735BA37B50B8A032B05460C46F5
:101CB00027D9042104F10C0002F02EF8238A42886F
:101CC0009A421ED14178E1B10378012B19D0132B30
:101CD00017D0022201202D68FFF768FF044680B16B
:101CE00002210C3001F0F1FF002303704370224603
:101CF000009305212846FFF7BDFF10B12046EEF7FF
:101D0000B7F8002003B030BD006D30B183898B423D
:101D1000A0F1080001D08068F7E7704738B50B8A5A
:101D2000032B05460C4604D82046BDE83840EEF7A4
:101D30009FB8042104F10C0001F0EEFF4188284611
:101D4000FFF7E2FF0028EFD0436821465B69984720
:101D5000EAE770470346006828B1596802681A60CC
:101D6000884208BF5A6070470346002003B9704795
:101D70001A8A5B681044F9E710B5D46823780231F9
:101D800013B92170012010BD8B42FBD0038A023BA6
:101D9000038200201061F6E70620704708B5437BF8
:101DA000072B01D0002008BD0421FFF7ADFF00285C
:101DB000F8D0BFF35B8F036BBFF35B8F5B07F1D58D
:101DC00050F8040CEFE773B51446014605464FF48E
:101DD0009572206801F05EF8207500BB237AB3B1DC
:101DE000A3F11802534253419B000193638A00936D
:101DF000AE68238AE26820682946B047002808DBDD
:101E0000238A98420ED100232375012008E0022383
:101E1000EBE710F1FF0F05D34042C0B22075002060
:101E200002B070BD0E20F9E71FB5CDE901230023F4
:101E300000931A46DEF70CF905B05DF804FB2DE9B6
:101E4000F04F91B0166880460F46002542F6010318
:101E50000068D6F804908DF82C500BA91446ADF804
:101E60002E30FEF78CFE002800F089804FF42053BE
:101E7000D8F800008DF82C500BA9ADF82E30FEF7E5
:101E80007EFE38B1A3681BB15A88BA4200D25F8087
:101E900001200EE061680846FFF766FF728B738DC4
:101EA0009A4294BFC0EB0200C0EB0300032803D8A2
:101EB000002011B0BDE8F08F084601F0D4FE0546C1
:101EC0006068FFF751FF728B738D05F10C0B9A421E
:101ED00094BFC0EB020AC0EB030A584601F030FF82
:101EE000824544D26068FFF73FFF728D738B9A4240
:101EF00094BFC0EB0200C0EB030070B96368987A2E
:101F0000EDF708FF0022002301F0A0FE054600289F
:101F1000CED00146606801F0B7FE00230093D8F8E8
:101F20000460102302AA41464846B047061E26DB3D
:101F3000227CE068B2421ED001460BA8FEF74DFE9F
:101F4000E8B1F2B202A906A8FEF747FEB8B106A9A9
:101F50000BA8FEF714FE90B900236374042105F169
:101F60000C0001F0B2FEA0600780A3688FE758461E
:101F700001F0E6FEC1E702A90CF075FAEBE70023D9
:101F8000A36085E770B405686A6A52B3136803B149
:101F9000A03BA2F1A0040022114600E0A03B844235
:101FA00007D0668D648BB14238BF3146A24238BF3C
:101FB00022461C462BB1D3F8A030002BEED1844230
:101FC000EFD1438D408B8B4201D890420BD9824296
:101FD00038BF02469942286838BF194670BCDEF700
:101FE0005FBC1146EDE770BC7047D06803780431E0
:101FF00013B90170012070478B42FBD091680B8AA6
:102000000020043B0B8210617047F8B59368166896
:1020100005460F46144663B9506801210C3001F0A3
:1020200054FEA0602B681B78002B14BF02230123F1
:102030000370A3681B78012B03D0022B1FD0002054
:102040001CE02B681B78002BF9D1606804210C3050
:1020500001F03BFEE06007802A68E36852885A80FE
:102060006168728D738B088A9A4294BFC0EB02003C
:10207000C0EB0300042894BF00200120F8BD2B68AA
:102080001B78022BDBD1606812210C3001F01DFEA1
:10209000E06007802B68E268591C0232113351F866
:1020A000040B42F8040B9942F9D16168728D738B6D
:1020B000088A9A4294BFC0EB0200C0EB03001228CA
:1020C000D9E72DE9F04F044685B010469046994671
:1020D000FFF74AFE638B628D934228BF134683420B
:1020E0008B4640F2938063680393404601F0BBFD4A
:1020F0004FF0000A06464046FFF736FE628B638DBE
:1021000006F10C079A4294BFC0EB0205C0EB030531
:10211000384601F015FE854217D24046FFF724FEEF
:10212000628B638D9A4294BFC0EB0205C0EB03053E
:102130008DBB98F80A00EDF7EDFD0022002301F0B9
:1021400085FD064630B9574636E0384601F0F8FDC1
:102150000546EDE70146404601F096FD4046FFF793
:1021600003FE628D638B06F10C079A4294BFC0EBAD
:102170000205C0EB0305384601F0E2FD85421FD29F
:102180004046FFF7F1FD628D638B9A4294BFC0EB2E
:102190000205C0EB0305F168328ACDF80090DBF848
:1021A000047003980A44ABB25946B847071E0CDACC
:1021B000BAF1000F18BF5746384605B0BDE8F08F9A
:1021C000384601F0BDFD0546E5E70E9BB3B939463B
:1021D00006F10C0001F079FD4046FFF7C5FD638D67
:1021E000628B934228BF1346B9448342BA441FFA14
:1021F00089F9A8D9AF423FF47EAFA4E70F9A0E9BAE
:102200003946304698470028E1D19CE70027D3E7BC
:102210000368002203B970478B420FD10B683AB9AB
:1022200042680360914200D1436000230B60704715
:1022300013604368994208BF4260F6E71A461B687C
:10224000E8E701238B40DB43BFF35B8F50E8002FAF
:102250001A4040E800210029F8D1BFF35B8F704796
:102260000620704710B5012303FA01F1BFF35B8F1D
:1022700050E8003F43EA010240E80024002CF7D177
:10228000BFF35B8F194214BF0120002010BD73B54E
:102290001668054600237068137314462946952274
:1022A00000F0F8FD207380B9CDE900002946A3882D
:1022B000A2683046FFF705FF002809DA10F1FF0F8A
:1022C00026BF4042C0B20E202073002002B070BD75
:1022D0000120FBE72DE9F3411668074600237068EB
:1022E000137314463946952200F0D4FD0546207339
:1022F00008BBA068718D728B038A914294BFC3EBB7
:102300000103C3EB0203012B15DD02210C3001F0A8
:10231000DCFCCDE900558046A388A26839463046EA
:10232000FFF7CFFE031E0ADA13F1FF0F26BF5B4251
:10233000DBB20E232373002002B0BDE8F081A8F8C1
:1023400000300120F8E7F8B504468868FFF70CFD77
:10235000638D628B934228BF134683420D460BD395
:10236000A1638F6800268E6020463946DCF794FD15
:1023700008B1AF60A663F8BD6FF07900FBE738B530
:10238000BFF35B8F0B68BFF35B8FDB07054617D589
:1023900050F8040CA0B16B6B93B90430FFF7DAFC72
:1023A000044668B10146281FFFF7CDFF002807DA71
:1023B00055F8043C5A6822609A685C6002B99C60D7
:1023C00038BD2DE9F041446A07463CB354F8A06992
:1023D00006B1A03E00231D4607F1040801E0344683
:1023E0001646A26B9AB905B98BB94046FFF7B2FC05
:1023F000054658B101462046FFF7A5FF00280DDA33
:102400007B682B60BB687D6003B9BD6023462EB13D
:10241000D6F8A020002AE2D0A03AE0E7BDE8F0819B
:1024200070B500220446002308460E4601F013FC56
:10243000054658B101462046DCF72EFD044618B18A
:10244000294630460BF01FFA204670BD6FF001049C
:10245000FAE7F8B550F8044C0546071F0421303060
:10246000FFF7EFFE04B36B6B8BB963687BB1201D84
:10247000FFF770FC014606463846FFF764FF002868
:1024800012DA63683360A368666003B9A66005F179
:1024900038013846FFF7C4FF30B104F10C0138466B
:1024A000BDE8F840FFF7BCBFF8BD38B504460D469F
:1024B000DCF7F2FC30B1294604F13C00BDE83840BD
:1024C00001F0CBBB38BD2DE9F0418846174601210C
:1024D000042205461E46DCF7C3FB044670B1042106
:1024E0000C3001F0F2FB80F80080A0F80170C6709B
:1024F00021462846BDE8F041FFF7D7BFBDE8F0818F
:1025000037B50C46054601F10C0001F00DFC228A9E
:102510000192E26800920346132212212846DCF75A
:102520008BFD03B030BD37B50C46054601F10C00FC
:1025300001F0FAFB228A0192E2680092002203462F
:1025400011462846DCF778FD03B030BD0868836883
:102550009B690BB104301847704710B50C460AB997
:10256000FFF7F4FF2046BDE81040DCF7DFBA2DE9A5
:10257000F84306460D46144622B1BDE8F843084626
:10258000DCF7D4BAFFF7E2FFAF68B5F80480D5F8FE
:102590000C902846DCF7CAFA2FB9BDE8F883494603
:1025A0003046B8470134A3B24345F8D3F5E710B538
:1025B0000C460AB9FFF7CAFF2068836B2BB14FF4B2
:1025C000702200237030FAF703FC2046BDE810406B
:1025D000DCF7ACBA10B50C460AB9FFF7B7FF2068B4
:1025E00001213430FFF72DFE2046BDE81040DCF716
:1025F0009DBA10B50C460AB9FFF7A8FF2068002164
:102600003430FFF71EFE2046BDE81040DCF78EBADE
:1026100070B50E461546FFF7C1FB78B1436A6BB142
:10262000184650F8A03903B1A03B691C428B448D79
:10263000A24228BF2246914202D93BB9002070BD78
:102640002A463146BDE87040DCF70ABBD3F8A0400B
:1026500004B1A03C18462346E8E730B4438D448BD0
:10266000A34202F1010528BF23469D4202D830BC97
:10267000DCF7F6BA002030BC704707B5CA6813888B
:10268000528800920C210D22DCF760FE03B05DF849
:1026900004FB07B5CB6800221B8800920A210B229D
:1026A000DCF754FE03B05DF804FB2DE9F041CB6884
:1026B0001F88BBB2162B05461CD902220321FFF747
:1026C000CCFF0646C0B102210C3001F0FEFA002416
:1026D0004FF0410880F80080447031462846FFF7EB
:1026E000E4FE2846A5F81A806F85FFF74BFC2046CC
:1026F000BDE8F0810420FBE70E20F9E70A8AC968EB
:102700000023DCF7CDBF70B5064650F8043C56F800
:1027100004590446002B36D039B1436B002B32D01C
:102720001B7CDA072FD5052320E02846DEF7CCF8FE
:102730006B7A012B27D0656B2DB32B7CDB0722D561
:10274000EB68002BEFD06A69697C3046DCF788FAC9
:10275000044650B1D5E90512EB68984768B1A06905
:10276000DCF7E4F92046EDF783FB0E230022304628
:102770001146BDE87040DCF793BF21463046DCF7D8
:102780008BFB0028EBD170BD70B50E46FFF706FB42
:10279000044640B9B069DCF7C9F93046EDF768FB8B
:1027A0006FF07F0070BD00F10C052846314601F046
:1027B00054FA606A38B150F8A04904B1A03C2946E7
:1027C000FFF72EFE20B90020ECE71C466FF0010059
:1027D000002CF8D0D4F8A03023B90230F5D0204630
:1027E0001C46ECE7A03BF8E710B50C46FFF7D6FA1D
:1027F00060B10023236083682BB9C0E90144FFF76F
:10280000E0FD002010BD1C608460F8E76FF07F00E1
:10281000F8E70120704710B5FFF7C0FA50B1446ADD
:1028200044B1A03C04F134000521FFF70AFDD4F8BF
:10283000A040F5E710BD08B50421FFF765FA30B1F7
:10284000BFF35B8F006BBFF35B8FC0F3401008BD1D
:102850008069C0E90212012282800374704710600F
:10286000002070470B4609895A898A4203D0598152
:10287000DB6803B11847704710B5029CA3680A468D
:102880000BB121469847A37DE268013BDBB2A375FB
:1028900022B11BB92046BDE81040104710BD1060A2
:1028A00091800020704700207047F0B507683D78A0
:1028B00089B006461446DDB97B88B3F5245F04D0A1
:1028C00010D8A3F52053032B12D8ADF80A1002221A
:1028D0000DF10A012046FDF7B2FF68B96FF015024D
:1028E000A26506E003F55643FF339BB2042B1ED9C5
:1028F0000125284609B0F0BD7B88ADF80A300222D8
:102900000DF10A012046FDF79AFF0028E6D00020CD
:10291000009003AA776813233146B847021EDFDB15
:1029200003A92046FDF78BFF0028E1D1D6E7ADF8DB
:102930000A1002220DF10A012046FDF780FF00284F
:10294000CCD07B88ADF80A3002220DF10A01E8E70D
:1029500008B507220BF087FDB0FA80F0400908BDEA
:1029600010B503789342044607D10130FFF7F0FF1A
:10297000002814BF2046002010BD0020FCE710B541
:102980000346BFF35B8F53E8000F40EA010243E8C0
:102990000024002CF7D1BFF35B8F10BD10B50346A8
:1029A000BFF35B8F53E8000F00EA010243E8002405
:1029B000002CF7D1BFF35B8F10BDBFF35B8F0068B6
:1029C000BFF35B8F70471FB51C46BDF81830002061
:1029D0000F2BCDE90000CDE9020011460CD82344AD
:1029E0000F2B0CDC224668460BF065FB6846DAF7D5
:1029F00071FB204604B010BD6FF00604F9E76FF0DC
:102A00000C04F6E70B6803608B8883808B798371F5
:102A100070470023036043608360704710B5DCF7A4
:102A20006DFF044638B1014611F8010BD9F7F6FCE9
:102A30002046FFF7EEFF002010BD38B500F18805F5
:102A400004462946007AFEF748FC03462946207AC8
:102A50001BB1BDE83840FFF7E1BFDCF74FFF18B10D
:102A6000BDE83840FFF7D5BF38BD022A10B508D100
:102A7000002300F188011A46007ADDF727F80220CA
:102A800010BDFFF7DAFFFAE738B5BDF81040944201
:102A900015460AD3A41A8C42A8BF0C46A4B22246FB
:102AA00059190BF008FB204638BD6FF00604FAE711
:102AB00030B585B0C96814461D46DCF76DFF00B11E
:102AC0000089ADF80E0002230093BDF820200DF11F
:102AD0000E0329462046FFF7D7FF05B030BD1FB5CE
:102AE0000C461946E3681C781046BDF818203CB126
:102AF00010240133069404B0BDE81040FFF7C4BFB2
:102B00005B88ADF80E30022300930DF10E03FFF742
:102B1000BBFF04B010BD30B585B01D460023144680
:102B20008DF80C30DCF70AFF10B1037A8DF80C3009
:102B300001230093BDF8202003AB29462046FFF770
:102B4000A3FF05B030BD2DE9F04114461D46BDF888
:102B50001870DAF7E3FA0646D3F74EFC80B2069017
:102B600033463A4629462046BDE8F041FFF78CBF80
:102B700030B585B014461D46FEF7ACFB0223ADF818
:102B80000E000093BDF820200DF10E0329462046CB
:102B9000FFF77AFF05B030BD37B504460D46DCF7C8
:102BA0006BFE024688B1037A8DF804300C30FFF7D3
:102BB00004FF00F001008DF80500022301AA294658
:102BC0002046D9F733FC03B030BD0346F7E708B51C
:102BD0000C3029B10121FFF7D2FEC043084008BDE7
:102BE0006FF00101FFF7DAFE00F00100F7E710B522
:102BF0000446FFF7ECFF38B121460122BDE8104042
:102C000011F8010BDCF7DCBE10BD2DE9F0411F46C9
:102C1000BDF81830012B064690462DD83B44012BB9
:102C20003D462CDCDCF78AFE044618B9DCF786FE4C
:102C3000044638B397B1217A98F80020002321FA8E
:102C400003F0C70703D522FA03F0C0071DD50133EF
:102C5000032BF4D102F007021143217206F188011F
:102C6000601CFFF7CFFE337A237001212046FFF767
:102C7000BEFF2846BDE8F0816FF00605F9E76FF06A
:102C80000C05F6E76FF01005F3E76FF01205F0E7BB
:102C900070B504461546FFF7BCFD48B12046DCF789
:102CA0004DFE28B1037ADB0702D50121FFF79FFF14
:102CB00085B9207A04F18801DCF720FE024648B18C
:102CC00001468560BDE8704011F8010B042308320D
:102CD000D9F796BB70BD2DE9FF41884616461F46C1
:102CE000044628B96FF01505284604B0BDE8F08108
:102CF00002A9FDF71CFF05460028F3D101A92046D3
:102D0000FCF727FC0198D0B902A90020DCF7B4FD3C
:102D1000044648B9DCF712FE044678B3002300F8F5
:102D2000013B02A9FFF76EFEB8F1000F22D002228C
:102D300069463846B047002808DA0546D4E70A2233
:102D40002946FAF78DFE0028DED0CBE79DF800304B
:102D50002372022804D000212046FFF748FFC3E772
:102D60009DF801100129F6D801F001012046FFF776
:102D70002EFFB9E72046DCF79FFFB5E76FF00B05A4
:102D8000B2E710B5BDF80810BDF810408C421046EF
:102D90000BD3641A9C42A8BF1C46039BA4B22246D4
:102DA00019440BF088F9204610BD6FF00604FAE7CD
:102DB00013B5044610B9002002B010BD00238DF8F1
:102DC0000430006842F6030301A9ADF80630FDF7B0
:102DD000D6FE0028EFD1E36898880028ECD1204681
:102DE000DDF706F9013080B2E6E770B5CC6888B04F
:102DF00008461E46A3798DF80C301546FFF7D8FF1C
:102E0000ADF80D00246823786BB96388ADF80F30F6
:102E100005230093BDF8302003AB31462846FFF769
:102E200033FE08B070BD631C0DF10F02113453F86E
:102E3000041B42F8041BA342F9D11323E9E71FB591
:102E4000CDE90123002300931A46DDF701F905B00F
:102E50005DF804FBDDF7C4B91FB50C461946E368FD
:102E600010461A788DF8082093F901208DF8092072
:102E70005A88ADF80A201A79DB88ADF80D3007239F
:102E80008DF80C200093BDF8182002ABFFF7FCFD75
:102E900004B010BD38B5D4074B8A054604D513F0ED
:102EA000950F2BD0486848B3900704D513F4957F4D
:102EB00026D0896821B302EA030414F03C0F0DD038
:102EC000EB7A2BB92846FEF7D6FDD8B9052038BDD8
:102ED00014F0300F04D114F4C07F07D10020F6E7BE
:102EE0002846FEF70EFE0228F5D8EFE7D5F8B430F5
:102EF000002BEBD05B7BDB06E8D5EFE70220E6E7B3
:102F00000320E4E70F20E2E72DE9FF41437B072B95
:102F100005460C46174610D100238DF80C3020686A
:102F200042F6030303A9ADF80E30FDF728FE60B9A1
:102F3000E3689B7913F0300F03D1002004B0BDE8A3
:102F4000F0812046DDF7E2F90446002320688DF881
:102F50000C3003A942F60213ADF80E30FDF70FFE58
:102F600018B12046DDF7D2F90446002642F60218D1
:102F700020688DF800606946ADF80280FDF7FFFD1E
:102F8000D8B9002320688DF80C3003A942F602134B
:102F9000ADF80E30FDF7F3FD0028CED1E4682246EF
:102FA000284612F8011BFEF7AEFD0028C5D0238984
:102FB0001F4214BF01200020C0E720688DF8046084
:102FC00042F6030301A9ADF80630FDF7D8FD00284D
:102FD000D7D020688DF808604FF4205302A9ADF8CF
:102FE0000A30FDF7CCFD0028CBD020688DF80C60AE
:102FF00042F6010303A9ADF80E30FDF7C0FD00282D
:10300000BFD02046DDF782F904460028B0D194E70E
:103010002DE9F84314468846942261680646FFF776
:1030200039FF58BB616801223046FFF76DFF48B396
:10303000A2891B2102323046FFF7EAFA054620B387
:1030400000F10C090221484600F03FFE07464846C1
:1030500027F8028BA18900F038FEA289A1683846C2
:103060000BF029F8D4E9041228460123FFF7F0FBFE
:1030700029463046BDE8F843FFF786BB4FF0FF30E6
:10308000BDE8F8836FF01500FAE76FF00B00F7E783
:103090002DE9F04105468846DCF750FC0446E0B1D6
:1030A000037ADB0719D500F10C073846FFF785FCDA
:1030B00010F0010611D1B8F1000F0FD06FF002012E
:1030C0003846FFF76BFC10F0020F284609D0FFF7D7
:1030D000A2FB01212046FFF78AFD01263046BDE80C
:1030E000F081FFF796FB0028F8D02846FFF7A3FBF6
:1030F0000028F3D06FF002013846FFF74FFC284656
:10310000E5E7F8B506460F46DCF7D6FB3946044638
:103110003046FEF7E2F868B364B304F108056FF0D7
:1031200001012846FFF73AFCC20703D5394630466D
:10313000DDF7E2FB6FF002012846FFF72FFC830763
:1031400003D539463046FFF727FD2846FFF735FC03
:1031500080B9234603F8010BC4F80100C3F803004B
:10316000BFF35B8F55E8003F45E80002002AF9D124
:10317000BFF35B8FF8BD10B50446A0F1170110F83E
:10318000180CFFF7BEFF14F80C0CA4F10B01BDE8FE
:103190001040FFF7B6BF38B5044659B100F18805B5
:1031A0002946007ADDF7A8FB207A2946BDE8384099
:1031B000FFF7F2BC38BD0720704708B50621FEF7BF
:1031C000A3FD00B1EC3808BDBFF35B8F0068BFF30F
:1031D0005B8F084100F00100704710B50346D9B17C
:1031E000C88910F0240F17D01A7D5C7B097BA2429E
:1031F00028BF2246914201D9002010BD820604D486
:10320000187A003818BF0120F7E70521181DFFF7CD
:10321000DBFF0028F4D1EFE70120EEE701238B402C
:10322000DB43BFF35B8F50E8002F1A4040E80021DA
:103230000029F8D1BFF35B8F70470B6803608B8860
:1032400083808B79837170470720704737B50023DF
:10325000009304460D460A46D0F8EC000621FEF71E
:1032600009FD28B1284603B0BDE83040ECF700BEA8
:103270004FF47022002304F5907003B0BDE8304095
:10328000F9F7A6BD01238B40BFF35B8F50E8002FF9
:103290001A4340E800210029F8D1BFF35B8F704743
:1032A00008B50E21FFF7EEFF002008BD38B5054632
:1032B0000B4604300D21FFF787FFA0B1DC68D5F87D
:1032C000EC300220197A03F1880200F094FB80B1FF
:1032D000224600F12A0304F1100152F8040B43F8CE
:1032E000040B8A42F9D128460921FFF7CBFF0020C1
:1032F00038BD0820FCE770B5051D0E4628460421A0
:10330000FFF762FF68B10022002100230846FEF7A4
:10331000AEFC044640B904212846FFF7B3FF20461F
:1033200070BD4FF47022EFE701210C3000F0CDFCAE
:103330000670F4E738B504210446FFF7DCFF0546C4
:1033400098B110210C3000F0C0FC04F1270304F107
:10335000370253F8041B40F8041B9342F9D120466E
:103360002946FFF773FF002038BD0820FCE72DE950
:10337000F04790B004460CAD1022002128460AF018
:10338000C2FE237A052B1ED8DFE803F006030306EE
:103390001D21D4F8D8300C93D4F8EC3004F1470256
:1033A00004F1C707CDE9017204F1370803F1960271
:1033B00004F1270900928F334A46414604F19700F1
:1033C000DEF7A2FA98B1082010B0BDE8F087D4F873
:1033D000E430002BE0D02E4603F11007186859683E
:1033E000324603C20833BB421646F7D1D4E7D4F8BD
:1033F000EC3003F18F02963308AE019304F1110310
:103400000292009303962B4642464946384600F006
:10341000C7FB0028D7D1237A052B0FD1D4F8E010B1
:10342000002948D00B46AC4601F1100E18685968C7
:10343000624603C2083373459446F7D1D4F8EC30A2
:1034400003F196028F330DF1100A019304F10A0380
:1034500002920093CDF80CA02B464A4641463846CE
:1034600000F09EFB0028AED11022514604F1B700B7
:103470000AF0F9FF20BB0D212046FFF73CFF07466D
:103480000028A0D010210C3000F01FFC324603466B
:10349000164603CEAE4218605960324603F1080367
:1034A000F6D139462046FFF7D1FE201D0121FFF756
:1034B000E9FE002088E7102228460AF024FEBDE736
:1034C0000B2081E770B5D0F8EC30DB78012B044697
:1034D00019D1CD68061D10213046FFF79FFE2B46FF
:1034E00004F1B70205F1100153F8040B42F8040B84
:1034F0008B42F9D107213046FFF766FE28B109213A
:103500003046FFF7BFFE002070BD0A213046FFF7AE
:103510005BFE0028F3D12046BDE87040FFF727BFCF
:1035200070B5061DCD6804460B213046FFF776FEC8
:103530002B4604F1170205F1100153F8040B42F871
:10354000040B8B42F9D1237A012B09D0022B13D122
:1035500020460421FFF796FEBDE87040DDF796BBDC
:103560000A213046FFF730FE0028F1D03046002116
:10357000FFF788FE002070BD0820FCE70720704799
:10358000072070470720704730B5012303FA01F187
:10359000CA43BFF35B8F50E8003F03EA020440E8F0
:1035A0000045002DF7D1BFF35B8F194214BF0120F6
:1035B000002030BD38B500F188040D4607220968A7
:1035C00020460AF050FF28B969682046BDE8384017
:1035D000FFF733BE38BD38B50446031D0025BFF3E1
:1035E0005B8F53E8002F43E800510029F9D1BFF366
:1035F0005B8F04F590700AF029FA2572BFF35B8F98
:1036000054E8003F44E80052002AF9D1BFF35B8F31
:1036100020460121BDE83840FFF734BE2DE9F84FC0
:10362000DDF82C80BDF82890044692461F46FFF72F
:10363000C4FD054600285AD0061DB9F1000F27D158
:103640005AEA070324D103213046FFF7BDFDD0B36A
:1036500001213046FFF7B8FDA8B32C7D6B7B9C425F
:1036600028BF1C46224605F1470140460AF023FDCB
:103670000F2C06D8C4F11002002108EB04000AF058
:1036800042FD30460121FFF7FDFD0120BDE8F88F26
:10369000D4F8B430F3B904F1880B217A5A462020CB
:1036A000DEF7C2F8C4F8B40030B9217A5A460120D6
:1036B000DEF7BAF8C4F8B400B9F1000F0AD15AEA3B
:1036C000070704D006E0D4F8B430002BE3D0D4F8D8
:1036D000B41071B90F213046FFF776FD20B10222F8
:1036E00006212046DAF77AFF2846FFF774FF00200C
:1036F000CCE7CB899B06EDD50C7B1A312246B4E78B
:103700006FF085007047031DF7B506460F46184653
:103710000221FFF759FD044620B1B6F8E840B4FA9B
:1037200084F4640903211846FFF74EFD60B1394661
:103730003046DDF70FFE05219CB1D6F8EC00FEF710
:103740007AF9002003B0F0BD01211846FFF73CFDD7
:103750000028ECD10F211846FFF736FD0028E6D1EE
:10376000E9E73046FFF7C7FD054690B101210C306F
:1037700000F0ABFA07700094D6F8EC0023462A4616
:103780000621FEF777FA0028DBD02846ECF770FB1D
:10379000D7E76FF06800D5E770B504460820DDF77D
:1037A00045F90546E0B1061D08213046FFF736FD14
:1037B000BCB30721FFF732FD234605F1970204F160
:1037C000200153F8040B42F8040B8B42F9D10A2173
:1037D0003046FFF7F9FC70B109213046FFF752FD82
:1037E0000720DDF723F90446E8B1DDF78DF901463E
:1037F000C8B1204612E010213046FFF7E5FC092150
:103800000028EAD13046FFF7DFFC0028E8D0284640
:10381000FFF7ADFD01460028E2D02846FFF773FF11
:10382000DEE70B21F9E770BD2DE9F0410E460446B5
:10383000D0F8EC80DDF708F9F768261D05460A2167
:103840003046FFF7A1FE38B16DB920463978DDF773
:1038500081FD0020BDE8F0810B213046FFF794FE8A
:103860000028F1D1F1E76B69002BEED04046984774
:10387000EBE770B50446A0F1EC0650F8343BE83CA9
:10388000D3F8B4500AF0E2F803212046FFF79CFC7D
:10389000A0B108213046DDF75DFD3DB1EB8913B1E4
:1038A0006B7B9B0702D5284600F0B9F830464FF4F1
:1038B000AC72BDE8704000210AF025BC0121204611
:1038C000FFF782FC0028E4D10F212046FFF77CFCA3
:1038D0000028DED1E1E710B508210446A0F590707C
:1038E000DDF738FDA4F58E700421BDE81040FFF728
:1038F000C9BC70B50446FFF760FC0546002863D0DC
:10390000061D03213046FFF75FFC00285CD0D4F889
:10391000B40008B100F083F8207A04F18801DDF7E3
:1039200021FFC4F8B40028B928460821BDE870403A
:10393000FFF7E9BE0E213046FFF746FC28B1D4F868
:10394000B420537B43F0020353732A7AD4F8B410A3
:10395000032A4B7B39D8002A3ED0D4F8B420537BBD
:1039600043F0010353732B7D697BD4F8B4208B4261
:1039700028BF0B46137305213046FFF725FCD4F80A
:10398000B4305A7B88B342F010025A730D2130468E
:10399000FFF71AFCC0B1D4F8B400202100F03BF8C6
:1039A000D4F8B43005F147021A33573552F8041BE6
:1039B00043F8041BAA42F9D1D4F8B42000231361C0
:1039C0005361D4F8B420138370BD053A012A03D89B
:1039D00043F020034B73C0E723F020034B73D4F86C
:1039E000B420537B23F00103BCE722F010025A738A
:1039F000EAE7D9F739BC70B504460D461646DDF73F
:103A000013FF38B931462846DDF7ACFE10B1C38943
:103A10001C43C48170BDC3891943C181704710B56F
:103A2000037A5B07044601D5D9F7B4FC214611F8A7
:103A3000010BD8F789FD20464022BDE81040002147
:103A40000AF061BB70B5064690B01446184626B31E
:103A5000342203A9A047051E1FDB01A93046FDF74C
:103A600066F80446C8B969463046FBF772FD00980F
:103A700068B9ADB901AA29463F20DDF7D5FE18B1D6
:103A8000402229460AF03FFB204610B070BD0A22B2
:103A90002146F9F7E5FF0028EBD06FF01504F3E7B6
:103AA00001A90020DDF75EFE034698B1342D02D057
:103AB000FFF7B5FFF1E703AA0C330FAE154603CDB0
:103AC000B542186059602A4603F10803F6D1286808
:103AD0001860D9E76FF00B04D6E70146024634239D
:103AE00011F8010B0C32D8F721BD531E19440244C2
:103AF00011F8013900F8013B9042F9D1704710B537
:103B0000431E00F11002073013F8011F12F8014D97
:103B10001C7083421170F7D110BD70B5C2B00D4654
:103B20001646014616AA68461C46FCF75DFE18B903
:103B30006FF0040042B070BD324629466846FCF77B
:103B40007EFE0028F4D069462046FCF7E2FE0028FD
:103B5000EED00020EEE7F0B597B014460E462022D6
:103B6000014605A81D461C9FFFF7BFFF20223146D6
:103B70000DA8FFF7BAFF2146102201A88DF8545076
:103B8000FFF7B3FF3B46412205A901A8FFF7C5FF98
:103B9000044610B93846FFF7B2FF204617B0F0BD13
:103BA0002DE9F04397B00446164605A810221D469D
:103BB000DDE91F98219FFFF798FF1022314609A8E1
:103BC000FFF793FF102229460DA8FFF78EFF1E99DD
:103BD000032211A8FFF789FF4946D9F8010011F81F
:103BE000013B8DF8473012908B88ADF84C3006229F
:103BF00012A8FFF77AFF4146062211F8013B8DF823
:103C00004E30D8F80130CDF84F300DF14F008B8891
:103C1000ADF85330FFF769FF2146102201A8FFF7E6
:103C200064FF3B46412205A901A8FFF776FF044641
:103C300010B93846FFF763FF204617B0BDE8F083A0
:103C40007047002303824369C3607047416A496833
:103C50000968ECF78FB8F8F7E9BE09F009BE027AF7
:103C6000013202727047034618465B68002BFBD195
:103C70007047426810B52AB10B461C465B68002BA2
:103C8000FBD16260416010BD10B5044620B90B7ACB
:103C900001330B72084610BD034618465B68002BC3
:103CA000FBD1FFF7E6FF2046F5E710B508B14B68FA
:103CB00043604C68002308464B60ECF7D9F8204677
:103CC00010BD83680B440360704783880268194401
:103CD0008180D018704730B484880568A318838029
:103CE000281930BC0AF0E7B910B5838802685C1C5B
:103CF0008480D154D01810BD034600689A88401AB9
:103D000011441860998070478288521A0346828055
:103D10000068084418607047034600689A88521A81
:103D200001449A801960704710B503681C8802210D
:103D3000FFF7EAFF204610BD02688068101A70473E
:103D40008388C2888168D21A03685B1AD01A7047C8
:103D500010B50369C0E905330023C360837F0446BF
:103D600013B1407A01F00EFA012323770023637721
:103D7000E377A37710BDF8F7A3BDF8F71BBE037870
:103D8000027903F00F011AB959B14FF0FF307047B3
:103D90000829FAD8012A04D183F0080040F3C000B2
:103DA000704743F3C000704738B50446ECF792F80B
:103DB000054660B1037A6BB120460024F1F7C6F9DD
:103DC0002846AC77FFF7C4FF2C72204638BD6FF051
:103DD0001500FBE76FF07700F8E770B504460E4674
:103DE0001546ECF757FD30B906B925B12046BDE8B8
:103DF0007040ECF797BD70BD10B403460838BFF3B0
:103E00005B8F50E8002F511C40E80014002CF8D1C3
:103E1000BFF35B8F1AB95DF8044BECF707BE6FF088
:103E20000F025DF8044B9A6670470369C9B20C2211
:103E300001FB0233186C00F0070070474FF02003BD
:103E4000EFF3118283F31288BFF36F8F036803F0DF
:103E5000C00343F00203036082F31188BFF36F8F46
:103E6000704770B5C9B203694FF02004EFF31185B4
:103E700084F31288BFF36F8F0C2606FB0134246C89
:103E800014F0C00408D0A24206D085F31188BFF315
:103E90006F8F4FF0FF3070BD06FB013301221A64B3
:103EA00085F31188BFF36F8F436803EBC1035B6831
:103EB00098470020EFE78022FFF7D3BFF8B5069FB1
:103EC0000469C9B24FF02005EFF3118685F312881B
:103ED000BFF36F8F0C2505FB0144256C05F0070C23
:103EE000BCF1010F0CD1276486F31188BFF36F8FEB
:103EF000C4E90E23436853F8313098470020F8BDD9
:103F000005F0C005AF4286F31188BFF36F8F0CBF79
:103F10006FF077004FF0FF30F1E713B58024009485
:103F2000FFF7CCFF02B010BD10B40069CBB21C2467
:103F300003FB040000215DF8044B10470020EEF75E
:103F4000E7BD002000F0ECBE1046F8F7A3BD4368C3
:103F50001B681868704710B44468E46AA4465DF8AA
:103F6000044B604707B5AF238DF8043001231A4690
:103F700001A9FFF7F0FF03B05DF804FB07B5AE231E
:103F80008DF8043001231A4601A9FFF7E4FF03B0BE
:103F90005DF804FB6FF085007047002070476FF0FC
:103FA0008500704707B581238DF804308DF8051022
:103FB0000123022201A9FFF7CEFF03B05DF804FB45
:103FC000042914BF6FF085000020704710B50B4620
:103FD00044681022002118460AF095F8E28E02800B
:103FE000A28E42800422426002730122826010BDD0
:103FF00030B5446889B02068A58883F001040DF1CC
:10400000070302930123CDE90512A40103930222C1
:1040100000238DF807408DF810308DF81C20836840
:1040200002A99C682B46A04709B030BD2DE9F34793
:104030001C46B3F808C09B880A9FD0F804A09C4592
:10404000064688463BD3B4F806E021680EFB03F52C
:10405000ED108D4228BF0D468FB385B39C452ED8F9
:1040600012F007092BD19AF841105FFA88FCC2F3CD
:10407000C708B1B39AF83810614401F00F03C1F3D7
:10408000031141F010018DF800308DF80110BA468F
:10409000E2885FFA89F3B3EBD20F03D3002002B0BA
:1040A000BDE8F087434463F04F038DF802300322EC
:1040B000012369463046FFF74EFF034610B14FF02B
:1040C000FF30ECE7A28851463046FFF744FF002856
:1040D000F5D1A3889A447B199A4509F10109D7D9EA
:1040E000EDE7013B8DF803C09C4422238DF8053099
:1040F00002EB0E032021DB10ADF80010013B212163
:104100008DF802108DF807300822012369468DF8DA
:1041100004C08DF80680FFF71EFF03460028CED1AD
:104120002A4639463046FFF716FFB8E74368186855
:1041300009F01ABA03460A4600681979012303FAFE
:1041400001F103691B68194218BF82F0010212B124
:104150008368DB68184783681B69FBE76FF085009D
:104160007047F0B545686B6C04464FF4004240F26E
:10417000E7300021C3FB020151EAC33385B029D0E7
:1041800000234FF47A72D1F7BBFF6FF00103181AC6
:104190004FF0FF3363EB0101F9F7E2F86368204663
:1041A0009B6A9847002800F0CA80286AB8B96568F9
:1041B000A4238DF8043095F840305A3B8DF8053033
:1041C0002B6A53BB2046FFF7D9FE002837D06FF08B
:1041D00004051FE06FF001004FF0FF31DCE795F8B8
:1041E0002410EB8C0769D0F808C03D68DA0754BF8B
:1041F00043F4B01383F4D013012623F480128E40CD
:10420000DB074CBF3543B5433D60DCF800309847D1
:10421000051ECCDA284605B0F0BD0021203521204E
:10422000F9F79EF801212846FFF784FF002121209D
:10423000F9F796F800212846FFF77CFFC2E748F21D
:10424000D502ADF808206368D9228DF80A2093F8CA
:104250003C308DF80B3042F2DB03ADF80C30062217
:10426000012302A92046FFF776FE0028AFD163683C
:104270004DF24032ADF8082093F83A208DF80A202C
:10428000DA228DF80B2093F83F20002A0CBF12226F
:1042900002228DF80C20A8228DF80D2093F83B30D7
:1042A0008DF80E300722012302A92046FFF753FEA6
:1042B00000288CD1626892F83D30603B8DF8083060
:1042C00092F83E30002B0CBFC023C8238DF8093074
:1042D0000222012302A92046FFF73DFE00287FF4B9
:1042E00076AF636893F84130002B0BBF14238B2308
:1042F0008D22AD228DF8093033238DF808208DF8FA
:104300000A300322012302A92046FFF724FE0028D9
:104310007FF45DAF0123022201A92046FFF71BFEB7
:1043200000287FF454AF80212046FFF73BFE05466E
:1043300000287FF44CAF2046FFF714FE6AE76FF0C9
:10434000150567E70020704738B50C461546D8F7C5
:10435000B5FE28B129462046BDE83840D8F7F6BB5F
:104360006FF00A0038BD38B505460C4600F049FD2F
:10437000002D07DBA84205D9401B84428CBF0020DA
:10438000012038BD0020FCE770B50D4628461946CF
:1043900016461C46FFF7E7FF38B124B122462946EE
:1043A000304609F088FE002070BD6FF01500FBE775
:1043B0002DE9F3411C469046002382682360A360E8
:1043C00013690D4601AA69469847019B5A1E01923E
:1043D00023B96FF0150002B0BDE8F0810098A26823
:1043E00047682168676085B9A8EB02030668B34295
:1043F00028BF33461A4403FB07112160A2600268FC
:104400009A4206D808300090DFE76B1AB3FBF7F347
:10441000ECE70020DFE713460022FFF7C9BF2DE9D4
:10442000F047836886B01B698846914601A902AAB5
:1044300098470024A2462546029BAB4202D806B00C
:10444000BDE8F087019F07EBC50700267B68049352
:104450003A68B2420AEB060302D801359A46EBE706
:1044600003940593494603A8C0470028E7D0049B5E
:1044700001361C44ECE743685B68D3F810350B60E9
:104480000020704743685B6802EA010021EA0201EC
:10449000C3F80805C3F80C150020704743685B6833
:1044A0000020C3F80815704743685B680020C3F814
:1044B0000C15704743685A68D2F8043521EA0300A6
:1044C0000B40C2F80805C2F80C350020704710B543
:1044D00003695868F8B1884219D19C680868586027
:1044E000A14200D19860002008602AB15A680A6091
:1044F0009A68596002B99960002010E0814206D1A3
:104500000868206098688142EDD19C60EBE7044622
:1045100000680028F2D1002AE8D16FF0150010BD24
:1045200013B54FF080520829136E526E28BF082130
:1045300012BA00921BBA0C460A466946019309F06A
:10454000BAFD204602B010BDCA07436805D4C1F3C6
:104550004201012904D0022909D06FF015007047EB
:104560001B684FF0CC72C3F82425002070471B68ED
:104570004FF0C862F7E7002201210320D7F7D8BA2D
:1045800013B501AA044600F040FA002805DB019BA0
:10459000226819791868EDF78FFB02B010BD38B5A5
:1045A000456861B1012913D1286A0021FFF7E8FFAE
:1045B000041E02DB2846EFF70DFC204638BD2846D6
:1045C000EFF718FC286A0121BDE83840FFF7D8BF93
:1045D0006FF08504F1E770B50B68054600689842F6
:1045E0000C460AD041F8040B066983685B6898475B
:1045F00040B963683268534063602B796068D84083
:1046000000F0010070BD70B403460C46DA88006803
:1046100019792243056986682B6801248C4012F0C1
:10462000010F14BF2343A3432B60336870BC1847AA
:1046300003460A4600681979012303FA01F1036968
:104640001B68194218BF82F0010212B18368DB684F
:10465000184783681B69FBE7036911B1D960002023
:1046600070476FF0150070472DE9F84306460C4679
:1046700000250C2701F40008B368AB4202D80020E3
:10468000BDE8F883726807FB05F3D118D0580979A3
:1046900083680269D3F81890B9F1000F14D0B8F10B
:1046A000000F0FD0126801238B4013420AD084F010
:1046B000C06202F0C06302F0B072C8470028DFD1C8
:1046C0000135D9E72246F4E76FF05700D8E7F8B58F
:1046D00005460E4600240C276B68A34201D8002033
:1046E000F8BD2868314607FB0400FFF7A1FF00284A
:1046F000F6D10134F0E72DE9F04F0669446885B042
:1047000005464FF000094FF00C0B63684B4537D856
:104710004FF00009C84623694B4500F29380286991
:10472000B8F1000F00F096806B689A69D0E91231F9
:10473000D31841EBE271C0E91231C90341EA534198
:1047400040F2E732DB0300F11004981841F1000158
:10475000B0F57A7F71F1000377D34FF47A720023BA
:10476000D1F7CEFC6FF00102121A4FF0FF3363EB6A
:1047700001032046F8F72CFB002005B0BDE8F08FC0
:1047800027680BFB097701213846FFF751FF002806
:10479000F3D1CDE9020004F1080382460193B36826
:1047A000534508D800213846FFF742FF0028E4D1DE
:1047B00009F10109A9E7706894F820C0BA68216975
:1047C0000BFB0A008368BCF1000F13D101FB032827
:1047D00002A9FFF700FF0028CFDB306D019BA26923
:1047E00014BF0121002100EB480008F07CFE0AF113
:1047F000010AD4E701FB0238EAE7326D0AFB0393B2
:1048000002EB430B584608F0A6FE40B1584608F0AC
:104810009EFEF7680346524649462846B847B8F117
:10482000000F0DD1584608F08AFE00F001080AF189
:10483000010AD4E904325245DFD809F101096AE7D7
:104840000120F2E74FF0000AF3E76FF001024FF0AA
:10485000FF338EE74FF09861FFF706FF00288BD1FA
:1048600068680121FFF733FF86E750F8100CFFF767
:1048700042BF10B54FF4001104460069FFF7F4FE83
:10488000014620B96068BDE81040FFF720BF10BDA9
:1048900010B504460069103009F0D8F82046BDE88C
:1048A0001040FFF7E6BF10B551F8043C1C692068C2
:1048B000FFF7DFFF09F048FA4FF47A72A0FB02031A
:1048C00002FB0131C00B40EA4140C90BC4E91201AF
:1048D000002204F110000023BDE81040F8F778BA78
:1048E00070B50446066909F02FFA4FF47A75A0FBFB
:1048F000053205FB0121DB0B43EA4143C90BC6E945
:1049000012312046BDE87040FFF7F5BE6FF085001C
:1049100070472DE9F043446885B00123039394F870
:104920002230A669E56994F8207094F821C00096B9
:10493000DB00A2FB03030195CDF808D0002B3DD18D
:1049400085423BD3934236D1214651F8040B83680C
:1049500002AA1D680023A8470546208DF8F71AFD16
:10496000284605B0BDE8F083606A405D032828D87A
:10497000DFE800F003021D1F487806F1FF3E07251F
:1049800020FA05F919F0010F0CBFE146B946013DC7
:104990000EF8019FF4D2083608F1010894F82200BD
:1049A0005FFA88F5A842DFD801330431CAE7887876
:1049B000E3E7C878E1E74FF00008EFE76FF00B0599
:1049C000CEE76FF01505CBE710B54468206808F016
:1049D000CBFD10B96FF0120010BDE06838B994F843
:1049E00022100023DAB2914206D80020F4E708F042
:1049F000BBFD0028F3D1EDE7626AD25C032A03F124
:104A00000103EFD96FF01500E6E730B54368136096
:104A1000057A446804EBC504A34202D36FF0010099
:104A200030BD5C798C4201D00833F0E70020F7E715
:104A3000002201212F20D7F77BB810B50B6813B9DE
:104A40001360184605E003685C681CB114600368D5
:104A5000186810BD083303600B68013B0B60EDE77D
:104A600013B501AA0446FFF7D0FF002805DB019B20
:104A7000226819791868EDF71FF902B010BD70B5FA
:104A80000C460669456839B101290FD10021E86B50
:104A9000BDE87040FFF7E4BF96F86D3023B12846BB
:104AA000EEF7B0FF86F86D400121F0E76FF085006A
:104AB00070BD03460A4600681979012303FA01F123
:104AC00003691B68194218BF82F0010212B18368A2
:104AD000DB68184783681B69FBE710B50368044669
:104AE0004BB19A683AB1186908F039FD2068002185
:104AF0000830FFF7DEFFA36933B9636004F11000EB
:104B0000BDE81040F7F7C6BF10BD10B500690368D7
:104B10008B4206D190F86C4034B9FFF7DEFF204697
:104B200010BD6FF01500FBE76FF00F00F8E72DE9FF
:104B3000F04144680569E06B0021FFF791FF002810
:104B40001BDB206C461C11D1636B9847AC680126B7
:104B50000834D5E9023203EBC203A4F10802934200
:104B60000DD82846FFF7B9FF002006E0EDF7D8FB87
:104B700010F1130F01D0411DE6D1BDE8F08154F8CA
:104B8000080C08F0F1FC28B354F8080C14F8041CC5
:104B900034F8023CD0F810C0D0F80880DCF800707F
:104BA000DA0754BF43F4B01383F4D01323F4801214
:104BB00006FA01FEDB074CBF4EEA070727EA0E079D
:104BC000CCF80070D8F800309847002804F10804A9
:104BD000BFDAD2E76FF01200CFE770B50268044683
:104BE0000E466AB193685BB1938813F4805507D180
:104BF000106908F0B4FC206829460830FFF759FF17
:104C0000266404F12800F7F745FF002384F86C3090
:104C100070BD38B503780C46002B45D18D6E3DB97B
:104C20004B6E6FF073011869BDE83840FFF7D5BFD0
:104C30008B6D93B19D4210D85B1B8B6543BB4B6C56
:104C400008334B648B6C013B8B6401F1580204F117
:104C500044004831FFF7F1FE6065236E9BB19D4231
:104C600011D85B1B2366CBB9E36C0833E364236D77
:104C7000013B236504F1600204F1500104F14C0092
:104C8000FFF7DBFEE065606EBDE83840EDF726B962
:104C90004B6D002BE1D02B444B65DEE7E36D002B21
:104CA000F1D02B44E365EEE738BD70B5054600F062
:104CB000A6F8002104462846EEF78EFA032128467E
:104CC000EDF70EFB00F025F804F18044064604F5EC
:104CD000C04423684BB10024284600F08EF82846D3
:104CE0000121EDF7FDFA204670BD00F012F8801B9F
:104CF0000628EED96FF07304EEE700F150039B0035
:104D00009BB203F1804303F5883300221A601B68CD
:104D1000704708B5EDF7A4FB08BD004708F01FBCBD
:104D2000EDF76CBEF7B5019001A8DDE9084716461E
:104D30001D46EDF775FF019BB6F1000C18BF4FF053
:104D4000010C00EB83000B1E18BF0123002D43EA6A
:104D50004C0314BF4FF00C0C4FF0000C002C43EA36
:104D60000C0314BF4FF4E06C4FF0000C002F43EA2B
:104D70000C03D0F8002714BF4FF4403C4FF0000C58
:104D800043EA0C0322EA030301B109780EB1367835
:104D9000760019430DB12D78AD0031430CB1247864
:104DA000240229430FB13F783F040C433C43C0F831
:104DB000004703B0F0BD1FB50DF10F0301930023B1
:104DC0008DF80F1000931A461946FFF7ABFF05B098
:104DD0005DF804FB08B50146EDF794FF40B10846C5
:104DE000EDF784FF00B2800000F5807080B208BD4E
:104DF0004FF4BE70FBE7EEF713B8EDF7EBBFFFF72C
:104E0000E9BF4FF080531A695869504370474FF01B
:104E10008053186970474FF080535869704700F10C
:104E200080431A68002A1FBF00221A601B680120F5
:104E300008BF002070474FF080434FF46072C3F802
:104E4000042370474FF080434FF46072C3F8082387
:104E5000704708B5EEF77EFBBDE80840EDF7ACBE45
:104E600070B5A2F58074A408012606FA04F405467C
:104E700014EA010008D0A85830B10021A950AA585E
:104E80001A6822431A60304670BD2DE9F3410023B1
:104E900004460D460193904601AB4FF4A672FFF70E
:104EA000DFFF4FF4827229462046FFF7D9FF4FF407
:104EB0008C72074629462046FFF7D2FF064630B1DE
:104EC000B8F1000F1DD017B1D4F83C353E4601AB08
:104ED0004FF4887229462046FFF7C2FF30B1B8F17F
:104EE000000F03D016B90FB1D4F83C3501AB4FF425
:104EF000907229462046FFF7B3FF019802B0BDE843
:104F0000F0814646E3E707B5019001A8EEF772FB92
:104F1000019A01239340C0F8083503B05DF804FB03
:104F200007B5019001A8EEF765FB019A01239340B4
:104F3000C0F80C3503B05DF804FB91F8202003465F
:104F4000032A29D8DFE802F0212519028A685003D4
:104F500004D5D3F84C250869904207D18A685203DA
:104F60001AD4D3F84C258969914215D00020062225
:104F7000C3F80005C3F800257047D3F84C2508692D
:104F80009042F3D1D3F83C25EDE7D3F84C250969DD
:104F9000EAE7D3F83C25FAE70120704738B5857B6E
:104FA00004465DB90068062303222946EEF794FE05
:104FB0006068062303222946EEF78EFE012038BDE5
:104FC00030B5A2F58075AD080124AC400C4207D085
:104FD000815829B10021815082581A6822431A60F1
:104FE00030BD13B500230C4601934FF4A47201ABFE
:104FF000FFF7E6FF21464FF48272FFF7E1FF2146FB
:105000004FF49272FFF7DCFF21464FF4A872FFF7CE
:10501000D7FF21464FF4A672FFF7D2FF21464FF487
:10502000B072FFF7CDFF4FF4AE722146FFF7C8FF15
:10503000019802B010BD30B54C689C4209D20025E1
:105040004560096801609A420CD1201E18BF0120FA
:1050500030BD43600D6805600868E41A18444C6070
:105060000860F0E70020F3E74B689A4228BF1A4631
:105070000B68C0E9003248680B68801A4860134426
:1050800000380B6018BF012070474B689A4228BF58
:105090001A4662B10B68C0E900324B689B1A4B603C
:1050A0000B68101E13440B6018BF01207047134695
:1050B000F1E7C343C3F3C01300F00F0000EB03108C
:1050C0007047704708B5EFF753FA0146EFF744F918
:1050D000837B032B0AD10846FFF7EBFF012303FA7A
:1050E00000F0C043BDE80840EFF732BA0368002B78
:1050F000F1D008BD8720FFF7E5BF8620FFF7E2BFAC
:105100008520FFF7DFBF8420FFF7DCBF8320FFF798
:10511000D9BF8220FFF7D6BF8120FFF7D3BFEFF7BB
:1051200039BA08B5EFF718F9818108BD08B5EFF76E
:1051300013F94FF02002EFF3118382F31288BFF3CB
:105140006F8F82680A6002682AB9807B83F31188B6
:10515000BFF36F8F08BD0420F8E70720EFF7A8BD65
:105160000620EFF7A5BD0520EFF7A2BD0420EFF75D
:105170009FBD0320EFF79CBD0220EFF799BD0120F2
:10518000EFF796BDEFF786BE07B5019001A8F0F7DF
:105190006DF8019A01239340C0F8083503B05DF81B
:1051A00004FB0022C9B202F09CBC09B201F0CDB8E8
:1051B00009B201F0B3B838B505460068F2F7F6F861
:1051C0000446002227210069F0F798FA606900225E
:1051D0002821F0F793FA606928B194F828309B07EA
:1051E00001D502F03AFD94F82830002262F3000362
:1051F000626184F82830A2612868602102F01BFBFC
:105200002069BDE8384001F0E7BA70B50446F2F70E
:10521000CDF8054600B306695EB10022252130466F
:10522000F0F76CFA2B6923B1002226212046F0F713
:1052300065FA2C615CB1002227212046F0F75EFA66
:105240002B6923B1002228213046F0F757FA204677
:10525000BDE8704001F0C0BA70BD08B510B9F6F7EE
:10526000D7F800B1006908BD08B5F6F7D1F8BDE878
:105270000840FFF7F2BF38B505460068F2F796F828
:105280000446FFF7F1FF606128682061BDE83840FF
:1052900000222621F0F732BA08B510B9F6F7B8F8AF
:1052A00000B1406908BD08B510B9F6F7B1F800B112
:1052B000C06908BD08B510B9F6F7AAF800B1006AD0
:1052C00008BD08B508B9F6F7A3F8806808BD07B5AA
:1052D000002300931A461946F0F746F803B05DF82C
:1052E00004FB08B510B9F6F793F828B1D0F85401CB
:1052F0000028D4BF0020012008BD50B1837E03F0F8
:105300003F038B4204D9C0680C2303FB01007047A4
:105310000020704710B50C4670B94B68186868B12A
:1053200003694BB10023E360036921469847207E5F
:10533000C04300F0010010BD0068F0E70120FAE76B
:105340000068704740687047007A00F07F0070473F
:1053500000697047037A013B0F2B94BF006900205E
:105360007047037A143B052B94BF006900207047F7
:10537000027A132A0B4606D10269B2F9001099424B
:10538000B8BF194611807047F8B507460020F6F7F8
:1053900073F800260446354634B9BDB9C6B930465F
:1053A000BDE8F840F6F768B8204600F01EF9636DD6
:1053B000BB4205D1022808D02646042808BF25464E
:1053C0002046F6F759F80446E6E725462846F8BD94
:1053D0003546FBE72DE9F047037FDC0705468846A5
:1053E000924602D50020BDE8F087C668BEB13746B8
:1053F0004FF0010931462846D047B8420446F1D063
:105400003E46ACB92B7F1907ECD5B9F1000FE9D0B6
:105410002846C047044636B14FF00009F1E71A07A5
:10542000F6D488470446002CDCD026464FF000090D
:10543000206800F0A7FA030638D4276837BBEB686A
:10544000A342CFD073B128461E68FFF79DFF0F21FE
:1054500002463046F0F752F90128C3D1EB681868CC
:1054600001F0BAF9EC6028462468FFF78DFF0E21A1
:1054700002462046F0F742F90128B3D1EB681868DC
:1054800001F0AAF92B69A3B90120ACE70121384644
:1054900000F06CFA20B9384602F030FB0746CDE741
:1054A0000121384600F062FA0028C8D03746264667
:1054B000A0E728469847E7E738B5037FC3F3C00560
:1054C00043F0080303775B07044606D4F0F754F96A
:1054D000237F65F3C303237738BDF0F761F9F7E75E
:1054E00070B5064600F050FA0446002838D0C3686C
:1054F000E3B11B68B34219D1037FDA0744BF6FF3EE
:105500000003037707F05AFBE368834229D1204662
:1055100007F057FBE368984223D105682046FFF760
:1055200033FF0F2102462846F0F7E8F8E36823B17D
:105530001B68B34204BF0023E360204607F03EFB34
:10554000054668B12B68B342294620460DD107F0C5
:105550000CFB2846F6F718FAB3680BB100229A60E4
:1055600070BD2046FFF7A8FFE0E707F02DFBE7E757
:1055700070B50C46054690B30846FFF7B1FF2846C4
:1055800007F01CFB014618BB204600F0FDF940B1B6
:10559000A3689B6853B1DB681B68A34206D1FFF781
:1055A0008BFFA36813B92046F0F7F6FBA3682846E3
:1055B0009D6007F0BEFA064688B10460284607F0F1
:1055C000FDFA86420BD12846BDE87040FFF774BF54
:1055D0000B68A34203D0284607F0F6FAD2E770BD65
:1055E00010B1007FC0F34000704708B1036818781D
:1055F000704758B103681B7803F0FD03012B04D1F9
:1056000090F8440000F00F0070470020704740B150
:1056100003681B7803F0FD03012B01D1006B704779
:10562000002070470A46002108F06DBD2DE9F041C9
:105630004F680D462FB33846F1F7E6F80646384670
:1056400001F0FEF91022804600213846FC8A01F064
:105650007BFF2318A3EB08039BB2EB82013B6B8318
:10566000122200213846BC8A01F06EFF0444A01BC0
:1056700080B2A882013828834BF67633EB61BDE80F
:10568000F08141F67603F9E72DE9F04F038C8DB0F8
:105690008B4205468A46049300F0168101840A462F
:1056A000194602F00EF90390002800F00D814FF426
:1056B0002070F6F787F94FF4207107460024FFF7B2
:1056C000B1FF6FEA0A03A14609936B8CC3F3C503CC
:1056D000A34244D9B9F1200F41D0D5F80C8008EB92
:1056E000C40BE600DBF8040020F07F4002F0EAF98A
:1056F000EB6805903344586820F07F4002F0E4F9ED
:10570000099B059A0790134215D19BF8073013F0B7
:10571000020306D06B8C0134C3F3C5039C42DCD377
:105720001DE058F806209088D1794FF6FF76B042F8
:1057300031D18B4201D30134C7E7106800EBC306B7
:1057400030F83300C0F30D0CBCF1660F21D1030417
:105750000AD56B8C0134C3F3C503A342BDD814260C
:105760003C4606FB09767FE0400410D56620F6F73C
:10577000A1F906464FF00008336833F80830002BD3
:10578000D9D0B9F1200FD6D03A46002345E076684B
:10579000F0E70133CDE70029DBD0012914D01068F0
:1057A00000EB810636F8022BC2F30D0CBCF1660F3C
:1057B00006D11104AED45604D8D450F82360D9E7EA
:1057C00001339942EED8B6E7C0F30D03662BA1D1A1
:1057D00001049FD44304C9D41668CBE751680B93E6
:1057E00008460A92069102F06DF90699089008465B
:1057F00002F06AF933680A9A33F808C0B2F808E090
:105800000693E6450B9B06D10799814203D1059982
:10581000089881424FD9013314324B45DED114230D
:1058200003FB09F1F3687B527A1833695380B3683C
:10583000D360336833F80830138173681361DBF881
:105840000430C3F31703536009F1010908F102089A
:1058500092E7606802F038F900940146049A5346D2
:105860002846F1F703FD1434A642F2D13846F6F784
:10587000F3F8039B012B05D128460DB0BDE8F04F8E
:1058800000F0AABF039B032B09D14FF6FF724FF420
:10589000702128460DB0BDE8F04FF1F709BB039B1E
:1058A000022B11D1284600F097FF28460DB0BDE825
:1058B000F04F00F059BC069B08F1020833F808309D
:1058C000002B7FF461AF36E70DB0BDE8F08F7FB5F8
:1058D0000D460446F0F7F0FAEA0606460CD502AA91
:1058E0006946204601F076F96946204600F053FFEC
:1058F00002A9204600F04FFFE36923EA0503E361B4
:10590000EB070ED5204600F067FF2046F0F7D4FAEB
:1059100038B1204602F0F2F800F039FD204600F0E0
:1059200036FD2046F0F7C8FAB04202D115F0C07F2C
:1059300007D0204602F0E2F804B0BDE8704000F065
:1059400026BD04B070BD038C43EA010231EA0303B3
:1059500002D01146FFF798BE7047038C0A461A42E0
:1059600023EA010101D0FFF78FBE7047C369994355
:105970000CBF012000207047C369194214BF0120E9
:1059800000207047008C7047806800B180687047C5
:10599000F0B5084685B00D46FFF7D6FC064628460A
:1059A000FFF7D0FC012E044605D1202105B0BDE84B
:1059B000F040FFF7C8BF033E272E52D8DFE816F0AD
:1059C0004400510051005100510028000E01100107
:1059D000510051005B00E8002701510051007D019A
:1059E000730151007D01510051007D0151005100B2
:1059F00051005100510051005100510051004A0125
:105A000051005100510051005100510029014B003B
:105A10002021FFF7A2FF2846FFF79AFCFFF7F7FDCA
:105A2000F8B9E3691E071CD5238CDD074FF001018F
:105A3000204634D4FFF787FF00221C21204605B002
:105A4000BDE8F040EFF75ABE2021204605B0BDE882
:105A5000F040FFF782BF02F063F800250646B5422A
:105A600001D105B0F0BDA3681B6853F8250000F014
:105A70008EFC0135F3E7C369180716D52846FFF7F2
:105A800067FC0378132B02D101212046D2E7112BAA
:105A9000FAD0142B01D0122B04D101212046FFF79C
:105AA0005CFFC9E70A2BDCD0C6E703F40163B3F55A
:105AB000016FD6D1204600F024F90028D1D120462C
:105AC000F0F7A2FE07462046F0F706FF06462846F6
:105AD000FFF73EFC0378122B0CD1204600F0AAFF02
:105AE0000546204600F07EFC031EB8BF033305EBDD
:105AF000A3010DE0112B13D1204600F09BFF0546BA
:105B0000204600F06FFC031E00DA0333A5EBA3016F
:105B1000002209B2204605B0BDE8F040F0F7DCBF36
:105B2000132B1CD1204600F06BFF8107D5D0002F2E
:105B300001DC002ED1DD204600F076FF0546204630
:105B400000F04AFC031EB8BF033305EBA30100229B
:105B500009B2204605B0BDE8F040F0F7A7BF142B0E
:105B60007FF47FAF204600F04BFF8207C4D0002FA8
:105B700001DC002EC0DD204600F056FF0546204621
:105B800000F02AFC031EB8BF0333A5EBA301DEE738
:105B9000C3695B0502D5012101F001F82046FFF73A
:105BA000F3FEFFF71DFD0646EFF70EFE10B928467F
:105BB000FFF7D0FBFFF719FD022808D0042814BF17
:105BC000022106212EB141F008012046EEE6062111
:105BD000F8E72046FFF7B7FE082136E74021F4E753
:105BE0004021FFF7BAFE204600F002FF02287FF4B2
:105BF00038AF02AA6946204600F0ECFF694620460D
:105C000000F0C9FD02A9204600F0C5FD29E70E21DC
:105C10001BE70922002101F097FC0A22054600211A
:105C2000204601F091FC80B208B9EDB215B12046D2
:105C300000F0ADFB204601F073FF00250646B5429B
:105C40003FF40FAFA3681B6853F8250000F09FFBDB
:105C50000135F4E70122002101F076FC0422002145
:105C60000646204601F070FC092200210546204628
:105C700001F06AFC0A2207460021204601F064FC7C
:105C800080B250B9FFB247B936B242F2D1739E42E8
:105C900003D02DB29D427FF4E4AE204605B0BDE8AE
:105CA000F04000F074BB002100F0E8F901462846FE
:105CB00005B0BDE8F040FFF75BBB284605B0BDE886
:105CC000F040EFF7DDBD70B505682B68044613B1F1
:105CD0000360FFF7F8FF25606B6823B12146284673
:105CE000BDE87040184770BD10B504462068836851
:105CF0000BB12146984723681B680BB12360F5E779
:105D000010BD006830B1037E13F00303F9D0013BEE
:105D1000584258417047006830B1037E13F00C03BD
:105D2000F9D0043B58425841704738B5044600F05A
:105D30002EFB0020F1F7B6F82046F2F7DBF92046FB
:105D4000FFF7C1FF0120F1F7ADF84FF6FF724FF4F6
:105D500070212046F1F7ACF8204600F0B2FBEFF7D7
:105D600005FD024638B12046FFF7D5FF18B12146A0
:105D70001046FFF7FDFB204601F0C0FE054668B166
:105D800022462221EFF7BAFC224628462321EFF7CC
:105D9000B5FC2046BDE8384000F01EBD38BD08B552
:105DA000602201F0D1FBC0B208BD08B5672201F046
:105DB000CBFBC0B208BD38B5202204460D4601F029
:105DC000C3FB29460246204601F05FFD38BD38B5C9
:105DD000552204460D4601F0B7FB294602462046EF
:105DE00001F053FD38BDF8B5064614460D460029AE
:105DF00000F0F680FFF7D3FF0228074608D80023FB
:105E0000E3706375237784F8243084F82E30F8BD6E
:105E100029463046FFF7C9FFA0700B2229463046BD
:105E200001F092FBE3782080FBB121222946304625
:105E300001F08AFBC0B20228E07016D9294630462C
:105E4000FFF7B9FF262220712946304601F07CFB7E
:105E5000002800F0C78043795A0700F0C380036828
:105E6000C4F805308388A4F8093032222946304628
:105E700001F06AFB00B26083F0B1237FE3B131220D
:105E80002946304601F060FBC0B20228207713D9C2
:105E900033222946304601F057FB637F60F3450308
:105EA000637730222946304601F04EFB29460246F0
:105EB000304601F0EAFC207635222946304601F0D2
:105EC00043FB00B22084E8B194F82430D3B13722E8
:105ED0002946304601F038FBC0B2022884F824007D
:105EE00010D938222946304601F02EFB3622608434
:105EF0002946304601F028FB29460246304601F08B
:105F0000C4FCA077637D03B328222946304601F004
:105F10001BFBE060C8B129222946304601F014FB82
:105F2000C0B20228607510D9E06802F05CF802285F
:105F300040F0898057222946304601F005FB29466A
:105F400020613046FFF743FF207594F82E309BB355
:105F500040222946304601F0F7FA00B2E08458B3F7
:105F600094F82E30022B27D945222946304601F0DD
:105F7000EBFAC0B2022884F82E001DD9412229462E
:105F8000304601F0E1FA422220852946304601F0F0
:105F9000DBFA432260852946304601F0D5FA4422D7
:105FA000A0852946304601F0CFFA29460246304600
:105FB00001F06BFC84F82500002D3FF428AFFC2F86
:105FC0003FF625AF94F82E0010FB07F0C0F3072032
:105FD000E0706075207784F8240084F82E0016E7BE
:105FE000FF271AE723222946304601F0ADFAA37AAB
:105FF00060F30203A3725B071BD029463046FFF70C
:10600000DAFE222260712946304601F09DFA2946C7
:106010000246304601F039FC2422E0712946304620
:1060200001F092FA2522A0712946304601F08CFA3F
:10603000207227222946304601F086FAA37A60F3BF
:10604000C503A37211E72A222946304601F07CFAE3
:1060500029460246304601F018FC2B2220752946BD
:10606000304601F071FA2C22A0752946304601F025
:106070006BFA003818BF0120E07566E7F8B54022DA
:1060800005460E4601F060FA07B27FBB00243522B8
:106090003146284601F058FA07B297B13722314607
:1060A000284601F051FAC0B202280AD938223146F6
:1060B000284601F049FA07FA80F0A042B8BF20460E
:1060C00004B231466822284601F03EFA692207B23E
:1060D0003146284601F038FA00B2B842B8BF384617
:1060E0000028C4BF001904B22046F8BD452231463D
:1060F000284601F029FAC0B20228C7D94322314606
:10610000284601F021FA4122441C3146284601F07C
:106110001BFA07EBD77704EB6704422207B231463C
:10612000284601F011FA00B20028B8BF4042002F03
:10613000B8BF7F42A4B280B2BFB2B8422CBF24180D
:10614000E41924B224EAE474A1E738B504460D4604
:1061500044220021043007F0D6FF256038BD806856
:1061600008B1B0F91600704737B50446FFF7F7FFDE
:10617000002305460DF1060213212046ADF8063036
:10618000EFF7BCFABDF90630AB4202D0204600F072
:1061900023FBA268BDF906304AB1D382BDF90630AF
:1061A000AB4202D0204600F017FB03B030BD002BFD
:1061B000F4D02046EFF7F0FDA368BDF80620DA82A0
:1061C000ECE7806808B1807E8009704708B5162228
:1061D000002101F0B9F9C0B208BD08B53222002192
:1061E00001F0B2F900B208BD08B51322002101F098
:1061F000ABF900B208BD08B51222002101F0A4F9E4
:1062000000B208BD08B51122002101F09DF900B2CD
:1062100008BD08B51022002101F096F900B208BDB2
:106220002DE9F7430F46914600216D22044601F007
:106230008BF96C2206460FFA80F80021204601F007
:1062400083F905B2B8F1000F02D1B5F5807F62D0B5
:106250006E220021204601F077F96F22ADF804008C
:106260000021204601F070F9BDF9042002F4C0437A
:1062700000B2B3F5005FADF8060015D122F4C042BC
:10628000B2F5FA6F10DC238BA18A0133B2F57A7F65
:10629000A3EB0103C8BFC2F57A721BB25343642259
:1062A00093FBF2F3ADF8043000F4C043B3F5005FA4
:1062B00014D120F4C040B0F5FA6F0FDC638BE28A92
:1062C00001339B1AB0F57A7FC8BFC0F57A701BB254
:1062D0004343642293FBF2F3ADF80630BDF804208B
:1062E000A38A1344ADF80430BDF80620E38A1344B2
:1062F000ADF80630B9F1000F07D076424FF4803385
:106300000FFA86F893FBF5F31DB201AB2A4641461E
:106310003846F5F733FA03B0BDE8F08337B500230C
:106320000C4601AA0721054601F065FA012804D1AF
:10633000019BA34203D103B030BD0028FBD1002252
:106340002146284601F0C3FBF5E737B500230C468C
:1063500001AA0821054601F04EFA012804D1019B4B
:10636000A34203D103B030BD0028FBD10022214657
:10637000284601F0B1FBF5E738B504461546FFF7AE
:10638000CDFF29462046BDE83840FFF7DEBF08B5FF
:1063900090F8222042F0010280F8222001F0A6FBB2
:1063A00090F8222042F0020280F82220F0F7FEFF4F
:1063B000406818B1BDE8084006F0A7BD08BDB0F9B7
:1063C00014300B80B0F916304B80B0F918308B8048
:1063D000B0F91A30CB807047038B828A0133981A48
:1063E00000B27047438BC28A0133981A00B27047DB
:1063F00070B50446FFF7FFFE06462046FFF7F4FEA1
:1064000005462046FFF7E9FE238BA28A01339B1A3B
:106410009B1B5B1BA3EB400000B270BD70B5044634
:10642000FFF7F7FE06462046FFF7ECFE054620463E
:10643000FFF7D3FE638BE28A01339B1A9B1B5B1B26
:10644000A3EB400000B270BD38B505460C46FFF71F
:10645000C4FEB5F914302380B5F916306380B5F960
:106460001830A380424212B2B5F91A30E3801146C7
:10647000204605F0ECFF2846FFF7BDFE23881844B0
:1064800020802846FFF7B0FEA3881B1AA380284669
:10649000FFF7BFFE6388184460802846FFF7B2FE0E
:1064A000E3881B1AE38038BD07B54EF2010301AA49
:1064B0002C210193EFF722F9BDF9060003B05DF836
:1064C00004FB38B501220021044601F03DF8042206
:1064D00005B20021204601F037F842F2D1739D4207
:1064E00000B201D0984204D12046FFF750FF0120AE
:1064F00038BD0020FCE72DE9F74F0E4617468046D1
:10650000019301F00DFB002581461FFA86FA1FFA60
:1065100087FB4D4502D103B0BDE8F08FD8F80830B5
:106520001B6853F82540019B9BB9A38A5344A3825F
:10653000E38A5B44E382238B53442383638B5B4472
:1065400063833A46002331462046FFF7D4FF0135E6
:10655000DFE74FF480212046FFF708FA0028E4D057
:10656000F5E72DE9F04104460D4616461F4624B3D3
:106570002046FFF726FE804697B13EB1204601F047
:10658000BDFA01231A462946FFF7EBFFB8F1020FC7
:1065900013D1294620460122BDE8F041FFF740BE55
:1065A000022804D13A4629462046FFF739FE26B193
:1065B000204601F0A3FA0446D9E7BDE8F081F0B522
:1065C0000C4685B0B1F90010ADF80010ADF804101C
:1065D000B4F90610B4F902E0B4F904C0ADF806103D
:1065E000054616461F46ADF80E106946ADF802E0A6
:1065F000ADF808C0ADF80AE0ADF80CC0FFF7B1FF88
:106600003B46324601A92846FFF7ABFF3B463246E0
:1066100002A92846FFF7A5FF3B46324603A92846B4
:10662000FFF79FFFBDF90C30BDF90850BDF904001C
:10663000BDF90010AB421A46A8BF2A468242A8BF45
:1066400002468A42A8BF0A46AB42B8BF2B468342E5
:10665000B8BF03468B42B8BF0B46BDF90A50A380B2
:10666000BDF90E30BDF906002280AB421A46A8BF24
:106670002A46BDF902108242A8BF02468A42A8BF3C
:106680000A46AB42B8BF2B468342B8BF03468B4293
:10669000B8BF0B4662800522E3801146204605F014
:1066A000D6FE05B0F0BDF7B50D4601210446FFF753
:1066B0005DF900284AD1204601F018FA0646F0F7A5
:1066C00075FE0746FEF7C9FD864230D14FF4002122
:1066D0002046FFF751F9E0B92046FFF740FDB4F935
:1066E0001620B4F91830B4F91A60A18A80B2091AD8
:1066F000121A03443044ADF80010ADF80220ADF892
:1067000006006A4629462846ADF8043005F0BFFE6B
:10671000E0B12046002301222946FFF750FF204622
:1067200001F0ECF96E4604469CB901200FE03846B2
:10673000FEF7B2FD8642C9D03846FEF7B4FD864268
:10674000C4D03846FEF7B6FD8642BFD0002003B065
:10675000F0BD01212046FFF709F90028F6D14FF4DA
:1067600000212046FFF708F9034678B9D4E905016E
:10677000012286E8030031462046FFF720FF32461B
:106780002946284605F083FE0028DFD0204601F088
:10679000B5F90446C8E737B50C460546F0F706FEDE
:1067A000FEF79FFDB0B12388ADF800306388ADF8E7
:1067B0000230A388ADF804306946E388ADF80630AE
:1067C0002846FFF770FF28B12846F0F7EFFD69462D
:1067D00001F03FFB03B030BD37B50446FFF7BFFC07
:1067E000B4F91610B4F91820B4F91A5083B2A08A7B
:1067F000C91AC01A1A44ADF80000ADF802102B44B3
:1068000069462046ADF80420ADF80630FFF7C3FF17
:1068100003B030BD2DE9FF474668044616B3304645
:106820008DB297B2FFF7E7FC82463046FFF7F1FCE6
:106830004FF4802181462046FFF798F8002859D070
:10684000B38A2B4403EB0A00F38A3B444B4405B262
:106850001FB23046FFF7C1FC15FA80F117FA80F23B
:1068600009B212B2A38AC91AE38AD21A1FFA81F8AE
:106870001FFA82FA58EA0A030DB217B237D020463F
:10688000FFF7AAFFA38AADF80030E38AADF8023023
:10689000238BADF80430638BADF806306EB102A9DE
:1068A0003046FFF7D1FD002202A9684605F0EEFE52
:1068B000814620B9304600F01BFD4FF00009A38A45
:1068C0004344A382E38A5344E382238B9844638B3B
:1068D000A4F818809A44A4F81AA000233A4629463E
:1068E0002046FFF708FED6B92046FFF775FF04B033
:1068F000BDE8F0873046B6F9148000F095F8D04432
:10690000A8EB000830464544B6F9168000F092F82E
:10691000C844A8EB000847442DB23FB299E722468D
:1069200022213046EEF7EAFE2046FFF755FF00220F
:1069300002A904F1140005F0A9FEB9F1000F01D17C
:106940000028D4D0304600F0D3FCD0E730B5044660
:10695000084601F4C041B1F5005F0ED120F4C041FA
:10696000B1F5FA6F09DCB1F57A7FC8BFC1F57A716C
:106970006420594391FBF0F108B202F4C041B1F533
:10698000005F0FD122F4C045B5F5FA6F0ADCB5F50A
:106990007A7F2A46C8BFC5F57A725343642293FBB7
:1069A000F2F31AB2A242A8BF22469042B8BF1046E4
:1069B00030BD08B5162200F0C7FDC0B208BD0068A2
:1069C00000220A21EEF79ABE38B504460D46EFF7CD
:1069D000E3F9A268137E03F00301A94207D065F32F
:1069E000010313762046BDE83840FFF7F5BE38BDF9
:1069F00083681BB1187E00F00300704703207047C6
:106A000083681BB1587E00F00F0070470F2070475D
:106A1000806810B1007EC0F381007047806810B1BB
:106A2000007EC0F301107047806810B1008A4042B8
:106A300000B27047806810B1408A404200B270478F
:106A4000FFF7F8BF51EA020370B504460D4616463B
:106A500019D0EFF7A1F9A268138A2B441382A26818
:106A6000538A334453822946012332462046FFF796
:106A700042FD00220B212046EEF740FE012803D103
:106A80002046FFF7A9FE012070BD08B50346FFF7B9
:106A9000D1FF421812B218460021BDE80840FFF7A6
:106AA000D1BF08B50346FFF7BFFF014400221846D7
:106AB00009B2BDE80840FFF7C5BF2DE9F047994688
:106AC00051EA020307460C46154658D0EFF730FE50
:106AD0003846FFF7A9FF00211FFA80F83846FFF774
:106AE00068FFA4EB0804012824B233D0002C42DA5A
:106AF0003846EFF789FE06463846EFF7EDFE3218C6
:106B000012B222EAE2725242944200DA14B23846D9
:106B1000FFF790FF86B2AD1B2DB2002D2DDA38465F
:106B2000EFF720FE33181BB223EAE3735B429D426A
:106B300000DA1DB208EB0401721989B292B251EA6F
:106B400002031CD04B46384612B2BDE8F04709B2EA
:106B5000EFF71EBF002C0EDD3846EFF755FE064658
:106B60003846EFF7B9FE064436B226EAE676B44276
:106B7000A8BF3446CBE70024C9E70025DAE7BDE823
:106B8000F08770B5054616461C461A46EFF78EFF8D
:106B9000224631462846BDE87040EFF79DBF73B5E9
:106BA00004460E46EFF7C4FD00232046019300F093
:106BB000A5FF2146054614340DB902B070BD334619
:106BC00001AA2046EFF79EFF284600F097FF2946CE
:106BD0000546F1E72DE9F04F93B04FF0FF360D4633
:106BE000174600221146044633462846009605F013
:106BF00014FC0022114633463846009605F00DFC81
:106C000010212046FEF7B2FE8146C0B32046FFF7B2
:106C1000EFFE834698B30020F4F72EFCBBF1020F81
:106C2000824629D02046FFF705FF80462046EFF731
:106C300099FD08902046EFF7E7FD04902046EFF716
:106C40004BFE03902046FFF7DBFE10F00C0F00F028
:106C500003061FD19EB1BBF1010F40F015814E46D6
:106C60004FF0000932E05046FEF7D1FC8442D9D003
:106C70005046F4F701FC8246BAF1000FF3D113B08D
:106C8000BDE8F08F002EFAD05046FEF7B2FC032884
:106C9000F5D1E4E7BBF1010FF6B200F0E880BBF1FB
:106CA000030F40F0D080B8F1000F0BDC089B002BE5
:106CB00008DC002EE3D0049B002BD0DC039B002BD0
:106CC000CDDCDCE7002E40F0D68000264FF480318A
:106CD0002046FFF76EFE102205904FF480312046CB
:106CE00000F032FC11220E904FF48031204600F06B
:106CF0002BFC12220D904FF48031204600F024FC32
:106D000013220C904FF48031204600F01DFC01222C
:106D10004FF480310B90204600F016FC0A9020467C
:106D2000BDF928B0FFF75EFB82462046FFF754FB13
:106D3000B9F1000F14BF5B4600230690002E4FF000
:106D400021024FF48031204608BF4FF0000B07931B
:106D500000F0FAFBC0B2012840F2A180B9F1000FA7
:106D600040F0A880002E8AD0BDF818300893DDE9E5
:106D700003371F44069BBFB217FA83F212B2002AF0
:106D80003FF47DAF638B0D99BDF93090BDF92CB008
:106D90005B1A0A999BB2C1F10101EB800B446B8035
:106DA000B4F914302B80B4F91830AB80069B0799E6
:106DB000A3EB0903A3EB0B035B1A069900204B43DB
:106DC00093FBF2F31EB2F4F749FB00EB80004000A6
:106DD000EF2840F397810020F4F740FB50220A216E
:106DE00000FB0120A02290FBF2F0864213DC002081
:106DF000F4F734FB00EB80004000EF2840F384817F
:106E00000020F4F72BFB0A22502300FB0233A022C0
:106E100093FBF2F31EB23AB2002ABDF83010BDF86F
:106E20002C80BDF81CA0A08A00F37981059B012B62
:106E300040F06C810139014451442980238BA3EB3C
:106E40000803AB801BE7BBF1020F7FF418AF50467D
:106E5000FEF7CFFB0C287FF415AF002E3FF435AFC3
:106E60005046FEF7C6FBC31E5E425E412EE7003E63
:106E700018BF01262AE7049B002B0EDC039B002B86
:106E8000D4BF0026012621E7BBF1030F3FF413AF67
:106E9000BBF1020F7FF4F3AEF6E64E4616E7312261
:106EA0004FF48031204600F04FFBC0B201283FF67E
:106EB00055AFE4E61FFA8AF31193089B98441FFA32
:106EC00088F818FA8AF212B2002A3FF44BAFB4F9EC
:106ED00016307B80B4F91A30FB80059BBDF8281072
:106EE000012B5BD1A38A0C9803449BB201393B80F0
:106EF0000B44BB80BDF938300F93BDF9343010938B
:106F00000F9B1099AAEB03035B1AA3EB0B03002062
:106F10000AFB03F393FBF2F30FFA83F9F4F79EFAFB
:106F200000EB80004000EF2842DD0020F4F796FAE5
:106F300050220A2100FB0120A02290FBF2F08145A3
:106F400013DC0020F4F78AFA00EB80004000EF2801
:106F500030DD0020F4F782FA0A22502300FB0233CE
:106F6000A02293FBF2F30FFA83F9BDF83430E28AE2
:106F700009930E9BBDF8381012FA83F00FFA88F2CD
:106F8000002A1FFA8BFA80B217DC7880638B099A8B
:106F90009B1A013BA3EB0A03FB80E3E6238B0B98D0
:106FA0001B1A9BB2C1F10101BB800B443B80A1E7DE
:106FB0000120C4E74FF00109D7E7099A119B8A180D
:106FC0009A1A1FFA89FEA2EB0A02089BA2EB0E0294
:106FD0001FFA82FC10FA82F21CFB03F00EF1FF3361
:106FE00090FBF8F0121A10B213FA82F2FA8078804D
:106FF000B4F916300F9A1A44904234DA01EB0308C0
:107000000FFA88F8A7F802800020F4F727FA00EBBF
:1070100080004000EF286DDD0020F4F71FFA5023B8
:107020000A2200FB0230A02390FBF3F0B7F90630F0
:107030008044984517DD0020B7F80280F4F70EFA77
:1070400000EB80004000EF2856DD0020F4F706FA40
:1070500050230A2200FB0230A02390FBF3F080B201
:107060008044A7F80680B4F91A801099B7F9062071
:10707000A8EB0B035B1A9A427FF774AE099BA8EB4F
:107080000308A8EB0A080FFA88F8A7F80680002082
:10709000F4F7E4F900EB80004000EF282EDD00203B
:1070A000F4F7DCF950230A2200FB0230A02390FB06
:1070B000F3F0B7F90230A8EB00089845BFF652AEDE
:1070C0000020B7F80680F4F7C9F900EB8000400013
:1070D000EF2815DD0020F4F7C1F950230A2200FB48
:1070E0000230A02390FBF3F080B2A8EB0008A7F8D1
:1070F000028037E6012099E70120B1E70120D8E7B7
:107100000120F2E7012070E6012684E60844288089
:10711000238BA3EB0803013BA3EB0A0391E6B3B275
:10712000089E01EB0802B21AA2EB0A02D21A039ED1
:1071300092B212FB06F696FBF7F6921B059E013BF8
:107140000844012E92B29BB280B27ED150441044CA
:1071500002B213FA80F02A80A880B4F91460079B69
:10716000B14499444A4530DA0E44564436B22E8032
:107170000020F4F773F900EB80004000EF2860DD99
:107180000020F4F76BF950230A2200FB0230A02301
:1071900090FBF3F0B5F9043006449E4215DD002063
:1071A0002E88F4F75BF900EB80004000EF284ADD01
:1071B0000020F4F753F950230A2200FB0230A023E9
:1071C00090FBF3F080B20644AE80B4F91840B5F9F4
:1071D0000430A4EB0B0B5B457FF751ADA4EB080427
:1071E00024B2AC800020F4F739F900EB80004000B5
:1071F000EF2879DD0020F4F731F950230A2200FB53
:107200000230A02390FBF3F0B5F90030241A9C4221
:10721000BFF635AD0020AC88F4F720F900EB800014
:107220004000EF2862DD0020F4F718F950230A220D
:1072300000FB0230A02390FBF3F080B2241A2C80D4
:107240001DE50598A6E70120BDE7024410B213FA38
:1072500082F22880AA80B4F91430994448452FDA84
:1072600019440EB22E800020F4F7F8F800EB8000ED
:107270004000EF2834DD0020F4F7F0F850230A2214
:1072800000FB0230A02390FBF3F0B5F90430311875
:10729000994215DD00202E88F4F7E0F800EB80001D
:1072A0004000EF281EDD0020F4F7D8F850230A2212
:1072B00000FB0230A02390FBF3F080B20644AE80C6
:1072C000B4F91840079BB5F90420E31AA3EB0B03AC
:1072D0009A427FF7D4ACA4EB0804A4EB0A047FE73E
:1072E0000120D2E70120E9E701208DE70120A5E791
:1072F0001FB502AA69460446FFF76CFC684605F014
:1073000098F818B902A805F094F878B1684605F025
:1073100090F818B169462046FFF73DFA02A805F03B
:1073200088F818B102A92046FFF735FA04B010BD5D
:107330002DE9F0410446FFF771FB0E460546A0B962
:107340002046FFF777FB07462046EFF70BFA021EB1
:107350000BDA002F09DD5242BA42A8BF3A46334643
:1073600012B229462046EFF713FB2046FFF750FBE9
:10737000804628BB2046EFF747FA07462046EFF73E
:10738000ABFA414605462046FFF713FB01280FD014
:10739000002D15DA002F13DD6D42BD42A8BF3D461A
:1073A0003346424629B22046BDE8F041EFF7F0BA35
:1073B000002F05DA002D03DD334642463946F2E759
:1073C000BDE8F081F8B5074600F0AAFB00240646A8
:1073D000B44200D1F8BDBB681B6853F8245028465E
:1073E000FFF7FAF900222A212846EEF787F9284606
:1073F000FFF7F2F92846FFF7E5FF0134E8E700233D
:1074000003604360704770B5438C0446C0680D4606
:10741000C3F3C5030022934203D80ED000EBC20091
:1074200070BD00EBC201CE79B60704D54968C1F33F
:107430001701A942F2D00132EDE7628C013303F06B
:107440003F0363F3C8026284D900F4F7A7FA628CA1
:10745000E060C2F3C502013AE06816D1FFF7CFFF42
:107460000820E668F4F788FA3060E368186805F0E9
:10747000FFFBE268D37943F00203D371E3685A68F3
:1074800065F317025A60E068CAE700EBC20313E92C
:10749000030083E80300DEE72DE9F041438C044656
:1074A000C0680F46C3F3C5030022934230D8628CF4
:1074B000013303F03F0363F3C8026284D900F4F799
:1074C0006DFA658CE060C5F3C505013DE068EE002E
:1074D00075BB3044FFF793FF0820D4F80C80F4F715
:1074E0004BFA48F83500E36853F8350005F0C0FB67
:1074F000E3683344DA7942F00102DA71E368334435
:107500005A6867F317025A60E36853F835000BE0D6
:1075100000EBC201D500CE79F60707D54968C1F363
:107520001701B94202D14059BDE8F0810132BCE7F0
:10753000A6F1080303448219D9798907C9D193E8D0
:10754000030082E80300C0E72DE9F04F044685B050
:1075500010460F461546F4F7FFFA00F0010A002C1A
:1075600054D1002F40F08F80012D02D0042D40F027
:107570008A802368002B7CD1184674E0E26802EB15
:10758000C603F100D879800758D5B9F1000F01D0B2
:1075900001364EE05B6803F47F03BB42F8D15058DC
:1075A000837918EA030FF3D003AA294605F0D6FB26
:1075B000012801D1039856E00228E9D1BAF1000F61
:1075C000CFD0204600F09AFA0446C8E7E26852F8A5
:1075D000360002EBC601827918EA020F06D04A682B
:1075E000C2F3170102F47F02BA422AD0994601364B
:1075F0004B46628CC2F3C5029642E7D30133D9D120
:10760000BAF1000FADD0002FDBD00027284605F0DF
:10761000F6FBB4F820B094F82290012303FA00F8A6
:107620006FEA0B039BB25FFA88F80093C9F38009F5
:107630000026638CC3F3C5039E429FD34FF0FF33F4
:10764000D7E7009A11421FFA81F9CFD19945CDDDD4
:1076500003AA2946019305F081FB0128019B05D16E
:10766000CB450398C3D105B0BDE8F08F0228BDD14A
:10767000A4E7012D0CBFB3F91400B3F916000028DC
:10768000F1D11B6876E72846F4F714FAEBE770B5FA
:107690000468A568A288206805F47F052946FFF7DD
:1076A00053FFA688E060002332462068A380294665
:1076B0002346EFF79FFBA1682068A680FFF7A3FE93
:1076C000E268A1880068BDE87040F4F73FBA2DE990
:1076D000F84F04461FFA82F902F47F058846D1B1BB
:1076E000CE79003E18BF01267642B6B20022174678
:1076F0004FF6FF7A638CC3F3C503BB420ED8002A52
:1077000064D0002E62D0294620464FF6FF72BDE8B5
:10771000F84FEFF7CDBB4FF6FF76E7E7E06800EBF9
:10772000C701D1454B684FEAC70BC3F3170303D01A
:107730001FFA83FCCC450DD1B5F5702F03D003F4AF
:107740007F03AB4206D1B8F1000F05D050F80B30E3
:10775000434501D00137CDE7CB79990706D5002302
:107760004FF6FF7229462046EFF744FBE36803EB30
:107770000B02D27992070CD053F80B0005F07BFA7C
:10778000E36853F80B00F4F7FFF8E368002243F8CE
:107790000B203A4606E0013200EBC20393E80300F7
:1077A00003E90300638CE068C3F3C50101F1FF3C0A
:1077B0009445F0D83F3101F03F0161F3C803638481
:1077C000C900F4F7EBF80122E06093E7BDE8F88F19
:1077D000F8B50D46174619461C460646FFF75CFEEF
:1077E0003A462946F4F7B2F92A4621463046BDE822
:1077F000F840EFF75DBBF0B5458C0024C5F3C50537
:10780000A54201D80020F0BDC76807EBC4064FEAC7
:10781000C40C96F807E01EF0010F0AD07668C6F394
:1078200017069E4205D157F80C00BDE8F04005F060
:1078300095BA0134E4E7F8B50F46418C0446164684
:10784000C1F3C5010023994203D80DD10025284674
:10785000F8BDE26802EBC302D079C00713D55268C5
:10786000C2F31702B2420ED1E268394652F8330031
:1078700005F015FA05460028E8D03A46314620467C
:10788000EFF716FBE3E70133DDE7F8B50F461546E2
:107890000646A0B16122FFF757FE044678B103689F
:1078A0006BB1622239463046FFF74EFE10F0FF0200
:1078B00005D0294623682046984760F307052846E7
:1078C000F8BD2DE9F743002507462E466FEA01086B
:1078D0006FEA02097B8CC3F3C503AB4240F296808A
:1078E000FB6803EBC502E900D079840700F18B80C7
:1078F000928818EA020F0CBF0120002019EA020F3B
:107900000CBF0122002290427DD05C5801AA1021B8
:10791000204605F023FA002877D101AA112120463C
:1079200005F01CFA002870D101AA1221204605F0AA
:1079300015FA002869D101AA1321204605F00EFA94
:10794000002862D101AA1521204605F007FA002877
:107950005BD101AA1421204605F000FA002854D179
:1079600001AA0A21204605F0F9F900284DD101AA03
:107970006A21204605F0F2F9002846D101AA6B21C0
:10798000204605F0EBF900283FD101AA012120464D
:1079900005F0E4F9002838D101AA0421204605F0B9
:1079A000DDF990BB01AA0221204605F0D7F960BBA2
:1079B00001AA0321204605F0D1F930BB01AA052117
:1079C000204605F0CBF900BB01AA0621204605F0B0
:1079D000C5F9D0B901AA3221204605F0BFF9A0B9F6
:1079E00001AA6D21204605F0B9F970B901AA6C21F0
:1079F000204605F0B3F940B901AA6821204605F0F8
:107A0000ADF938B10226013564E70326304603B0EC
:107A1000BDE8F08301AA6921204605F09FF90028FE
:107A2000F0D101AA6D21204605F098F90028E9D18E
:107A300001AA6C21204605F091F90028E2D101AAA3
:107A40003721204605F08AF90028DBD101AA382128
:107A5000204605F083F90028D4D101AA352120461B
:107A600005F07CF90028CDD101AA4021204605F07F
:107A700075F90028C6D101AA4521204605F06EF906
:107A80000028BFD101AA4121204605F067F900284E
:107A9000B8D101AA4221204605F060F90028B1D1F1
:107AA00001AA4321204605F059F90028AAD101AACC
:107AB0004921204605F052F90028A3D1012E38BFF4
:107AC0000126A0E780B2704700F47F00704713469C
:107AD0000A460721FFF77CBE13460A460821FFF736
:107AE00077BE13460A466021FFF772BE034620B1F7
:107AF00018465B68002BFBD17047704700B14068A7
:107B00007047806858B10029436801DAC91805D464
:107B1000994203D2036853F8210070470020704750
:107B2000806800B14068704770B50446A0B14568F0
:107B3000A5B12846FFF7F4FF00220646964203D17E
:107B40004FF0FF32104670BD11462846FFF7D9FFAF
:107B50008442F7D00132F1E70246F3E72A46F1E723
:107B6000F8B5002221210546EDF7C8FD002873D0A5
:107B700000212846FFF7C5FF064628BB2846FDF72B
:107B800003FF07463046F3F777FC044600BB284660
:107B9000FEF7AAF86B682846002B42D1EFF706FCE7
:107BA000436AC26806469C422DD1716AF068013969
:107BB0008C422ED371628900F3F7F0FEF060284604
:107BC000BDE8F840F3F7E0BE3046FFF7C9FFCFE766
:107BD000A36A9D4202D0E36A9D4203D12946204612
:107BE000EDF7F8FD636B9D42636D08BF66639F42CE
:107BF00007D1EDF73FFE854203D129462046EDF738
:107C0000E9FD2046BFE752F824108D42CDD0013463
:107C1000C9E7013450F8243000EB840040F8043CFC
:107C2000C3E7FFF781FF6B689A685368013B98428E
:107C300009D353606B689C68616820688900F3F71A
:107C4000ADFE2060BBE71368013053F8202003EB42
:107C5000800343F8042CE6E7F8BD38B50446FEF788
:107C6000BBFDECB16568DDB12846FFF741FB20465E
:107C7000FFF776FF2846EEF75BFD00212846FFF769
:107C800057FB2846FFF734FB002222212846EDF758
:107C900035FD28460022BDE838402421EDF72EBDF1
:107CA0002046EFF783FB054638B10369A34220461F
:107CB00004D1FFF755FF00232B6138BDBDE83840E4
:107CC000FFF74EBF73B505890C884E8843692C4475
:107CD000ADF8004044892644ADF802608E88C9881A
:107CE00035440C44ADF80450ADF806406946984759
:107CF00002B070BD73B500220C461431064604F084
:107D0000C5FC10B9002002B070BD01212046FDF76E
:107D10002DFE0028F6D12046FEF753FA0028F1D1B7
:107D20008DF800006A46122120460196EDF7E6FC28
:107D30009DF80030022BE5D02046FFF7F1FE451EEE
:107D4000002D05DA9DF80030002BDBD12046DAE764
:107D5000A3681B68304653F82510FFF7CBFF0028B7
:107D6000D1D1013DECE70A46002106F0CCB97047BD
:107D70002DE9F0430C4687B0866802A905462046E7
:107D8000FEF71DFB2046FEF7EAF90246014602A86F
:107D900004F05DFB02AA3146684604F078FB88B324
:107DA0002A461421C5F808D02046EDF7A7FC2A463C
:107DB00015212046EDF7A2FC2A4616212046EDF7B4
:107DC0009DFC01274FF400212046FDF7CFFD0DF16A
:107DD000100800B330687168434603C3C5F80880D3
:107DE0002046FFF79DFE4FF000088146C8451AD097
:107DF000A3681B68284653F82810EFF7F5FA08F136
:107E00000108F3E74FF400212046FDF7AFFD0746D8
:107E10000028C5D1D6E704F114023146404604F0EB
:107E200036FB0028DAD187B12A461721C5F808D0D9
:107E30002046EDF763FC2A4618212046EDF75EFC4C
:107E40002A4619212046EDF759FCAE6007B0BDE87F
:107E5000F0837FB50D46044618B9F3F7D9FA044606
:107E600058B12046FDF73DFA38B194F8283013F0A8
:107E7000040302D11DB9A4F8505104B070BD2046CE
:107E80000093F3F7CBFA0138ADF804002046F3F77E
:107E9000D5FA6E460138ADF806003246294602A8EA
:107EA00004F0F5FA0028E8D02068037C9B070ED583
:107EB00096E8030004F1300383E8030001236068BF
:107EC000A4F850310028D8D005F01FF8D5E7836911
:107ED0000BB102A998470025B4F85031AAB29342D9
:107EE0000BD81F2B15D804EBC303029A1A63039A0D
:107EF0005A63B4F850310133E1E7A9B206310022E8
:107F000004EBC10102A804F0C1FB01350028E3D055
:107F1000B3E70023A4F85031BDF800302386BDF844
:107F200002306386BDF80430A386BDF80630E386D0
:107F3000DFE770B5044640680D4608B1FFF7F9FF6A
:107F4000236823B129462046BDE87040184770BD1C
:107F500008B528B1EFF72AFABDE80840FDF7B1B936
:107F6000F3F756FAF8E77047436B03B118477047C9
:107F700070B596B00D4604460AA81646F1F742F8C9
:107F800001232A460AA920468DF82C3000F0D3FDA3
:107F900002A8F0F7E3F9002300932A46334602A92A
:107FA0002046F0F7F3F916B070BD10B51422044660
:107FB000002106F0A8F8FF23A3724FF480736380BA
:107FC00010BD032803D0831F584258417047012039
:107FD00070470E289DBF47F6A47323FA00F000F007
:107FE00001000020704738B10078A0F120035F2B1A
:107FF00004D9C00940007047032070470120704732
:1080000030B484699DF808501CB10295A44630BC78
:10801000604730BC704703463038C0B209280BD9DE
:10802000602B84BF203BDBB2A3F14102052A02D8BA
:10803000373BD8B270470020704710B4046AA4469A
:108040005DF8044B6047F8B5C36B05460E4617460E
:108050000BB90020F8BDC06CF3F78EFC0446002875
:10806000F7D0EA6C002106F04EF8EFF751FE2B68CE
:1080700023626B68E361AB68A36103681B7CC3F395
:10808000801384F8243030687168234603C33A466D
:10809000EB6B2146284698470028DBD12046F3F7B2
:1080A00073FCD6E7036C03B118477047436C03B108
:1080B0001847704738B50C460546FFF755FF236A49
:1080C0002B60E3696B60A369AB60EFF721FE036887
:1080D00094F824101A7C61F386121A74AB6C13B1F5
:1080E0002146284698472046BDE83840F3F74CBC67
:1080F000002303600381436001234380FF23037255
:10810000704770B4B1F9026036B10C7A022C03D911
:10811000446AA44670BC604770BC7047FC290AD80A
:10812000022907D910FB01F048F281035843C0F33C
:10813000C7507047002070470A46002105F0E3BF92
:108140002DE9F047089E1C46B38A96F828E0D21A1B
:10815000738A0FFA82FCCA1A17B2326A05460EF009
:108160000101002A41D1337C03F00200A9B1A8B17A
:1081700003F00303022B06D1BCF1FF3FACBF00208C
:108180000120BDE8F087032B01D00020F9E7BCF106
:10819000000FD4BF00200120F3E708B10120F0E771
:1081A00003F00303012B08D1002FF7DCE742ECD4E6
:1081B0007A429442E9DD1146FAE039195BB90029A7
:1081C000ECDB002FE1DC7842A04202DA2844FFF722
:1081D000B3FF0220D5E70029D7DB002F01DD002CFB
:1081E000E8E77A42A242D0DAE5E70EF00200002981
:1081F00000F09D80F36907FB03F2002B4FEAA222F7
:10820000C0B205DD62450EDD003818BF0120B8E7B9
:108210006245F9DBE2195343BCEBA32F08DBB369DA
:108220000CFB03330BE0E2195343BCEBA32F03DD3C
:10823000B0FA80F04009A4E7B36903FB0CF343F301
:10824000950313F0FF01C7EB232263D0736AC1F1DA
:10825000FF014B431B12002AC3F1FF070BDB9442C3
:1082600009DD5943C1F3472108B9C943C9B2A85C24
:10827000FFF754FFA85402F10108716A8F4225DC10
:10828000A0453EDAB8F1000F3BDBB169F36915F8A0
:108290000800794389127943C1F34721002B96F8EE
:1082A0002830BCBFC943C9B29F0744BFC943C9B244
:1082B000FFF734FF05F8080096F8283098072CD50A
:1082C0009442FFF662AF002A83DB74E7B8F1000F37
:1082D00010DBA0450EDA96F8283015F80800A7EB59
:1082E0006101C9B29B0744BFC943C9B2FFF716FF7A
:1082F00005F80800736A08F10108A045A7EB030719
:10830000BBDB96F828309907DAD418F101083FF55D
:108310003CAF04E09046FF27AFE708F10108444571
:10832000FFF657AFA4EB080105EB08004FE7B16972
:108330000CFB01FC00294FEAAC23CCBF5A1C1A46A7
:10834000BA42C0B2FFF660AFE21993423FF770AF96
:108350004CF38D2ACCF387038C444CF38D28C24513
:108360004FEA0C29AAEB070206D0002980F296807A
:10837000002B3CD1013AFF23002A22DB94422ADD64
:10838000C9F387211944C1F3470108B1C943C9B2F0
:10839000A85CFFF7C3FEA85496F828309B0709D5C0
:1083A000A8EB07018C427FF7F0AE0029FFF611AF72
:1083B00028460CE70132A242A8BF2246A11AA818FB
:1083C00005E70028ECD10132A242A8BF2246002ACC
:1083D0003FF4DBAEFDE60028E2D10132A242A8BFA5
:1083E0002246002A3FF4D1AE7FF7F3AEE6E7002A3B
:1083F000F16948DBC1F1000803FB08F894424FEA39
:10840000A8280ADD08FB03F1C1F3472108B1C943DD
:10841000C9B2A85CFFF782FEA85496F82830B1696B
:10842000571E03F0020332B3BC4220DDC8F1FF083F
:10843000494208FB01F1891208FB01F1C1F3472110
:108440000BB9C943C9B2E85DFFF768FEE85596F875
:1084500028309E0707D5BC42FFF6BBAE002F3FF485
:10846000B8AE3946A4E701329442A7DA96E6002B6B
:108470003FF494AEEFE7002B7FF4ABAE002C7FF718
:108480008DAE01229AE700287FF4A3AE0132944218
:10849000FFF684AE002A7FF49CAE8FE7F769C3F144
:1084A000FF035F434FEAA72C002A02F10107CCF13A
:1084B000FF082CDB94420BDD0CFB03F3C3F34721D5
:1084C00008B9C943C9B2A85CFFF728FEA854B1692E
:1084D00008FB01F1891296F82830BC4203F0020330
:1084E00023DD08FB01F1C1F347210BB1C943C9B238
:1084F000E85DFFF713FEE85596F828309B073FF537
:10850000DFAE0232A242A8BF2246002A6CE7501C0E
:1085100004D108FB01F189120027DCE71EF0020FED
:1085200006D09442BFF655AE2FE6002B7FF4C8AEBE
:108530000232A242A8BF2246002A3FF426AEE4E758
:108540002DE9F74F0C9EB6F90C50B6F90AE0B6F9D2
:1085500008C0B6F90E40B32D80468B4617469946A3
:10856000A2EB0E0AA1EB0C0C00F39380B32C00F3EA
:10857000EF803DB9964500F36081002C00F08480C7
:10858000012448E1002C00F01581A5421BDC964532
:1085900000F3898006F1100300933A464B46594692
:1085A0004046FFF7CDFDB6F90E20B6F90A30B42AE1
:1085B000044640F00F81BB4240F31081002C40F094
:1085C0000381002402E0964504DD0124204603B027
:1085D000BDE8F08F736DB26AADB2A4B2681E03FB42
:1085E0000AF30AFB0222611E59284FEAA3234FEA2D
:1085F000A22289B20BD8002A0EDA59294FF00002C4
:108600000ED95B3CB22C98BF02EAE27208E05B3DF7
:10861000B22D98BF02EAE2725929F2D822EAE27238
:108620009B1A02EB6305A5EB0C054D45A8BF4D4613
:10863000002D2BDD06F1100300933A462BB259466C
:108640004046FFF77DFD824618B929464046FFF7B0
:1086500073FD4D45A8BF4D4625EAE575A9B2A9EBC6
:108660000103A84459443C3600961BB23A4609B26D
:108670004046FFF765FD044620B9A9EB05014046D9
:10868000FFF75AFDA245A1D002249FE74FF0010A4F
:10869000DFE7B42D6ED0B42C40F38F80A54204DC0C
:1086A00096453FF777AF03247BE096458DDB726DEF
:1086B000B36AADB26FF48770A4B26FF487712818F3
:1086C00002FB0AF20AFB0333611858284FEAA22280
:1086D0004FEAA32389B20AD8002BB8BF0023582938
:1086E0000ED95B3CB22C98BF03EAE37308E05B3D14
:1086F000B22D98BF03EAE3735829F2D823EAE37353
:10870000D21A03EB6205A5EB0C054D45A8BF4D46FB
:10871000002D1ADD06F13C0300933A462BB2594670
:108720004046FFF70DFD824618B929464046FFF73F
:1087300003FD4D45A8BF4D4625EAE575A9B2A9EB55
:108740000103A844594410368EE74FF0010AF0E7C0
:1087500065BB964521DDB42C39D003243C36009608
:108760004B463A4659464046FFF7EAFC002C3FF498
:1087700028AF58E096450CDDB42C85D0002C3FF492
:1087800024AFB32C0CDD3C360096FFF7D9FC012456
:1087900049E0B42C36D101201AE0B42C3FF415AFD7
:1087A0000124E01E18BF012044000FE796457FF723
:1087B000F1AED0E79645EEDCECE696453FF7EAAE43
:1087C000B42CE8D01CBB02E0032C7FF45DAF032087
:1087D0000338E7E75AB99F42BFF6F0AE002C3FF4EA
:1087E000F0AE032CD7D0012C3FF4EFAE4CE7B32A08
:1087F00005DC9F42B2DA002C3FF4E3AED1E79F42A2
:10880000ACDBF8E7002CE2D0B32C3FF74CAFBE4511
:108810004FF00304C5DC3C3600964B463A465946B9
:108820004046FFF78DFC00283FF4CBAE032CCFD0A1
:10883000012C7FF429AF0128D6E7002CABD032E71A
:108840002DE9F74F0C9F0546B87CB7F91080B7F9B2
:1088500008C0B7F90C40B7F90EE010F001001E4651
:108860008946B7F90A302ED19A4203DA002003B0C4
:10887000BDE8F08F7245F9DC0CEB0801894505DB9A
:10888000A4EB080106EB090A514508DA03EB0801DD
:108890008A424ADBAEEB08018A4246DC18BBACEBED
:1088A00009084645E2DBA4EB0904B8F1000F04F126
:1088B000010728DA002CD9DBBE4231DDF11BE819B3
:1088C000FFF73AFC2CE09A4201DA0120CFE772452B
:1088D000FBDC08EB0C014945D8DC06EB0901A4EBF5
:1088E000080A5145D2DCACEB090020EAE070864270
:1088F00016DBA4EB0901091A013143189E4211DA73
:10890000311A2844DCE741462846FFF715FC002FC2
:10891000ACDDBE42D2DCB8F1000F01D1BE42D4D0F2
:108920000220A4E70029FBDBEBE79BB2ACEB0901DB
:108930001FFA82F9A9EB030A1FFA88F201341FFA21
:108940008AFBA4EB0C040FFA8AFA02F1FF3CD04533
:108950001FFA8CFCCBBFA3EB0903E34403F1FF3305
:108960005B44D7F81480CCBF9B18A3EB0E030FFA1F
:1089700083FE0EF10107D8F80C3033F81E9033F85F
:108980001770D8F80830A4B233F81EE0D8F80430D5
:10899000A21A12FA81F2724494B201941CFA81F480
:1089A000A7EB0907A4EB0E043FB24B4412B224B26A
:1089B000D0B107F1FF3B92469B44A046A4EB0801CF
:1089C00009B2B9424DDB0134B442A8BF34469642E5
:1089D00024EAE47468DDA2426BDB019BA3EB04088C
:1089E0000FFA88F128196BE7914603EB070AA046B6
:1089F000A4EB08031BB2BB4214DB002FA8BFD219A3
:108A0000B242A8BF324622EAE272B11AA818E41BA9
:108A1000FFF792FB611CB142A8BF314621EAE17128
:108A200028464DE7B9F1000F1AF801BD08DBB14542
:108A300006DA15F809105846FFF770FB05F809002B
:108A4000B8F1000F08DBB04506DA15F808105846F3
:108A5000FFF764FB05F8080008F1FF3809F1010988
:108A6000C6E71BF80199BAF1000F6FEA09095FFA2E
:108A700089F908DBB24506DA15F80A104846FFF70F
:108A80004DFB05F80A00B8F1000F08DBB04506DA27
:108A900015F808104846FFF741FB05F8080008F1F3
:108AA000FF380AF1010A89E7A64202DB311B09B24D
:108AB00098E7002196E710B50379022B044610D100
:108AC00043696BB11A69002A07DA5868F2F75CFF4C
:108AD0006069BDE81040F2F757BF5A69013A5A6120
:108AE00010BD052BFCD18068F3E7B42B2DE9F341D1
:108AF0001C46C4BFA3F1B40424B2064604F15A00D4
:108B000000B290460F46F2F70BFF05462046F2F7FB
:108B100007FF08EB60149DF82020019207EB651316
:108B200024B200941BB2424639463046EFF784FF28
:108B300002B0BDE8F081D38870B4568801339B1B26
:108B40001BB2002B09DD9388148801331B1B1BB259
:108B5000002B02DD70BC0369184770BC7047F0B48D
:108B6000C46ABDF91050BDF914609DF81C702CB199
:108B7000CDE904560797A446F0BC6047F0BC7047A7
:108B80002DE9FF41DDF82C80BDF82870054614461C
:108B90001E4663B9B7F5807F09D101392B806B8000
:108BA000541E818024B2EC8004B0BDE8F081002323
:108BB0000093ADF80410ADF80630ADF80830ADF80C
:108BC0000C1043463A4631466846ADF80A40ADF8C7
:108BD0000E40F2F7D3FD43463A46314601A8F2F77C
:108BE000CDFD43463A46314602A8F2F7C7FD43465B
:108BF0003A46314603A8F2F7C1FDBDF90C30BDF984
:108C00000840BDF90400BDF90010A3421A46A8BFF0
:108C100022468242A8BF02468A42A8BF0A46A34211
:108C2000B8BF23468342B8BF03468B42B8BF0B464A
:108C30000233BDF90A40AB80BDF90E30BDF9060024
:108C4000BDF90210A342A2F102022A801A46A8BF6F
:108C500022468242A8BF02468A42A8BF0A469C42D8
:108C6000B8BF1C468442B8BF04468C42A2F102023F
:108C7000B8BF0C466A80023494E7704738B54D6A35
:108C80000C4695B10B7C012B02D1284603F0C7FDA1
:108C9000E86808B1F2F778FE286908B1F2F774FEC7
:108CA0002846F2F771FE0023636238BD0A460021B0
:108CB00005F029BA73B505460068846844B1069E7C
:108CC000CDE9003613460A462946A04702B070BDDA
:108CD0002046FBE710B50446006858B1C3680BB1E5
:108CE00021469847237C012B04D16068F2F74CFEA3
:108CF0000023636010BD70475822002105F003BABD
:108D00002DE9F843B3F90000B3F90250BDF924800E
:108D100017461E460A9AB48807FB05030B44B2F9AE
:108D200000105288013418FB02120899241A01EB32
:108D3000020924B2B6F90620AA4201DABDE8F88396
:108D400049461846224605F0B6F9013503463B442C
:108D5000C1442DB2EEE72DE9F8438146C0F15A0037
:108D600000B2A1EB5208174655081E46F2F7D8FD8F
:108D700008FB00F44846F2F7D3FDE41108FB00F1CC
:108D8000FA43002C4FEAE11102F0010217DD7F3CAB
:108D9000C4F30F24531B23441BB22C4424B20029D8
:108DA0003380B48013DD7F39C1F30F21531B0B4493
:108DB0001BB2294409B27380F180BDE8F8837F3487
:108DC000C4F30F24631BA81A1BB20444E6E77F31E7
:108DD000C1F30F214B1B1BB2AD1AEAE72DE9F04F8F
:108DE000D1B0044603930B7BBDF86871BDF86C618C
:108DF0000791022B154640F29780B1F90230049397
:108E0000002B00F09180B74200F08E80039A9342CD
:108E1000C4BFBDF90C30049329A8F0F7F3F8079B01
:108E20005B7BC3F301038DF8A630079B9A681B7B1D
:108E3000002A7CD000218DF8A7102C928DF8B93033
:108E4000039BB5F802C02A88ACEB0301D01A013BA2
:108E500012FA83F21CFA83F31FFA83FE079BADF824
:108E600042E0B3F802C092B280B2ADF84020A2EB6B
:108E70000C0292B2ADF83C00604480B2ADF84820DC
:108E8000013289B2121AADF83E10AEEB0C03614408
:108E900012B289B29BB2002AADF84400ADF8461078
:108EA000ADF84A304ADD01335B1A1BB2002B45DDB9
:108EB000012347F6FF7211A917A8EFF79FFE0021C3
:108EC00017A8EFF71BFD012308900993002347F62D
:108ED000FF720FA91DA8EFF791FE00211DA8EFF763
:108EE0000DFD07F5B473B3420B9003D006F5B473D0
:108EF0009F422CD147F6FF7329A90FAA2046ADF84F
:108F0000A430FFF718FE0B98EFF72EFD089B591CB5
:108F100002D01846EFF728FD1DA8FFF7CCFD099BEE
:108F200013B117A8FFF7C7FD51B0BDE8F08F8DF85A
:108F3000A730079B1B788DF8A83081E74FF0FF33EF
:108F40000020CDE90830C1E7A7F5B477BFB2B7F587
:108F5000B47FF9D2B6F5B47F80F0B6803BB205930A
:108F600033B20093B5F90220B5F90010069335A885
:108F7000059BEFF7F3FD002135A8EFF7BFFCB742E3
:108F80003ABFF31BC3F5B473BB1B3C2BD4F808806A
:108F90000C9040F30B85039B0A2B40F20785BDF92B
:108FA0000C300293592F4FF05A03B7FBF3F9B6FB7D
:108FB000F3FB00F2958007EB030A049A029B592EFB
:108FC000A3EB02030FFA8AFA0A9300F2F380B74286
:108FD00080F0F0806B8805980D93F2F7A1FC0A9B56
:108FE00058430D9B03EBE033ADF88E3050462B8891
:108FF0000D93F2F795FC029BB5F802A058430D9B28
:1090000003EBE0330698ADF89030F2F789FC029B51
:1090100058430AEBE03A06F15A0000B2ADF892A0CC
:10902000B5F800A0F2F77CFC0A9B58430AEBE03A43
:10903000ADF88CA00DF18C0A42465146504603F023
:1090400026FA002844D1C4F80880ABF102039BB291
:10905000012B40F24583B9F1030FC4F8088040F0BA
:109060006183B5F80090039B4B44ADF890306B885A
:1090700007F15A00013B00B2ADF89230F2F750FC14
:10908000049A029B6F889B1A434309EBE3390598C6
:10909000ADF88C90F2F744FC029B584307EBE037A5
:1090A000ADF88E7023AF42463946384603F0EFF9EB
:1090B00028B1A7600FAA29A92046FFF73CFDBBF104
:1090C000030F40F05283A7E1A6F5B476B6B241E7AC
:1090D000C4F808A00FAA29A92046FFF72CFDB2E783
:1090E000592E40F29880D94502D1B74200F29C82B5
:1090F000B9F1020F40F0AF81BBF1010F00F0948293
:10910000BBF1020F40F04681B74200F2E982B9F1AB
:10911000020FC4F8088040F0D483BBF1020FB5F908
:10912000003040F03981B74280F03681049A0A93CA
:1091300007F15A00029B00B2A3EB020AF2F7F0FB20
:10914000029B6F8858430A9B03EBE0330598ADF808
:109150008C30F2F7E5FB0AFB00F007EBE0370698EE
:10916000ADF892706F88F2F7DBFB029B584307EB78
:10917000E03706F15A0000B2ADF88E702F88F2F792
:10918000CFFB0AFB00F007EBE037ADF8907023AFA0
:1091900042463946384603F07AF9002840F08A837F
:1091A000B9F1020FC4F8088040F0FD83592E40F257
:1091B000DF83DAE22B88039AADF88C306B88059850
:1091C0000D931A44ADF89220F2F7AAFB0A9B58437C
:1091D0000D9B03EBE033ADF88E3050462B880A939D
:1091E000F2F79EFB029B58430A9B0DF18C0A03EB9E
:1091F000E033424651465046ADF8903003F047F90F
:1092000030B1C4F808A00FAA29A92046FFF793FCA3
:10921000592E00F24382039A2B88B5F902A00698D2
:10922000ADF88EA01344ADF89030F2F779FB029BB5
:1092300058430AEBE03A06F15A0000B2ADF892A0AA
:10924000B5F800A0F2F76CFB049A029B9B1A43430B
:109250000AEBE33AADF88CA00DF18C0A4246514678
:10926000504603F014F9002840F08C80B9F1010F4A
:10927000C4F8088040F02582039A2B88B5F902A033
:109280000598ADF88EA09B1AADF88C30F2F748FB2C
:10929000029B58430AEBE03A07F15A0000B2ADF8DE
:1092A00092A0B5F800A0F2F73BFB049A029B9B1A30
:1092B00043430AEBE33AADF890A00DF18C0A424625
:1092C0005146504603F0E3F830B1C4F808A00FAAA5
:1092D00029A92046FFF72FFCBBF1010F40F02A839C
:1092E0002B88B5F802A00698013BADF89030039B9F
:1092F0005344ADF89230F2F713FB049A029B9B1A89
:10930000434306F15A000AEBE33A00B2ADF88EA0EF
:10931000B5F800A0F2F704FB029B58430AEBE03AD1
:10932000ADF88CA00DF18C0A42465146504603F030
:10933000AEF8002840F0BD81B9F1020FC4F80880F2
:109340002AD0D94502D1B74200F20181592F00F24B
:10935000D180BBF1030F00F0FA80B9F1010F00F0EA
:10936000FB82B9F1030FC4F808803FF47AAED94507
:1093700040F0FB81B74200F2FB82B9F1020F40F0EE
:10938000F48113E7C4F808A00FAA29A92046FFF723
:10939000D2FB6BE7C4F80880B5F800A0039A0AF185
:1093A000FF33ADF890306B8807F15A009B1A00B27A
:1093B000ADF88E30F2F7B4FA029B58430AEBE03A6C
:1093C0000598ADF88CA0B5F802A0F2F7A9FA049AB6
:1093D000029B9B1A43430AEBE33AADF892A00DF1CE
:1093E0008C0A42465146504603F051F830B1C4F859
:1093F00008A00FAA29A92046FFF79DFBBBF1020F89
:1094000000F06382BBF1030FC4F8088040F08E8245
:10941000B9F1030F3FF425AE039A6B88B5F90070DC
:10942000ADF88C7006F15A009B1A00B2ADF88E3080
:10943000F2F776FA029B6E88584307EBE0370698FE
:10944000ADF89070F2F76CFA029B049A9B1A4343B2
:1094500006EBE336D6E0B9F1030F68D0BBF1010F9C
:109460007FF40AAFB742BFF407AF0598B5F802A082
:10947000F2F756FA029B58430AEBE03A07F15A001A
:1094800000B2ADF892A0B5F800A0F2F749FA049A3C
:10949000029B9B1A58430AEBE03A06980A93ADF8F0
:1094A00090A0B5F802A0F2F73BFA0A9B58430AEBEA
:1094B000E03A06F15A0000B2ADF88EA0B5F800A06F
:1094C000F2F72EFA029B58430AEBE03AADF88CA073
:1094D0000DF18C0A42465146504602F0D8FF002852
:1094E00040F0D480B9F1020FC4F808803FF454AFC3
:1094F000B7422CD8B9F1010F00F04B82B9F1030F3C
:10950000C4F8088048D0BBF1030F85D0D94506D1F7
:10951000B74200F22D82B9F1020F40F04482592E79
:1095200040F22682BBF1010F40F01F8120E2BBF127
:10953000030F79D1B74200F2D380BBF1030FC4F817
:1095400008807FF48EADB74201D8592FD6D82A882B
:10955000039B0399D31AADF88C306B88013A591AE2
:109560000DF18C0AADF88E10ADF89020013B42460B
:1095700051465046ADF8923002F089FF30B1C4F840
:1095800008A00FAA29A92046FFF7D5FAB9F1030FC1
:10959000C4F8088040F00282BBF1030FB5F900A0C7
:1095A0007FF45FADB742BFF45CAD049A029B07F154
:1095B0005A0000B2A3EB0209F2F7B2F909FB00F07E
:1095C0000AEBE03A05986F88ADF88CA0F2F7A8F99D
:1095D000029B584307EBE03706F15A0000B2ADF8A2
:1095E0008E702F88F2F79CF9029B6E88584307EB28
:1095F000E0370698ADF89070F2F792F909FB00F0A9
:1096000006EBE036ADF8926023A94246084602F028
:109610003EFF002800F0A98023ABA3600FAA29A970
:109620002046FFF788FAA0E00399B5F90020B5F9C4
:109630000230ADF88C200DF18C0A0A44ADF88E3062
:10964000ADF890200B44424651465046ADF892305A
:1096500002F01DFF30B1C4F808A00FAA29A92046C6
:10966000FFF769FAB9F1010FC4F808803FF4F6AECC
:10967000BBF1010F3FF434AED94540F01281B7423F
:109680002ED8B9F1030F7FF448AD5CE7C4F808A009
:109690000FAA29A92046FFF74EFA23E7BBF1010FD5
:1096A000C4F808803FF41CAE592E19D8B74217D819
:1096B000CBE4C4F808A00FAA29A92046FFF73BFA7B
:1096C0003AE6D94501D1B7420AD8592F7FF6BDAC49
:1096D000B9F1030F7FF41BADBBF1020F7FF42DAF87
:1096E0002A88039BD31A013AADF88C30ADF890204C
:1096F000B5F90230039AADF88E300DF18C0A13449F
:10970000514642465046ADF8923002F0C0FE002865
:109710003FF4FDACC4F808A00FAA29A92046FFF722
:109720000AFAF4E4D94515D1B7423FF610AF592FE4
:109730007FF613AEB9F1010F7FF4E0AE592E7FF63C
:1097400006AFBBF1010FC4F808800ED1B74200F29A
:109750000F810AE0B9F1010F00F0FE80D9453FF416
:1097600009AEB9F1020F3FF4DAAEC4F8088035A8AB
:10977000FFF7A1F91DA8FFF79EF9099B13B117A8E0
:10978000FFF799F90C98EFF7EFF80B98EFF7ECF873
:10979000089B5A1C02D01846EFF7E6F8079B5B7B44
:1097A0005B077FF5C1ABBDF90C609DF810700598A3
:1097B00013AB3A463146FFF7CEFA2B88BDF84C2062
:1097C0001A44ADF84C20BDF850201344ADF8503089
:1097D000BDF84E206B881A44ADF84E20BDF85220DB
:1097E0004146134415A813AAADF8523002F04FFEBB
:1097F000C0B1002347F6FF7213A923A8EFF7FEF9C3
:10980000002123A8EFF77AF815AB8146A3600FAAD1
:1098100029A92046FFF78FF94846EFF7A5F823A8B6
:10982000FFF749F9069813AB3A463146FFF793FA2A
:109830002B88BDF84C201A44ADF84C20BDF85020C0
:109840001344ADF85030BDF84E206B881A44ADF883
:109850004E20BDF852204146134415A813AAADF876
:10986000523002F014FEC0B1002347F6FF7213A974
:1098700023A8EFF7C3F9002123A8EFF73FF815ABB2
:109880000546A3600FAA29A92046FFF754F92846E8
:10989000EFF76AF823A8FFF70EF9C4F80880FFF77E
:1098A00043BBB9F1030F7FF438ACBBF1020F3FF4B7
:1098B00017AF48E6A7600FAA29A92046FFF73BF992
:1098C0006EE4BBF1020F7FF43CADB5F800A0039B42
:1098D000AAEB0303ADF88C306B8806F15A00013B0C
:1098E00000B2ADF89230F2F71BF8049A029B9B1A73
:1098F00043430AEBE33A0698ADF890A0B5F802A00E
:10990000F2F70EF8029B58430AEBE03AADF88EA04E
:109910000DF18C0A42465146504602F0B8FD98B906
:10992000B9F1030FC4F808803FF49BABD9457FF42D
:10993000F2ADEDE5BBF1020FC4F808807FF401AD94
:10994000B9F1020FC1D127E5C4F808A00FAA29A9CF
:109950002046FFF7F0F8E3E7592E7FF6F8ADBBF1AC
:10996000010FC4F808807FF400AFB7427FF61EAC49
:109970006B880399B5F90020ADF88C20591AADF821
:109980008E100399013B0A44ADF89020ADF8923057
:109990003AE6BBF1030F3FF4DAADCFE6BBF1030FBC
:1099A0003FF43AADC2E7B9F1010FE8E40FAA29A9E3
:1099B0002046FFF7C0F8DAE6022AC0B2CBB201D8DF
:1099C00008467047C34214BF01200020FF2A03D07D
:1099D00012F0800F08BF18467047022A30B501F018
:1099E000010300F0010401D8084630BD1C1B002C07
:1099F000ACBF1D1B1D46002DA8BF5B1B23EAE373F4
:109A000003F00103FF2A63F30000EED0C9B212F0A5
:109A1000800FC0B208BF0846E7E7022A01D808460F
:109A20007047FF2AC3B205D012F0800FC9B20CBF35
:109A300008461846704737B50B7E022B04460D4684
:109A40000DD982680968684602F021FD38B1636B60
:109A50000BB120469847636D29462046984703B0CE
:109A600030BD43680A68C3F31D03934238BF0B60DF
:109A70000020704700680B68C31A5842584170476D
:109A80000A46002104F03FBBF0B5437813FB01F315
:109A9000B2EB232F4FEA232601DC0078F0BD0579D5
:109AA0006C1E00EB44035B7813FB01F3B2EB232F36
:109AB0000ADA012D07D9C37813FB01F3B2EB232F88
:109AC0004FEA232503DDFEE710F81400E6E70378EC
:109AD000002B837814BF4FF0FF314FF07F41002BF4
:109AE000A2EB06031BB2A5EB0602C3EB032393FB19
:109AF000F2F36FEA030614BF4FF0FF344FF07F44D8
:109B0000F6B2CAB2DBB2E0B2724303FB0022C1F389
:109B10000720C4F3072710FB06F048F2810503FB7A
:109B20000700C1F307416843C4F3074411FB06F182
:109B30006A43800F03FB041140EA9270694340EAD4
:109B40009170ABE790F90730002B01DAF1F71CBFF9
:109B5000704704F0B0BA2DE9F04FA3B01646099350
:109B60009DF8B030069383680890B3F90020ADF8F3
:109B70005420B3F90220ADF8562015A8B3F90420FB
:109B8000B3F90630ADF858208846ADF85A30EEF7F4
:109B900029FFD8F800300C90182200211CA80D9342
:109BA00004F0B1FA98F80A308DF8843098F80B3048
:109BB000C3F303038DF8853017AB1B930C9B5BBB82
:109BC0000D9BB3F1807F27D1069B042B0CD198F815
:109BD00009300BBB099B1C9308981B961BA9FFF728
:109BE0002AFF23B0BDE8F08F069B0E2B14D1089BF3
:109BF00031469A6819A802F04AFC0028F1D0099B66
:109C00001E930C9B1C9398F808308DF87430022337
:109C100020968DF87C30DFE7089B30889A68B2F98F
:109C20000430B2F90010ADF86030B2F90670B2F944
:109C30000290B288ADF85C10121A92B21092551CC4
:109C4000F2887088ADF86270013201335B1A121A23
:109C50001BB212B20F920A93ADF85E90EEF758F86D
:109C6000F1F7DCFB044617A802F0E3FB84422DBFAA
:109C700001370A9BB4FBF3F4A7EB09070A9B28BF43
:109C80003CB2634318460B93F1F79CFE07460B98D2
:109C9000F1F798FE17AB2093BDF962300E93A3B293
:109CA0001293BDF85E300790013B13FA84F4069BD3
:109CB0001E90042B2DB21C97ADF8624014D1D8F839
:109CC0000030B3F1807F0CBF012302238DF87C307C
:109CD000BDF95E300E9A934208DD0798F1F7BCFE9D
:109CE0003846F1F7B9FE7CE70223EFE77288318846
:109CF000179B199352424942189B1A9312B209B208
:109D000019A802F0B3FB0D9BB3F1807F31D0079B04
:109D1000099A08980195CDE90473069BCDE9028361
:109D20000F9B009319A92B46FEF719FF98F80930ED
:109D3000022B00F2E4800C9B43B1BDF95E40DDF8DC
:109D40001C90BDF96230A34280F2F38008981BA9F1
:109D5000FFF771FEBDF862305A1CADF85E20129A12
:109D600013440E9A1BB29342A8BF1346ADF862305B
:109D7000AEE7069B062B6BD02DD8042B68D0052BA5
:109D8000D4D1BDF96610BDF96440BDF86820099BC7
:109D9000DDF81CE005FB014003EB4000A4B2531CBE
:109DA0001B1BA41A109A1444BDF86A201BB201327E
:109DB000521A23EAE3716400490012B2B9464FF027
:109DC000000C01FA84F40FFA8CF18A42AEDD002116
:109DD00000F1010B7EE0069B142BA7D1BDF86A4071
:109DE000BDF868B0BDF96620BDF964300999013449
:109DF0000BF1010B05FB023AA41AABEB030B8A44EF
:109E000024B20FFA8BFB38464FF000090FFA89F3A2
:109E1000A34269DBBDF96430BDF866A0079815FB65
:109E20000A3A0F9B05FB03AA099B4FF000099A44CD
:109E30000FFA89F3A342BFF679AF51465A46139001
:109E4000FFF787FE1398AA44584409F10109EFE788
:109E500019A802F0EEFAFF2102460446079804F022
:109E600052F9BDF96430BDF96690099A05FB093ACB
:109E70009244BDF868200132D21A0FFA82FB3846AC
:109E8000BDF96A304B4506DA069B062B7FF44EAFD0
:109E900000231A4612E051465A461390FFF759FE26
:109EA000139809F10109AA4458440FFA89F9E7E720
:109EB000F95C012904BF0799CA5401339C42F7D1C8
:109EC00034E71BF811A00EF801A010F811A009F852
:109ED00001A001310FFA81FA5345F2DC99449E4406
:109EE00020440CF1010C6EE751465A461390FFF7DF
:109EF00030FE1398AA44584409F1010986E798F8FE
:109F000008100B98DB4301F001013A46C4194FFADF
:109F100083FC94423FF40FAF119B107861F3000370
:109F20001193BCF1000FA8BF9DF8440002F8010B8B
:109F3000EFE7BDF95C100A9B22464846EEF7F4FCB9
:109F4000014660B90A9A484604F0DDF84FF0020372
:109F50008DF87C300A9B0134994424B2F1E6022842
:109F600008BF8DF87C00F5E70A46002104F0CBB865
:109F7000F8B5D30705460C4602D500242046F8BDA7
:109F800012F002063BD08B6A4FF4C04262F31E030C
:109F90008B62084602F04DFAA36AC3F31E02904298
:109FA0003CBF60F31E03A362A06A20F00040F1F7FB
:109FB000E3FC6061B8B194E8030004F1080383E8AE
:109FC0000300A28963882189E3810132A36A521ABE
:109FD00012B2C3F31E0393FBF2F303EBD3725210DE
:109FE00022826382CAE7A36A4FF4406060F31E03D3
:109FF000A362F1F7C1FC60610028DCD1BDE701F18B
:10A000000807D1E9000187E80300204602F011FAB1
:10A01000A36A60F31E03A36220F00040F1F7ACFCDA
:10A02000A16A606121F00041FFF79EFF94F82B3098
:10A0300066F3C71384F82B306369002B9DD0C5E904
:10A040000037AF60EDF764FE03681A7C66F3861292
:10A050001A7493E7F8B5154606460C46EDF758FE18
:10A0600015F00105074616D0A16A606921F000418C
:10A07000FFF77AFF94F82B3043F0800384F82B30FD
:10A080003A68137C43F04003137463693360083407
:10A09000C6E90144F8BD94F82B3065F3C71384F882
:10A0A0002B3003681A7C65F386121A74EDE77FB5CE
:10A0B000036803939DF80430164642686FF3471314
:10A0C0008DF8043093880D46118801335B1A01998D
:10A0D00063F394210191D388528801339B1ABDF810
:10A0E000062063F34F1295F92B30ADF80620002BB4
:10A0F0009DF80430ACBF0422052262F304038DF8FE
:10A1000004302B6A0360EB694360AB6983600446EB
:10A11000EDF7FEFD036895F824101A7C61F38612B2
:10A120001A74314601AB05F108022046EEF700F83B
:10A130002046FDF719FF01A8FEF79FFD04B070BD92
:10A140004869F1F721BC0A46002103F0DCBF0A464A
:10A15000FF2103F0D8BF2DE9F041CB6892B006464D
:10A160000C461546002B63D04B7D022B60D90DF1B8
:10A17000180882682946404602F089F9002857D01D
:10A18000B768C6F80880E068FDF72DFF022852D1B5
:10A190004FF0000841F6FF73CDE90138CDF800809B
:10A1A000D4E90312434605A802F07EFFAA882B8853
:10A1B000BDF914100132D21AC2F3C03000FA82F293
:10A1C00001EBD170A3EB600303EB62039BB2013997
:10A1D000ADF820300B44ADF82430EB886A88BDF927
:10A1E000161001339B1AC3F3C03000FA83F301EB5E
:10A1F000D170A2EB600202EB6302013992B2ADF8BA
:10A2000022200AA80A44ADF82620EEF7A7F8236911
:10A210000A93237D8DF83430637DCDF800808DF86E
:10A22000403008AAE3680AA93046EEF7AFF8B760F5
:10A2300012B0BDE8F081E06805A9EFF7BFF9012889
:10A24000F5D10AA8FDF7B1FE9DF83330A278BDF82C
:10A25000161062F303038DF83330237D8DF8303010
:10A26000A37D8DF83130637D8DF83230E37DABBB5B
:10A27000AB882A88059801339B1AC0F38A2EC3F352
:10A28000C03CC0F3C9200CFA83F3121AE88802EB31
:10A2900063026B880130C01AC1F34A1CC0F3C03599
:10A2A000C1F3891105FA80F05B1A03EB600392B2E7
:10A2B0009BB20EF1FF3E0CF1FF3CADF82020ADF853
:10A2C000223072446344ADF82420ADF8263008AA49
:10A2D000E3680AA93046EDF72BFFA8E7B5F902308D
:10A2E000ADF82230C1F34A1101390B441BB2BDF95C
:10A2F0002220ADF82630B5F906309A4297DC059A4F
:10A30000B5F90030ADF82030C2F38A22013A134487
:10A310001BB2BDF92020ADF82430B5F904309A42C3
:10A320000CDDBDF81630BDF82220C3F34A131A44E1
:10A33000ADF82220BDF826201344D7E7E36808AA29
:10A340000AA93046EDF7F4FE059BBDF82020C3F3C3
:10A350008A231A44ADF82020BDF82420D7E703F063
:10A36000D2BE0A46002103F0CEBE0A46FF2103F00A
:10A37000CABE03F0A0BE2DE9F04F450087B04FEAFA
:10A380006109CB07044628469046CA460E4658BF88
:10A3900009F1FF3AF1F716FBAB1E00934FEA4903B0
:10A3A00001936FF001030AFB033307464FF0000BE4
:10A3B000404602935C4522DC04FB04F0424608EB75
:10A3C000400043464FF47F5CBCFBF6FC83423FD128
:10A3D0006B4209FB03F30593631E05FB03830493A0
:10A3E0000AF1010302930AFB055A4FF0000C644581
:10A3F0003CDC384607B0BDE8F04FF1F72DBB009BC1
:10A400000199C25A01EB000C02997243631E014488
:10A4100027F8132003EB090E7445CCBF3CF813E07A
:10A420004FF0000EA2EB0E0EA3EB0A02002AD4BFDF
:10A43000028831F81320013B7244E9D22A4639469A
:10A440000390FFF796FF03980BF1010B2844B1E747
:10A4500033F8021B0029B9D0B1F57F5F0EBF23F896
:10A4600002CC91FBF6F123F8021CAFE705991388A3
:10A47000511873430391002002EB0A0101919646A3
:10A48000009390460146009B002BACBFC3F38F1B8B
:10A490004FF0000B27F811B0A1EB090BBBF1000F37
:10A4A000CABF039BB8F800B033F800B0009BA3EB21
:10A4B0000B0B029B0B449C42CBBF019B049B1B5A82
:10A4C00033F81C3001315B448C420093A84428448B
:10A4D000D9DC002337F81310AEF8001001339C428A
:10A4E000AE44F7DC0CF1010C023280E72DE9F04FAD
:10A4F000CB78022B9BB082460C465DD9B4F91A305A
:10A50000B2F90050B2F90200B2F90410B2F9062013
:10A51000ADF81450012BADF81600ADF81810ADF8D9
:10A520001A201ADD237FFC2B17D9B4F90030A3B110
:10A53000637FC3F3C0063544ADF81450C3F3800500
:10A540002844ADF81600C3F30010C3F34003091A02
:10A55000D21AADF81810ADF81A2005ADDAF80820B7
:10A56000294607A801F093FF30B3A67AE37916F0E5
:10A5700007060CBF94F8048094F8058028464345EC
:10A5800008BF0026EEF72EFA1C220746002113A86A
:10A5900003F0B9FDA3788DF86530E278B4F90030A6
:10A5A0008DF854805FB953B94EB913A9504613952D
:10A5B0008DF86420FFF73FFA1BB0BDE8F08FFD2A4D
:10A5C00028BFFF22BDF818500192BDF81420BDF835
:10A5D0001AB00135AD1ABDF816200BF1010BABEB2B
:10A5E000020B2DB20FFA8BFBAB45D946A8BFA9468B
:10A5F0004FEA69099945A8BF9946BDF82030BDF8D2
:10A600001C2001339B1A1BB2B9F1000F009301DC2F
:10A61000002F4ED00098F1F7D5F900234A4605A93E
:10A6200080460DA8EEF7EAFA00210DA8EEF766F9CC
:10A630000290BDF81C30ADF82430BDF82030ADF8E4
:10A64000283009AB139318935A46FF232946601DFF
:10A65000CDF858808DF86430EFF786FD834648B119
:10A66000022E07D1BDF91430BDF91C20D21A83681F
:10A6700013441493002F00F09280BDF91E40BDF9E1
:10A680002230A3421ADAB8F1000F02D04046F1F7A7
:10A69000E3F9029B5A1C05D01846EEF765F90DA8A0
:10A6A000FEF709FABBF1000F86D05846FFF74AFAC9
:10A6B00082E74FF0FF33B8460293BAE7DDE90021A5
:10A6C00025B24046ADF82650ADF82A50FFF747FEB8
:10A6D000009BBDF91C102A464046EEF725F90128DB
:10A6E00008BF0220012E8DF85C0007D1BDF916309D
:10A6F000DBF80820E31AD35C8DF8543013A95046D8
:10A70000FFF799F90134BAE7BDF91E3014FA87F45E
:10A7100024B2ED1BA3422DB203DDBDF92230AB42C2
:10A720003CDBDDE900214046FFF719FE009BBDF947
:10A73000241022464046EEF7F7F8BDF91E300128F6
:10A7400008BF0220A3428DF85C0011DC012EADF899
:10A750002640ADF82A4007D1BDF91630E41ADBF8DF
:10A7600008301B5D8DF8543013A95046FFF763F98C
:10A77000BDF92230AB4211DB012EADF82650ADF809
:10A780002A5007D1BDF91630ED1ADBF808305B5DB1
:10A790008DF8543013A95046FFF74DF901374F4556
:10A7A000BDF81640BDF81A50AEDBBDF81430ADF858
:10A7B0002C301FFA89F7BDF81830ADF83030ED1B9A
:10A7C00014FA89F40BA8ADF83250ADF82E40EEF72C
:10A7D00009F9054698B996B9BDF8163016963B4466
:10A7E000ADF82630BDF81A30DB1BADF82A3013A9BE
:10A7F000019B8DF864305046FFF71DF943E7019B3C
:10A800008DF8643001238DF85C30BDF91A30BDF944
:10A810001640A3EB090303934C44039B9C423FF770
:10A8200032AF27B26DB1DDE900214046FFF797FD59
:10A83000009BBDF91C103A464046EEF775F88DF8BE
:10A840005C00012EADF82670ADF82A7007D1BDF975
:10A850001630DBF80820E31AD35C8DF8543013A9C6
:10A860005046FFF7E8F80134D7E770B504460D46C7
:10A870001646FFF73BFE324629462046BDE87040AB
:10A88000FFF769BC2DE9F04FA7B083460846BDF934
:10A89000C0909DF8C4809DF8C8700C4615461E46B1
:10A8A000EEF7A0F80C9000286DD156EA09036AD1A2
:10A8B0001C211FA8FFF755FD19AB1F93B5F90030F8
:10A8C000B4F90260B5F902A00193B4F90430009321
:10A8D000B5F904308DF894700293B4F90070009BC0
:10A8E0008DF884800AF1FF315645B4F90690B5F928
:10A8F0000680ADF86470ADF86830ADF86660ADF80C
:10A900006A1003DC1FA95846FFF795F8E988013162
:10A91000ADF86610C145E188ADF86A1003DB1FA9E8
:10A920005846FFF788F85645D4BFB5F90230B4F958
:10A930000230ADF86630C145ACBFB5F90630B4F9A8
:10A9400006302188ADF86410ADF86A302988019B83
:10A9500001399F42ADF8681003DC1FA95846FFF784
:10A960006AF8AB88029A0133ADF86430A388ADF879
:10A970006830009B934203DB1FA95846FFF75BF842
:10A9800027B0BDE8F08FDBF8082021460FA801F0C2
:10A990007EFD08900028F3D0BDF84030BDF83C2083
:10A9A00001339B1A0FFA83FA1C211FA8FFF7D9FC69
:10A9B0005046F1F707F8002E229068DD002332465A
:10A9C000214613A8EEF71AF9002113A8EDF796FF18
:10A9D000079001234A46294619A8EEF70FF90021EE
:10A9E00019A8EDF78BFF11AB1F9324939DF8CC3082
:10A9F0008DF89530B5F900300393B4F90030049325
:10AA0000B5F904300093B4F904300193B4F902307D
:10AA1000B5F90290029333444B45B8BF4B468DF8CD
:10AA20008480B4F906808DF894701BB2B5F9067075
:10AA30000593A8EB0603BB42A8BF3B460B93BDF9A9
:10AA40002C3006930C9B0D90002B47D0BDF83C306A
:10AA5000ADF84430BDF93E40BDF84030ADF8483067
:10AA6000BDF94230A34216DA19A8FEF724F80D9872
:10AA7000EDF77AFF079B013305D013A8FEF71BF80B
:10AA80000798EDF771FF2298F0F7E6FF78E74FF0AF
:10AA9000FF3307939DE7029B994502DA059BA3428A
:10AAA0001ADC474502DD069BA342DDDB25B2229876
:10AAB000ADF846505146ADF84A50FFF756FCBDF987
:10AAC0003C10229853462A46EDF72EFF1FA98DF819
:10AAD0008C005846FEF7AFFF0134C1E7049B009994
:10AAE0009A19039B9A42B8BF1A4613B20993019B65
:10AAF0009B1B8B42A8BF0B4619B20A91DDE90310DC
:10AB000081421EDA01238DF88C30029B99453BDA95
:10AB1000474523DDDDE90032934200F3C880AB886E
:10AB20000133ADF84430A388ADF84830059BADF84B
:10AB300046301FA9069BADF84A305846FEF77BFF0A
:10AB400058E0DDE90010814272DC029989454FF03E
:10AB5000010115DA8DF88C10474536DC099BADF8FC
:10AB600044300A9BADF84830EB880133ADF84630ED
:10AB70001FA9E388ADF84A305846FEF75CFF16E09F
:10AB8000474519DD8DF88C10099BADF844300A9BC0
:10AB9000ADF84830029BADF846301FA909F1FF33EC
:10ABA0005846ADF84A30FEF746FF4745D6DDDDE9A9
:10ABB00003329342AEDB08E001339B1A1BB2312B08
:10ABC00036DC0C9B8DF88C1008932388ADF844304C
:10ABD0002B88013BADF84830059BADF846301FA9E6
:10ABE000069BADF84A305846FEF725FFDDE90032F6
:10ABF000934294DD0899BDF93C20BDF9403000290D
:10AC000055D1ADF84420ADF84830B4F90220B5F97B
:10AC100002309B1A9E42B8BF1E4636B20F46BE4255
:10AC20000DDC19A8FDF747FF0D98EDF79DFE24E711
:10AC300001238DF88C30029B99458DDBA4E7B4F895
:10AC40000280E588BDF93E3018FA87F80FFA88F8D7
:10AC5000ED1B43452DB203DDBDF94230AB4224DB91
:10AC600022985146FFF781FB5346BDF944102298C4
:10AC70004246EDF759FEBDF93E308DF88C00434554
:10AC800007DC1FA95846ADF84680ADF84A80FEF7AC
:10AC9000D2FEBDF94230AB4207DB1FA95846ADF8E2
:10ACA0004650ADF84A50FEF7C6FE0137B7E7099A9D
:10ACB000BDF93C30ADF84430541EBDF940209442FB
:10ACC000A8BF1446C3F10103ADF848401C44A6B226
:10ACD00024B2002C3CDC0A9BBDF93C20BDF940406D
:10ACE000ADF8484001339342B8BF13460134E41A2B
:10ACF000A5B224B2002CADF8443092DDDDE900327B
:10AD0000934274DD029B994571DA474589DC002640
:10AD1000069BBDF94220013633449A4281DB0B9BEE
:10AD20002298F7183FB22946ADF84670ADF84A7040
:10AD3000FFF71BFBBDF94410229823463A46EDF776
:10AD4000F3FD1FA98DF88C005846FEF774FEDFE76F
:10AD5000DDE90332934227DA029B994524DA47451D
:10AD6000B9DC0025069BBDF9422001352B449A42EF
:10AD7000B1DB0B9B229805EB030A0FFA8AFA3146E6
:10AD8000ADF846A0ADF84AA0FFF7EFFABDF94410C0
:10AD9000229823465246EDF7C7FD1FA98DF88C0077
:10ADA0005846FEF748FEDDE7BDF93E50059BAB4235
:10ADB00004DCDDE903329342D3DAD0E70FFA85FAF7
:10ADC0002298ADF846A03146ADF84AA0FFF7CDFA7B
:10ADD000BDF94410229823465246EDF7A5FD1FA960
:10ADE0008DF88C005846FEF726FE0135DEE7BDF9EA
:10ADF0003E60059BB34204DCDDE90032934286DD10
:10AE000083E70FFA86F92298ADF846902946ADF807
:10AE10004A90FFF7AAFABDF94410229823464A4601
:10AE2000EDF782FD1FA98DF88C005846FEF703FE52
:10AE30000136DEE72DE9F04FABB08A460892B1F952
:10AE400026200590002A00F0F18391F82E300B9314
:10AE5000022B40F2EB83012AB1F92C3005D1002BF3
:10AE600003DC896A002900F0E1830898BAF8281009
:10AE70000688089D80886D880E4411FA83F101448C
:10AE8000BAF82A001FFA83F8054410FA83F30898E9
:10AE9000C088B6B2034402EBD272A6EB0800C2F33C
:10AEA0004F020138801AADF84C00501C80B29FB29E
:10AEB00010FA83F3ADF852300B9B8CB2FE2B10FAD4
:10AEC00081F1ADB228BFFF23ADF85010A5EB08010A
:10AED00001390B93059B8A1AADF84E2013A99A6885
:10AEE00015A801F0D4FA0690002800F09F83089B73
:10AEF0001B88ADF85C30089B5B88ADF85E30089B22
:10AF00009B88ADF86030089B4FF0FF32DB88ADF8CE
:10AF10006230114617A801F09AFABDF86020BDF81A
:10AF20005C10BDF85E00BAF900300132521ABDF86B
:10AF300062100131091A12B209B208F101088A42FD
:10AF400014FA88F41FFA84F9A8BF0A467F1B52102E
:10AF500017FA88F8A9EB06079A421FFA88F13FB260
:10AF60000FFA88F8A8BF1A464745A8BF47467F1082
:10AF70009F42A8BF1F46BAF92630099203EB070B80
:10AF80000BFB0BF040000A91F0F71CFDBAF92640CC
:10AF90000A99079004F0010204EBD473C3F34F0342
:10AFA0000C9264F001021A443A440133A6EB0906FC
:10AFB00092B29BB2ADF87820ADF8763032440B44B3
:10AFC0003D19ADF87420ADF87A303A4600231DA93A
:10AFD00023A8EDF713FE012C284618BF6410F0F7E4
:10AFE000F1FC6B000A93DDF81C802BB206464FF093
:10AFF00000090D934D450CDC3046F0F72DFD23A8DC
:10B00000FDF759FD012C05FB05F640F0DF83002319
:10B0100039E029463046FFF7A8F923AB0093239F78
:10B020000D9B0FFA89F200213046B84740B90A99C2
:10B030004046FFF796F90A9B09F101099844D9E7C0
:10B04000337842469B0193FBF4F322F8023B0A9BC0
:10B05000314603EB08009042EDD00F4611F8013F56
:10B060003F789F4217BF9B0132F8023C93FBF4F3F9
:10B070009BB222F8023BEEE7079A079932F81320B9
:10B080009209CA540133B342F6D113A8EDF7AAFCD2
:10B09000002800F0CD830123099A17A91DA8EDF718
:10B0A000ADFD00211DA8EDF729FC00230F900693AC
:10B0B000BDF85000BDF84C300130C01A00B2F0F7B6
:10B0C00081FC1C21044623A8FFF74BF99AF8253090
:10B0D000BDF950508DF894309AF82E308DF8A43088
:10B0E0009AF802308DF8A530681CBDF84C30ADF8E8
:10B0F000685080B2C21AC2F3C03606FA82F203EB7D
:10B1000062031BB2BDF852200C93BDF84E30BDF95E
:10B110004E6026940132D21AC2F3C03707FA82F287
:10B1200003EB620297B21FFA8BF512B20A92401B30
:10B130000C9A0E9700B2904203F1FF33B8BF10464D
:10B140002B440A9AADF864001BB29342A8BF134681
:10B15000ADF86A30059BADF8666019A99A6823912D
:10B160001BA8289101F093F9002840F06B83BDF9EA
:10B170005020ADF8682001320C99BDF95230ADF87D
:10B180006A30521B12B28A42B8BF0A46ADF8642038
:10B1900001330A9A5B1B01321BB29342B8BF1346BC
:10B1A000ADF86630059B0D9219A99A681BA801F0AD
:10B1B0006EF900283ED0BDF92420109217A91BA8D3
:10B1C00001F064FAB0BBBDF87070BDF96C6006990F
:10B1D000BDF96A90BDF97230BDF95080109A0137FF
:10B1E000BF1B3FB229B117A91BA8109301F097FA12
:10B1F000109B002F1EDDA8EB0B0808F10108A6EB41
:10B200000806A9EB0309079BBDF9728026940BFB86
:10B2100009661E44BDF86C30ADF86430BDF870307E
:10B22000ADF8683002238DF89C30BDF96E3043458F
:10B2300040F36F83BDF84C300A9A2B44ADF864306C
:10B24000BDF850305B1BADF86830BDF94E30ADF83D
:10B250006630013B2B441BB29342A8BF1346ADF8A6
:10B260006A30059B19A99A681BA801F010F9E0B192
:10B27000BDF9248017A942461BA801F007FA07462A
:10B2800098B9BDF87060BDF86C30069ABDF96E9043
:10B290000136F61AB3B2109336B2BDF96630002A01
:10B2A00040F05C83002E00F3A2839AF82E308DF8D4
:10B2B000A430BDF84C300D9A2B44ADF86430BDF885
:10B2C00050305B1BADF86830BDF95230ADF86A30D4
:10B2D00001335B1B1BB29342B8BF1346ADF8663017
:10B2E000059B19A99A681BA801F0D1F8002837D04E
:10B2F000BDF9249017A94A461BA801F0C7F90746D3
:10B3000070BBBDF87060BDF86C300136F61AB3B290
:10B3100036B2002E109323DD069ABDF96A80BDF97E
:10B320007230002A00F070834A4617A91BA81193B7
:10B3300001F0F5F9119B2697A8EB0308079BBDF9CF
:10B3400072700BFB0838BDF86C30ADF86430BDF896
:10B350007030ADF86830BDF96E30BB4240F35683B3
:10B360009AF82E308DF8A430BDF95030ADF8683021
:10B370005A1CBDF84E30BDF852100A982B441BB22F
:10B38000521B491B984212B209B202DA0E9B0133DA
:10B390001BB2ADF866300A9B8B42B8BF0B46ADF8C6
:10B3A0006A300C9B9A42B8BF1A46059BADF86420E0
:10B3B00019A99A681BA801F06AF8002840F059837F
:10B3C000079B0BEBDB704010013B00210AB2934559
:10B3D00000F3B183BDF84E100A98BDF85220BDF9B4
:10B3E0004C30ADF86430294409B28842BEBF0E9992
:10B3F000013109B2521BADF866100A9912B28A42A5
:10B40000B8BF0A46013BADF86A200C9A2B441BB228
:10B4100002F1FF394B45A8BF4B46ADF86830059B9C
:10B4200019A99A681BA801F032F8002840F095830A
:10B43000BDF94C20ADF86420013A2A4412B2BDF99E
:10B440004E30ADF866304A45A8BF4A46013BADF8DC
:10B4500068202B440A9A1BB29342A8BF1346ADF84A
:10B460006A30059B19A99A681BA801F010F80028FA
:10B470003BD0BDF924200B9217A91BA801F006F9B7
:10B4800098BBBDF87070BDF96C600699BDF9663067
:10B490000A930137BF1BBDF96E80BDF964300B9A6A
:10B4A0003FB229B117A91BA80B9301F038F90B9BE8
:10B4B0002694002F19DD0A9AF61AA8EB0208079BBA
:10B4C0000BFB08661E44BDF86C30ADF86430BDF867
:10B4D0007030ADF86830BDF96E8002238DF89C3075
:10B4E000BDF97230434580F29783BDF95220BDF912
:10B4F0004C30ADF86A2001320D99ADF86430521B22
:10B50000013B12B22B448A421BB2B8BF0A464B45DC
:10B51000A8BF4B46ADF86830059BADF8662019A969
:10B520009A681BA800F0B3FF00283AD0BDF9242088
:10B530000A9217A91BA801F0A9F890BBBDF870707A
:10B54000BDF96C600699BDF96A80BDF97230BDF92C
:10B5500064900A9A0137BF1B3FB229B117A91BA8F3
:10B560000A9301F0DCF80A9B2694002F19DDA8EB62
:10B570000308A6EB0906079B0BFB08661E44BDF8F3
:10B580006C30ADF86430BDF87030ADF86830BDF99E
:10B59000728002238DF89C30BDF96E30434540F334
:10B5A0006083BDF84C3026942B44ADF86430BDF870
:10B5B00050305B1BADF86830BDF84E302B44ADF811
:10B5C0006630BDF852305B1BADF86A30059B19A997
:10B5D0009A681BA800F05BFFD0B1099A17A91BA8B5
:10B5E00001F054F8A0B9BDF97030BDF96C205D1CB4
:10B5F000AD1AAEB22DB2002D0ADDBDF96E70ADF8F8
:10B600006420ADF86830BDF97230BB4280F24E83E1
:10B61000069B2BB91DA8FDF74EFA0F98EDF7A4F97C
:10B620000798F0F719FA2046F0F716FA089A0598E5
:10B630005146FEF75BFF089A05985146FEF78BFDD1
:10B640009AF81C70022F64D9BAF91A20002A60D027
:10B650009AF81D6016F03E0F5BD0F30759D4089B93
:10B66000D9889C881D88588801F1010C631C5B1BDC
:10B67000ACEB000C1BB20FFA8CFC6345A8BF634611
:10B68000BAF900C05B106345A8BF6346C6F3440E19
:10B690001FFA82FC36079AB25DBF0CEB02067642B7
:10B6A000B6B2664635441EF0080FADF88C5003BFA5
:10B6B0000CEB02056D42ADB26546641B1EF0020F35
:10B6C000ADF8904003BF0CEB02046442A4B26446A0
:10B6D00020441EF0010FADF88E0003BF0CEB0200FA
:10B6E000404280B26046091AADF892109AF80210F2
:10B6F0000598CDE90271A2EB0C0212B29AF818106B
:10B700008DF8041022EAE2720092089923AAFFF74A
:10B71000B9F89AF82440022C55D9BAF92030002BF8
:10B7200051D00899089EB1F90600089DBAF8221078
:10B73000089A2D887788B2F90420013989B2A5EBDF
:10B74000010C7E1A9BB21FFA8CFCB6B20A44084464
:10B75000C5F10105C7F1010792B280B20D44ADF801
:10B7600074C03944ACEB030CADF87660F61AADF852
:10B770007820ADF87A00ADF88CC0ADF88E6002EBA1
:10B78000030CC6182A44084412B200B28242BAF925
:10B790000010ADF890C0A8BF024652108A42A8BF60
:10B7A0000A469AF802100598ADF89260CDE9024178
:10B7B00013449AF81E108DF8041000921BB21DAAB3
:10B7C00023A9FFF75FF82BB0BDE8F08F2DB221461B
:10B7D000079A2846FEF7CFFD0C9921448CB209B296
:10B7E00001290CDD079A02EB46074FF47F50B0FBAE
:10B7F000F4F097420ED1079A2846FEF7BCFD0023CD
:10B80000B3423FF442AC079A079932F81320CA5466
:10B810000133F5E732F8023B002BEAD0FF2B17BFCC
:10B820009B0122F8020CB3FBF4F322F8023CE0E7A0
:10B83000BAF80230B3F57F4F7FF42DAC4FF0FF33F1
:10B840000F9335E4BDF924200D9217A91BA800F031
:10B850001DFF00287FF48BACBDF87070BDF96C60E3
:10B860000699BDF96E90BDF94E30BDF950800D9A24
:10B870000137BF1B3FB229B117A91BA80D9300F0D8
:10B880004EFF0D9B002F7FF772ACA8EB0B0808F161
:10B890000108A6EB0806A9EB0309079BBDF96E801A
:10B8A00026940BFB09661E44BDF86C30ADF864307D
:10B8B000BDF87030ADF8683002238DF89C30BDF9CA
:10B8C00072304345FFF653AC069BADF86680ADF889
:10B8D0006A80E3B95A4631462046FEF74AFD3B46A8
:10B8E000BDF96C1042462046EDF71EF801280ABF4C
:10B8F00002238DF89C008DF89C30059823A908F14F
:10B900000108FEF798F85E440FFA88F8D7E7269604
:10B91000F3E7069BADF86680ADF86A80E3B95A4656
:10B9200031462046FEF725FD3B46BDF96C104246E8
:10B930002046ECF7F9FF01280ABF02238DF89C008E
:10B940008DF89C30059823A908F1FF38FEF773F8AD
:10B950005E440FFA88F868E42696F3E7424617A992
:10B960001BA8119300F0DBFE119B8046002838D005
:10B97000002E7FF79AACA9EB0309079B26970BFBD8
:10B980000939BDF86C30ADF86430BDF96E70BDF8A2
:10B990007030ADF86830BDF97230BB42FFF685AC4F
:10B9A000ADF86670ADF86A7099F80010B8F1000F44
:10B9B0001FD1109A2046FEF7D2FCBDF96C10334619
:10B9C0003A462046ECF7B0FF012808BF02208DF868
:10B9D0009C00059823A90137FEF72DF8D9443FB202
:10B9E000D9E7002E7FF761ACDDF81880C3E7274662
:10B9F000FAE70B9BFF2B1EBF9AF82E3013FB01F1C9
:10BA0000090A8DF8A410E4E7274694E4069BADF8F4
:10BA10006670ADF86A70CBB9109A98F8001020469D
:10BA2000FEF79DFCBDF96C1033463A462046ECF714
:10BA30007BFF012808BF02208DF89C00059823A9F0
:10BA4000013FFDF7F8FFD8443FB284E44A4617A906
:10BA50001BA800F064FE0B9BFF2B18BF9AF82E204A
:10BA600098F800301CBF13FB02F31B0A8DF8A430BA
:10BA7000E4E7BDF9248017A942461BA800F006FEA2
:10BA800000287FF49DACBDF95030BDF87060BDF961
:10BA90006C70A3EB0B0301330136F61BFF1A0BF19D
:10BAA000FF330BFB0377079B1F44069B1FFA86F9A6
:10BAB00036B2002B3DD0424617A91BA800F02FFE3E
:10BAC0003B46002E26937FF77BACBDF86C30ADF87B
:10BAD0006430BDF87030ADF86830BDF96E80022377
:10BAE0008DF89C30BDF972304345FFF669AC069B7A
:10BAF000ADF86680ADF86A8093B94A46394620466B
:10BB0000FEF737FC3346BDF96C1042462046ECF791
:10BB10000BFF01280ABF02238DF89C008DF89C3092
:10BB2000059823A908F10108FDF785FF0FFA88F8A9
:10BB3000D8E72346C5E703EB0B063246B71AB842EF
:10BB400002DC0131334641E413F8017F92F800C072
:10BB500083F800C002F80179F0E7BDF9248017A945
:10BB600042461BA800F092FD00287FF461ACBDF8AE
:10BB70007060BDF96C70BDF964200136F61BB3B27C
:10BB80000B93BF1A0BF1FF330BFB0377079B1F448B
:10BB9000069B36B2002B3DD0424617A91BA800F0E9
:10BBA000BEFD3B46002E26937FF742ACBDF86C30BD
:10BBB000ADF86430BDF87030ADF86830BDF96E8016
:10BBC00002238DF89C30BDF972304345FFF630AC4E
:10BBD000069BADF86680ADF86A8093B90B9A39463A
:10BBE0002046FEF7C6FB3346BDF96C1042462046A0
:10BBF000ECF79AFE01280ABF02238DF89C008DF80D
:10BC00009C30059823A908F10108FDF714FF0FFAED
:10BC100088F8D8E72346C5E7069BADF86680ADF8FF
:10BC20006A80E3B95A4631462046FEF7A2FB3B46FE
:10BC3000BDF96C1042462046ECF776FE01280ABF9B
:10BC400002238DF89C008DF89C30059823A908F1FB
:10BC50000108FDF7F0FE5E440FFA88F840E42696EE
:10BC6000F3E7069BADF86680ADF86A80E3B95A4603
:10BC700031462046FEF77DFB3B46BDF96C1042463F
:10BC80002046ECF751FE01280ABF02238DF89C00E4
:10BC90008DF89C30059823A908F1FF38FDF7CBFEFD
:10BCA0005E440FFA88F877E42696F3E7314620469B
:10BCB000ADF86670ADF86A70FEF757FB3A46BDF90D
:10BCC0006C102B462046ECF72FFE01378DF89C00B8
:10BCD00023A90598FDF7AFFE3FB294E470B5D0E913
:10BCE000065444B9B5F5807F20D1090219601202CB
:10BCF000049B1A6070BDB0F928404669091BB0F971
:10BD00002A40121B04694E43B5F5807F04FB12667E
:10BD1000046A1AD104EBA6041C60D0E9044353431F
:10BD2000426A04FB013302EBA302E1E7B0F92A40C7
:10BD3000141BB0F92820891A026A05FB01221A6037
:10BD40008369426A03FB0422D2E7754304EBA5240E
:10BD50001C60D0E904435343826904FB013353431D
:10BD6000426A02EBA322C3E72DE9F04FA7B0934646
:10BD70000693BDF9C0300793BDF9C4300E93329BD2
:10BD8000329AB3F90030039151889DF8CC404FF4BA
:10BD90008032B2FBF1F22192329A5E426FF00907D3
:10BDA000526822964FF00A0896FBF8F6774330B2B5
:10BDB000FF1A2592EFF7B4FD751C824628B2EFF703
:10BDC000AFFD054606F15A0000B2EFF7A9FD814626
:10BDD00006F15B0000B2EFF7A3FDA8EB070207FB3B
:10BDE00000F302FB093393FBF8F35B112093BDF9D9
:10BDF00094301B022393BDF996301B027D4324939C
:10BE0000039B02FB0A55039A9B88128895FBF8F561
:10BE100001339B1A9AB20FFA83F9039B1592039A86
:10BE2000DB88528801339B1A1BB26D1114931F9546
:10BE300000230D93BDF93430149A9A4202DC27B0E6
:10BE4000BDE8F08F039B0399B3F902500D9B1D448D
:10BE500018AB00932A461BA8B1F9001017ABFFF7E7
:10BE60003DFF03991AAB0093B1F9041019AB2A46B0
:10BE7000FFF734FFB9F1010F199D17981A9B189914
:10BE80004EDD159A2D1A5B1A013A2D021B0295FB05
:10BE9000F2F593FBF2F30A95089300F180030F93F8
:10BEA00001F180031093329B1D7C15F0010574D1C4
:10BEB000052C39D004F0FD03042B3AD1EBF728FF11
:10BEC0000368359893F838604A46FF2102F01BF961
:10BED00028462B461AB291452BDD0F9A02EB2521FD
:10BEE00009120AD4069A914207DA109A02EB20222C
:10BEF000121202D4079FBA4248DB359A4FF0000174
:10BF0000D154062C06D1349AD25CB24202BF359A83
:10BF10000021D154089A10440A9A01331544D9E7F4
:10BF2000002308930A93B8E729462A4613B2994595
:10BF300008DC349B4B443493359B4B4435930D9B29
:10BF4000013376E70F9B03EB21231B121CD40698C9
:10BF5000834219DA109800EB2520001214D4079EB2
:10BF6000B04211DA0E9E00FB0633349E0BEB430009
:10BF70001BF81330B3544378359883540A9B194403
:10BF8000089B01321D44D1E70023F5E70E9F02FB19
:10BF900007B2525C3499CA54B3E7052C33D0062C4F
:10BFA00008D0042CC5D14FF0000801230493CDF82C
:10BFB000448007E0EBF7ACFE036893F83880012378
:10BFC00004931193DDE9343505930023CDE9123351
:10BFD0000993BDF948309945ABDD0F9B099A03EBF6
:10BFE00022265FEA262E0BD4069B9E4508DA109B7C
:10BFF000139A03EB2220011202D4079B994208DB1B
:10C000004FF000038CE0022304934FF0000801235B
:10C01000D7E7F2B2360655BFC2F17F02803A52002E
:10C02000520055BF0C920C924FF0FF3201220E9E2F
:10C030000B9202060B9AC3B206FB01EC049E54BF9E
:10C04000C3F17F03803B0EEB020A59BF5B004FF048
:10C05000FF305B00012006FB0CFCBAF1FF3F0BEB4D
:10C060000C0675D0069A524540F388800A18174688
:10C07000013200F08380079ABA427FDD049A0B9F59
:10C0800057430E9A5043049A5043119A06EB070EF9
:10C090003118002A4ED0052C28D196F801A04978F5
:10C0A0009EF801E08A453DD1F2450BD00C9AC2F5CD
:10C0B00080720B920C9A0EFB02FE0B9A0AFB02EEA8
:10C0C000CEF3072E71444910297099B9129B089A32
:10C0D00001331293059B01330593139B1344139370
:10C0E000DDE9093213440135099372E7062C0CD0BF
:10C0F000FF222A701BF80C20315CF75D914220D1A1
:10C10000B9421ED1059B1970E0E71BF80C2042458F
:10C1100005D0325C424502D0F25D4245E8D10023B1
:10C120002B70D3E75943C3F580720AFB0211C1F3A8
:10C130000721B9E7315C1BF80C20F75DFF20287060
:10C14000DCE713F0800F059B18BF0A461A70BDE7A5
:10C15000059A1BF80CC082F800C0052C0BD0062CE9
:10C1600030D04FF0FF0C0C9BC3F1FF020CFB02F22E
:10C1700012122A70AAE796F801C0F4E7059A1BF894
:10C180000CC082F800C0052C19D0062C1AD04FF034
:10C19000FF0CBEF1000F1DD1BAF1FF3FE3D0069AAC
:10C1A000012AE0D0E1B9013003D0079A012A7FF4D7
:10C1B00027AFC3F1FF030CFB03F31B12B0E796F8A4
:10C1C00001C0E6E7BCEB080C18BF4FF0FF3C5FFA7C
:10C1D0008CFCDEE7069A561EB645E3D10B9ADFE7E4
:10C1E000079A013A91427FF40BAF0128DFE77047CD
:10C1F000436818472DE9F047002480460D469246D3
:10C2000099460C6006465EB9CCB126684B4652464C
:10C2100029462046B04726462E600120BDE8F0871B
:10C2200037684B46524629463046B84728B1AB7B63
:10C23000DB06F1D5002C08BF34467669E3E7BAF196
:10C240001F0F1FD94FF6FF039A451BD042F20C0374
:10C250009A4517D0B8F9084004EBD474C4F34F04DE
:10C26000A31C9BB20020EC80AB802860B8F808309B
:10C270002B81AB7B688123F01F0343F01103A8815E
:10C28000AB73CBE72346EDE71FB513460A46694675
:10C29000FFF7B0FFBDF8040005B05DF804FB0378BC
:10C2A0000A78934209BF4B78981A4078C01A7047B1
:10C2B00003880A88934209BF4B88981A4088C01A9D
:10C2C000704700880B88C01A704710B5092908BF4D
:10C2D00020210469EEF7F2FE58B1E37C3F2B9FBFAB
:10C2E000636853F830302068C3F3130394BFC01859
:10C2F000002010BD70470A46002101F004BFF8B5C8
:10C3000004460D4617461E461C21FFF7F4FFC4E9FC
:10C310000057C4E90256F8BDC26800231361C26821
:10C3200053617047C3685869003818BF01207047CF
:10C330000368D868704708B501F006FD4FF47A72BB
:10C34000A0FB020302FB0133C00B40EA434008BDDF
:10C3500038B5044601F0F8FC4FF47A75A0FB0532BD
:10C3600005FB0122DB0B43EA4243181B38BD13B522
:10C370004FF48063009304460023C26A006B1946A1
:10C3800000F055FC226AA36A9B1A584302EBA020D6
:10C3900002B010BD891A0029B8BF49424FF47A7221
:10C3A000034651439942B1FBF0F038BF013070476A
:10C3B00037B54FF48065009500230446C26A006BD0
:10C3C000194600F034FC009540F2B6334FF4617228
:10C3D000002100F00CFC226AA36A9B1A584302EB6E
:10C3E000A02003B030BD30B5B0F90050B0F9043032
:10C3F00040885B1B03EBD373121A5C10C3F34F032B
:10C40000491BD21AC91A12FB02F2644311FB012123
:10C410008C4234BF0020012030BD8380BDF9003044
:10C4200001804280C3807047438801391944C1802C
:10C430007047B0F90030B0F90420B0F90210D21AF8
:10C44000B0F90630581A013002FB0000704703882B
:10C4500089B25B1A0380838819444388818092B231
:10C460009B1A4380C3881A44C2807047038813FA1A
:10C4700081F30380838813FA81F14388818013FA62
:10C4800082F34380C38813FA82F2C280704770B58A
:10C49000B2F90050B1F900309D42B8BF1D46058089
:10C4A000B1F902300446B2F902008342B8BF034634
:10C4B0006380B2F90400B1F90460B042A8BF30460D
:10C4C000A080B2F90620B1F906108A42A8BF0A4638
:10C4D0008542E28004DC9342CCBF0020012070BD85
:10C4E0000020FCE710B5B1F90040B2F90030A342DA
:10C4F000A8BF23460380B2F90230B1F90240A3423B
:10C50000A8BF23464380B2F90430B1F90440A342E6
:10C51000B8BF23468380B2F90630B1F906209342B2
:10C52000B8BF1346C38010BD2DE9F04FB1F900909C
:10C53000B0F90040A14587B08846C0F28880B0F9C4
:10C5400004300193994500F38280B1F902A0B0F95B
:10C5500002B0DA457BDBB0F906309A4577DC002A79
:10C5600003DC012007B0BDE8F08FBDF804000290A5
:10C57000A7B20130C01B9EB2ADF81040C0F3C0346A
:10C580001FFA8BFC04FA80F0741CA4EB0C04C4F3B7
:10C59000C03505FA84F540106D10A842A8BF2846A2
:10C5A0009042A8BF10461CFA80F417FA80F70022C8
:10C5B00085B2BFB224B204A80393ADF81470ADF8ED
:10C5C00012B0ADF81640FFF7AFFF039B024640B133
:10C5D0003D44ADF814505246494604A8FFF703FF06
:10C5E000C0E7761BB6B2414604A8ADF81260ADF8BC
:10C5F0001630FFF799FF024630B12F44751BADF896
:10C600001470ADF81250E6E7029B5F1BBFB2019BAE
:10C61000ADF81070414604A8ADF81430FFF784FF60
:10C62000024630B17F1B761BADF81070ADF812607A
:10C63000D1E7414604A8ADF812B0ADF81640FFF7B7
:10C6400073FF00288DD07F1BADF81070C3E700206A
:10C6500088E7B0F90020B1F904309A4214DCB0F94F
:10C660000420B1F900309A420EDBB0F90220B1F992
:10C6700006309A4208DCB0F90600B1F9023098425F
:10C68000B4BF002001207047002070472DE9F3411E
:10C69000B0F90070B1F90030BB420C46154603DD1D
:10C6A000002002B0BDE8F081B0F90230B1F902100B
:10C6B0009942F5DCB0F90460B4F90410B142EFDB43
:10C6C000B0F90680B4F906104145E9DB2AB301A9A7
:10C6D0002046ADF80470ADF80630FFF725FF0028BE
:10C6E000DED02A4601A92046ADF80460FFF71CFF02
:10C6F0000028D5D02A4601A92046ADF80470ADF82F
:10C700000680FFF711FF0028CAD02A4601A920465B
:10C71000ADF80460FFF708FFC3E70120C1E72DE98A
:10C72000F341B0F90460B1F90030B3420C4615464C
:10C730003FDCB0F90680B1F90230434539DCB0F98D
:10C740000070B1F90430BB4233DBB0F90230B1F90B
:10C75000061099422DDB1AB9002002B0BDE8F08125
:10C7600001A92046ADF80470ADF80630FFF7DCFEF5
:10C770000028F1D12A4601A92046ADF80460FFF750
:10C78000D3FE0028E8D12A4601A92046ADF804705E
:10C79000ADF80680FFF7C8FE0028DDD12A4601A9C2
:10C7A0002046ADF80460FFF7BFFE80F00100C0B284
:10C7B000D3E70120D1E7102A00F1100303D8024487
:10C7C000904223D1704703F8101C03F80F1C03F8A4
:10C7D0000E1C03F80D1C03F80C1C03F80B1C03F8CB
:10C7E0000A1C03F8091C03F8081C03F8071C03F8CB
:10C7F000061C03F8051C03F8041C03F8031C03F8CB
:10C80000021C03F8011C103A1846D4E700F8011B7B
:10C81000D6E70A46002101F076BC01F04CBC38B5E1
:10C8200004464068B0B1C368B3B1216898476368F3
:10C830005B88054643B1A36833B1D86808B1EFF708
:10C84000A3F8A068EFF7A0F80023C4E90033A360C1
:10C85000284638BD0B25FBE70925F9E72DE9F04F00
:10C86000044687B00E461546994613B10023C9F811
:10C8700000306068002800F0AB80D0F810B0BBF149
:10C88000000F00F0A88000230493B0F80280B8F1F4
:10C89000000F00F09580A268D2E9001CD2F808A031
:10C8A000D7688A455CD3E2455AD2AAEB010189B226
:10C8B000ACEB0A0AA8EB0102924528BF9246554507
:10C8C00039440CD82A463046FFF7A7FF0495A268E2
:10C8D000049993680B4493604FF000081FE03046C2
:10C8E0005246FFF79AFF0023059306EB0A036068A0
:10C8F000039305AB009345450669A5EB0A0B18D9D0
:10C90000039A21685B46B0478046059B9A44AA4536
:10C9100094BFCDF810A00495B8F1000FD7D0B9F1AD
:10C92000000F02D0049BC9F80030404607B0BDE8B4
:10C93000F08F216843463A46B047A3685A681A60A8
:10C94000A168059A0B689345134428BF9346804617
:10C950004B6003981FFA8BF23946FFF75EFFD4E76E
:10C96000454507D904AB009321682B463246D8478A
:10C970008046D1E73FB940460392EEF7FDFF039AA8
:10C98000D060A368DF6860680023059305AB00935F
:10C990002168D0F810B043463A46D847A368C3F898
:10C9A00000A0A168059A0B68AA42134480464B6018
:10C9B00028BF2A46394630460492FFF72EFFABE7E0
:10C9C00004AB009321682B463246D8478046A6E741
:10C9D0004FF00B08A9E74FF00908A6E737B5044662
:10C9E00040681346002837D08569002D36D042882C
:10C9F000002A2FD0012B18D0022B1BD013B10020FE
:10CA000003B030BDA3689960A3689A6819688A4228
:10CA100002D35B689A42F2D9606885690023216875
:10CA2000AC4603B0BDE830406047A26893680B4451
:10CA30009360E9E70A462168A8470028E0D16068CA
:10CA40002168C36901AA98470028D9D1A368019A2F
:10CA50009A60D5E70A46E2E70B20D1E70920CFE745
:10CA6000F8B5064617460C46002930D00878EEF790
:10CA70002BFF054668B343681BB9AB6833B909207F
:10CA800003E098470028F8D10120F8BD62783A2ADF
:10CA900014BF611CA11C3A4628469847431E033325
:10CAA00019D8C6E900056B880BB90020EDE7102006
:10CAB000EEF762FF1021B060FFF7ABFEB3684FF0F6
:10CAC000FF321A60B3686FF001025A60EDE70B2085
:10CAD000DBE70320D9E70C20D7E709B10368CA5088
:10CAE000704711B1036819444A607047033100234D
:10CAF00021F00301C0E901330160704738B50446F5
:10CB000000680830EEF738FF054680B10146002284
:10CB10002046FFF7E2FF6268FFF7E3FF616811B1AB
:10CB20002A46FFF7DAFFA368656003B9A5602846C7
:10CB300038BD38B5054600680830EEF71DFF0446DD
:10CB400088B1014600222846FFF7CBFF2146AA689C
:10CB5000FFF7C3FFA96811B12246FFF7C2FF6B6858
:10CB6000AC6003B96C60204638BD38B50B4640B1A7
:10CB7000D0E90014A3420AD10B445968416009B9B5
:10CB8000816038BD0022BDE83840FFF7A6BF856848
:10CB90005C58AB4209D184600CB94460F1E721468E
:10CBA0000022BDE83840FFF79CBF0B4421465D687A
:10CBB0002A46FFF796FF22462946E4E700B140687F
:10CBC000704700B18068704703681944486870472F
:10CBD0000368C858704730B1436833B98068B0FA09
:10CBE00080F0400970470120704700207047F0B581
:10CBF00000FB00F6C0F58064B60A059F04FB04F54F
:10CC000042437043AD0A800A6A437843634302EBB0
:10CC1000420273436C43800A00EB125003EB430360
:10CC2000A40A00EB13504C4300EB9420F0BD10B568
:10CC30008A4204461846029B04DBA2420EDDA14252
:10CC400004DB10BDA24209DAA142FADD1B1A641A04
:10CC50005C43521A94FBF2F42044F2E71846F0E7E2
:10CC600070471080196070470A46002101F04BBAE6
:10CC70000821FFF7F9BF10B582884FF6FF739A427B
:10CC800004460BD0C379012B02D90068EEF77CFE75
:10CC900020460821BDE81040FFF7E6BF10BD2DE992
:10CCA000F04183884FF6FF72934204460F4653D0FB
:10CCB000C079002850D0012809D1C3F30D038B425D
:10CCC0004AD10023A380E3710120BDE8F0812668EA
:10CCD00001B206EB8005002335F81320C2F30D02E4
:10CCE000BA4236D102280FD10122E2713BB96B88DA
:10CCF000A380736823603046EEF746FEE4E736F81B
:10CD00002130A3803368F5E7013806235843EEF756
:10CD100033FE08B3E3792060013BDBB20022E3710C
:10CD20004FEA8308023D114635F802CFBC450AD0D0
:10CD300056F8223040F8213000EB410CB5F800E005
:10CD40002CF808E0013194F807C001329445EBD289
:10CD5000D1E701339842BFD80020B6E7F8B50546C1
:10CD60001446AA88EB7908464FF6FF718A421CD117
:10CD700000229A4201D3002313E0296801EBC20686
:10CD800031F83210C1F30D07B8420CD10A042FD488
:10CD90004B0403D5EEF78EFE206001E0736823603C
:10CDA00001231846F8BD0132E3E7002BF9D0012B2F
:10CDB00014D02E68002206EB830535F8021BC1F360
:10CDC0000D07B84206D10F0412D44D04E2D456F830
:10CDD0002230E4E701329A42EFD3CCE7C2F30D03ED
:10CDE0009842C8D1110403D45304D3D42B68D6E796
:10CDF0000223D6E7C079B0FA80F0400970470009F5
:10CE000010F0180F0CBF00F01F00072070472DE92D
:10CE1000F0471E46838817464FF6FF72934204463A
:10CE20000D4648D090F807E0BEF1010FC1F30D08A0
:10CE300043D90EF1FF3300684FEA430C0CEB8E0C24
:10CE400084446246ACF1020C1188C1F30D0188459F
:10CE500007D100EB830339462846B446BDE8F047C6
:10CE60006047013BEDD206210EFB0111EEF796FD66
:10CE7000814600B3E179206000EB81004A00014661
:10CE8000043001F026F9E1790131C9B28A00E1717B
:10CE900001F100410139131F02EB41024B444A44A6
:10CEA00028463946B0474046FFF7A9FF0123834093
:10CEB000A0791843A071BDE8F0871CD1C3F30D031E
:10CEC000434502D10346021DC5E70C20EEF754FD91
:10CED0000028F0D0E379B4F804C021682060013361
:10CEE000DBB2E37100EB830220F823C00346023279
:10CEF00043F8041BD4E70123C371021D0346CFE7A7
:10CF0000037D43F0010303757047037D6FF3000356
:10CF10000375704710B50446FFF70DFA2368C31A6E
:10CF2000013B636010BD73B500230246019301B954
:10CF300001A90B68D556D05C002D03F1010402DB7A
:10CF40000C6002B070BD00F0E005C02D0ED10C6089
:10CF5000125D02F0C004802C4CD1800100F4F86016
:10CF600002F03F02104402330B60EAE700F0F005E4
:10CF7000E02D17D10C60145D04F0C005802D39D16F
:10CF80009D1C0D60525D02F0C005802D32D1000362
:10CF900080B202F03F02A401104404F47C642044F7
:10CFA0000333E1E700F0F805F02D0C6022D1145DA9
:10CFB00004F0C005802D1DD19D1C0D60555D05F050
:10CFC000C006802E16D1DE1C0E60925D02F0C006F7
:10CFD000802E0FD180042403AD0100F4E01004F48E
:10CFE0007C3405F47C6502F03F02044315442819A3
:10CFF0000433B9E70020A4E7232903780FD113B93C
:10D000000123037009E0012B4FF0000202D10270EE
:10D0100000207047022BFBD1027001207047012BCA
:10D02000F6D12029F9D10223EBE72DE9F0430F4691
:10D0300085B090461D46064620B90024204605B01E
:10D04000BDE8F083002AF8D00378002BF5D0002447
:10D0500001948DF803400029EFD09DF8309009F03D
:10D06000010919E001AB03AA02A93046EEF7CEFF91
:10D07000B9F1000F05D002990DF10300FFF7BCFFD5
:10D0800050B9DDE902124046FFF7FEF803B2002B6B
:10D0900002DD2C44044424B2019BBB42E2D3002CA9
:10D0A000C4BF651B2CB2C9E72DE9F04F87B000253E
:10D0B000BDF94080BDF944A09DF848B003930446F3
:10D0C0001646058045800F4611B30AB341F6FF733B
:10D0D0001BF0020F18BF9A46B2F908300493138967
:10D0E0000293434405937B5D07EB05099BB955B15A
:10D0F00019F8013C0A2B01D00D2B04D1029B628848
:10D10000434413446380B4F9023033BB049B63800F
:10D1100007B0BDE8F08F0023039A009331465346D1
:10D12000CDF804B04846EEF75BFEB4F90230059A3C
:10D130001344B3F5004F01460544E9D263803246FB
:10D14000039BCDF800B04846FFF76FFFB4F90030FD
:10D150008342B8BF03462380C5E7A3EB0803D6E7A5
:10D160002DE9F047089D80460F46144699460CB9B4
:10D17000264612E04FEA540A09FB0A763146404639
:10D18000A847002808DDE44304F00104AAEB040AE0
:10D1900006EB09075446EAE7FCD13046BDE8F087C4
:10D1A00037B50346044653F8082B6169D26C106802
:10D1B000826800919568A188E288A847206803B03A
:10D1C000BDE83040FFF7A8B82DE9F04F8B88CE8836
:10D1D000C76C93460A883D6801339B1A4A8801361A
:10D1E000B61AFA6889B080460C461FFA83F902F035
:10D1F000040AFFF797F8B6B20390BAF1000F08D00F
:10D200003A7D32B928B9AA682846126890470122A7
:10D210003A75ADF81C90AB68CDF800B006FB09F28A
:10D22000D2080592ADF81A6062889E682188ADF830
:10D23000189005AB2846B047FB681B0708D5AB68BC
:10D24000CDF800B09E686288218805AB2846B047BB
:10D25000BAF1000F09D0039B3BB13B7D2BB1AB680A
:10D2600028465B68984700233B754046FFF754F813
:10D2700009B0BDE8F08FF0B5C06CBDF91440C668C8
:10D280009DF8185006F00207F6071FD5002C264619
:10D29000B8BFE61DF61016FB0232634203F0070327
:10D2A00004F0070458BF5C421144E3B217B1C3F164
:10D2B0000703DBB2007C0A78012404FA03F3042894
:10D2C000DBB218D1CDB922EA030317E0544348BFBB
:10D2D0000734002B1A464FEAE404B8BFDA1D04EB0A
:10D2E000E2045A4202F0070203F0070358BF534218
:10D2F0002144DBB2DAE7002DE5D113430B70F0BD1A
:10D30000C26CD368D80605D500230B809388013BF7
:10D310008B807047DB0708D54B8823F007034B80D1
:10D32000CB8843F00703CB8070470B8823F00703BB
:10D330000B808B8843F00703EAE730B50D884C88F3
:10D340008B88C9880133013187B05B1B091B9BB2F5
:10D3500089B2009001FB03F0400002906846ADF8EE
:10D360000450ADF80640ADF80C30ADF81030ADF813
:10D370000E100592FFF714FF07B030BDBDF9000095
:10D3800000FB02339DF80400003818BF0120404222
:10D3900021F81300704730B50D884C888B88C988F8
:10D3A0000133013187B05B1B091B9BB289B200902E
:10D3B00001FB03F000EB400002906846ADF804501A
:10D3C000ADF80640ADF80C30ADF81030ADF80E10E9
:10D3D0000592FFF7E5FE07B030BD10B5BDF90800B6
:10D3E00000FB02339DF80C20002A03EB430314BF1B
:10D3F0004FF0FF324FF07F42C818C2F30744CC54BD
:10D40000C2F307234370827010BD30B50D884C887D
:10D410008B88C9880133013187B05B1B091B9BB224
:10D4200089B2009001FB03F0800002906846ADF8DD
:10D430000450ADF80640ADF80C30ADF81030ADF842
:10D440000E100592FFF7ACFE07B030BD30B59DF869
:10D450001440BDF90C509DF81000FF2C05FB023361
:10D4600008D1002814BF4FF0FF324FF07F4241F83F
:10D47000232030BD240658BF11F82300F1E7002017
:10D480007047282904D02D2912D06FF085007047ED
:10D490004FF47A714388B3FBF1F313604388B3FB15
:10D4A000F1F001FB10339BB24B43536000207047F7
:10D4B000037913600023F8E741F2670398420ADC1E
:10D4C00040F67A53984208DD0F234000B0FBF3F09A
:10D4D0003530C0B270476420704700207047006943
:10D4E0001C30FFF7CEBF70B504786FF341040470B1
:10D4F00004F0010504888D42C4F38D0609D1B242BF
:10D5000003DD6FF38F04048070BDB61A66F38F04D9
:10D51000F9E7D3E9001314F0010F18BF19468E4242
:10D5200008D21644B6F5804FF0D343F6FF7363F389
:10D530008F04E8E785F0010444F00204E3E7008883
:10D5400020F0020080B2003818BF01207047007838
:10D5500000F0010070470078C0F34000704708B148
:10D56000CEF7DCBC7047704740B1C368587810F004
:10D5700001001EBF1878B0FA80F0400970474FF0E4
:10D580002002EFF3118382F31288BFF36F8FFEE75F
:10D5900008B5FFF7F4FF00F0B6BD00F08CBD10B485
:10D5A00000F10C04C0E903445DF8044BF1F790BAB4
:10D5B0002DE9F04F87B0DDE9106705463B469146FF
:10D5C00004A83246884600F0C1FBDDE9043405F1C9
:10D5D000140ACDE902344FF02003EFF3118483F3F2
:10D5E0001288BFF36F8F05F10C0B4A46414628465F
:10D5F000F1F772F930B184F31188BFF36F8F07B080
:10D60000BDE8F08F3E43F6D0DDE9022304A800F028
:10D61000C1FBDDE904675A46CDE900672146504663
:10D62000EFF71EFD4FF02003EFF3118483F3128810
:10D63000BFF36F8FD9E738B504464FF02003EFF3FF
:10D64000118583F31288BFF36F8FF1F70DF904F1A1
:10D650000C0000F02CFB30B1294604F11400BDE8A9
:10D660003840EFF761BD85F31188BFF36F8F38BD88
:10D6700082684369134313F003030CD1C36001694B
:10D68000994201D800207047C16811604169C260A9
:10D6900001330A44F3E76FF015007047F8B504460C
:10D6A0000D464FF02003EFF3118683F31288BFF38A
:10D6B0006F8FC7686FB900F0B0FA50B1C7674561A6
:10D6C00000F04CFA314604F10800BDE8F840EFF7ED
:10D6D0002BBDE3682B60A369E560013BA36186F382
:10D6E0001188BFF36F8FF8BDEFF30580003818BFC6
:10D6F000012070476FF057007047EFF727BD08B55E
:10D700004FF02002EFF3118382F31288BFF36F8F83
:10D71000CEF7C4FAF4E790F90E308B4201D0EFF760
:10D72000BDBC0020704703460020C3E90200C3E9E6
:10D73000003370472DE9F843994604469DF82030A0
:10D740000D46904600F108064FF02002EFF31187D6
:10D7500082F31288BFF36F8F03B14568304600F043
:10D760005CFA58B10023C367C0F8148000F0F6F9E2
:10D7700030463946EFF7D8FC00200CE0B9F1000F35
:10D780001BD00821F0F71AF938B987F31188BFF3D5
:10D790006F8F6FF00B00BDE8F8830122C0F80480A2
:10D7A0000260016801F003015DB922680A4302606A
:10D7B000626820606AB960600BE0C8F8009040467B
:10D7C000EFE72A68032A10D80160616839B9C4E913
:10D7D0000000042104F1100000F046FCC8E70A68CC
:10D7E00002F0030202430A60E5E722F003020A4363
:10D7F00002602A6802F0030240EA02032B60E8E7B5
:10D8000010B5044630B10268930703D0446809B1EB
:10D8100000F04AFC204610BD0023C0E9003300F1AF
:10D820000803C0E9023300F11003C0E90433704774
:10D8300070B5044600F108054FF02003EFF31186A0
:10D8400083F31288BFF36F8F284600F0E6F920B10A
:10D850000022C267426100F081F904F11000082142
:10D8600000F002FC31462846BDE87040EFF75CBC92
:10D8700007B50123009300230A461946FFF75AFF14
:10D8800003B05DF804FB07B500230A460093194670
:10D89000FFF750FF03B05DF804FB00680021FFF7BD
:10D8A000AFBF5AB18A4209D300F11003C0E9021296
:10D8B000C0E90000C0E90433002070476FF0150094
:10D8C0007047026801238B4022EA0303036022FAB7
:10D8D00001F000F00100704710B5032104460C3040
:10D8E000FFF7EFFF30B104F1100000F013FAB0FAC7
:10D8F00080F0400910BD20B100221146D03000F068
:10D90000E6B9704770B5C368C3F340069B07044689
:10D9100016D4856802210C30FFF7D3FF80B1D5F80B
:10D92000C8206AB194421DD122689EB9D5F8CC3086
:10D93000C5F8C8209C4201D1C5F8CC200023236043
:10D94000E36813F00F001EBF43F00203E36040F0F2
:10D95000020070BD3260D5F8CC20944208BFC5F8F3
:10D96000CC60EBE716461268DBE773B504464FF070
:10D970002003EFF3118583F31288BFF36F8F002329
:10D98000A0F11006032104380193FFF79AFF28B194
:10D99000A369019301A93046EFF724F985F31188B3
:10D9A000BFF36F8F02B070BD38B504460D4610222C
:10D9B000002100F0A8FB656038BD4FF02002EFF3B6
:10D9C000118382F31288BFF36F8FC06800F00F00DD
:10D9D00083F31188BFF36F8F704713B5019008462A
:10D9E0004FF02003EFF3118483F31288BFF36F8F9E
:10D9F00001A9EFF7F7F884F31188BFF36F8F02B036
:10DA000010BD10B5FFF7E9FF041E09DD4FF020033C
:10DA1000EFF3118083F31288BFF36F8F00F031F9B9
:10DA2000204610BD08B5E822002100F06CFB08BDBF
:10DA300038B5302204460D46002100F064FB4FF457
:10DA400080736560E36038BDFFF7B7BF38B5044643
:10DA50004FF02003EFF3118583F31288BFF36F8F2C
:10DA6000FFF73AFF2046FFF74DFF85F31188BFF31C
:10DA70006F8F38BDF8B504460D464FF02003EFF325
:10DA8000118683F31288BFF36F8FC36803F00F030F
:10DA9000002B14BF0127002705D186F31188BFF39F
:10DAA0006F8F3846F8BDFFF717FF2046FFF72AFFB4
:10DAB00029462046EFF778F886F31188BFF36F8F79
:10DAC0000028EED04FF0FF324FF0FF3305F1080091
:10DAD000EFF706F8E5E7D0E9003213605A6000235B
:10DAE000C0E90033704708B5FFF7F5FF437B23F02B
:10DAF000020343730023836008BD90F90E3091F94F
:10DB00000E00834214BFC01A0020704738B5044687
:10DB10000D46EFF745FA637B43F002036373E5B10B
:10DB2000A5602B689D4209D16B68C4E900531C6055
:10DB30006C6012E06A689342F6D01B68002BF3D049
:10DB400094F90E2093F90E108A42F3D09142F1DD40
:10DB50005A68C4E9003214605C6038BD10B54FF0FB
:10DB60002003EFF3118483F31288BFF36F8FEFF775
:10DB7000E3F984F31188BFF36F8F10BD08B54FF040
:10DB80002002EFF3118182F31288BFF36F8F836855
:10DB90000BB1FFF7A8FF81F31188BFF36F8F08BDAA
:10DBA00038B504464FF02003EFF3118583F3128854
:10DBB000BFF36F8F437B13F0280F0BD183680BB13A
:10DBC000FFF791FF637B51B903F0FB0363732046BA
:10DBD000EFF7B2F985F31188BFF36F8F38BD03F00B
:10DBE000EB03F3E701211838FFF7DABF08B5034666
:10DBF0004FF02002EFF3118182F31288BFF36F8F91
:10DC00000068834207D008B1FFF76DFF81F31188E8
:10DC1000BFF36F8F08BD0020F8E738B54FF0200341
:10DC2000EFF3118583F31288BFF36F8F0468A0426E
:10DC30000DD034B12046FFF756FF04F1180000F074
:10DC400069F885F31188BFF36F8F204638BD002433
:10DC5000F7E710B501464FF02003EFF3118483F38B
:10DC60001288BFF36F8F83680BB1FFF73CFF84F31B
:10DC70001188BFF36F8FBDE8104001F1180000F06C
:10DC800049B8034620B9EFF305820AB9CDF7ACBE17
:10DC900083F31188BFF36F8F70474FF02003EFF3CA
:10DCA000118083F31288BFF36F8FFFF7EABF38B597
:10DCB000054600202C68A54200D004B938BD204696
:10DCC000FFF7C7FF2046FFF749FF0120F2E738B50D
:10DCD0004FF02003EFF3118583F31288BFF36F8FAA
:10DCE0000468A04212D09CB1E16762612046FFF750
:10DCF000FAFE04F1180000F00DF82046EFF71CF9C9
:10DD0000012085F31188BFF36F8F38BD0020F8E73D
:10DD10002046F6E710B54FF02002EFF3118482F3AE
:10DD20001288BFF36F8F03683BB1EFF70DFC002043
:10DD300084F31188BFF36F8F10BD6FF01500F7E704
:10DD400008B5EFF7FDFC08BDEFF7FABCB3F1FF3FF4
:10DD500008BFB2F1FF3F70B504461D46164613D00A
:10DD60001A4315D06FF00102921B4FF0FF3363EBA3
:10DD70000501002904DAEFF7E3FC821941EB050104
:10DD8000C4E90021204670BD4FF0FF321146F7E78D
:10DD90000022FBE7B3F1FF3F08BFB2F1FF3FF8B548
:10DDA000074616461C4610D054EA020311D0EFF77E
:10DDB000C7FCB0420A46A14103460AD2F31A64EBFB
:10DDC0000204C7E900343846F8BD4FF0FF331C4663
:10DDD000F7E70023FBE710B50446FFF79BFFB0B958
:10DDE000636A0BB12046984704F11800FFF7FEFE66
:10DDF00068B1FFF7B3FE4FF02003EFF3118083F318
:10DE00001288BFF36F8FBDE81040FFF73ABF10BD17
:10DE10001423F0B503FB010000244FF48B7601B905
:10DE2000F0BD10F8073C40F80C4C03F03F03082B02
:10DE3000A0F114070CD826FA03F3DB0708D550F835
:10DE4000143C2BB150F8105C2B605D6040E9054438
:10DE500082F31188BFF36F8F4FF02003EFF311822D
:10DE600083F31288BFF36F8F01393846D7E7F8B5CF
:10DE70000D46D0E900138842044605D16368C5E920
:10DE800000431D6065601DE0002BF7D0986800B16D
:10DE90006038A2F160073946FFF72FFE0028EDDC5D
:10DEA0002668B442EAD0002EE8D0B16801B16039EA
:10DEB0003846FFF722FE002805DD7368C5E90063D8
:10DEC0001D607560F8BD63689E42D7D03668EAE78A
:10DED0002DE9F84F00258B4614461F4682462E46F4
:10DEE000A8465D4502DB3046BDE8F88F4FF02003C1
:10DEF000EFF3118983F31288BFF36F8F9AF80D3017
:10DF000003F03F03013B072B0FD8DFE803F01E04AB
:10DF10000E0A0E0E0E25DAF810309B682BB1022384
:10DF200020E0DAF810301B688BBB47BB237833B393
:10DF30009AF80D3003F03F03013B072B30D8DFE8A0
:10DF400003F033282F282F2F2F38DAF810309B6852
:10DF5000002BEAD0012305E0DAF810301B6A002B11
:10DF6000E3D01023DAF80C20CAF80880C2F3863117
:10DF70000B4363F39432CAF80C2084F8008089F3D1
:10DF80001188BFF36F8F01350AF1140AA9E7042342
:10DF9000E8E7DAF81000224651461030FFF767FF35
:10DFA000CAF808400136EAE7DAF81000224651467E
:10DFB000F4E7DAF81000224651462430EEE72DE966
:10DFC000F041846805460E46ECB16378012B25D1FB
:10DFD00014F8533C9A0714D5A4F160073846FFF7AC
:10DFE00038FE082E0CBF6FF003030023E36114F822
:10DFF000533CDB0605D154F8483C13B93846FFF7CB
:10E00000ADFD00232370EB68C3F386321643002076
:10E0100066F39433A860EB60BDE8F081022BF0D189
:10E020002378002BEDD054F8048CB8F1000FE8D021
:10E0300004F11400FFF76EFEA4F114070023E3625D
:10E0400039464046FFF7C9FCDBE710B55205090227
:10E0500001F47C5102F400120A43017B00240A43BC
:10E06000C0E90323846010BD10B503464FF02002C1
:10E07000EFF3118482F31288BFF36F8F006883423D
:10E0800008D0D0E9003213605A600023C0E90033A1
:10E09000FFF795FF84F31188BFF36F8F10BD002346
:10E0A000C0E900008360704720B1011F50F8040CE4
:10E0B000FFF7C1BA70470A44914200F1FF3300D123
:10E0C000704710B511F8014B03F8014F9142F9D197
:10E0D00010BD884210B501EB020402D984422346E8
:10E0E00007D8431EA14208D011F8012B03F8012FD5
:10E0F000F8E7024401468A4200D110BD13F8014DF1
:10E1000002F8014DF7E702440346934200D17047FD
:10E1100003F8011BF9E7022B10B509D09208036838
:10E120000C6840F8044B013A41F8043BF7D110BDAC
:10E13000029B022B09D0920803680C6840F8044B3C
:10E14000013A41F8043BF7D1F1E702440C78037837
:10E1500000F8014B824201F8013BF7D1E7E7F8B53F
:10E160000F46164604461D46984700283146384655
:10E170000CDAA847002802DA3C462046F8BD3146B2
:10E180002046A8470028F8DA3446F6E7A8470028D2
:10E19000F2DC31462046A8470028F5DAEDE72DE904
:10E1A000F04F97B0144682070646029319D1A30791
:10E1B00017D1271F18BF01270023039304FB01F881
:10E1C00006EB0803062906EB040B04932AD8049BEC
:10E1D0005B4510D8039B002B40F0228117B0BDE8AF
:10E1E000F08F0227E8E700973B4622464146284643
:10E1F000FFF791FF11E05D4610E0A5EB0408029BDC
:10E2000029464046984700280ADD002FEBD12B68AD
:10E21000D8F800202A60C8F800304546AE42ECD35A
:10E22000A344D4E74FEA5109A8EB0408072904FBEB
:10E230000969B04422D0282941D9CD086543029B01
:10E2400006EB450271193046FFF789FF494609EB95
:10E250000502029B8246481BFFF781FF4246029B54
:10E260008146A8EB0501A8EB4500FFF778FF0246C1
:10E270004946029B5046FFF772FF814617BB336841
:10E28000D9F800203260C9F80030D946C2465D4650
:10E290000023C1455BD805933146029B4846984709
:10E2A0000028059B2DDC08D1A7B92B68D9F80020E0
:10E2B0002A60C9F8003025440123A144E9E7424619
:10E2C000B246D5E700973B46224649463046FFF71F
:10E2D00022FFDAE700973B46224649462846FFF7E9
:10E2E0001AFFE8E70BD117BBD8F80030DAF80020A6
:10E2F000C8F80020CAF80030AAEB040A0123A8EBF2
:10E300000408C14523D805933146029B40469847EF
:10E310000028059BE6DA97B9D9F80030D8F8002034
:10E32000C9F80020C8F80030A8EB0408C4E700973B
:10E330003B46224651464046FFF7EDFEDCE700979C
:10E340003B46224641464846FFF7E5FEECE713BB55
:10E35000049B5B457FF63EAF5D4618E000973B4669
:10E36000224641462846FFF7D6FE0FE0A5EB0408FB
:10E37000029B29464046984700280ADD002FEDD130
:10E380002B68D8F800202A60C8F800304546AE4215
:10E39000ECD3A344DCE7A9EB050BAA1B5A45A8BFA5
:10E3A0005A4632B100973B46A9EB02013046FFF7CF
:10E3B000B2FE049BA3EB0A02AAEB0805121BAA42B9
:10E3C00028BF2A4632B1049900973B46891A48462D
:10E3D000FFF7A1FE049B5D45D846A3EB050004D9D9
:10E3E0003346A84606465D461846A54221D9B5FBE8
:10E3F000F4F1039B072B0DD816AA02EBC303B8FB5D
:10E40000F4F243F8406C43F83C2C039B0133039334
:10E410000646D3E6029B2246FFF7C1FEA0450BD875
:10E42000039B16AA013B039302EBC30353E91001BC
:10E43000EEE7A0457FF6CEAEB8FBF4F13046E7E755
:10E440009A4208B501D9CDF729FD814204D88B182D
:10E450009842F8D3814202D183189942F3D3BDE8A0
:10E460000840FFF728BE10B501390244904201D19F
:10E47000002005E0037811F8014FA34201D0181BDA
:10E4800010BD0130F2E710B56AB10139841810F8F7
:10E49000012B11F8013F9A4203D1A04201D0002A7A
:10E4A000F5D1D01A10BD1046FCE7F0B5C2F1370522
:10E4B0000446EDB202F01F020846B4FBF2F602FB7E
:10E4C0001641CBB2092988BF5B19274688BFDBB24A
:10E4D0003033BA4200F8013B3446EED9F0BD10B5F6
:10E4E000024601448A42134603D01C780132002CB4
:10E4F000F8D1181A10BDD1E9043293421EBF5A1C3C
:10E500000A611870704700000148006870470000F9
:04E51000342C002087
:08E51400207CFC7F01000000E7
:10E51C00D9BE0200000000002D0E040084E60500A8
:10E52C0051C504000000000075C504000000000087
:10E53C006D170400B4E605006D1704009CE6050099
:10E54C0045430500E4E60500E1120400CCE60500B5
:10E55C00D52504000000000031BF020000000000BF
:10E56C0000000000FCE60500000000002CE70500A0
:10E57C000000000044E705000000000014E705005F
:10E58C003198020000000000B5BE0200000000003F
:10E59C0075CB040000000000A50C04005CE705002E
:10E5AC00DD13040074E705006D1904008CE7050009
:10E5BC0059C5020000000000C54603000000000021
:10E5CC0061FF0300000000002F4B0500A4E70500CD
:10E5DC0079870200BCE7050063410500D4E705001C
:10E5EC00851B0400ECE7050069C2040034E8050053
:10E5FC009D1E04001CE80500C949050004E805003F
:10E60C00E1A902000000000061900200000000007F
:10E61C00BD8B0200000000006D8D020000000000A8
:10E62C00957F02000000000039820200000000000B
:10E63C00F9820200000000002186020000000000A8
:10E64C00E18A0200000000001993020000000000A3
:10E65C00CD9B02000000000019EE04000000000039
:10E66C00F9F404000000000041C0040000000000A8
:08E67C00B19002000000000053
:10E68400E21A06006407060074070600FB0D00206A
:10E69400844A002000000000351B06000408060020
:10E6A40024080600050E00204C4B0020000000004A
:10E6B400431B06001408060024080600070E002069
:10E6C400584B002000000000FC1A06000000000067
:10E6D400D8070600FF0D0020D84A002000000000E3
:10E6E4000C1B060000000000E0070600010E0020DD
:10E6F40000000000000000000815060084ED05007D
:10E704008CED0500F10D0020000000000000000069
:10E714001115060088ED05008CED0500F30D0020B1
:10E7240000000000000000001A15060000000000B0
:10E73400A4ED0500F50D002000000000000000001D
:10E744002315060000000000BCED0500F70D0020B5
:10E754000000000000000000D51A060000000000C0
:10E764004C070600F90D0020000000000000000026
:10E774001B1B060000000000E8070600030E002033
:10E784000000000000000000511B060048080600BD
:10E794009C080600090E00205C0A00204C0A002098
:10E7A4007E1B060034090600A4090600110E002091
:10E7B4005C0B00204C0B00207914060060ED050072
:10E7C40054ED0500EF0D00206B56002028030020B7
:10E7D400F11A060090070600240A0020FD0D00200F
:10E7E40024580020000000005E1B0600B408060048
:10E7F400D80806000B0E0020C0020020940A002056
:10E80400641B0600E4080600100906000D0E002033
:10E814000000000000000000701B06000000000063
:10E82400180906000F0E0020C44B00200000000051
:10E83400921F060000000000880D0600130E002041
:08E84400E85200200000000072
:10E84C00534E05001B4D0500000000009709050004
:10E85C000000000097090500AD4104001B4D0500A8
:10E86C000000000097090500000000009709050052
:10E87C00853204001B4D05005CE70500E90C040023
:10E88C000000000097090500000000009709050032
:10E89C00000000009709050000000000A9D003004B
:10E8AC001CE805000D1E0400D84A0020511304007A
:10E8BC000000000097090500000000009709050002
:10E8CC000000000097090500000000006526040008
:10E8DC0000000000970905000000000097090500E2
:10E8EC0000000000970905000000000097090500D2
:10E8FC0000000000970905000000000097090500C2
:10E90C0000000000D9D003000000000097090500AA
:10E91C0000000000970905000000000097090500A1
:10E92C000000000097090500000000009709050091
:10E93C000000000097090500000000009709050081
:10E94C000000000097090500000000009709050071
:10E95C000000000097090500000000009709050061
:10E96C000000000097090500000000009709050051
:10E97C000000000097090500F14F04001B4D050035
:10E98C000000000097090500000000009709050031
:10E99C000000000097090500000000009709050021
:10E9AC000000000097090500000000009709050011
:10E9BC000000000097090500753C04001B4D050084
:10E9CC000500000091E902000000000006000000B4
:10E9DC00090A03000000000004000000CDED020055
:04E9EC000000000027
:10E9F0007CF30500080000001CF40500070000007F
:10EA0000D4EF05000500000048EF050007000000F6
:08EA1000F0ED05000B00000011
:10EA18007E1806000000000039C20200ADC40200E2
:10EA280000000000321A060000000000A7280500B8
:10EA38000000000000000000411A0600000000006D
:10EA4800D72C05000000000000000000391A06005D
:10EA58000000000061F802005D02030000000000F1
:10EA6800861A060000000000453A05001518030044
:10EA780000000000471A06000000000039FB0200F1
:10EA88008DFC020000000000961406000000000043
:10EA9800618802001D880200000000003A14060088
:10EAA80000000000D1850200000000000000000006
:10EAB8003B16060000000000B992020000000000AA
:04EAC800000000004A
:04EACC00FFFFFFFF4A
:10EAD0000800000008000800080000000000000016
:10EAE00001000000A0000000F00000000000000095
:10EAF000000000000000000100000002000000040F
:10EB0000000000080000001000000020000000408D
:10EB1000000000800000001B00000036000106021B
:10EB20000100000000010201040404040000643C30
:10EB3000030100000100FF1FFF1F01E001E0AED54F
:10EB400080A81F408D142000A1C8D300DA02817F65
:10EB5000D9F1DB20A4A62EAF01030062746C65001E
:10EB600000000000000000000000000000000000A5
:10EB70000000000000000000000000000000000095
:10EB80000000000000000000000000000001000084
:10EB9000112233445566778899AABBCCDDEEFF007D
:10EBA0000338FDD870470000717F0200B98302006E
:10EBB000BCEB05006000000006100800010000002A
:10EBC0000200000003000000040000000500000037
:10EBD0000600000007000000000000000800000020
:10EBE000090000000A0000000B0000000C000000FB
:10EBF0000D0000000E0000000F00000010000000DB
:10EC000011000000120000001300000014000000BA
:10EC1000150000001600000017000000180000009A
:10EC2000190000001A0000001B0000001C0000007A
:10EC30001D0000001E0000001F000000200000005A
:10EC4000210000002200000023000000240000003A
:10EC50002500000026000000000000002700000042
:10EC600028000000290000002A0000002B000000FE
:10EC70002C0000002D0000002E0000002F000000DE
:10EC800030000000310000003200000033000000BE
:10EC900034000000350000000000000036000000D5
:10ECA0003700000038000000390000003A00000082
:10ECB0003B0000003C000000000000003D000000A0
:10ECC0003E0000003F000000400000004100000046
:10ECD00042000000000000000000000043000000AF
:10ECE000440000004500000046000000470000000E
:10ECF00048000000490000004A0000004B000000EE
:10ED00004C0000004D0000005000000051000000C9
:10ED100000000000000000000000000052000000A1
:10ED200000000000000000004E0000004F00000046
:10ED30005300000054000000550000004B14060072
:10ED4000B0EB0500ECE70500C00D06005500000023
:10ED500053140600A7E00400DFE00400A1E0040073
:10ED60006CED05000100000032000000B4E6050073
:10ED70000D000000A6140600C1140600DC140600F5
:10ED8000ED14060057000000000000000100000024
:10ED90000000000033E1040000000000000000005B
:10EDA0000000000002000000B18902005989020041
:10EDB00075E10400000000000000000002000000F7
:10EDC00045E204008DE1040081E104000000000040
:10EDD000000000002A1506004F150600658A020093
:10EDE0006915060084150600A8150600000000003D
:10EDF0008C0C0020DF2A050000000000BD0D002063
:10EE000000000100880C0020EB2D05000000000030
:10EE100088030020000001009B0D0020958B02005C
:10EE2000000000008456002000000400840C002034
:10EE3000B12A050085FD02007003002000000C00CF
:10EE4000800C0020EB2D050000000000680300206E
:10EE500000000100790D00200000000035E30400EF
:10EE600070560020000008007C0C00201DE3040008
:10EE700000000000CE0D002000000100780C0020F2
:10EE8000EB2D0500000000006003002000000100E1
:10EE9000570D002000000000E58B0200000000007C
:10EEA00000000800740C0020EB2D0500000000009D
:10EEB0005803002000000100350D0020DBE20400B3
:10EEC0005D8B02000000000000000C00AD8C020011
:10EED000C18D0200018D0200F58C020001010000CD
:10EEE000E10D002002020000DF0D002007100000ED
:10EEF000CF0D0020EFE40400F9950200491606004A
:10EF000000000000040000000000000000000000FD
:10EF10000060020074E705000100000000600200CC
:10EF200000600C0074E705000200000000C00E0045
:10EF30000080000074E705000300000000400F009F
:10EF400000C0000074E70500B80C0020DF2A0500AF
:10EF500000000000B40C002000000100B00C0020F4
:10EF6000EB2D0500000000008004002000000100DF
:10EF7000A80C0020C3F4040000000000B316060033
:10EF800000000100A40C0020EB2D05000000000093
:10EF900078040020000001009C0C0020C3F4040051
:10EFA00000000000BB16060000000100980C0020C5
:10EFB000EB2D05000000000070040020000001009F
:10EFC000900C002075AF020000000000E50D00204D
:10EFD00000000100D40C0020DF2A05000000000022
:10EFE000D00C002000000100CC0C0020EB2D05000F
:10EFF00000000000A004002000000100C40C00205C
:10F0000091AF020000000000EC0D002000000100A4
:10F01000C00C0020B12A050085FD020088040020F4
:10F0200000000300BC0C0020592E05000000000069
:10F03000661206000000010008200001FFFFFFFF2C
:10F04000FFFFFFFFFFFFFFFF0000000000000000C8
:10F050000000000001000000FFFFFFFF512563FCDE
:10F06000C2CAB9F3849E17A7ADFAE6BCFFFFFFFF43
:10F07000FFFFFFFF00000000FFFFFFFF96C298D8D0
:10F080004539A1F4A033EB2D817D0377F240A463D1
:10F09000E5E6BCF847422CE1F2D1176BF551BF37DA
:10F0A0006840B6CBCE5E316B5733CE2B169E0F7CAD
:10F0B0004AEBE78E9B7F1AFEE242E34F4B60D2277A
:10F0C0003E3CCE3BF6B053CCB0061D65BC86987670
:10F0D00055BDEBB3E7933AAAD835C65A1FFD0400D5
:10F0E00071FE040045B40200000000200000000092
:10F0F00000000B0602000000FCF00500000000000C
:10F10000E51706002600020200000020ED170600A9
:10F1100022000B1108200001FFFFFFFFFFFFFFFF90
:10F12000FFFFFFFF000000000000000000000000E3
:10F1300001000000FFFFFFFF512563FCC2CAB9F3C5
:10F14000849E17A7ADFAE6BCFFFFFFFFFFFFFFFF9E
:10F1500000000000FFFFFFFF96C298D84539A1F4D8
:10F16000A033EB2D817D0377F240A463E5E6BCF884
:10F1700047422CE1F2D1176BF551BF376840B6CB4F
:10F18000CE5E316B5733CE2B169E0F7C4AEBE78E4B
:10F190009B7F1AFEE242E34F4B60D2273E3CCE3BC0
:10F1A000F6B053CCB0061D65BC86987655BDEBB362
:10F1B000E7933AAAD835C65A1FFD040071FE040031
:10F1C00045B402003C070600CCF1050049000000F0
:10F1D000F89000203C070600DCF105002D0000003F
:10F1E000349200203C070600ECF105000700000007
:10F1F0001C9300200E0300004DC802000F04000005
:10F2000021C802001A010000790C05000504000065
:10F21000D9C6020013010000450E0500FF010000E1
:10F22000230E05003E01000045C702000504000052
:10F23000C90C0500080400005F120500300300003F
:10F24000FF110500100100000D0D05000112000066
:10F25000B5CD02000A1E0000B71105000309000029
:10F26000150D0500040B0000A10D0500060A0000A5
:10F27000E10F0500070A0000F50C05000C05000071
:10F28000BD100500050C00001F0F0500084100001F
:10F29000C9DD0200092100004DDE02003C07060026
:10F2A000A4F2050046000000449300203C0706003D
:10F2B000B4F205001F000000109400203C07060077
:10F2C000C4F205004900000090940020AB1B05002B
:10F2D000D91B050000000000000000000000000035
:10F2E000A71C050000000000000000000000000056
:10F2F000000000006F250500AF250500F32505007F
:10F300006F250500D5250500AF2505000202010087
:10F31000AB260500040401007DF50200060601008D
:10F32000B1F4020008040100E9F302000A0201003E
:10F33000932605000C0401007B2605000E04010045
:10F34000A5F2020020040100FDF1020010040100FA
:10F3500001F102001202010001250500160401005E
:10F36000991D050018010100612205001E0004001E
:10F37000FD2605005202000027250500040D00208F
:10F38000DF2A050000000000000D00200000010041
:10F39000FC0C0020EB2D050000000000940500206F
:10F3A00000000100F40C002000000000000000003C
:10F3B0000000000000000000F00C0020B12A050051
:10F3C00085FD02009C05002000000300EC0C0020DD
:10F3D000EB2D0500000000008C050020000001005E
:10F3E000E40C0020172B05000B2C0500000000008A
:10F3F00000000300E00C0020EB2D050000000000E1
:10F400008405002000000100D80C002069010300E1
:10F41000000000000000000000000100300D00208E
:10F42000DF2A0500000000002C0D00200000010074
:10F43000280D0020EB2D050000000000C405002071
:10F4400000000100200D0020472B0500C729050002
:10F45000F0010020000009001C0D0020EB2D05002C
:10F4600000000000BC05002000000100140D002079
:10F47000712B0500000000000000000000000100EA
:10F48000100D0020EB2D050000000000B405002049
:10F4900000000100080D0020C5FB02000000000074
:10F4A0000000000000000100D50E030073380500C5
:10F4B0004116030000000000000000007514030066
:10F4C000000000000000000000000000000000003C
:10F4D0000000000000000000910F03000600000083
:10F4E00081350500060000002135050010000000F0
:10F4F000350B030010000000293805000100000052
:10F50000B7310500100000007D3505000A0000003D
:10F51000AD3205001000000039150300070000009F
:10F52000853505001000000049320500010000008B
:10F530003D0E030040000000C5340500100000002F
:10F54000A132050001000000574553545F544F504D
:10F550004449522F7A65706879722F737562737996
:10F56000732F626C7565746F6F74682F636F6E7440
:10F57000726F6C6C65722F7469636B65722F74693E
:10F58000636B65722E63000028287469636B657273
:10F590005F72657363686564292D3E6578745F6486
:10F5A0006174612026262028287469636B65725F68
:10F5B00072657363686564292D3E6578745F646164
:10F5C00074612D3E7469636B735F736C6F745F77E6
:10F5D000696E646F7720213D203055292900000095
:10F5E000415353455254494F4E204641494C205BAC
:10F5F00025735D20402025733A25640A0000000031
:10F60000574553545F544F504449522F7A657068A0
:10F6100079722F7375627379732F626C7565746F6D
:10F620006F74682F636F6E74726F6C6C65722F6C81
:10F630006C5F73772F756C6C2E630000216572729E
:10F640000000000072780000756C6C5F7265665F88
:10F6500067657428756C6C5F68647229000000002F
:10F660003000000072656C65617365203D3D20646B
:10F670006F6E650064656C7461203C3D2030207CB9
:10F680007C206D656D5F6C696E6B5F72782E717535
:10F690006F74615F706475203C20282833202B2014
:10F6A00030202B203129202B202832202A202831DD
:10F6B00029292900636F6E6E5F6C6C6C000000007E
:10F6C00021636F6E6E5F6C6C6C2D3E6C696E6B5F50
:10F6D00074785F66726565006D656D715F6C696EEB
:10F6E0006B00000072782D3E7479706520213D20FA
:10F6F0004E4F44455F52585F545950455F4E4F4EF0
:10F70000450000002163632D3E73746174757300BE
:10F7100072785F667265652D3E7479706520213D53
:10F72000204E4F44455F52585F545950455F4E4FED
:10F730004E45000021636F6E6E2D3E6C6C6C2E6C1E
:10F74000696E6B5F74785F667265650021726574BF
:10F75000000000002172657476616C0057455354B7
:10F760005F544F504449522F7A65706879722F73F5
:10F7700075627379732F626C7565746F6F74682F1F
:10F78000636F6E74726F6C6C65722F6C6C5F7377E5
:10F790002F6C6C6C5F636F6D6D6F6E2E630000007D
:10F7A00021657272207C7C20657272203D3D202D87
:10F7B00031313900574553545F544F504449522F0B
:10F7C0007A65706879722F7375627379732F626CC2
:10F7D0007565746F6F74682F636F6E74726F6C6C85
:10F7E00065722F6863692F6863695F647269766503
:10F7F000722E63004254205258207072690000003B
:10F800004254205258000000436F6E74726F6C6C4B
:10F810006572000008F8050000000000020000000A
:10F820004949030041470300D54603005A65706803
:10F830007972204F532076332E352E300000000091
:10F84000574553545F544F504449522F7A6570685E
:10F8500079722F7375627379732F626C7565746F2B
:10F860006F74682F636F6E74726F6C6C65722F6843
:10F8700063692F6863692E63000000002828282828
:10F8800075696E747074725F74296E6F6465292077
:10F8900025205F5F616C69676E6F6628737472758F
:10F8A0006374206E6F64655F72785F6363292920DB
:10F8B0003D3D2030290000002828282875696E74F5
:10F8C0007074725F74296E6F6465292025205F5FF4
:10F8D000616C69676E6F6628737472756374206EED
:10F8E0006F64655F72785F63752929203D3D203024
:10F8F00029000000574553545F544F504449522F3C
:10F900007A65706879722F7375627379732F626C80
:10F910007565746F6F74682F636F6E74726F6C6C43
:10F9200065722F6C6C5F73772F756C6C5F6164769A
:10F930002E63000068616E646C65203C203100001D
:10F9400028726574203D3D203029207C7C2028725F
:10F950006574203D3D203229000000006164762D51
:10F960003E6C696E6B5F63635F6672656500000085
:10F970006164762D3E6E6F64655F72785F63635F6E
:10F980006672656500000000216864722D3E64693E
:10F990007361626C65645F6362000000737461741C
:10F9A0007573203D3D2030207C7C20706172616D3C
:10F9B000203D3D20756C6C5F64697361626C655FAE
:10F9C0006D61726B5F6765742829207C7C202863D9
:10F9D0006F6E6E65637461626C65202626202161FE
:10F9E00064762D3E6C6C6C2E636F6E6E29207C7C71
:10F9F00020300000216C6C6C2D3E6C696E6B5F7466
:10FA0000785F6672656500006D61726B203D3D2018
:10FA10006164760021657272207C7C202865727298
:10FA2000203D3D202D3132302900000072656600F6
:10FA300028726574203D3D203029207C7C2028726E
:10FA40006574203D3D203229207C7C202866705F33
:10FA50006F705F66756E63203D3D202828766F6964
:10FA600064202A29302929007064752D3E6C656E4A
:10FA7000203E3D205F5F6275696C74696E5F6F66E2
:10FA8000667365746F662028737472756374207072
:10FA900064755F6164765F6164765F696E642C2073
:10FAA0006461746129000000574553545F544F50FE
:10FAB0004449522F7A65706879722F737562737931
:10FAC000732F626C7565746F6F74682F636F6E74DB
:10FAD000726F6C6C65722F6C6C5F73772F756C6CCA
:10FAE0005F636F6E6E2E630074785F6275660000F0
:10FAF00072782D3E6864722E6C696E6B0000000097
:10FB0000737461747573203D3D20300073746174AB
:10FB10007573203D3D2030207C7C20706172616DCA
:10FB2000203D3D20756C6C5F7570646174655F6D20
:10FB300061726B5F6765742829207C7C207061721C
:10FB4000616D203D3D20756C6C5F64697361626C12
:10FB5000655F6D61726B5F67657428290000000046
:10FB600070203D3D20706172616D000028746963F2
:10FB70006B65725F737461747573203D3D2030292D
:10FB8000207C7C20287469636B65725F7374617478
:10FB90007573203D3D2032290000000065727220FF
:10FBA0003D3D2030207C7C20657272203D3D202D23
:10FBB00031323000636F6E6E2D3E6C6C6C2E68615E
:10FBC0006E646C6520213D20307846464646000034
:10FBD000287469636B65725F737461747573203D1B
:10FBE0003D203029207C7C20287469636B65725F1E
:10FBF000737461747573203D3D203229207C7C2014
:10FC00002828766F6964202A29636F6E6E5F6C6C9A
:10FC1000203D3D20756C6C5F64697361626C655F4B
:10FC20006D61726B5F676574282929006C6C6C5F6D
:10FC3000747800007064755F74782D3E6C656E009A
:10FC4000216C696E6B2D3E6E657874005745535478
:10FC50005F544F504449522F7A65706879722F7300
:10FC600075627379732F626C7565746F6F74682F2A
:10FC7000636F6E74726F6C6C65722F6C6C5F7377F0
:10FC80002F756C6C5F6C6C63705F656E632E6300C8
:10FC90006E746600574553545F544F504449522F79
:10FCA0007A65706879722F7375627379732F626CDD
:10FCB0007565746F6F74682F636F6E74726F6C6CA0
:10FCC00065722F6C6C5F73772F756C6C5F6C6C63F7
:10FCD000705F7068792E63006E74662D3E68647282
:10FCE0002E74797065203D3D204E4F44455F52583B
:10FCF0005F545950455F52455441494E0000000041
:10FD00006374782D3E6E6F64655F7265662E7478DD
:10FD1000000000006374782D3E646174612E70757C
:10FD20002E6E74665F646C655F6E6F6465000000C4
:10FD3000636F6E6E2D3E6C6C6C2E726F6C65203D29
:10FD40003D20307830310000574553545F544F50B8
:10FD50004449522F7A65706879722F73756273798E
:10FD6000732F626C7565746F6F74682F636F6E7438
:10FD7000726F6C6C65722F6C6C5F73772F756C6C27
:10FD80005F6C6C63702E63006374782D3E6F776ECA
:10FD9000657200006374782D3E6E6F64655F7265F6
:10FDA000662E72780000000063747800298A0300D0
:10FDB000398A0300498A0300598A030000000000C1
:10FDC00000000000698A0300118B0300798A030098
:10FDD00000000000218B030000000000898A03005E
:10FDE000318B030000000000998A0300418B03005F
:10FDF000A98A0300518B0300618B0300718B030000
:10FE0000818B0300918B0300A18B0300B98A03004F
:10FE100000000000000000000000000000000000E2
:10FE200000000000018B0300574553545F544F50AE
:10FE30004449522F7A65706879722F7375627379AD
:10FE4000732F626C7565746F6F74682F636F6E7457
:10FE5000726F6C6C65722F6C6C5F73772F756C6C46
:10FE60005F6C6C63705F636F6D6D6F6E2E6300000F
:10FE70006374782D3E70726F63203D3D2050524F69
:10FE8000435F5445524D494E415445006374782DAB
:10FE90003E70726F63203D3D2050524F435F44419E
:10FEA00054415F4C454E4754485F5550444154457A
:10FEB00000000000574553545F544F504449522F9F
:10FEC0007A65706879722F7375627379732F626CBB
:10FED0007565746F6F74682F636F6E74726F6C6C7E
:10FEE00065722F6C6C5F73772F756C6C5F6C6C63D5
:10FEF000705F6C6F63616C2E630000006374782028
:10FF0000213D202828766F6964202A2930290000A5
:10FF10006374785F686561646572203D3D20637439
:10FF200078000000574553545F544F504449522FB6
:10FF30007A65706879722F7375627379732F626C4A
:10FF40007565746F6F74682F636F6E74726F6C6C0D
:10FF500065722F6C6C5F73772F756C6C5F6C6C6364
:10FF6000705F636F6E6E5F7570642E6300000000DB
:10FF70006374782D3E6E6F64655F7265662E72786D
:10FF8000203D3D202828766F6964202A29302900E9
:10FF9000574553545F544F504449522F7A65706807
:10FFA00079722F7375627379732F626C7565746FD4
:10FFB0006F74682F636F6E74726F6C6C65722F6CE8
:10FFC0006C5F73772F756C6C5F6C6C63705F6368CC
:10FFD0006D752E6300000000574553545F544F5019
:10FFE0004449522F7A65706879722F7375627379FC
:10FFF000732F626C7565746F6F74682F636F6E74A6
:0200000260009C
:10000000726F6C6C65722F6C6C5F73772F756C6C94
:100010005F6C6C63705F72656D6F74652E6300005A
:1000200008020B020A0305020000000000000000A5
:1000300002020000060200000403000000000903A1
:1000400000000000010300000C0300000703000093
:100050000000000000000000574553545F544F500B
:100060004449522F7A65706879722F73756273797B
:10007000732F626C7565746F6F74682F636F6E7425
:10008000726F6C6C65722F6C6C5F73772F756C6C14
:100090005F7065726970686572616C2E6300000044
:1000A0007469636B65725F737461747573203D3D31
:1000B0002030000073746174757320213D2031205D
:1000C0007C7C20706172616D203D3D20756C6C5FA1
:1000D00064697361626C655F6D61726B5F676574A3
:1000E00028290000574553545F544F504449522F1C
:1000F0007A65706879722F7375627379732F626C89
:100100007565746F6F74682F636F6E74726F6C6C4B
:1001100065722F6C6C5F73772F756C6C5F66696CA2
:100120007465722E63000000726C5F696478203C15
:1001300020380000726C5B726C5F6964785D2E74AD
:10014000616B656E00000000726C5B726C5F6964CD
:10015000785D2E727061735F726561647900000072
:100160006465766D617463685F6964203C2028284B
:1001700073697A655F742920282828696E7429209C
:1001800073697A656F6628636861725B31202D2020
:1001900032202A202128215F5F6275696C74696EA4
:1001A0005F74797065735F636F6D70617469626CA1
:1001B000655F70285F5F747970656F665F5F286642
:1001C000616C292C205F5F747970656F665F5F28B2
:1001D000262866616C295B305D2929295D29202D3F
:1001E000203129202B202873697A656F6628666183
:1001F0006C29202F2073697A656F66282866616CE8
:10020000295B305D292929290000000066616C5BAB
:100210006465766D617463685F69645D2E74616B9B
:10022000656E00006465766D617463685F69642063
:100230003C20282873697A655F742920282828695A
:100240006E74292073697A656F6628636861725BD2
:1002500031202D2032202A202128215F5F627569FC
:100260006C74696E5F74797065735F636F6D7061D4
:100270007469626C655F70285F5F747970656F6622
:100280005F5F28726C292C205F5F747970656F66E0
:100290005F5F282628726C295B305D2929295D293A
:1002A000202D203129202B202873697A656F66283C
:1002B000726C29202F2073697A656F662828726C0A
:1002C000295B305D2929292900000000726C5B69D7
:1002D0005D2E74616B656E0069726B6D617463682D
:1002E0005F6964203C20706565725F69726B5F6353
:1002F0006F756E740000000069203C20380000001B
:10030000574553545F544F504449522F7A65706893
:1003100079722F7375627379732F626C7565746F60
:100320006F74682F636F6E74726F6C6C65722F6C74
:100330006C5F73772F6E6F726469632F6C6C6C2FB8
:100340006C6C6C2E63000000707265656D70745F7C
:10035000726571203D3D20707265656D70745F61DE
:10036000636B0000707265656D70745F73746172A9
:10037000745F72657120213D20707265656D7074C7
:100380005F73746172745F61636B000070726565A6
:100390006D70745F73746F705F72657120213D20A2
:1003A000707265656D70745F73746F705F61636B9D
:1003B00000000000707265656D70745F61636B2092
:1003C000213D20707265656D70745F72657100000B
:1003D000707265656D70746F72203D3D207265614D
:1003E00064795F6E6578740069746572000000005E
:1003F000657272203D3D202D3134300021706172D4
:10040000616D000021706172616D207C7C206E65E1
:10041000787400006576656E742E637572722E6155
:10042000626F72745F6362006576646F6E65000070
:10043000657272203E3D2030000000006E657874C9
:1004400000000000217265616479207C7C202672A6
:10045000656164792D3E707265706172655F70616F
:1004600072616D203D3D20707265706172655F70D4
:100470006172616D00000000F401FA0096006400F2
:100480004B0032001E001400574553545F544F5028
:100490004449522F7A65706879722F737562737947
:1004A000732F626C7565746F6F74682F636F6E74F1
:1004B000726F6C6C65722F6C6C5F73772F6E6F72DE
:1004C0006469632F6C6C6C2F6C6C6C5F6164762E4E
:1004D000630000006E6F64655F7278002172616472
:1004E000696F5F69735F7265616479282900000034
:1004F000700000006368616E0000000070647500A9
:100500007363616E5F706475000000000925733AC3
:100510002041637475616C204556454E545F4F56BB
:100520004552484541445F53544152545F5553200E
:100530003D2025750A000000707265706172655F6C
:1005400063620000574553545F544F504449522F43
:100550007A65706879722F7375627379732F626C24
:100560007565746F6F74682F636F6E74726F6C6CE7
:1005700065722F6C6C5F73772F6E6F726469632F77
:100580006C6C6C2F6C6C6C5F636F6E6E2E63000016
:10059000646F6E65000000006C6C6C2D3E68616ECF
:1005A000646C6520213D20307846464646000000B8
:1005B000574553545F544F504449522F7A657068E1
:1005C00079722F7375627379732F626C7565746FAE
:1005D0006F74682F636F6E74726F6C6C65722F6CC2
:1005E0006C5F73772F6E6F726469632F6C6C6C2F06
:1005F0006C6C6C5F7065726970686572616C2E639B
:1006000000000000707265706172655F63620000D7
:10061000574553545F544F504449522F7A65706880
:1006200079722F7375627379732F626C7565746F4D
:100630006F74682F636F6E74726F6C6C65722F6C61
:100640006C5F73772F6E6F726469632F68616C2FB4
:100650006E7266352F636E74722E63005F7265660C
:10066000636F756E74000000574553545F544F50CC
:100670004449522F7A65706879722F737562737965
:10068000732F626C7565746F6F74682F636F6E740F
:10069000726F6C6C65722F6C6C5F73772F6E6F72FC
:1006A0006469632F68616C2F6E7266352F6D617996
:1006B000666C792E63000000574553545F544F50C9
:1006C0004449522F7A65706879722F737562737915
:1006D000732F626C7565746F6F74682F636F6E74BF
:1006E000726F6C6C65722F6C6C5F73772F6E6F72AC
:1006F0006469632F68616C2F6E7266352F7469634D
:100700006B65722E63000000757365725F6964200B
:100710003C2073697A656F662863616C6C65725FF3
:1007200069645F6C7574290063616C6C65725F69E4
:100730006420213D203000000103040545FD030035
:1007400000000000413C0500D9000400490A0400F3
:10075000210B040058020000E90D0400B90D04004B
:1007600000000000D50E0400750F04003D3F050099
:10077000433F0500390F0400B73E05001B3F05004D
:10078000000000002B3E05000000000000000000FB
:100790008CE705003C0000000000000000000000A5
:1007A0000000000000000000000000000000000049
:1007B00000000000000000002D410500F13F050091
:1007C0004F3F0500200080000000001F22010101B2
:1007D000000000006400000089120400DD11040024
:1007E0004943050000000000894305000D16040080
:1007F000F1140400D5130400C51304000400000024
:10080000FF000000FFFF0000000300500000000098
:1008100001000000FFFFFFFF00000050000000008B
:1008200000000000F117040077440500854405002E
:100830009D440500A9440500B5440500891604003F
:10084000CF44050000000000003000400000000020
:1008500000000000000000000000980100000101FD
:10086000100000007745050070080600FFFF00003B
:10087000003000407C0806000200000094080600DA
:10088000020000008C0806000201000006200C0097
:1008900008200B0006000C0008000B00494505006D
:1008A00000000000E5190400000000000000000046
:1008B00019190400A40A0020080000000500000027
:1008C0000500000006000000080000000100000014
:1008D0000A0000000100000059460500914805008B
:1008E000E1480500A4E7050000093D000001000003
:1008F0000000000000000000000000003758002049
:1009000080040000704003006D1B0600080000001A
:10091000134905000D49050000000000000000001B
:1009200000000000251E0400E11D0400000000007E
:100930000000000000F00240000000000048E80154
:10094000000000000000000000000000FFFFFFFFAB
:100950000000FF000000000000000000FFFFFFFF9C
:100960000200000101000000314A0500FFFF000005
:1009700078090600FFFFFFFF00F00240840906002F
:10098000020000009809060001000000940906001A
:10099000010100000A2005000A0005000000000017
:1009A00000000000751F04000B4B05007543040098
:1009B000C35005001F5105001951050013510500D2
:1009C0000D5105000751050001510500FB500500C0
:1009D000F55005004D460400A9460400C54D04002D
:1009E0007F51050079510500735105006D510500D7
:1009F00067510500615105005B510500694604001F
:100A00000D450400A1430400894F04006D4C04000F
:100A1000000000002D560500315D040000000000BC
:100A200091590500940094004A020000B99905000C
:100A3000DB9905001B9A050095B10400CBC20500A7
:100A40000900000000000000540A06000000000039
:100A500000000000211D0600800A06006C0A060046
:100A60000000000000000102D84E0020200000001D
:100A70006000010000000000000000000000020013
:100A80000000000000000000000000080101000854
:100A90000100000802070301030000080603010526
:100AA00006000008070700010D0000080607010105
:100AB00013000008070600011900000807070001DD
:100AC00020000008030302052200000804070201B9
:100AD00026000008040702012A0000080805000299
:100AE0002F0000080605010233000008030302007E
:100AF0003500000806010104360000080202030167
:100B000037000008080700013E0000080607010141
:100B100044000008060701014A0000080607010119
:100B200050000008060701015600000807070001F1
:100B30005D000008060701016300000806070101C7
:100B400069000008060701016F000008060701019F
:100B500075000008060701017B000008020603017A
:100B60007D0000080307020080000008050701015E
:100B7000850000080603010388000008050701013D
:100B80008D00000806070101930000080707000117
:100B90009A00000806070101A000000806070101ED
:100BA000A600000806070101AC00000806070101C5
:100BB000B200000806070101B8000008060701019D
:100BC000BE00000806070101C40000080607010175
:100BD000CA00000806070101D0000008060701014D
:100BE000D600000807070001DD0000080607010124
:100BF000E300000807070001EA00000807070001FA
:100C0000F100000806070101F700000806070101CE
:100C1000FD000008060701010301000806070101A5
:100C200009010008060701010F010008060701017C
:100C300015010008060701011B0100080607010154
:100C4000210100080707000128010008080700012A
:100C50002F010008080700013601000806070101FE
:100C60003C010008040702014001000808070001D8
:100C700047010008040702014B01000807040004B3
:100C80004F0100080801000050010008040303059B
:100C9000520100080605010156010008060701017E
:100CA0005C0100080505010160010008060701015B
:100CB00066010008060501016A0100080507010137
:100CC0006F01000806060100740100080607010113
:100CD0007A010008050702017F01000805080100EC
:100CE00084010008060701018A01000805070201C6
:100CF0008F010008070500019401000806050101A5
:100D000098010008060501019C0100080606010083
:100D1000A101000806060100A60100080605010160
:100D2000AA01000806050101AE010008060701013D
:100D3000B401000806050101B8010008060501011B
:100D4000BC01000807050001C101000807050001FA
:100D5000C601000806060100CB01000806050101D6
:100D6000CF01000806070101D501000802070301B1
:100D7000D701000806070101DD010008070200068F
:100D8000DF0100080707000100000000000000006C
:100D90000000000001C20400DFD4050000000000D4
:100DA00000000000F5FFFFFF1CE505001CE5050045
:100DB0005CE505006CE5050014E6050084E6050029
:100DC00064006400000000000000000000006400F7
:100DD00064007D000000000000000000640064006A
:100DE000E100000000000000000064006400450114
:100DF000000000000000000064006400A901000081
:100E0000000000000000640064003F0200000000D9
:100E10000000000064006400A30200000000000065
:100E20000000640064007E04000000000000000078
:100E300064006400E20400000000000000006400A0
:100E400064007805000000000000000064006400F9
:100E5000DC050000000000000000640064004006A3
:100E6000000000000000000064006400A406000010
:100E7000000000000000640064003A070000000069
:100E80000000000064006400B707000000000000DC
:100E900000006400640000007D000000000000000D
:100EA0006400640064007D00000000000000640035
:100EB0006400C8007D0000000000000064006400C1
:100EC0002C017D000000000000006400640090011F
:100ED0007D0000000000000064006400F4017D005B
:100EE0000000000000006400640058027D00000063
:100EF0000000000064006400BC027D0000000000EF
:100F00000000640064007E047D000000000000001A
:100F100064006400E2047D00000000000000640042
:100F2000640046057D0000000000000064006400CD
:100F3000AA057D00000000000000640064000E06A9
:100F40007D000000000000006400640072067D0067
:100F5000000000000000C8006400D6067D0000000C
:100F60000000000064006400B7077D00000000007E
:100F70000000960064000000E10000000000000096
:100F8000640064009600E1000000000000006400BE
:100F90006400FA00E100000000000000640064004A
:100FA0005E01E10000000000000064006400C20176
:100FB000E100000000000000640064002602E1007F
:100FC000000000000000640064008A02E1000000EC
:100FD00000000000640064004C04E1000000000018
:100FE000000064006400B004E100000000000000A4
:100FF000640064001405E1000000000000006400CB
:1010000064007805E1000000000000006400640056
:10101000DC05E10000000000000064006400400600
:10102000E10000000000000064006400A406E1008C
:10103000000000000000960064000807E1000000C6
:1010400000000000AF006400000045010000000047
:10105000000064006400AF004501000000000000D3
:1010600064006400130145010000000000006400FA
:101070006400770145010000000000006400640086
:10108000DB014501000000000000640064003F0235
:10109000450100000000000064006400A302450157
:1010A00000000000000064006400650445010000C9
:1010B0000000000064006400C90445010000000055
:1010C0000000640064002D054501000000000000E0
:1010D0006400640091054501000000000000640008
:1010E0006400F50545010000000000006400640094
:1010F00059064501000000000000E1006400BD0643
:101100004501000000000000E10064000000A901AA
:1011100000000000000064006400E100A90100007C
:1011200000000000640064004501A9010000000007
:10113000000064006400A901A90100000000000093
:10114000640064000D02A9010000000000006400BA
:1011500064007102A9010000000000006400640046
:101160003304A9010000000000006400640097043B
:10117000A90100000000000064006400FB04A90154
:10118000000000000000640064005F05A901000089
:101190000000000064006400C305A9010000000015
:1011A0000000640064002706A901000000000000A0
:1011B000AF0064008B06A90100000000000064007D
:1011C00064005307DB010000000000007D006400A4
:1011D00000000D02000000000000640064007D00BB
:1011E0000D020000000000007D006400E1000D021F
:1011F00000000000000096006400C3050D0200001E
:10120000000000006400640059060D0200000000A8
:101210000000E1006400C2013F0200000000000085
:1012200064006400A3023F020000000000001301FC
:10123000640065043F0200000000000064006400D8
:10124000EF063F0200000000000064006400530746
:101250003F0200000000000064006400B7073F0286
:101260000000000000000400AD270100060130016D
:10127000340138013C014001440148014C01500156
:1012800008010C011001140118011C0120012401A6
:101290002C0100003C027804B306EE08280B610D17
:1012A000990FD01106143A166C189D1ACB1CF71E14
:1012B000212148236C258E27AC29C72BDF2DF32F46
:1012C0000332103418361C381C3A173C0E3EFF3FD0
:1012D000EC41D443B64593476A493C4B084DCD4E4B
:1012E0008D504652F953A5554B57EA58825A135C14
:1012F0009C5D1F5F9A600D627963DD6439668D675E
:10130000D9681D6A596B8C6CB76DD96EF36F047117
:101310000C720B730174EE74D275AD767F774778DB
:101320000679BB79677A0A7BA27B327CB77C337DF6
:10133000A57D0D7E6C7EC07E0B7F4B7F827FAF7F55
:10134000D27FEB7FFA7FFF7F4F4E004F4646004C27
:10135000543A004E43004341503A0052543A00255B
:10136000752525004E554D3A002000000000000074
:101370000025191902040813133A00040400040498
:1013800000300E11131519110E31040C040404045D
:101390000E320E11010204081F331F020402011154
:1013A0000E3402060A121F0202351F101E0101111F
:1013B0000E360608101E11110E371F010204080810
:1013C00008380E11110E11110E390E11110F0102F4
:1013D0001C410E11111F111111430E11101010118B
:1013E0000E461F10101E1010104C10101010101070
:1013F0001F4D111B15151111114E11191513111136
:10140000114F0E11111111110E501E11111E10103D
:1014100010521E11111E141211541F04040404044E
:1014200004551111111111110E5911110A0404045E
:101430000473656C656374656400706879736963CF
:10144000616C5F6C61796F7574730044656661757A
:101450006C74007A6D6B5F706879736963616C5F3F
:101460006C61796F75745F73656C656374696F6EB9
:101470005F6368616E676564004558545F504F57FD
:101480004552006578745F706F7765722F73746171
:1014900074652F2573006578745F706F7765722FA0
:1014A0007374617465007A6D6B5F616374697669EA
:1014B00074795F73746174655F6368616E67656496
:1014C000007A6D6B5F706F736974696F6E5F7374B0
:1014D0006174655F6368616E676564007A6D6B5FF8
:1014E00073656E736F725F6576656E74007A6D6B8F
:1014F0005F7573625F636F6E6E5F73746174655F57
:101500006368616E67656400626F6F746C6F6164BD
:1015100000737973726573657400657874706F77A2
:101520006572007267625F7567007A6D6B5F7065E8
:10153000726970686572616C5F62617474657279FA
:101540005F73746174655F6368616E676564007A78
:101550006D6B5F626174746572795F7374617465D9
:101560005F6368616E676564007A6D6B5F6869646C
:101570005F696E64696361746F72735F6368616EE3
:10158000676564007A6D6B5F73706C69745F70651A
:10159000726970686572616C5F7374617475735F92
:1015A0006368616E6765640053706C697420506590
:1015B000726970686572616C204E6F7469666963E8
:1015C0006174696F6E205175657565007075626C28
:1015D00069630072616E646F6D007075626C69633F
:1015E0002D69640072616E646F6D2D6964003078DE
:1015F0002530327800253032583A253032583A2595
:101600003032583A253032583A253032583A25305F
:101610003258202825732900626C655F70657269F5
:1016200070686572616C007267622F756E646572B6
:10163000676C6F772F7374617465007267622F75C2
:101640006E646572676C6F77004C6F7720507269BB
:101650006F7269747920576F726B2051756575656B
:101660000000070E091C1B1215383F363124232AAF
:101670002D4661696C656420746F207265626F6FBE
:10168000743A207370696E6E696E6720656E646C63
:101690006573736C792E2E2E0A0000010103010080
:1016A000030130313233343536373839414243441F
:1016B000454600546F6D616B3739005A4D4B2050D1
:1016C000726F6A65637400637C777BF26B6FC53001
:1016D00001672BFED7AB76CA82C97DFA5947F0ADB8
:1016E000D4A2AF9CA472C0B7FD9326363FF7CC348A
:1016F000A5E5F171D8311504C723C31896059A07DB
:101700001280E2EB27B27509832C1A1B6E5AA05285
:101710003BD6B329E32F8453D100ED20FCB15B6AA3
:10172000CBBE394A4C58CFD0EFAAFB434D33854549
:10173000F9027F503C9FA851A3408F929D38F5BC81
:10174000B6DA2110FFF3D2CD0C13EC5F974417C427
:10175000A77E3D645D197360814FDC222A90884624
:10176000EEB814DE5E0BDBE0323A0A4906245CC2B6
:10177000D3AC629195E479E7C8376D8DD54EA96CED
:1017800056F4EA657AAE08BA78252E1CA6B4C6E8E7
:10179000DD741F4BBD8B8A703EB5664803F60E6143
:1017A0003557B986C11D9EE1F8981169D98E949B71
:1017B0001E87E9CE5528DF8CA1890DBFE64268411E
:1017C000992D0FB054BB162A20627566666572208B
:1017D0006F766572666C6F77206465746563746597
:1017E00064202A0A00464C4153485F30005352415E
:1017F0004D5F300000FFFFFFFFFFFF000000000013
:101800000000FFFFFFFFFFFF0000000000003F4956
:10181000F6D4A3C55F3874C9B3E3D2103F504AFF72
:10182000607BEB40B7995899B8A6CD3C1ABD6E6164
:101830006D650062742F25732F2530327825303284
:10184000782530327825303278253032782530329C
:101850007825752F25730062742F25732F2530325C
:10186000782530327825303278253032782530327C
:10187000782530327825750062742F2573006274E4
:101880000042545F4C575F57510002FB349B5F800E
:101890000000800010000000000000574553545F16
:1018A000544F504449522F7A65706879722F73757E
:1018B000627379732F626C7565746F6F74682F68CB
:1018C0006F73742F6863695F636F72652E63006561
:1018D0007272203D3D203000415353455254494FD0
:1018E0004E204641494C205B25735D2040202573E6
:1018F0003A25640A006275660009636F6D6D616E5A
:1019000064206F70636F64652030782530347820F0
:1019100074696D656F75742077697468206572727B
:101920002025640A006576745F666C616773202603
:10193000202831554C203C3C202830292900627455
:101940005F6863695F6576745F6765745F666C6125
:101950006773286864722D3E6576742920262028D6
:1019600031554C203C3C20283129290062745F62AB
:1019700075665F6765745F7479706528627566293E
:10198000203D3D2042545F4255465F45565400423B
:1019900054205458000009090909010209090909DC
:1019A00009090909090909070909090909060909AC
:1019B00009090909090909090909090909090501A3
:1019C0000204E69D350E480103CCDBFDF4AC119119
:1019D000F4EFB9A5F9E9A7832C5E2CBE97F2D203E8
:1019E000B0208BD28915D08E1C742430ED8FC24567
:1019F00063765C15525ABF9A32636DEB2A65499C37
:101A000080DC574553545F544F504449522F7A65F8
:101A1000706879722F7375627379732F626C756554
:101A2000746F6F74682F686F73742F636F6E6E2E90
:101A3000630062742F6363630062742F686173686C
:101A40000062742F63660062742F736300000506E2
:101A50001F1F2918120308020305080A00080103C2
:101A60000401050405090607010106060800000136
:101A70000001000301000302020100020000000057
:101A800000020301000362742F6B657973006C8898
:101A90008391AAF5A53860370BDB5A6083BE757356
:101AA00062645F776F726B710001000201060105CD
:101AB0000104010301050202010302050401010101
:101AC000020103010401060108010C0110011801C3
:101AD0002001400180616463403430303037303061
:101AE0003000636C6F636B403430303030303030F6
:101AF00000737364313330364033630072616E6457
:101B00006F6D40343030306430303000656E747248
:101B10006F70795F62745F68636900666C61736897
:101B20002D636F6E74726F6C6C657240343030313F
:101B300065303030006770696F4035303030303399
:101B40003030006770696F403530303030303030C1
:101B500000693263403430303033303030006B73E2
:101B600063616E0077733238313240300002010316
:101B700074656D70403430303063303030007370D5
:101B800069403430303266303030000000000000F0
:101B900001010000000000002030303030303030D3
:101BA00030303030303030000100000100000001E2
:101BB0000000000000010000000000000101010120
:101BC000010C0D0E0F101112131402030405060769
:101BD00008090B4E6F0A6461746100081008010265
:101BE00004080102040862696E0000010203040592
:101BF000060708090A0B0C0D0E0F1011121314150D
:101C0000161718191A1B1C1D1E1F202122232425FC
:101C1000262728292A2B2C2D2E2F303132333435EC
:101C2000363738393A3B3C3D3E3F404142434445DC
:101C3000464748494A4B4C4D4E4F505152535455CC
:101C4000565758595A5B5C5D5E5F606162636465BC
:101C5000666768696A6B6C6D6E6F707172737475AC
:101C6000767778797A7B7C7D7E7F8081828384859C
:101C7000868788898A8B8C8D8E8F9091929394958C
:101C8000969798999A9B9C9D9E9FA0A1A2A3A4A57C
:101C9000A6A7A8A9AAABACADAEAFB0B1B2B3B4B56C
:101CA000B6B7B8B9BABBBCBDBEBFC0C1C2C3C4C55C
:101CB000C6C7C8C9CACBCCCDCECFD0D1D2D3D4D54C
:101CC000D6D7D8D9DADBDCDDDEDFE0E1E2E3E4E53C
:101CD000E6E7E8E9EAEBECEDEEEFF0F1F2F3F4F52C
:101CE000F6F7F8F9FAFBFCFDFEFF0011223344552C
:101CF00066778899AABBCCDDEEFF0055AAFF00FFEE
:101D0000808080818182828384858687898A8C8D88
:101D10008F91939597999B9EA0A2A5A7AAADAFB2CC
:101D2000B500FFCCCF3CC06CDBFB6FED9B0031FC02
:101D30001E0FE300C798618678C038D8E3BDD99DEF
:101D4000806F0036CCC630C63336C0663CFF3C667A
:101D500030CFCC306F00FCF003060C183060C07B35
:101D60003DFBCF378031C30C30CFC07B318C630F4C
:101D7000C07B30CE0F37801C79B66FE18300FF0F38
:101D8000830F3780398C3ECF3780FC30C630C3009C
:101D90007B3CDECF37807B3CDF0C6700F0F06C06CD
:101DA000F01999861860FC0FC0C30C3333007B30E8
:101DB000C63003007D8F7EFDF81F0031ECF3FF3C41
:101DC000C0FB3CFECF3F807B3C30C33780F36CF3DD
:101DD000CF6F00FF0C3EC30FC0FF0C3EC30C007B57
:101DE0003C37CF37C0CF3CFFCF3CC0FCC30C30CF1B
:101DF000C00C30C30F3780C79B678D99B180C30C6F
:101E000030C30FC0C7DFFEBC78F180C7CFDEFCF85F
:101E1000F1807B3CF3CF3780FB3CFEC30C007B3C66
:101E2000F3CF66C0FB3CFEDB3CC07B3C1E0F378023
:101E3000FCC30C30C300CF3CF3CF3780CF3CF3CD95
:101E4000E300C78F1EBFFDF180C3663C183C66C32C
:101E5000C3663C18181818FC318C630FC0FCCCCC3E
:101E6000F0C06030180C0603F33333F01071B63055
:101E7000FFC6307837F37CC30FB3CF3F807E318706
:101E8000800C37F3CF37C07B3FF0783B3EC63180C4
:101E90007F3CDF0FE0C30FB3CF3CC06038C631E0FA
:101EA0001806318C7EC30CF6F36CC0E318C631E023
:101EB000CDFF5EBC60FB3CF3CC7B3CF378FB3CFE8F
:101EC000C3007F3CDF0C30FB3C30C07F0783F861F0
:101ED0008FD86183C0CF3CF37CCF3CDE30C78F5BB3
:101EE000E6C0C6D8E36C60CF3CDF0DE0FC6318FCB5
:101EF0001CC33830C1C0FFFCE0C30730CE0077B848
:101F0000C142BD2C4081000101010101010101011B
:101F100001010101010101000101000404040404A4
:101F20000404040404000000000006060606060679
:101F3000050000000000000000000000000000009C
:101F40000000020000000000000000000400000289
:101F50000002020000000000000002020202000273
:101F6000000000020000000000000200000000016C
:101F70000105050501050000000010010100000039
:101F8000001002020C0C12120000202C2E3B3A2DE5
:101F90005F007662617474006D61696E00737973BD
:101FA000776F726B71002A2A2A20426F6F74696EF4
:101FB00067205A6570687972204F53206275696C8A
:101FC0006420646163616234383735646637202A7F
:101FD0002A2A0A00286E756C6C29002A666C6F61CB
:101FE000742A000050ED050074ED050078ED050041
:101FF0007CED050080ED0500D4ED0500D8ED050071
:10200000E0ED0500E4ED0500E0ED0500A8EB0500BE
:102010007CED0500ACEB050078ED0500ACEB0500B0
:1020200074ED0500DCED0500D8ED0500F4EE0500CB
:1020300078ED0500F4EE050074ED0500F8EE0500FE
:10204000000000001D8202000000000000010000EE
:102050000000000000000000000000000000000080
:102060000000000000000000000000000000000070
:1020700000000000E59B02000000000000010000DD
:102080000000000000000000000000000000000050
:102090000000000000000000000000000000000040
:1020A00000000000119C0200000000000001000080
:1020B0000000000000000000000000000000000020
:1020C0000000000000000000000000000000000010
:1020D0000000000000000000000000000000000000
:1020E00000000000000000000000000000000000F0
:1020F00000000000000000000000000000000000E0
:1021000000000000000000000000000000000000CF
:1021100000000000000000000000000000000000BF
:1021200000000000000000000000000000000000AF
:10213000000000000000000000000000000000009F
:10214000000000000000000000000000000000008F
:10215000000000000000000000000000000000007F
:10216000000000000000000000000000000000006F
:10217000000000000000000000000000000000005F
:10218000000000000000000000000000000000004F
:102190000000000000000000E9CF02000000000085
:1021A000000000000000000000000000000000002F
:1021B000000000000000000000000000000000001F
:1021C000000000000000000000000000000000000F
:1021D00000000000000000000000000000000000FF
:1021E00000000000000000000000000000000000EF
:1021F00000000000000000000000000000000000DF
:1022000000000000000000000000000000000000CE
:1022100000000000000000000000000000000000BE
:1022200000000000000000000000000000000000AE
:10223000000000000000000000000000000000009E
:1022400000000000000000001F000000000000006F
:10225000FFFFFFFFFF1F0000000000000000000064
:10226000000000000000000075D70400000000001E
:1022700000000000000000003802002038020020AA
:10228000F93D050000000000000000000000000013
:10229000000000000000000058020020580200204A
:1022A0000000000001000000680200206802002019
:1022B00070020020700200200000000001000000F9
:1022C00080020020800200200000000000000000CA
:1022D00000000000000000000000000000000000FE
:1022E00000000000000000000000000000000000EE
:1022F00000000000000000000000000000000000DE
:1023000000000000040B0020060000000000000098
:1023100000000000000000000000000000000000BD
:1023200000000000000000000000000000000000AD
:10233000000000000000000000000000000000009D
:10234000644B0020000000000000000000000000BE
:1023500088530020000000000000000059830200A4
:10236000000000000000000000000000000000006D
:102370000000000017E1040000000000958A020040
:10238000000000000000000000000000198C0200A6
:102390000000000000000000460D002000000A00C0
:1023A000680D0020000004008A0D002000000400D9
:1023B000000000000000000000000000D9E204005E
:1023C0000000000000000000AC0D00200000120022
:1023D00000000000898B02000000000000000000E7
:1023E00000000000B18B02000000000000000000AF
:1023F0001816060000000000D3E30400898D0200D7
:10240000000000000000000000000000318D02000C
:102410000000000000000000E98C02000000000045
:102420000000000000000000018E0200B98E0200D2
:1024300000000000EBE3040000000000D7E304000C
:10244000000000000000000000000000F98E020003
:1024500000000000000000000000000047E504004C
:102460000000000000000000000000008D9202004B
:102470000000000000000000000000007593020052
:102480000000000000000000000000009998020019
:1024900000000000000000000000000075E50400DE
:1024A00000000000000000006FE6040008EF0500D7
:1024B000940C002000000200A00C0020000002008C
:1024C000AC0C002000000200000000000000000032
:1024D00000000000F7F4040000000000000000000D
:1024E000C80C002000001200F9B202000000000039
:1024F000FDF5040000000000E1F50400210B0500DB
:102500000000000049BF02000000000000000000C1
:102510000000000091C30200000000000000000065
:1025200000000000000000000000000000040000A7
:10253000D4010020000000000000000000000000A6
:10254000000000000000000000000000000000008B
:102550000000000000000000000000001C0500203A
:102560001C050020000000000000000069EB0200D4
:102570000DF7020007270500000000000000000022
:102580003DEF0200532405007F23050021EB0200EC
:10259000000000000000000000000000000000003B
:1025A00000000000350903000000000000000000EA
:1025B000000000009731050000000000000000004E
:1025C00000000000DC0C002000000200E80C0020ED
:1025D00000000A00F80C00200000200000000000AD
:1025E0000000000000000000000000006B2A050051
:1025F000000000000C0D002000000200180D00205B
:1026000000000200240D002000000A00F91403005D
:102610000000000000000000442F00200000000027
:1026200079460300000000004C2F0020000000004D
:10263000A935030000000000542F00200000000016
:102640007DD60300000000005C2F00200000000089
:102650007DD6030000000000642F00200000000071
:1026600041330300080004000000000000000000E7
:10267000000000000000000000000000000000005A
:102680000000000000000000000000000400030043
:10269000000000000000000000000000000000003A
:1026A0000400050000000000000000000000000021
:1026B000000000000000000000000000000000001A
:1026C00038000400000000000000000000000000CE
:1026D00000000000000000000000000000000000FA
:1026E00000000000000000000000000000000000EA
:1026F00000000000000000000000000000000000DA
:1027000000000000000000000000000000000000C9
:1027100000000000000000000000000000000000B9
:1027200000000000000000000000000000000000A9
:102730000000000000000000000000000000000099
:102740000000000000000000000000000000000089
:102750000000000000000000000000000000000079
:102760000000000000000000000000000000000069
:102770000000000000000000000000000000000059
:102780000000000000000000000000000000000049
:102790000000000000000000000000000000000039
:1027A0000000000004000500000000000000000020
:1027B0000000000000000000000000000000000019
:1027C00020000800000000000000000000000000E1
:1027D00000000000000000000000000000000000F9
:1027E00000000000000000000000000000000000E9
:1027F00000000000000000000000000000000000D9
:1028000000000000000000000000000000000000C8
:1028100000000000000000000000000000000000B8
:1028200000000000000000000000000000000000A8
:102830000000000000000000000000000000000098
:102840000000000000000000000000000000000088
:102850000000000000000000000000000000000078
:102860000000000000000000000000000000000068
:102870000000000000000000000000000000000058
:102880000000000000000000000000000000000048
:102890000000000000000000000000000000000038
:1028A0000000000000000000000000000000000028
:1028B0000000000000000000000000000000000018
:1028C000000000000000000000000000243700208D
:1028D0000000000049E20300000000003C37002037
:1028E000000000007DD603000000000044370020F7
:1028F00000000000D55D030000000000CC37002080
:1029000000000000F167030000000000D437002041
:10291000000000007DD6030000000000DC3700202E
:10292000000000008569030000000000E43700207B
:1029300000000000BD730300080008000000000054
:102940000000000000000000000000000000000087
:102950000000000000000000000000000000000077
:102960000000000000000000000000000000000067
:102970000000000000000000000000000000000057
:10298000080004000000000000000000000000003B
:102990000000000000000000000000000000000037
:1029A000000000000000000000000000A03800202F
:1029B00000000000F838002000000000083B002064
:1029C00000000000B83B00200000000049EE0300BA
:1029D000000000009C3E002000000000C5D3030062
:1029E00000000000C83E0020000000007DD603006B
:1029F00004000300000000000000000000000000D0
:102A00000000000000000000D8410020000000008D
:102A1000B924030000000000D041002000000000A5
:102A2000B924030000000000C8410020000000009D
:102A30000122030000000000C0410020000000004F
:102A4000B924030000000000B8410020000000008D
:102A50000122030000000000B0410020000000003F
:102A6000B92403007D3F0500653F05002D400500AA
:102A7000953F05009B3F05009F3F0500A53F0500D2
:102A8000CD3F0500C13F05005D410500000000008D
:102A900000000000000000009F4505005C0A0020C7
:102AA0005C0A002001000000010000006C0A002008
:102AB0006C0A0020740A0020740A00200000000044
:102AC00001000000840A0020840A002000000000A9
:102AD000275800200000000008000000000000004F
:102AE000AD1B04009CE6050004000000000000008F
:102AF0009CE6050006000000010000009CE60500C1
:102B00000B000000020000009CE605000D00000024
:102B1000030000009CE605000F0000000400000018
:102B2000B4E605000200000005000000B4E6050060
:102B30001D00000006000000B4E605001F000000B4
:102B400007000000B4E605001400200000000000AB
:102B5000B4E605001100200001000000B4E6050005
:102B60000B002000020000009CE605000000200091
:102B700003000000B4E60500180020000400000077
:102B8000B4E605001600200005000000000000006B
:102B900000000000000000007F4A05000000000067
:102BA000000000009C090600000000006C0B0020E3
:102BB0006C0B002000000000010000007C0B0020D6
:102BC0007C0B0020840B0020840B00200000000000
:102BD00001000000940B0020940B00200000000076
:102BE00000000000000000000000000000000000E5
:102BF00000000000000000000000000000000000D5
:102C0000A4E705000000000000000000B75C002001
:102C100000000000000000000000000000000000B4
:102C200000000000000000000000000000000000A4
:102C30000000000000000000000000000000000094
:102C40000000000000000000000000000000000084
:102C50000000000000000000000000000000000074
:102C60000000000000000000000000000000000064
:102C70000000000000000000000000000000000054
:102C800008000000FF00000000000000030000003A
:102C90000000000000000080D4C3B2A1B9BD040050
:102CA00027CF0500640C0020640C00206C0C002071
:102CB0006C0C0020000003280000032800000929F4
:102CC000000003280000022900000328000000285B
:102CD0000000502A0000502A000003280000292A82
:102CE0000000292A000003280000242A0000242ACA
:102CF0000000032800000A18000000280000042932
:102D0000000002290000192A0000192A00000328E7
:102D100000000F180000002800002A2B00002A2BBA
:102D2000000003280000292B0000292B00000328A5
:102D3000000002290000052A0000052A00000328DF
:102D400000000118000000280000042A0000042AE6
:102D5000000003280000012A0000012A00000328C7
:102D60000000002A0000002A0000032800000018CC
:102D700000000028FF022A48C2B1CFC567C9077109
:102D8000960005000000022A48C2B1CFC567C907F6
:102D900071960005000000022A48C2B1CFC567C97C
:102DA0000771960004000000022A48C2B1CFC5672F
:102DB000C90771960004000000022A48C2B1CFC5BD
:102DC00067C90771960002000000022A48C2B1CF0D
:102DD000C567C90771960002000000022A48C2B107
:102DE000CFC567C90771960001000000022A48C2DA
:102DF000B1CFC567C90771960001000000022A48DB
:102E0000C2B1CFC567C90771960000000000552AFE
:102E100048C2B1CFC567C907719600000000000F16
:0F2E200018060B010001501D5E610100640101E5
:102E2F000000000000000000000000000000000093
:102E3F000000000000000000000000000000000083
:062E4F000000000000007D
:032E5500FFFFFF7D
:102E5800000000000000000000000000000000006A
:102E6800000000000000000000000000000000005A
:102E7800000000000000000000000000000000004A
:102E8800000000000000000000000000000000003A
:102E9800000000000000000000000000000000002A
:102EA800000000000000000000000000000000001A
:102EB800000000000000000075D7040000000000BA
:102EC8000000000000000000900E0020900E00207E
:102ED800ED82020000000000000000000000000079
:102EE80000000000000000000000000000000000DA
:102EF80075D704000000000000000000000000007A
:102F0800C80E0020C80E0020258A0200000000001C
:102F180000000000000000000000000000000000A9
:102F2800000000000000000075D704000000000049
:102F38000000000000000000000F0020000F00202B
:102F4800619802000000000000000000000000007E
:102F58000000000000000000000000000000000069
:102F680075D7040000000000000000000000000009
:102F7800380F0020380F00206D920200000000007A
:102F88000000000000000000000000000000000039
:102F9800580F0020580F0020CC950020000000009A
:102FA800010000002C00000000000000740F002049
:102FB800740F0020E86B00200000000001000000F2
:102FC800A800000000000000900F0020900F0020D3
:102FD8004C960020000000002000000014000000B3
:102FE80000000000AC0F0020AC0F0020F895002076
:102FF80000000000030000001C00000000000000AA
:10300800C80F0020C80F00200000000000000000CA
:103018000E000000DC0F0020DC0F00200000000084
:08302800000000000E00000092
:10303000F00F0020F00F00200C0000000400000042
:1030400028900020589000202890002028900020F0
:1030500000000000141000201410002000000000E8
:103060002010002020100020100000000A000000A6
:1030700058900020F8900020589000205890002090
:103080000000000044100020441000200000000058
:10309000501000205010002000000000010000002F
:0830A000601000206010002008
:1030A80000000000000000007010002070100020D8
:1030B80078100020781000200000000000000000B8
:1030C8008810002088100020901000209010002008
:1030D8000000000000000000A0100020A010002048
:0830E800A8100020A810002030
:1030F0000000000000000000B8100020B810002000
:10310000C0100020C01000200300030008000000D1
:1031100000000000BCF205006C95002000000000DB
:1031200000000000E4100020E4100020EC1000205B
:10313000EC10002003000300080000000000000065
:10314000D4F10500BC920020000000000000000047
:10315000101100201011002018110020181100205B
:10316000020002000800000000000000ACF20500B0
:103170005094002000000000000000003C110020DE
:103180003C110020441100204411002002000200E4
:1031900008000000000000009CF20500D093002011
:1031A00000000000000000006811002068110020ED
:1031B00070110020701100200300030008000000BF
:1031C00000000000C4F10500D491002000000000C0
:1031D0000000000094110020941100209C11002098
:1031E0009C11002001000100080000000000000008
:0831F000E4F105002493002026
:1031F8001201000200000040501D5E61050301023B
:10320800030109020000000100E032040309041868
:10321800035A4D4B2050726F6A65637400000000BA
:10322800000000000000001003546F6D616B373917
:1032380000000000000000220330313233343536FC
:103248003738394142434445460000000000000039
:0B32580000000000000000000000006B
:01326300FF6B
:10326400FCE605002CE7050044E7050014E705002B
:04327400CCEE050097
:0432780015E015E068
:040000032000B98D93
:00000001FF
