:020000022000DC
:1060000078F40020C51A0300F15A0500991A03001C
:10601000991A0300991A0300991A0300000000005E
:10602000000000000000000000000000E91B030069
:10603000991A030000000000551B0300991A030081
:10604000091E0300896A0400091E0300091E0300DB
:10605000091E0300091E0300091E0300091E030098
:10606000091E0300091E0300091E0300091E030088
:10607000091E0300091E0300091E0300091E030078
:10608000091E0300091E0300091E0300091E030068
:10609000091E0300091E0300091E0300091E030058
:1060A000091E0300091E0300091E0300091E030048
:1060B000091E0300091E0300091E0300091E030038
:1060C000091E0300091E0300091E0300091E030028
:1060D000091E0300091E0300091E0300091E030018
:1060E000091E0300091E0300091E0300091E030008
:1060F000091E0300091E0300091E0300091E0300F8
:1061000053B94AB9002908BF00281CBF4FF0FF311E
:106110004FF0FF3000F00CB8ADF1080C6DE904CE83
:1061200000F008F8DDF804E0DDE9022304B0704770
:10613000704700BF2DE9F04786468C460846089E0A
:10614000154674461946002B40F0C2808542B2FACB
:1061500082F245D94AB1C2F1200300FA02FC2EFABC
:1061600003F3954043EA0C0C94404FEA154EA8B255
:10617000BCFBFEF8230C0EFB18CC08FB00F943EA2D
:106180000C43994528D9EB1808F1FF3704D29945FB
:1061900002D9A8F102072B44A3EB0903A4B2B3FB75
:1061A000FEFC0EFB1C330CFB00F044EA0344A0424F
:1061B00014D92C190CF1FF3304D2A04202D9ACF14E
:1061C00002032C44241A43EA07401EB1D4400023A2
:1061D00034607360BDE8F0874746DDE76346F1E76A
:1061E00092BB431B01214FEA154EAFB2B3FBFEFC3D
:1061F000200C0EFB1C330CFB07F840EA03439845C8
:1062000062D9EB180CF1FF3004D2984502D9ACF1F9
:1062100002002B44A3EB0803A4B2B3FBFEFC0EFB6D
:106220001C330CFB07F744EA0344A7424ED92C1950
:106230000CF1FF3304D2A74202D9ACF102032C4483
:10624000E41B43EA0040C0E7C2F1200320FA03F157
:10625000954090402EFA03F303434FEA154EAFB238
:10626000B1FBFEFC0EFB1C10190C0CFB07F841EAFD
:106270000041884504FA02F422D969180CF1FF3074
:1062800004D2884502D9ACF102002944A1EB0801EF
:106290009BB2B1FBFEFC0EFB1C110CFB07F743EAA3
:1062A00001439F420ED9EB180CF1FF3104D29F42FB
:1062B00002D9ACF102012B44DB1B41EA004192E719
:1062C0006046E3E76146F7E76046A3E76346B7E762
:1062D000834206D916B9002108467BE7C6E900E0EB
:1062E000F9E7B3FA83F78FB9834201D3724508D82F
:1062F000BEEB020460EB030301209C461EB90021A3
:1063000068E73846FAE7C6E9004CF8E7C7F1200C21
:10631000BB4022FA0CF41C432EFA0CF120FA0CF3C9
:10632000B84001434FEA14490EFA07F5B3FBF9F8F8
:106330001FFA84FE09FB18300B0C08FB0EFA43EA27
:1063400000439A4502FA07F240D9E31808F1FF30FA
:1063500004D29A4502D9A8F102002344A3EB0A0310
:1063600089B2B3FBF9F809FB183308FB0EFE41EACA
:1063700003418E452CD9611808F1FF3304D28E45B4
:1063800002D9A8F10203214443EA0040A0FB02988D
:10639000A1EB0E014145CE46434602D306D14D4501
:1063A00004D2B9EB020E68EB04030138002EA6D02C
:1063B000B5EB0E0261EB030101FA0CFC22FA07F3C4
:1063C0004CEA0303F940C6E9003198E74046C5E7C7
:1063D0004346D9E710F8012B11F8013B012A28BFE9
:1063E0009A42F7D0D01A7047034611F8012B03F8F0
:1063F000012B002AF9D17047034613F8012B002A1C
:10640000FBD1181A01387047F7B5B44DD5F85C3197
:10641000996811F0010124D101AA40F603400CF063
:106420000BFD044600286DD1019CE3681B78ABB9D5
:106430000DF0BAFFBFF35B8FD5F8D430BFF35B8F9D
:1064400005F1D40203F00903BFF35B8F52E8001F8C
:1064500042E800300028F9D1BFF35B8F204623F0DB
:10646000CDFD01AA002141F203000CF0E5FC044639
:10647000002847D1019B9A4EDA68D2F80100D2F881
:10648000051003C6184623F0B9FD214601AA41F2C2
:1064900001000CF0D1FC0446A0BB0198C3685A78F7
:1064A00085F870205A88A5F872201A7985F871202D
:1064B000B3F80720A5F87420B3F80530A5F87630B6
:1064C00023F09CFD214601AA41F202000CF0B4FC2D
:1064D0000446B8B9019FFA68531C413218685968DC
:1064E000344603C4083393422646F7D17D482FF043
:1064F000DCFB384623F082FD95F87C305F0604D43F
:106500006FF01204204603B0F0BD01AA002142F250
:1065100003000CF091FC04460028F3D1019B724E5D
:10652000DA68D2F80100D2F8051003C6184623F045
:1065300065FD214601AA42F202000CF07DFC0446F2
:106540000028DFD1019CE368B3F8012091B249B182
:10655000D97839B1A5F80421DA78114606F1280076
:1065600036F000FA204623F049FD95F87C6016F0DD
:10657000200618D1022140F66D400CF001FC0446C3
:10658000002800F0A28002210C3033F0CFFD01235F
:10659000037046702146324640F66D400CF04CFCCC
:1065A00004460028AED195F89C301E0712D501AAEA
:1065B000002142F21C000CF03FFC04460028A1D14F
:1065C0000198C368D3F80120D3F80530C5E9382312
:1065D00023F014FD95F8D8305C060FD501AA0021F0
:1065E00042F22A000CF028FC044600288AD10198C7
:1065F000C3685B7885F8203123F000FD082142F262
:1066000001000CF0BDFB044600285ED008210C30D0
:1066100033F08CFD95F8D81011F0400F024640F28F
:10662000022308BF032388074CBF43F02C0043F02C
:106630000C0095F8D9308F0648BF40F0400013F0A9
:10664000090F95F8A23018BF40F4006003F006036C
:10665000CE0748BF40F01000062B08BF40F4C070C2
:1066600000212FF0C4FC2146002242F201000CF070
:10667000E3FB044600287FF445AF95F87C30B5F87D
:106680000411980624D4C9B901AA41F205000CF0FE
:10669000D3FB044600287FF435AFB5F80431019CE4
:1066A0004BB9E368B3F80120A5F804219A880F4894
:1066B000114636F057F9204623F0A0FC082140F699
:1066C00001400CF05DFB044690B96FF0680419E7D7
:1066D0000029F3D16FF0040414E700BF800100200B
:1066E000F80100200002002058020020880200204B
:1066F00008210C3033F01AFD95F8D830D90702463E
:1067000053BF4FF000512CA1D1E9000128482FF0D0
:106710006EFC2146002240F601400CF08DFB044641
:1067200000287FF4EFAE014601AA4FF601400CF0BD
:1067300083FB044620BB019823F060FC214601AA9C
:106740004FF602400CF078FB0446C8B90198C368C4
:10675000B3F80130A5F8C13023F050FC95F8C130F2
:106760005B070DD501AA21464FF603400CF064FBF0
:1067700030B90198C3685B7885F8C03023F03EFCDF
:1067800030F007F8044600287FF4BCAE0FF05CF848
:10679000044600287FF4B6AEEB79002B3FF4B2AE8E
:1067A000082104482FF079FB0CF0D4FEAAE600BFC4
:1067B000108800025402002090880002008000200F
:1067C0002DE9F843D0E90C35D0F82C805C19303431
:1067D000A0450F46164619D81D4DA3FB05011AA367
:1067E000D3E90023FFF78CFC0346A4EB0800A0FBD1
:1067F000050123F07F4414A3D3E90023FFF780FCB5
:1068000020F07F403C603060BDE8F883DFF84090C6
:106810000DA3D3E90023A8FB0901FFF771FC04468F
:1068200005F1300008A3D3E90023A0FB0901FFF71D
:1068300067FC24F07F4420F07F403C603060BDE87E
:10684000F88300BFAFF300808D49FD1A07000000F8
:1068500000CA9A3B000000009FED0D7B124B134ACB
:106860001348144910B483ED007B9FED0B7B82ED40
:10687000007B9FED0B7B104B4FF0FF34002281ED2E
:10688000007B04601A605DF8044B16F0B5B800BFD9
:10689000FFFFFFFFFF1F00000000000000000000DE
:1068A0001F0000000000000000030020203C00202A
:1068B000FC860020F8020020F48600200000000082
:1068C000002800F05F812DE9F04FB54C94F86A2064
:1068D00012F001058DB040F0A78194F82500FF2348
:1068E00000F0030084F826301FF0AEFB94F86A0035
:1068F000420727D494F8292094F8353004EB82021B
:1069000004EB8303D66AD3F8388086B1A4483146B5
:1069100017F0F6FF33785B0605D5062112F09AFFD3
:10692000002800F083819E48414617F0E9FF337844
:1069300013F00E0F40F0B780236A93B10C200DB016
:10694000BDE8F08F2A4604F16B01C0F3C0001FF0D0
:1069500017FDFF2884F82600CCD028461FF0BAFB8C
:10696000C8E715F073F98146002800F0718115F031
:1069700079F98246002800F0688118F0EFFB05469F
:10698000002800F06781D0F888004FF6FF732B8550
:1069900005F11C0B002800F04F8105F1780105F18D
:1069A0007C0212F063FFB5F876307E4A23F4EF6381
:1069B00023F0070343F4887343F00103A5F876300E
:1069C0001346D2F80120C5F89B21C5F8A12113F880
:1069D000012B9B88A5F89F31A5F8A53195F89A3130
:1069E00002F0010262F3000362F3410385F89A3179
:1069F00095F8393003F03F0363F07F0385F83930B1
:106A000095F88E3023F0070385F88E3095F83C30EA
:106A100023F00703002785F83C304FF4C023C5F866
:106A200088312846C5E91277C5F88870A5F88C70BA
:106A30006F86C5F82E7085F83B702F65A5F88E71AE
:106A4000A5F884711BF058F985F85071C5F8549178
:106A500018F042FE95F8943160F3020385F8943102
:106A600018F040FE95F8943160F3C50385F8943131
:106A700095F8803167F3410385F88031012128467C
:106A800019F090FA05F1D4001AF0BEFEC4E9189A84
:106A9000C4F820B0C5E905772F70ED6120F0A2FDA4
:106AA000002840F0C58094F824300121C3F342034C
:106AB0000DF12B008DF82B3013F076F802460028EC
:106AC00062D098F80110304617F0DCFC31233649CB
:106AD000A360364BB4F86870A0FB01010025C01814
:106AE00041F107012CA3D3E90023C4E90555257022
:106AF0006560E560FFF704FB206114F089FB00F19D
:106B000009083FB9357805F00F05A5F10105B5FA7B
:106B100085F56D0994F82400236965F3000010F0F1
:106B2000010584F824004BD0214A0992002010600E
:106B30000225204A204F04930BAE019305920321B6
:106B4000CDE90200069443460090089607972A462E
:106B50000B9514F0FBF9314615F03EF9A0B9174931
:106B600005914AF2D8330093CDE90300CDE9010045
:106B70000797089606944346012203210B9514F0CB
:106B8000B1F943E017F0CABB236A002B3FF4D6AE3D
:106B900017F082FBD2E600BF8D49FD1A0700000006
:106BA000B4870020F443060000CA9A3B8C49FD1AC2
:106BB000A887002001E50300A1B3030015E003004E
:106BC0002B4A2C48049303F2471306940295912113
:106BD0001360A7FB000301FB0731274B0793274BEB
:106BE00005934FF6FF730992022703930BAE1EA382
:106BF000D3E900230B970896FFF782FA4346CDE9C5
:106C000000503A462846032114F0A0F9314615F009
:106C1000E3F80028B8D194F86A3043F0010384F80F
:106C20006A3018F08FF860B1002088E6122086E6FE
:106C300017F032FB032082E605F18000C5F88800DA
:106C4000ABE601201FF0E2F9EEE7484615F004F844
:106C5000072074E6504615F00BF8484614F0FCFF88
:106C6000F6E700BFAFF300808D49FD1A0700000072
:106C7000A8870020002AE784A1B3030001E50300F0
:106C800070B590F824308AB0C3F342030D46044631
:106C900001210DF1230016468DF8233012F084FFF8
:106CA00071780246284617F0EDFB1F491F4AA0FBEA
:106CB0000131981841F1070119A3D3E90023FFF727
:106CC0001FFA23699842054621D21B1A002201921D
:106CD000174A0293174BA21AA3FB02320221920910
:106CE00000230A4409AE099113490591CDE9033304
:106CF0000321D2B206960093184614F087F9314664
:106D000015F06AF838B9256100200AB070BDFBD9CA
:106D1000C21A0023DBE70C200AB070BDAFF300807D
:106D20008D49FD1A0700000000CA9A3B8C49FD1AE4
:106D3000B487002089888888A1B303000000000080
:106D400038B5194C9DF810E094F848C01CF00105C6
:106D500023D163F3420C400194F83230A1874FEA0B
:106D6000CE0E0EF0180E00F0200040EA0E0023F0C8
:106D7000380303430D4884F832309121A2FB00030D
:106D800084F848C001FB023105A3D3E90023FFF7D3
:106D9000B7F9C4E91000284638BD0C25284638BD8F
:106DA0008D49FD1A07000000283C0020002AE784D6
:106DB00010B504469DF8080022844FEA411CC0002B
:106DC000A17D00F018000CF0200C4CEA000C0C48DF
:106DD00021F038014CEA010CA3FB0002912184F858
:106DE00016C001FB032104A3D3E90023FFF788F9B0
:106DF000606210BDAFF300808D49FD1A07000000EE
:106E0000002AE784000000002DE9F047044600F165
:106E1000350190F8480094F832305B4DDFF88081FE
:106E2000C0F3400060F386138CB084F8323014F065
:106E300043FA94F83220A38F5448E46102F07902B7
:106E4000002784F832209121A3FB0002C4E90577D2
:106E5000277001FB03214AA3D3E90023FFF750F970
:106E6000651B626C4A4B6760AD08A3FB053502F1F8
:106E70000903984298BF3A46C5F3470522644FF08C
:106E800031028CBF19460146A26005EB4502E7605E
:106E9000216148F82210064614F0BAF9236A00F17D
:106EA00009074FEA450A002B4AD00DF12C09AA44E4
:106EB00008EB8A030993CDF820900694A38F3348FA
:106EC0004FF00008A3FB0002CDF80C80912101FBDC
:106ED0000321236904932F4B07932F4B05934FF006
:106EE000020A27A3D3E90023CDF82CA0FFF708F965
:106EF000104619464FF47A720023FFF701F9043562
:106F0000EDB2CDE9016003213B462A46CDF8008071
:106F1000404614F01BF8494614F05EFF60B994F83F
:106F2000483043F0010384F8483017F0BFFC08B341
:106F300000200CB0BDE8F0870C200CB0BDE8F08755
:106F40000DF12C09CDE90A3321694B460AAA032029
:106F500001F096F90028AAD10B99104808A3D3E9AB
:106F60000023A1FB0001FFF7CBF80A9B20F07F472D
:106F70001F449CE750461FF049F8D9E7AFF3008063
:106F80008D49FD1A07000000283C0020002AE784F4
:106F9000BD86F21AA1B3030035EB030000CA9A3B89
:106FA00044880020000000002DE9F04F05468BB01A
:106FB0008B46012002219A46144622F0B7FD00229A
:106FC00002218146012012F0A1FC3B494FF4D4720A
:106FD000284612F02BFC461DF6B2384B009532467F
:106FE0000121002014F02AF810F0FD0F0CD0344AD3
:106FF0003449354840F62F032CF056FE404080F3CC
:1070000011884FF0030002DF304BA4FB03482046F9
:1070100027A3D3E900234146FFF772F82C4B20F059
:107020007F47A7FB03310722E01A02FB071168EB39
:1070300001014FF47A720023FFF762F8CDE9017085
:10704000CDF800B008950695296995F93940214891
:107050000491214931EA240128BF014605911F4CC2
:1070600007944FF6FE7103915346324601210020EA
:1070700013F038FF10F0FD0F0CD0114A11491248DF
:1070800040F644032CF010FE404080F311884FF08E
:10709000030002DFB9F1000F02D10BB0BDE8F08FA1
:1070A0000122022110460BB0BDE8F04F12F02EBCB9
:1070B0008D49FD1A07000000783C002005F103000F
:1070C0005C1B0600201C0600F815060000CA9A3B4F
:1070D0008D49FD1A7D51040025530400ADF00300D5
:1070E0002DE9F043C469228D4FF6FF739A428DB0AB
:1070F00000F08880054620461BF0F6F895F8283009
:10710000012B00F00F81022B00F00281002B00F018
:10711000E18094F85071002F40F0FD80E68DB4F8C6
:107120003080002E71D1AA8C08F101060023CDE930
:107130000A33B6B2002A70D094F93930002BC0F26D
:1071400048810023A4F88A3195F82630D90740F108
:10715000EF800023A4F88E310DF12702314620463E
:107160001AF006FE743000F04681B4F888312BB175
:10717000B34240F20D819B1BA4F88831B4F88431EE
:107180002BB1B34240F2FB809B1BA4F88431258EC7
:1071900017B9A84500F0EA800135ADB294F8D130B6
:1071A00013F001065AD1DDE90A130A46002B40F01C
:1071B000ED80002900F0DC801E461846228DE4692F
:1071C0000694CDE903570532A74D0290CDE900168C
:1071D000D2B201210020059513F018FF10F0FD0F29
:1071E00010D014F023FE84420CD0A04AA049A1483C
:1071F00040F215532CF058FD404080F311884FF0B9
:10720000030002DF0DB0BDE8F083AA8C46440023E2
:10721000CDE90A33B6B2002A8ED195F82630DA07C6
:1072200097D4B4F88A31002B00F08280B34240F248
:10723000FA809B1BA4F88A31B4F88E31002B8BD0D6
:107240009E4280F0DE809B1B9BB20022062BA4F89E
:107250008E31228600F2AC8001277DE794F9392037
:107260006FF30003002A84F8D13077DB94F87600BE
:10727000C0F3C00100F0070020F01AF8B4F86E2047
:10728000B4F86C30134403F2D51303447A4A7B48B4
:107290000721E3FB0021104671A3D3E90023FEF789
:1072A0002FFFDDE90A1320F07F422069226190421E
:1072B00035BF161A801A002000260A46002B7FF4DC
:1072C0007DAF56EA010C7FF479AF002850D0194603
:1072D0001E4673E794F88E3003F01803182B7FF4E2
:1072E00018AFA18DB4F886218B1D9A42C4BF931F9D
:1072F0005B1AB4F88211CCBF9BB21346994200F0DE
:107300008C80A4F88231A4F88431A4F8882100E7A5
:107310003D2784F85071394620460DB0BDE8F04352
:1073200018F0FEBA0023A4F88831A4F88431F0E6FE
:10733000B4F88E31002B83D1628DB4F88C3140F2D9
:10734000E24101FB02F242F2107101FB0323013B17
:10735000B3FBF2F39BB2A4F88E316FE794F8770099
:10736000012100F007001FF0A5FF87E73D4615E764
:10737000002D4BD000261146304633461EE7002331
:10738000A4F8843120461AF093FD00E7304615E753
:1073900014F0B4FC014600283BD00023A4F8883147
:1073A000238DC3801B230371006814F071FCE5E694
:1073B00094F939309342BFF6CFAEB8F1000F7FF4A5
:1073C0004BAFD4F878315A08DB0743D4C4F878219E
:1073D000C2E628460AAA0BA904F1D409FFF7F0F97E
:1073E00048461AF053FA18B348461AF04FFA18B341
:1073F00000232386A5E69DF82710204618F090FA72
:1074000000E70821204618F08BFAFBE6002FB1D1E7
:10741000F8E60123A4F88831B0E6B4F88811002911
:107420007FF477AE6FE73E21204618F079FAE9E65F
:10743000FF2018F02DFAD7E70246D4E91E0112F01A
:107440002DFA0028D4D194F83C30580744BFA38DBE
:10745000238676E642F00042C4F87821FCE600BFBD
:107460008D49FD1A070000006DF003005C1B06004B
:107470006C1C0600F81506008C49FD1A00CA9A3BE0
:107480002DE9F04F87B0CDE90432BDF844200378F0
:107490000292BDF84820BDF84080BDF84C50468EA1
:1074A000B0F82E90B0F814B1019104460392002B6D
:1074B00000F0CB80013EB6B2A368D4F80C71721B09
:1074C00092B2002B009209DAE168626823F000436F
:1074D00091422CBF7F18BF18A360FF1A009A638DDA
:1074E00013FB02F39BB2B3FBF8F218FB02F080B27D
:1074F00083421FFA82FA80F09780C01A40F2E2427B
:107500005D4902FB00F0A0FB010159A3D3E9002370
:10751000FEF7F6FD20F07F400744D94494F8393057
:107520004D44AD1B554440F2E246DB09E58506FBC0
:1075300008F500F08E80226C0099A36CDFF838B15A
:1075400002FB1133A36420F09FF8814694F8740184
:10755000C0F3420020F09AF8059B814406FB03F338
:1075600005FB09F9236509F57429444B09F23F2904
:10757000A3FB09394FEA994303FB0AF02364A5EB07
:107580000309A36C6A080344963A934228BF134642
:10759000C4E911230023C4F87C31A0FB0B0134A300
:1075A000D3E90023FEF7ACFD049B3F1A3448A0FB4F
:1075B0000330800A06FB00F02DA3D3E90023A0FBD3
:1075C0000B01FEF79DFD20F07F46029BA385039BE8
:1075D000A4F88C3129462046A4F82A801AF004FC2D
:1075E000284BA18D2B44881DB3FBF5F39AB2904232
:1075F000A4F8862102D2521A063A92B2019BA4F84C
:10760000822113B10023A4F88E313B464A4631460D
:107610002046FFF7C9FC94F8803143F0010384F859
:10762000803107B0BDE8F08F08FB1231124840F2FC
:10763000E24389B203FB01F1A1FB00010CA3D3E9F2
:107640000023FEF75DFD3F1A67E74E445E44B6B285
:1076500032E7049B0848A3FB000105A3D3E90023FC
:10766000FEF74EFD20F07F46A9460136ADE700BF8C
:107670008D49FD1A0700000000CA9A3B83DE1B43B8
:107680005917B7D17FC3C9012DE9F04F04460B68E4
:10769000077F1668D3F800A0638CD0F81E0095B061
:1076A00015464A7CADF84C30FF2AC7F38013894653
:1076B0000D9212908DF83F3072D198461A4612AB57
:1076C00093E803000DF1400B1090ADF84410F80959
:1076D0000AF1710127680A915B460C900B9718F02C
:1076E00007F80A99002843D196F89A310C9A0A9023
:1076F00068F3410362F3000386F89A311098BBF8EF
:107700000430C6F8A101A6F8A531DAF87130C6F840
:107710009B318B88A6F89F31E38D94F83010A972C5
:107720002B81D4F82A306B60D4F83A30AB6105F184
:10773000180094F83E300371052112F035FA6B7F82
:1077400000F03F0060F305036B7794F83F30C3F31C
:107750000401A977A18EE981012803F01F0389B2F2
:1077600006D91B3303F01F030B2B01D80A9A59BB10
:107770000022CAF8142095F820300B9862F3000319
:1077800085F82030E56801262146267114F076FA46
:1077900028682E71294614F07BFA15B0BDE8F08FE9
:1077A0000DF1400B10460DF13F015A461EF0A4F9B1
:1077B0009DF83F80277F08F102085FFA88F88DF86E
:1077C0003F8008F0010282E7D9F800305A60E38E6A
:1077D0002B82EB8940F2E24808FB03F71146638EE7
:1077E0000A9330461AF014FB94F83F3096F874214F
:1077F0005B0963F3430286F874211FF045FF0C9088
:1078000096F87401C0F342001FF040FF0C9B18442F
:1078100007FB00F0BA4B00F5742000F23F20A3FBF9
:1078200000307B08800C963B6862AB6294F8313084
:1078300008FB03F3AB63238FA6F88C31394630463F
:107840001AF0D2FAAF4BB04AC6F890213B44B3FBD2
:10785000F7F39AB2A6F88621298A881D824204DDB0
:10786000C1F57F41FA310A4492B2A6F882216B68D1
:10787000C6F87831234613F81C2FC2F34018DA07F4
:1078800000F104814FF48073A3839AF826001EF060
:107890008DFE04F12B03002800F0EE80626AC4F82C
:1078A0002B20228D9A800D9BFF2B00F0E980BDF8E4
:1078B0004C301298A4F82930C4F82500BBF80430E5
:1078C000A4F8233010989DF83F30C4F81F00A37728
:1078D000EB8963862B8AA386B6F88C31E38696F80B
:1078E0007431C3F3420384F83830304617F042FC59
:1078F000A881E08021460B98D9F8044014F0BEF925
:10790000AB89E3801C23D4F800B02371B8F1000FD9
:1079100040F0D18084F81C802146584614F0B8F914
:1079200095F85B00B5F85080B5F85240012100F0A1
:1079300007001FF0BFFC444404F2D514DFF8D481E3
:107940000444834671480721E4FB080131230024E5
:10795000B360746068A3D3E90023F460FEF7D0FB42
:1079600020F07F4030616D6A0A9A7D1BD9F80C7057
:1079700040F2E24303FB027702212246012011F08C
:10798000C5FF504616F078FF07F2B2470246A7EB54
:107990000B07A7FB0801174657A3D3E90023FEF7FF
:1079A000AFFBCDF804A0D9F808305949009120F078
:1079B0007F48BA1C3A3BD2B220464344012113F01F
:1079C0007FFB012800F082809AF82430DB076AD41C
:1079D000304617F0CFFB4F4BA5FB035A044646A396
:1079E000D3E9002328465146FEF78AFBD9F8083030
:1079F000494A0792A3F13A09484B069620F07F477F
:107A0000A7FB0331E81A464B059340F2D1130893C4
:107A100033694FF0000BCDE903B34FF0070303FBCD
:107A200007116AEB01014FF47A720023FEF768FB3D
:107A30000534E4B2CDE90170CDF800804B46224612
:107A40000121584613F04EFA10F0FD0F0CD0354AC4
:107A5000354936484FF4E9732CF026F9404080F35D
:107A600011884FF0030002DF01220221104611F0BD
:107A70004DFF15B0BDE8F08FC4F82B00988012E7D9
:107A80000022C4F82520A4F8292017E7254A284910
:107A90002648F8232CF008F9404080F311884FF075
:107AA000030002DFEEE60023012200931846114690
:107AB00013F0C4FA8CE76B7F43F040036B77281D0B
:107AC0001DF012FE4FF00108E88323E714F0AEF931
:107AD00082453FF479AF134A1649144840F279239E
:107AE0002CF0E2F8404080F311884FF0030002DFF1
:107AF0006AE700BFAFF300808D49FD1A0700000060
:107B000083DE1B437FC3C901404B4C008C49FD1AE7
:107B10004151040000CA9A3B115104008D49FD1ADD
:107B20007D5104000C210600201C0600F8150600FB
:107B3000BC180600682106002DE9F04F8DB01F46E5
:107B4000BDF860300793CDE90501BDF868309DF8B8
:107B50005C90BDF864B004930020164617F000F95D
:107B6000002800F0658109F001080446404613F042
:107B700093FB0390B8F1000F6DD1169B03993A4621
:107B8000404617F0B5FD002840F06381236A04F1F8
:107B90001C020892002B65D0D4F820A0DAF800501F
:107BA00007F0010B9AF85A00C0F3C00100F007007B
:107BB0001FF07EFBBAF85210BAF8502000F2D5132D
:107BC0000A441344CC48CD4A0721E3FB0021104668
:107BD000C7A3D3E90023FEF793FA20F07F40286182
:107BE00030461EF053FA94F833306FF3410384F8B3
:107BF0003330FF2384F83430002E00F01D81A9F1CA
:107C00000203012B40F2298194F84810089869F387
:107C1000420184F8481094F833106BF30001DDE959
:107C2000052384F8331016990968616216998988CA
:107C300021850499218600960021FFF7B9F8606438
:107C40001FF0D0FC002840F013812046FFF7DCF83D
:107C50000DB0BDE8F08F062111F0FCFD00288CD19D
:107C60001220F5E713F0F2FF0990002800F073816D
:107C700017F074FA0546002800F06A81203011F0F0
:107C8000A7FF05F11C0A002840F01D81032105F122
:107C900024001FF0C1F9079BD5F888006B854FF6CB
:107CA000FF73A5F82CB02B85002800F0198105F191
:107CB0007C0205F1780111F0D9FDB5F8763023F496
:107CC000EF6323F0070343F4887343F00103A5F83F
:107CD000763095F88E304FF0000B23F0070385F8CF
:107CE0008E300121C5F888B0A5F88CB0284618F070
:107CF00059F9C5F82EB0A5F832B005F134001DF0E1
:107D00009DFC95F8393060F30503012185F8393081
:107D10000DF12F001FF080F9049B9DF82F20A5F88E
:107D20008C31774B85F83BB0A3FB0213DB0803EBE8
:107D30004303A2EB830295F83930A98DA5F88EB1E3
:107D400003F03F0385F8393095F83C30A5F884B14D
:107D5000053223F0030385F83A20079A85F83C3072
:107D600040F2E24B674B0BFB02FB4FF4C0225B443B
:107D7000C5F88821881DB3FBFBF39AB28242A5F8AF
:107D8000862102DD063A521A92B2A5F882212846CF
:107D900019F0B2FF594628461AF026F8099BC5F893
:107DA0005431002385F8503117F096FC95F8942152
:107DB00060F3020285F8942117F094FC95F8942161
:107DC00060F3C50285F8942195F88021002363F3C0
:107DD000410285F8802105F1D40019F015FD95F8D0
:107DE0009A21169907F0010B6BF3410285F89A214D
:107DF0003122AA600023169A6B60EB601268C5F806
:107E0000A12195F89A218988A5F8A51169F30002A6
:107E1000039985F89A210A68C5F89B218A88A5F8F4
:107E20009F21C4F820A0C5E905332B70ED61B9E6A8
:107E30000C200DB0BDE8F08F1EF068FD00283FF467
:107E4000DEAE1699384632461EF09AFA84F83400AF
:107E5000D5E60B200DB0BDE8F08F00201EF03AF9FA
:107E600094F8333043F00203C14684F83330CBE654
:107E7000256AEB6E63B1244A2449254840F21D432C
:107E80002BF012FF404080F311884FF0030002DF17
:107E900005F1600105F15C0011F0ECFC06460028DC
:107EA0003AD02F68EE66D7F85451002D42D02846BC
:107EB00013F0D2FE384617F057F90023032023624F
:107EC0000DB0BDE8F08F104A12491148C1232BF0C4
:107ED000EBFE404080F311884FF0030002DFD5E64F
:107EE00005F18000C5F88800E1E600BFAFF300802F
:107EF0008D49FD1A0700000000CA9A3B8C49FD1A03
:107F0000ABAAAAAA7FC3C90198210600501A06008D
:107F1000F815060054160600104A1149114840F29F
:107F20001F432BF0C1FE404080F311884FF0030047
:107F300002DFB6E7094A0A490A4840F226432BF015
:107F4000B3FE404080F311884FF0030002DFAEE73C
:107F5000099813F081FE07207AE600BF98210600F9
:107F6000AC1B0600F81506002DE9F04F04468DB055
:107F700090F81C80238D406AADF82C30E307C8F3DD
:107F8000C0170E461546C8F340180A9000F10D813F
:107F90000023A383B37C707C13F001031CBFD4F8CF
:107FA0001E30C4F82B3004F12B0214BF638CC4F8CC
:107FB0002B30FF28938004F1250904F11F0240F0C3
:107FC000E5800023BDF82C100A98C4F82530A9F8E4
:107FD0000430A777C4F81F0091803368D3F800906D
:107FE000EB8963862B8AA386B9F83030E3861FF0CD
:107FF00049FB84F838002F68384617F0BBF8002199
:10800000A881E080384619F003FFD6F804A0206864
:10801000214613F033FEAB89AAF806301C23DAF8A8
:1080200000408AF80430B8F1000F40F0CC808AF8A4
:108030001C805146204613F02BFEBB687A6895F8E9
:108040005A00B5F80E80F568674C934238BF134666
:10805000C0F3C00103F1090A00F0070040F2E24357
:1080600003FB08F81FF024F9002202212D1A012039
:1080700011F04CFC484616F049FEA5FB044558A3F8
:10808000D3E90023834629462046FEF739F8CDF888
:108090000490B3685549009120F07F490BF1040228
:1080A000A3EB0A03D2B24B440121002013F008F8DD
:1080B00010F0FD0F0CD04E4A4E494F4840F23D3370
:1080C0002BF0F2FD404080F311884FF0030002DFF7
:1080D0004FF0000B5B4603220121CDF800B058465B
:1080E00012F0ACFF384617F045F8B36806463E4834
:1080F000A3EB0A0AA8FB000139A3D3E90023FDF78B
:10810000FFFF19463D4B08933D4B069340F26D33FC
:10811000079709933B698046CDE904B310460023D5
:108120004FF47A72FDF7ECFF364B0722A9FB0331BF
:10813000CDE9028002FB0911E01A65EB01014FF461
:108140007A720023FDF7DCFF0536F6B2CDE9009028
:10815000534632460121584612F0E0FE10F0FD0F62
:108160000CD0234A2349244840F26E332BF09CFD67
:10817000404080F311884FF0030002DF012202210A
:1081800010460DB0BDE8F04F11F0C0BB04F11E0168
:108190001DF0B2FCA37FBDF82C200A98C4F825007E
:1081A0000233A377A9F8042017E7114A16491248A9
:1081B00040F2BD232BF078FD404080F311884FF052
:1081C000030002DFE4E66B7F43F040036B77281D7A
:1081D0001DF08AFA4FF00108E88328E7AFF300802A
:1081E0008D49FD1A0700000000CA9A3BF1520400B5
:1081F00098210600201C0600F8150600F552040020
:10820000255304008D49FD1ABC180600000000002B
:108210000538C3B2042B0CD870B580B20D4616F0E9
:10822000B1FF044618B190F93930002B03DA002071
:1082300070BD0020704790F876000F4EC0F3C0016B
:1082400000F007001FF034F80C4A00F2B550072187
:10825000E0FB0621104606A3D3E90023FDF750FFFB
:1082600020F07F402860204670BD00BFAFF3008043
:108270008D49FD1A0700000000CA9A3B8C49FD1A7F
:108280002DE9F04F93B0FF240B930B1D0A930023AD
:10829000CDE90E33054616468DF837409B464FF024
:1082A000040A1F469946984610AB0693564B059311
:1082B000564B03930FAB01930EAB002000930223A8
:1082C00010930490029033460DF13702294612F0C4
:1082D0003BFF022815D0109BCBB9FF2C26D033686A
:1082E000BB4223D0BAF1000F40D00AF1FF3AFF247D
:1082F0005FFA8AFA8DF83740D6E72946002012F057
:108300006FFF109B022BF8D0109B002BE5D0404A4A
:10831000404941484FF4F7732BF0C6FC404080F3CE
:1083200011884FF0030002DFFF2CD8D19DF83700F1
:10833000FF2829D011A9FFF76BFF0028B4D0FF2C2C
:108340000E9F119B0AD041463846099312F062FFF6
:108350000A9B03EB09029042099B17D8B8469DF887
:1083600037403768DDF83CB099469DE72B49284AED
:1083700029484FF4FB732BF097FC404080F31188A1
:108380004FF0030002DFB0E7FF2C34D02448072170
:10839000A9FB000301FB093119A3D3E90023FDF771
:1083A000AFFE044600B140341E4AABF57423A3F57A
:1083B0001073934216D81A480721A8FB000301FB4B
:1083C00008310FA3D3E90023FDF79AFE164BA3FB58
:1083D0000B2304EB93440B9B044400201C6013B05C
:1083E000BDE8F08F0BF1E87B0BF5D43B08F1FF38CB
:1083F0000BF5A57BDFE76FF0090013B0BDE8F08F48
:1084000000CA9A3B00000000015604000556040013
:10841000E421060028220600F81506003022060096
:108420008D49FD1ABFBDF07F83DE1B4300000000B5
:108430002DE9F043C668476873683D491A68D0F86B
:108440000090A7F57423A3F510738B4283B0804688
:1084500007D907F1E87707F5D43709F1FF3907F5B0
:10846000A57773681169DD89CDF8049006F11003D2
:1084700001AA0220FFF704FF00284ED10199A1EBC9
:1084800009031B0237D40846494612F0C3FE0346CF
:1084900028480721A3FB000201FB032122A3D3E903
:1084A0000023FDF72DFE34690444002C346109DB00
:1084B00040F2E24305FB03F3A3422FD2E41AA342A6
:1084C000FCD33461D8F800301A48A3EB0903A3FBAE
:1084D0000002072101FB032113A3D3E90023FDF7C9
:1084E0000FFE154BA3FB0737A0EB974020443061EC
:1084F00003B0BDE8F083484612F08CFE03460D48F9
:108500000721A3FB000201FB032107A3D3E90023FA
:10851000FDF7F6FD3469241AC7E73469002CD1D180
:1085200003B0BDE8F08300BF00CA9A3B0000000022
:10853000BFBDF07F8D49FD1A83DE1B4300000000A4
:1085400010B5334C3349002304F1FF3C14F83320B9
:10855000072A02EB820E05D811F83E206FF3451270
:1085600001F83E201CF833206FF300020CF8332092
:108570000133082BEAD1284A284C002313700A78CB
:1085800063F300020A7091F8282063F3000281F877
:10859000282091F8502063F3000281F8502091F8D0
:1085A000782063F3000281F8782091F8A02063F32B
:1085B000000281F8A02091F8C82063F3000281F83E
:1085C000C82091F8F02063F3000281F8F02091F8C0
:1085D000182163F3000281F81821114A9FED0A7BEC
:1085E0001370104B83ED007B0F4B236028B1BDE867
:1085F00010400E490E4834F07CBABDE810400C48DB
:1086000034F085BAAFF30080FFFFFFFFFFFFFFFFED
:10861000D593002094920020C9AB0020A4910020A3
:10862000C8AB0020F0440020A0BB0D00C1620400D4
:10863000C0440020000000002DE9F04F8FB00DF184
:1086400037010446DFF8E0A0DFF8E0800DF13600E6
:1086500013F09CFB9DF836309DF837B00B9312F069
:10866000D7FDDAF80060A6FB085629A3D3E900235A
:108670000027814631462846FDF742FDCDE90777C0
:10868000069420F07F44DAF80400234B0593A0FB06
:1086900008011FA3D3E90023FDF732FD1F4B20F093
:1086A0007F40A4FB0331072202FB0411CDE90370D4
:1086B000E81A66EB01014FF47A720023FDF720FD02
:1086C0000097CDE901404B460B985A46032112F022
:1086D00009FC10F0FD0404D06FF08B000FB0BDE872
:1086E000F08F0F480F4A002327F0FEFE20B9DAF87A
:1086F0000C000FB0BDE8F08F9DF837209DF83600D4
:1087000000942346032112F099FC6FF07300E5E713
:108710008D49FD1A07000000116A04008D49FD1AF9
:1087200048940020447B0B006094002000CA9A3BD0
:1087300038B50F4D044612F06BFDA96812F06AFDC2
:10874000696803460B48B3FBF4F4A1FB00011C4429
:1087500005A3D3E90023FDF7D3FC20F07F4084423A
:1087600094BF0020012038BD8D49FD1A070000008C
:108770006094002000CA9A3BF0B5C468636883B077
:108780000546002B63D120F017FD082020F03AFDAC
:108790000021084620F028FD00222521082020F095
:1087A00067FD454B019301A820F04AFD434940F283
:1087B0005B6020F0F5FD237AC3F3420262F30613F7
:1087C000204623721FF080F91EF0A0F858BB637A90
:1087D0009B071FD127682E6838461EF007FD064408
:1087E0006A6806F10901012020F034FF21F020F829
:1087F000204616F04DF8811C3246C9B238461EF0AC
:1088000003FD054670BB20461EF08AFC88B9002097
:1088100003B0F0BD01201DF0EDFB4178821C007813
:1088200020F0B8FED6E7607A10F0030018BF0120F0
:10883000F1E7234A2349244840F22C432BF034FA31
:10884000404080F311884FF0030002DFDFE793F828
:1088500020309A0797D01D48214620F06BFC20F06D
:1088600059FDD4E7164A1A49174840F214432BF031
:108870001BFA184B0721A5FB030301FB05310CA3D1
:10888000D3E90023FDF73CFC1349024613482BF0C3
:108890000BFA404080F311884FF0030002DF1048CC
:1088A000214620F047FC20F035FD6FF08B00AFE74C
:1088B00000CA9A3B00000000D6BE898E555555006F
:1088C000DC25060064170600F81506009173040005
:1088D000781606008D49FD1A8C26060060260600D3
:1088E00099760400000000002DE9F041C46894F975
:1088F0001630002B8CB0C0F2FF80636805460E4630
:10890000002B40F0EE80A37D6FF30003A37520F0F1
:1089100053FC082020F076FC0021084620F064FC7F
:1089200000222521082020F0A3FC012013F030FBB9
:108930000746002800F0C78007F11C0020F0C2FCA9
:10894000874B0B930BA820F07BFC864940F25B60C1
:1089500020F026FDA07DC0F3410025301EF066FC0E
:108960008148214620F0E6FBA37D9B0603D4636883
:10897000002B00F0A580962020F060FE00231A4610
:108980001946184620F072FD1DF0C0FF002838D1AE
:10899000A37D13F0180F59D1D4F800802F684046FA
:1089A0001EF024FC07446A6807F10901002020F04A
:1089B00051FE20F03DFF20F0C9FD204616F0B4F92D
:1089C000011DC9B240463A461EF01EFC80460028F2
:1089D00040F0998016B9636A002B4ED1636843B1A9
:1089E000624B0122022100209D6010F0C5FF00288B
:1089F00035D120461EF094FBD0B900200CB0BDE864
:108A0000F081A07DC0F3C0001DF0F4FA07460DF11F
:108A10002B001DF0F3FD79788046BA1C387820F0E1
:108A2000B9FD9DF82B000022414620F0D1FFB3E7AD
:108A30004F4A5049504840F20B232BF035F9404043
:108A400080F311884FF0030002DFD6E701201DF00C
:108A5000D1FA4178821C007820F09CFD9CE7444AC2
:108A60004649454840F206232BF01EF9404080F36A
:108A700011884FF0030002DFBBE7414A0792414AE9
:108A8000059240F2F31200930892CDE90366CDE916
:108A9000016606943B463146032212F023FA10F099
:108AA000FD0F9BD0324A384933484FF4FA732BF00C
:108AB000FBF8404080F311884FF0030002DF8DE7A0
:108AC00020F034FD60E72A4A30492B484FF4C57343
:108AD0002BF0EAF8404080F311884FF0030002DFEA
:108AE0002AE7636893F82030D90705D4636893F8C0
:108AF00020309A077FF507AF2548214620F01AFB62
:108B000020F008FC79E71A4A22491B4840F2E51395
:108B10002BF0CAF8204B0721A8FB030301FB083107
:108B20000DA3D3E90023FDF7EBFA1C4902461C48CC
:108B30002BF0BAF8404080F311884FF0030002DFB9
:108B40001848214620F0F6FA20F0E4FB6FF08B0085
:108B500054E700BFAFF3008000CA9A3B000000005A
:108B6000D6BE898E55555500498C0200400F002015
:108B70009826060064170600F81506006C17060014
:108B800011820400B18204009C1906002826060008
:108B900091730400781606008D49FD1AE42606003C
:108BA00060260600ED80040038B504461FF04EFA3A
:108BB000A37DA27DC3F34103013303F00303032B21
:108BC00008BF002363F3420214BF03F125002520F0
:108BD000A2751EF02BFB63680BB123694BB912F031
:108BE00017FBC11C002020F0A9FDBDE8384020F093
:108BF0001FBE20F0D1FD054612F00AFBC11C00206B
:108C000020F09CFD20F014FE20F0C6FD294612F055
:108C100001FB0B4A03460721A0FB020201FB0321D3
:108C200005A3D3E90023FDF76BFA23691B1A23611F
:108C300038BD00BFAFF3008000CA9A3B00000000BF
:108C40008D49FD1A000000002DE9F0478AB0044666
:108C500020F092FBC0B250B91EF040FBC448214640
:108C600020F068FA0AB0BDE8F04720F053BB20F0CE
:108C7000A3FB054620F0C2FC074620F0C9FC814654
:108C800020F000FF064620F0DFFE824620F078FC50
:108C9000EDB2804620F058FC1EF020FB002DDDD008
:108CA000012013F075F90546002800F04D8117F0FA
:108CB000FF07F6B240F0E380002E40F0DA804FF07C
:108CC000FF093A464B46314620461FF0E5FB002897
:108CD000C4D02A7F616800238DF823305FFA88F7BB
:108CE00002F00F03002900F0EC80616891F8201079
:108CF000880700F1E680072BB0D0A17D090740F17D
:108D00004381002B40F0C4806B7F063B1F2BA5D80E
:108D1000042013F03DF90028A0D020F091FD636AF3
:108D2000074643B9238C40F2712202FB03F3B0FBE8
:108D3000F3F203FB120723681A698E4B0721A2FB8B
:108D4000030301FB023188A3D3E90023FDF7D8F91F
:108D50006FF44A7C00EB0C03BB42FFF47FAF20F0C2
:108D6000E5FB484663681DF02FFCE37D99078046CC
:108D700040F1E581002800F0E2818246012720F0E1
:108D800029FBCDE9027A09AB049305F11E03019397
:108D90002B7FC3F380130146074600930022012373
:108DA00020461FF093FB384620F092FA20F0DAFAC2
:108DB000002840F0CA817048214620F0BBF9626863
:108DC00092F8203043F0010382F82030A37D43F075
:108DD0008003A37513F0FEF8172202714FF6FF729D
:108DE000C28095F81CC082463B46CCF3401C00F183
:108DF0001C0207F1200E1D6858689968DF68D7606B
:108E00001033734515605060916002F11002F2D189
:108E10001B6813609AF81C30CAF808406CF34513BD
:108E20008AF81C3020F0B8FC002ECAF81000099B0C
:108E3000CAF8143008BF4FF0FF098AF81990E37D93
:108E400013F0020303D0B8F1000318BF01239AF80E
:108E50001A2063F300028AF81A2013F0BBF8CAF84C
:108E60000C00DAF8000051460AB0BDE8F04713F0F4
:108E7000DFB85FFA8AF01DF035FC814621E7A07D5E
:108E80005FFA89F1C0F3C0001DF0C2FB814618E70C
:108E9000012B40F089806A7F0C2A7FF4DFAE2A7FA5
:108EA000CDF80090194600230193D20905F124035F
:108EB00020461FF045FA00287FF42AAF2B7F03F0ED
:108EC0000F03002B70D16B7F052B7FF6C7AE252BD0
:108ED0003FF6C4AEA27D02F02102202A09D16268C9
:108EE000002A00F0C180052B7FF6B8AE252B3FF697
:108EF000B5AE63682BB12B7F03F00F03072B7FF414
:108F0000ADAE03209DF8238013F042F805460028FB
:108F10003FF4A4AE13F05EF84FF6FF73EB80052329
:108F20002B71002F3CD17F20AB7E2876002E08BF0E
:108F30004FF0FF0968F34103286885F81990AB7674
:108F4000294613F075F889E60C4A0D490D4840F2A0
:108F5000C7232AF0A9FE404080F311884FF0030098
:108F600002DFA4E6AFF3008000CA9A3B00000000D5
:108F7000058104008D49FD1AF5820400982606003B
:108F800028260600F8150600B9F1FF0F8DF8249089
:108F9000C2F380184BD0227E91453FF4B2AE90E7E9
:108FA00020F0DEFAC0B2BFE7062B8CD04521D940B5
:108FB00011F0010139D1012B10D16B7F0C2B7FF403
:108FC0004DAE2A7FCDF800900DF123030193D20915
:108FD00005F1240320461FF0B3F908BB2B7F03F0F3
:108FE0000F03042B7FF43AAE6B7F063B1F2B3FF63B
:108FF00035AEA37DDB077FF531AE20F0EBF92B7F9B
:109000000278C3F38013B3EBD21F7FF427AE08308E
:10901000062205F11E0134F0A5FA00287FF41EAEE9
:109020006B7F002B7FF465AF18E66B7F5BE705F184
:109030001E0A09AA514640461DF00AFC00283FF4CA
:109040003DAFE37D03F0010343457FF437AF514665
:10905000062204F1080034F085FA00287FF42EAFD0
:109060002B7F03F00F034CE69620079220F0E6FAE0
:10907000079A104620F0B2F9032012F089FF8046CB
:1090800000283FF4EBAD12F0A5FF4FF6FF73A8F8F0
:109090000630052388F80430002F64D17F23002E8A
:1090A00088F8183014BF4B46FF2388F8193098F819
:1090B0001A30D8F800006FF3410388F81A3041469F
:1090C00012F0B6FF20F086F906460322337862F3E9
:1090D000030333702B7F3278C3F3801363F3C7121B
:1090E0000C233270484673701DF06EFAE27D9207D1
:1090F0003DD500283BD03178324641F0400102F89E
:10910000021B0168C6F8021083889380D5F81E30D0
:10911000B3606B8CB381304620F0DAF820F022F98E
:10912000002835D120F084FBA37D204843F00103C3
:109130002146A3750AB0BDE8F0471FF0FBBFA77D2D
:1091400004F1190AC7F3801719E6194A19491A4890
:1091500040F2A4432AF0A8FD404080F311884FF06C
:10916000030002DF27E620F0FBF9C3B297E7A37DF7
:109170003278C3F3801363F38612334603F8022B6D
:10918000D4F81920C6F80220B4F81D209A80BDE753
:10919000074A084908484FF4A5632AF085FD404076
:1091A00080F311884FF0030002DFBBE71981040050
:1091B0009826060030260600F8150600000000007C
:1091C0002DE9F041C468A2894FF6FF739A4282B03C
:1091D00000F0C78005461FF07DFA2B89628AE08A7D
:1091E0001A4492B21044637FA28280B2411CE18291
:1091F0005E064FF00001618204F1180100F18C80DD
:1092000003F03F000B46A17F009004F11F001CF00B
:1092100023FA0646D4E90B231344D4E90D020021B6
:109220000244E1626163A16AA26394F872208B42F6
:1092300028BF0B4612F00402236377D01FF0BCFF57
:1092400008201FF0DFFF201D1FF0FAFF2389A17AFD
:1092500040F25B6043EA014120F0A2F830461DF085
:10926000E5FF214658481FF065FF962020F0E6F9FB
:1092700094F85A2094F85B00C2F3C003002102F076
:10928000070200F0070020F0F1F820461FF084FAF2
:1092900027682E6838461DF0A9FF06446A6806F163
:1092A0000901002020F0D6F9804620F095FA002030
:1092B00020F0ACFA236B94F85B0003F13002A36B4F
:1092C00000F00700012103EB420520F00FF84544B0
:1092D000054494F85B0000F00700022824D004281D
:1092E0000CBF4FF4BC73282301211D4420F000F86B
:1092F000284420F063FAA18905313246C9B23846C4
:109300001DF082FF054698BB20461DF009FFD0B92D
:10931000002002B0BDE8F0810A4603F03F03E18B74
:109320001CF0E6F9064675E71823DDE7D4E91701D6
:1093300010F0B4FA002881D194F8723043F004039D
:1093400084F872307AE7214A2149224840F25513C5
:109350002AF0AAFC404080F311884FF0030002DF9E
:10936000D6E71D4821461FF0E5FE1FF0D3FFCFE7EB
:10937000164A1A49174840F24B132AF095FC184B2D
:109380000721A5FB030301FB05310DA3D3E900234E
:10939000FCF7B6FE1349024613482AF085FC40400C
:1093A00080F311884FF0030002DF104821461FF0C0
:1093B000C1FE1FF0AFFF6FF08B00AAE7AFF3008094
:1093C00000CA9A3B00000000F189040064270600EF
:1093D00064170600F815060091730400781606005D
:1093E0008D49FD1AB8270600602606006D7304003B
:1093F000F0B5C468A2894FF6FF739A4285B000F0B9
:109400008B8005461FF066F92B89628AE08A1A4430
:1094100092B21044637FA28280B2411CE1825E0658
:109420004FF00001618204F118015FD403F03F00A6
:109430000B46A17F009004F11F001CF00DF90646B9
:10944000204603A91FF076FA039B94F872101A784D
:1094500061F3C3021A70039A94F872301178C3F35F
:10946000400363F3820111701FF0A6FE08201FF075
:10947000C9FE201D1FF0E4FE2389A17A40F25B6043
:1094800043EA01411FF08CFF30461DF0CFFE0399E7
:1094900020461FF023FA214637481FF04BFE962046
:1094A00020F0CCF894F85B0000F007001FF096FF66
:1094B00027682E6838461DF099FE06446A6806F152
:1094C0000901012020F0C6F820F0B2F9A189053188
:1094D0003246C9B238461DF097FE054618BB2046F5
:1094E0001DF01EFE50B9002005B0F0BD0A4603F085
:1094F0003F03E18B1CF0FCF80646A1E71F4A204918
:10950000204840F203132AF0CFFB404080F311883B
:109510004FF0030002DFE6E71B4821461FF00AFE7A
:109520001FF0F8FEDFE7154A18491648F9232AF01C
:10953000BBFB174B0721A5FB030301FB05310CA364
:10954000D3E90023FCF7DCFD1249024612482AF059
:10955000ABFB404080F311884FF0030002DF0F485F
:1095600021461FF0E7FD1FF0D5FE6FF08B00BBE733
:1095700000CA9A3B0000000025880400C4270600AA
:1095800064170600F81506009173040078160600AB
:109590008D49FD1A14280600602606006D7304002C
:1095A0002DE9F0472DED028B9FED498B4A4E84B09B
:1095B00004464FF02003EFF3118783F31288BFF3C3
:1095C0006F8FD4F8C8508DB9022104F1E00033F058
:1095D000D9F9002843D100238DED008B029304F1CB
:1095E000D00239463D4827F05DFCE2E7D4F8CC20B4
:1095F0002B68C4F8C830954208BFC4F8CC30D4F802
:10960000E03043F00203C4F8E030EB6823F00403D9
:1096100043F00103EB606B6887F31188BFF36F8F32
:10962000284698474FF02003EFF3118983F31288FF
:10963000BFF36F8FEB68990723F0010219D4EA603A
:10964000D4F8E03023F00203C4F8E03089F3118845
:10965000BFF36F8FDB05ACD427F004FBA9E704F15F
:10966000D80500220121284633F092FB0028F8D1CA
:10967000B1E7306823F00303EB600028E0D0002757
:10968000D0F80080BA460028DAD0426895420146F8
:109690000BD1016897B972683160824200D1716064
:1096A00040F808AB26F0FAFE3946B8F1000F0BD0AF
:1096B000D8F8002040460F469046E4E739607268CB
:1096C000824208BF7760EBE74246F3E7AFF30080E2
:1096D000FFFFFFFFFFFFFFFFD0A4002079B00020B5
:1096E000014826F0DDBF00BF0804002007B533F0B5
:1096F0008CFB4FF47A72A0FB020302FB0131C00B1A
:10970000074A40EA4140106000234FF400420548F8
:10971000CDE9002327F0A4FD002003B05DF804FB91
:109720009848002018140020014B187800F08CBCD9
:10973000A0A50020044B1A78824202D01870FFF7CF
:10974000F3BF0020704700BFA0A5002008B533F08C
:109750005CFB4FF47A72A0FB020302FB0131114A59
:10976000C30B126843EA41439B1A0F4A934214DD2C
:1097700003F094FF20B1BDE808400120FFF7DABFF5
:109780000220FFF7D7FF00F057FB002803DABDE8FF
:10979000084000F08DBB2AF094FA47F23052934211
:1097A000E9DC08BD98480020A0BB0D0008B533F0E7
:1097B0002CFB4FF47A72A0FB020302FB0131C00BB9
:1097C000044A40EA41401060BDE808400020FFF72D
:1097D000B1BF00BF98480020014B1878704700BF08
:1097E000A0A500202DE9F041194C1A4E1A4D1B4F2F
:1097F00092B0B44203D3002012B0BDE8F081B4F8B7
:109800000480B8F1000F21D12068F8B10368EBB1F2
:1098100032F00BFFD0B12B8801339BB22B80A38099
:109820002022009341463B4602A833F07DFE236888
:109830000B4A1B6820210AA827F0EAFD0AA8FCF7BA
:10984000DBFD0AA9024602A807F080FC0834D0E735
:1098500038190020001A0020E8A400206631060014
:10986000003206002DE9F04F83B000AF0D461646DA
:1098700020493A469A462AF0FCFE80B1386870B119
:109880000A22391D27F066FE7B6893F800B0E8468F
:109890000446BBF1000F06D06FF01500C5460C372B
:1098A000BD46BDE8F08F3F2DF6D805F1080323F043
:1098B0000703ADEB030D2A4669465046B047002822
:1098C000E946EBDD0DF805B00B4E0C4DB542E3D289
:1098D0002B6848461968FCF77DFD40B9084BA2B2D9
:1098E0001C88AA80944238BF14461C80D6E70835ED
:1098F000ECE700BF7B310600001A00203819002079
:10990000E8A40020F8B5044610B900252846F8BDA3
:109910000378002BF9D00F4E0F4FBE420FD30D4EE0
:10992000BE42F2D2306832F080FE30B13568214656
:109930002868FCF74FFD0028E8D00836F0E73068CB
:1099400032F073FE18B135682B68A342DED00836BA
:10995000E3E700BF8C6306005464060070B505465B
:1099600098B94FF6FF7070BD0834B442F9D2206840
:1099700032F05BFE0028F7D0236829461868FCF710
:1099800029FD0028F0D1A088EDE7014C014EECE75D
:1099900038190020001A002070B5094C094E054600
:1099A000B44201D3002008E0206832F03EFE28B126
:1099B000A388AB4202D12368186870BD0834EFE772
:1099C00038190020001A002070B5194C194D8CB0C0
:1099D0000022002303A9204626F01CFC08B10CB08D
:1099E00070BD2B68059E5868DDE9031228F02FFA38
:1099F0000028EDDBFF238DF81830B6FA86F35B09FB
:109A000007908DF8203033F000FA4FF47A72A0FB03
:109A1000020302FB0131C00B40EA4140C90B8DE853
:109A2000030006ABCDE90A010FCB00F027FBCFE71F
:109A30009C150020004A00201FB50A4C2468A46829
:109A400084420DD183F00103CDE90112039306484E
:109A50000022002301A926F087FB044826F020FEFF
:109A600004B010BD004A00209C150020F0490020E1
:109A70001FB50023CDE90233044B8DF80C0001A87B
:109A8000019328F00DFA05B05DF804FB90E20500A3
:109A90000268034B9A420CBF08300020704700BF99
:109AA00090E20500014B03600120704778E2050059
:109AB000014B0360552070479C480020044B1A68F6
:109AC000044B9A4214BF6FF012000020704700BF91
:109AD000004A00207CE2050008B5074B93F900100E
:109AE000002906DBFFF7EAFFC0B2401A18BF0120C9
:109AF00008BD0020FCE700BF7E12002007B5FFF77D
:109B0000DDFF0DF107018DF807000122024807F083
:109B10001DFB03B05DF804FB8D31060038B504462B
:109B200000282FD0194D2B68834229D053B1986853
:109B300040B183685B6803B198472B68002198683F
:109B400006F0F8F81249134B8C4214BFED210021A6
:109B50005522002028F095F9002812DBA0682C601F
:109B600070B1012106F0E6F82B68986883680A490D
:109B70001B6898472B68986883689B6803B198476F
:109B8000002038BD6FF01200FBE700BF004A002044
:109B90007CE205009C480020399A020038B5054651
:109BA00048B90648FFF7BAFF041E02DB2846FFF754
:109BB0005FFF204638BD6FF01504FAE77CE2050030
:109BC000F7B50C4615460D4901AA1E462AF051FD6F
:109BD00068B1019B6BB9012C0DD1094F2246394662
:109BE0003046A847002802DD3878FFF7D7FF03B0DA
:109BF000F0BD0020FBE76FF01500F8E79E3106008E
:109C00007E1200200148FFF789BF00BF7CE20500FB
:109C100008B50B480B4932F028FF0B482AF05BFBD4
:109C200018B1094801212AF029FB084A002342F80B
:109C3000043B0133552BFAD1BDE80840FFF7E2BFE2
:109C4000F0490020C999020070DC05009C48002002
:109C500030B51C4C04EB00148FB0606883683A2167
:109C6000DB68984758BB60686189836804AD1B69ED
:109C70002A46984718BB95E803000123069307ABD3
:109C800083E803006389ADF8243033F0BEF84FF465
:109C90007A75A0FB053205FB0121DB0B43EA41434A
:109CA000C90BCDE90A31237B8DF830300EAB13E9B7
:109CB0000F008DE80F0006AB0FCB00F005FA0FB0D8
:109CC00030BD00BF28040020094BBFF35B8F53E871
:109CD000002F22F0010143E800100028F7D1BFF364
:109CE0005B8FD30702D50020FFF7B2BF704700BFDC
:109CF000044A002008B50549486828B183689B6874
:109D000013B1034A08319847002008BD28040020F9
:109D1000159D020008B50E4B994218D132F045FD51
:109D200088B1BFF35B8F0B4B53E8001F41F001017B
:109D300043E80012002AF7D1BFF35B8F0648BDE865
:109D4000084026F0ADBCBDE80840FFF781BF08BD64
:109D500030040020044A00201804002001289ABF83
:109D6000024B03EB40000020704700BF641100204D
:109D7000F8B50F4D0F4E761B07460C4605EBC10597
:109D8000C6F3C706A64201DC00200CE02A683B6847
:109D90009A4209D13C716B6838461B68984718B1E4
:109DA000431E012BF0D9F8BD01340835EAE700BFA6
:109DB000C04806006849060070B40D4B0D4CE41A0B
:109DC0000022C4F3C704944203DC6FF0150070BC9A
:109DD00070471E680568AE4202F1010206D15D6857
:109DE0008D4203D170BCD1B2FFF7C2BF0833EAE79E
:109DF000C0480600684906000D4B0E4AD21A70B4DE
:109E0000C2F3C7020024A24203DC6FF0150070BC4D
:109E100070471E680568AE4206D15D688D4203D169
:109E2000E1B270BCFFF7A4BF01340833EBE700BF19
:109E3000C04806006849060037B501A825F044FF70
:109E4000194D019C00232B601823584318380444F3
:109E5000019B9C4202D2002003B030BD204632F06C
:109E6000E4FBF0B120462AF0FFF9D0B920462AF0F1
:109E70003CFAB0B920462AF024FA014688B92046B7
:109E800005F058FF20F0200378330AD010F1860F38
:109E900007D00028E0DB2B68044A42F82340013356
:109EA0002B60183CD4E700BF084A0020A013002014
:109EB00070B5084D084E2C68013C002C02DA0023D6
:109EC0002B6070BD56F82400012105F033FF013CE2
:109ED000F3E700BF084A0020A013002000B58BB0B4
:109EE000064B074A2821684627F092FA05490122C5
:109EF000684607F02BF90BB05DF804FBE63106006D
:109F0000F0310600A1A500202DE9F843476804467A
:109F100000254FF001087B68AB420DD8214922484B
:109F200032F0E7FDA3681B680BB1204698473989DA
:109F300039BB0020BDE8F8833A6802EBC50352F84C
:109F400035001979DB88D0F810C0D0F80890DCF81B
:109F50000060DA0754BF43F4B01383F4D01323F442
:109F6000801208FA01FEDB074CBF46EA0E0626EA1D
:109F70000E06CCF80060D9F80030984770B901356A
:109F8000C9E740F2E7304FF47A72002300EBC130AA
:109F90000021FCF7B5F826F0E7FECAE76FF00400F1
:109FA000C8E700BFDD9E0200281A002008B5074B55
:109FB0005A784AB901221A7005480022002326F077
:109FC000D7FB044827F082FF002008BDA1A5002090
:109FD000281A0020C8DB050008B54FF4F012002352
:109FE000024826F0F9FB00EAE07008BD281A0020BC
:109FF000F7B50C461646114901AA1F462AF039FB4F
:10A00000B0B1019BA3B9012C15D10D4D22462946B3
:10A010003846B047002806DB2B780A486C7023B11D
:10A0200027F054FF002003B0F0BD27F06BFFF9E7E5
:10A030006FF00100F7E76FF01500F4E7E631060076
:10A04000A1A50020C8DB05001FB50023CDE9023320
:10A05000044B8DF80C0001A8019327F021FF05B0F7
:10A060005DF804FBB4E205000268034B9A420CBFA2
:10A0700008300020704700BFB4E2050084B030B55E
:10A0800089B00CAC84E80F00002301930CAD084BA1
:10A0900000930FCD02AC0FC495E8030084E80300E1
:10A0A000684627F0FDFE09B0BDE8304004B07047B7
:10A0B000B8E205000268034B9A420CBF083000204A
:10A0C000704700BFB8E2050084B030B58BB00EAC6D
:10A0D00084E80F00002301930EAD084B00930FCDD1
:10A0E00002AC0FC495E80F0084E80F00684627F023
:10A0F000D7FE0BB0BDE8304004B07047BCE20500AD
:10A100000268034B9A420CBF08300020704700BF22
:10A11000BCE205001FB50023CDE90233044B8DF8E6
:10A120000C0001A8019327F0BBFE05B05DF804FB0D
:10A13000C0E2050082B038B504A981E80C000546EC
:10A14000114825F0CDFD0446A0B1AB68012B0CD021
:10A15000022B05D0A3B9BDE8384002B027F01CBFE0
:10A1600027F021FF00282046F5DCBDE8384002B08A
:10A1700027F00BBF6FF00400BDE8384002B0704715
:10A180006FF08500F8E700BFE631060082B010B539
:10A1900002A981E80C0004460B4825F0A1FD78B126
:10A1A000A368022B04D00020BDE8104002B0704725
:10A1B00027F0F9FE0028CCBF00200120A060F2E7C4
:10A1C0006FF00400F0E700BFE6310600014B18789D
:10A1D000704700BFA5A500200D4A52F8203001337A
:10A1E00042F820300B4A0123117883400B430A497F
:10A1F0000978DBB2137023EA01030849084A097899
:10A2000050780B43181A537018BF0120704700BFD5
:10A210000C4A0020A5A50020A3A50020A4A500208D
:10A220008612002010B5114A52F82030002B19DD9B
:10A23000013B42F820300E4A2BB9137801218140AE
:10A2400023EA010313700B480B4B047810780B4A78
:10A250005978127820EA040010435870401A18BF49
:10A26000012010BD6FF01500FBE700BF0C4A002075
:10A27000A5A50020A3A5002086120020A4A50020EB
:10A28000044A012312788340D8B213401B1A584263
:10A2900058417047A5A5002010B5084B084A187012
:10A2A000084B51781C78084B1B7823EA04031843A9
:10A2B0005070401A18BF012010BD00BFA4A5002097
:10A2C00086120020A3A50020A5A50020074B002290
:10A2D0001A70074B074A1978074B50781B7823EA06
:10A2E0000103181A537018BF01207047A4A500205D
:10A2F000A3A5002086120020A5A50020074B084A30
:10A300001870084B51781B7823EA00030648007840
:10A3100018435070401A18BF01207047A3A50020B1
:10A3200086120020A5A50020A4A50020074B0849FF
:10A3300000221A70074B084A1B78097850780B43A3
:10A34000181A537018BF0120704700BFA3A5002042
:10A35000A4A50020A5A5002086120020A0F1E003FE
:10A36000072B03D82030C0B2FFF736BF064B0622BA
:10A3700013F8011F19B1013AFAD100207047187083
:10A380000028F8D0F9E700BF88120020A0F1E00310
:10A39000072B10B405D820305DF8044BC0B2FFF78E
:10A3A00041BF0023064A194612F8014F0133A0426B
:10A3B00008BF1170062BF7D100205DF8044B7047E1
:10A3C00088120020A0F1E003072B03D82030C0B290
:10A3D000FFF756BF064A002312F8011F884204D037
:10A3E0000133062BF8D1002070470120704700BFD1
:10A3F00088120020024B00221A605A60704700BF8A
:10A4000087120020FF280DD8084B002213F8011FE7
:10A4100021B10132062AF9D10020704718700028B6
:10A42000F7D0F9E76FF08500704700BF7F1200207A
:10A4300010B50023054A194612F8014F0133844232
:10A4400008BF1170062BF7D1002010BD7F1200202D
:10A45000024B00221A609A80704700BF80120020D1
:10A46000054A062312F8011F814203D0013BF9D1AE
:10A4700018467047012070477F120020004870473F
:10A4800086120020004870477F1200202DE9F0411D
:10A490000B4E337883B10B4CDFF82C80002542F251
:10A4A0000F7720464146013532F023FB0A2D44F850
:10A4B000207C04F15804F4D100203070BDE8F08114
:10A4C0008F120020B8200020F12205002DE9F04174
:10A4D000C269037ED17D90B0044609B1032B3DD003
:10A4E000023B012B517D07D8002937D1204610B0FF
:10A4F000BDE8F04127F0D2BE21B1937D13B92046CB
:10A5000027F06AFE0AAD18220021284632F05CFED0
:10A51000D4E90467D4F8008023798DF8383010220C
:10A52000002106A8CDE90C67CDF82C8032F04CFE56
:10A53000E3699B680793E36808930A4BC3E90267E2
:10A54000C3F800800123049310AB13E90F008DE8DA
:10A550000F0006A895E80C0027F067FB10B0BDE8D7
:10A56000F08100BF000000200B4A30B500230446F4
:10A57000282000FB03F18D18515C41B90FCC0FC5A9
:10A580000FCC0FC594E8030085E8030030BD01330C
:10A59000282BEED1FAE700BF581A00202DE9F84326
:10A5A000027E0346002A6ED13B4D2A6882426AD160
:10A5B000D269547D24B119B9BDE8F84327F06EBEC5
:10A5C000107D032828D8DFE800F0020E1F60013953
:10A5D000042921D8DFE801F01E0320051E00022116
:10A5E00019E0032117E00139042915D801A050F81A
:10A5F00021F000BF15A6020019A60200DFA5020087
:10A60000E3A5020015A602000429EAD001F0FB012F
:10A61000012901D101211976197EA1B3D069002841
:10A620000DDD5C6D611C0AD01C32002152F8046FF4
:10A63000A64204D001318842F8D101221A760022C4
:10A6400018462A60FFF742FF2C68E4B9134EDFF882
:10A650005080A14616F8087CAFB12B6806F8089C1C
:10A6600023B14FF4A470002126F07EFB012F01D00E
:10A67000022F03D141463046FFF7BEFB0134282CA0
:10A6800006F12806E6D1BDE8F8830229A7D0BFD994
:10A6900004390129BED9BFE75C4A0020601A0020B6
:10A6A0001CE4050082B02DE9F0412F4E06A981E897
:10A6B0000C000024582202FB04F0851931588B420B
:10A6C0004AD12030304432F022FAEB691968D5E9DA
:10A6D00004238A1843EBE17308998A42099A93414B
:10A6E000804603DA04212846FFF758FF582707FB66
:10A6F000046701212846FFF751FFFB69DB7D53B159
:10A700003B7E032B07D1284627F090FD01232846E6
:10A710003B76FFF7DBFE284627F088FD582303FB36
:10A720000463DB695A7D22B19B7D13B1284627F073
:10A7300053FD18F1770F4FF058031DBF5C4342F2F1
:10A740000F72331903FB046317BF32510122002239
:10A750001A7683F8502002E001340A2CABD1BDE810
:10A76000F041002002B070479820002082B02DE90F
:10A77000F047044608A9406881E80C0027F0FFF97B
:10A780003B4B1D687DB9D4E902C23A4F4FF0580ED9
:10A7900042F20F780EFB05F6F419B959414507D07E
:10A7A00001350A2DF6D1BDE8F047002002B0704710
:10A7B000D0F804809DF83010DDF82490DFF8B8E080
:10A7C0002171C4E902C2DDE90AC0C4E904C0002164
:10A7D0004FF0FF3247F8069021766265C4F81C807E
:10A7E000DEE902211C60D8F8103013EB020A41EBBD
:10A7F000E373D44570EB03030CDBDEF800309945BE
:10A800000CD1D8F80C309A1841EBE371944570EBF9
:10A81000010103DA05212046FFF7C0FE2046002192
:10A82000FFF7BCFE582303FB0575D8F800402969E3
:10A830000C4432F0EAFA4FF47A72A0FB020302FBF6
:10A840000131C30B43EA4143E11A21EAE17140F2CD
:10A85000E7304FF47A72002300EBC1304914FBF764
:10A860004FFC203602460B46B81925F081FF9AE7C7
:10A870005C4A002098200020000000202DE9F041D3
:10A880008AB00446FFF716FC00286CD02046FFF77C
:10A8900011FC524D47680446002642F20F782B689F
:10A8A0009F420CD043450AD0EB69DB7D3BB12B7E48
:10A8B000032B04D102232B762846FFF707FE01362F
:10A8C0000A2E05F15805EAD1454D286808B900203F
:10A8D0002CE0C369227A197E914204D0426D013284
:10A8E00004BF62684265016862689142EFD01968EE
:10A8F000D0E904238A1843EBE173D4E90461B2423E
:10A900008B4116DB237ADBB10123214602A88DF8A7
:10A91000003027F021FB6846FFF726FE217A2868E1
:10A92000C1F10301C9B2FFF739FE02200AB0BDE848
:10A93000F0810421FFF732FE2B68002BC7D0E1E73E
:10A940006068284A11780029C1D0012905D15169D0
:10A95000884202D1117E0029D6D10133282B02F181
:10A960002802EFD1B3E7204601F0BAF90028DDD084
:10A97000204601F0B5F9837A01469BB14368E03B7C
:10A98000072B02D80378072B0CD0174BD1E9040210
:10A99000D3E9025485429441BEBFC3E902024FF09D
:10A9A00000441C600E4B18680028BFD04B68E03B89
:10A9B000072B8CD80B78072B89D1C3695B7D13B12A
:10A9C000007E0028B2D002A802248DF8004028F0B2
:10A9D0005EF96846FFF7C8FDA7E700BF9820002092
:10A9E0005C4A0020581A0020000000202DE9F041A8
:10A9F0000B4E337883B10B4CDFF82C8000254FF0E1
:10AA0000FF3720464146013532F073F80A2D44F8ED
:10AA1000207C04F15804F4D100203070BDE8F081AE
:10AA20009012002028240020392405002DE9F04F41
:10AA3000A3B001F055F9044600287FD0037A476897
:10AA40000293837A0393036901930DF1380BA7F105
:10AA5000E003B0F80080D0F814A0DFF8349104933C
:10AA600018AD5E46D9F800200023013246F8043BB9
:10AA700045F8043B37D0D9F80C204449D0680592FA
:10AA8000FBF7A8FC059A60B9D9F8081088B2B8425B
:10AA900007D1C1F30740404503D1029BB3EB116FCF
:10AAA00021D0039B002B5ED0927932B1049B072BFF
:10AAB00003D85FFA88F2072A15D099F8502092B986
:10AAC000D9F854207AB9484627F0C5FCD9E90612CE
:10AAD00051EA020035D0019B994272EB0A0230DA4A
:10AAE000484627F09EFC18AB9E4209F15809B9D19F
:10AAF00000255BF8040B18B1019A534627F0B5FC0A
:10AB000001350A2DF5D10025DFF88880284618AFD9
:10AB100057F8256076B138B9214606A828F0B7F86D
:10AB2000414606A8FFF748F9019A5346304627F0F8
:10AB300019FC012001350A2DEAD1400023B0BDE8FF
:10AB4000F08FD9F80C20517909B146F8049C99F896
:10AB5000101019B112790AB145F8049C89F8508097
:10AB6000C9F85470BFE799F81020002ABBD099F8B3
:10AB700050204245B7D1D9F85420BA42B3D1484603
:10AB800027F069FC45F8049CADE700BFFC340600E3
:10AB90000824002050E4050082B02DE9F04104466D
:10ABA00006A9406881E80C00DDE9088726F0E7FF88
:10ABB00043682D48079AD3F80CC0A66800210446C4
:10ABC00003689A423BD1C368DD68AC4537D18568DC
:10ABD000AE4234D1457C95BB58254D43601990F861
:10ABE0005020B2BB582202FB014101220A741E68A8
:10ABF00016EB080647F10007C1E9066732F005F9D0
:10AC00004FF47A72A0FB020302FB0131C30B43EA4B
:10AC10004143F61A002E17DD4FF4004740F2E730AB
:10AC200000214FF47A720023E6FB0701FBF768FA74
:10AC3000203502460B46601925F09AFD04E00131EB
:10AC40000A2900F15800BBD1BDE8F041002002B054
:10AC50007047426D002AC5D042463B46BDE8F041F0
:10AC600002B027F07FBB00BF0824002082B02DE98E
:10AC7000F84F82460AA940682E4E81E80C00DDE9B3
:10AC80000C4526F07CFF4768DDF82C90DAF80800C8
:10AC9000D7F80CC033460022B0461968894526D142
:10ACA000D968C9688C4522D1996888421FD1597CDE
:10ACB000E9B94FF0580B0BFB028B584627F0CBFB42
:10ACC00022462B46584627F04DFBDAF808100023A1
:10ACD0003268013201D1727C7AB101330A2B06F15C
:10ACE0005806F5D1BDE8F84F002002B07047013298
:10ACF0000A2A03F15803D0D1E7E75820434308EB71
:10AD0000030048F803904FF000084FF00009C0E935
:10AD10000217C0E906899DF838300371028280F875
:10AD2000502042657B79002BDCD122462B4627F050
:10AD30009CFBD7E7082400202DE9F04700F0D0FF66
:10AD400008B1837AF3B90020BDE8F087037A43F0B5
:10AD500002030372F7E7232BF5D9A5F1E003072BD4
:10AD600023D8F3B2072B20D1EDE7A3689D4225D16C
:10AD700094F80C80FFF72AFA49EA000038EA000844
:10AD80001CD1E0E7104F3B78002BDCD006884568EB
:10AD9000072EA5F10403DBB2DDD1192BD6D9232B65
:10ADA000D1D9A5F1E003072BCDD9084C90F8089034
:10ADB00004F1240AEDB2A388B342D6D00C34544532
:10ADC000F9D100233B70BEE7A6A5002074E405007E
:10ADD00070B500F085FF034608B1827ADAB9002029
:10ADE00070BD01318842FADD32F8025F1C88A5424D
:10ADF000F7D10B4A03F1180615461868596814462E
:10AE000003C40833B3422246F7D1FFF7DFF92B7AA8
:10AE100018432872E3E7034A00215078E2E700BFB5
:10AE2000782700206611002070B54D6804460E4654
:10AE300028462349FBF7CEFA10B92072012070BDD5
:10AE400020492846FBF7C6FA10B901232372F5E71B
:10AE50001D492846FBF7BEFA08B90223F6E71B494D
:10AE60002846FBF7B7FA10B9B3686360E6E71849FC
:10AE70002846FBF7AFFA10B9B3682360DEE715493F
:10AE80002846FBF7A7FA10B90123A373D6E71249A6
:10AE90002846FBF79FFA10B90123E373CEE70F4969
:10AEA0002846FBF797FA08B90223EEE70C49284633
:10AEB000FBF790FA08B90223EFE70020BFE700BFD5
:10AEC0008A33060094330600A0330600AE33060032
:10AED000BD330600CD330600DE330600EF33060037
:10AEE000003406002DE9F047D0F804900469D9F841
:10AEF0000830DFF84CA0236200256381A58109F1A9
:10AF00000C07D9F80830AB4212D939462046FFF772
:10AF10008BFF6E1C804680B978685146FBF75AFA61
:10AF200048B9B6B26681D9F8083025629B1BA38167
:10AF30000020BDE8F087A4F80E8035461037E0E722
:10AF40001134060082B02DE9F84308A94068109C2E
:10AF500081E80C00174626F012FE0569099823685F
:10AF6000666855388200F3B114183C4405EBC40EF2
:10AF7000DFF84890DEF80410314455F8346091FB56
:10AF8000F9F833440E9E434436884FF4B47C09FBF1
:10AF90001811BCFBF6FC93FBFCF60CFB163345F8D2
:10AFA0003430CEF8041002443A440A32002045F806
:10AFB0002260BDE8F84302B0704700BF40420F0076
:10AFC00030B595B01C2200210DA832F0FDF8254DBA
:10AFD00006AC00220DA90023284625F01BF90146E6
:10AFE00000283DD11822204632F0EEF80D9B079341
:10AFF00031F00BFF4FF47A72A0FB020302FB013128
:10B000009DF838308DF82830C00B9DF84C3040EA60
:10B010004140C90B13F00102CDE9080118BF01221C
:10B02000049208AB0FCB8DE80F000FA894E80C003A
:10B0300026F0FBFD139B012BCBD9C3F35E044FF429
:10B04000004540F2E73000214FF47A720023E5FB1F
:10B050000401FBF755F802460B46034825F088FB30
:10B0600015B030BDCC1500201000002084B030B5E4
:10B0700089B00DAC84E80E0043680193037C8DF821
:10B08000083094E80F0003AD85E80F009DF84430C8
:10B09000129A43EA420307930A480022002301A9B7
:10B0A00025F062F8002804DB074831F02EFD28B1B6
:10B0B000002009B0BDE8304004B070470248FFF7F7
:10B0C0007FFFF5E7CC1500201000002070B50025AB
:10B0D0000646056000F0E0FF044678B102F012FB7E
:10B0E00030B901F0ABF8012370603370304670BDA9
:10B0F000064B1B78012BF4D02846F5E702F002FB43
:10B100000028EED023462046EEE700BFA7A500208A
:10B1100008B5094B1B7823B1012B06D06FF08500D1
:10B1200008BDBDE8084028F045B8FFF7A7F9BDE81D
:10B130000840013001F0E8B9E84A002008B5094BA1
:10B140001B7823B1012B06D06FF0850008BDBDE848
:10B15000084028F037B8FFF795F9BDE808400130FE
:10B1600001F0F8B9E84A002037B508490848094D08
:10B170006C4631F0BEFC2046FFF7A8FF94E80300C0
:10B1800085E80300002003B030BD00BF99B1020084
:10B19000A8270020E84A002002490348012205F0C0
:10B1A000D5BF00BFA7A500201435060082B00DF161
:10B1B000080C0CE9030019469DF8003010461BB13D
:10B1C000012B05D0054A00E0054A02B026F020B95F
:10B1D000019B044A02B026F01BB900BF33350600BC
:10B1E000283506002C350600034A034692E8030082
:10B1F00083E8030018467047E84A002030B589B05C
:10B2000001AD0F4C2846FFF761FF94E80C0095E86C
:10B21000030027F02FFC80B927F060FC95E80300BD
:10B220000A2305AA84E80300FFF7C0FF94E803009F
:10B2300003AB83E8030000F041F809B030BD00BF64
:10B24000E84A002008B5074B1A78824208D01870E7
:10B250004FF4F0120023044825F0BEFAFFF7CEFFAA
:10B26000002008BDA7A50020A8270020034B1878C0
:10B27000B0FA80F04009FFF7E5BF00BFA7A50020A6
:10B2800070B50C4615460B4900221E4629F0F1F90F
:10B2900008B9002070BD012C08D10749224630466C
:10B2A000A8470028F6DDFFF7A9FFF2E76FF01500C9
:10B2B000F0E700BF1E350600A7A500207FB56B464E
:10B2C00083E8030093E80300002206AB03E90300D0
:10B2D000039202A8034A029226F0E2FD07B05DF84D
:10B2E00004FB00BFE8E605000268034B9A420CBF6E
:10B2F00008300020704700BFE8E60500084A094B07
:10B300000021117019700121517059700221917042
:10B3100099700321D170D97004211171197170478E
:10B32000E4A50020A8A5002008B50349034841F67C
:10B33000902231F021FF08BDF4E60500F44A002018
:10B3400004281FB530D830BB11B9002004B010BD9F
:10B35000174B1A68012383401343154C9A4223600C
:10B36000F3D08DF800008DF8011031F04EFD4FF450
:10B370007A72A0FB020302FB0131C00B40EA41409C
:10B38000C90BCDE9020104AB13E90F0004B0BDE81D
:10B39000104000F073BC064B1A680029DAD1012373
:10B3A000834022EA0303D8E76FF01500CEE700BF21
:10B3B000D866002013B516496A4629F05AF908B133
:10B3C000009810B9002002B010BD0A2201A926F091
:10B3D000C1F80446019803782F2B16D10A2201A93F
:10B3E000013026F0B7F8019B1B78C2B26BB9049903
:10B3F0000B23E4B203FB0411D20800F00700012381
:10B400008340885C03438B54DCE76FF01500DAE778
:10B41000CF380600F8B50B4E002734465525208856
:10B4200020B1636813B9FEF7B7FA6060013D04F11B
:10B430001004F4D10137052F06F5AA66EDD1284690
:10B44000F8BD00BFF44A00202DE9F04186B00D465A
:10B450001746414901AA0446984629F00AF9E0B185
:10B460000198D0B10A2203A926F074F8039B1E7834
:10B47000002E55D1394CC0B2142303FB0044132DC8
:10B480002A46214628BF13224046B847002801DD3E
:10B490002654002006B0BDE8F081314901AA2046BB
:10B4A00029F0E7F800283ED0019800283BD00A2276
:10B4B00002A926F04FF80646029803782F2B2FD1C9
:10B4C0000A2202A9013026F045F8029B1A783ABBFD
:10B4D0000A2D25D8F6B2042E22D8C4B2542C1FD877
:10B4E000CDE90322ADF8142003A92A464046B84707
:10B4F0000028CFDDBDF80C00FEF74EFA194ADDF842
:10B500000E50DDF81210552303FB06431C0102EB1D
:10B510000313BDF80C601653C3E90105D960B8E701
:10B520006FF01500B6E7104901AA204629F0A1F8EE
:10B530000028AED0019B002BABD1052D28BF0525DF
:10B540000A492A464046B8470028A3DD074908486B
:10B550002A4631F011FE9CE75A3506009112002070
:10B56000CF380600F44A002074350600A8A5002054
:10B57000E4A50020064A002312F8011B814204D0F2
:10B580000133052BF8D1FF207047D8B2704700BFB8
:10B59000E4A5002004289ABF014B185CFF207047E7
:10B5A000E4A50020014B196827F0F8BAD8660020FE
:10B5B000F8B50020FFF7DEFF0A4F04460425AC4231
:10B5C00001DD2046F8BD7E5DFF2E08D03046FFF736
:10B5D000E9FF20B13046BDE8F840FFF7CBBF013DA1
:10B5E000EDE700BFE4A5002004289DBF034B00EB5E
:10B5F000800003EB80000020704700BF9112002004
:10B60000542937B505460C4602D9002003B030BD99
:10B610000428FAD801A8FEF74BFA0028F5DB84428B
:10B62000F3DA019B53F82420542AEED8034855231B
:10B6300013FB052300EB0310E8E700BFF44A0020EA
:10B6400082B073B50C46542C06A981E80C0006465E
:10B6500006D96FF0150002B0BDE8704002B0704727
:10B660000428F6D801A8FEF723FA0028F3DB844269
:10B67000EFDA019B53F82450542DEAD80F4C552390
:10B6800013FB065304EB0314102206A9204631F0E5
:10B6900069FF08B90020DEE7EB080B2212FB063237
:10B6A000074905F00705885C0123AB4003438B5431
:10B6B00006AB0FCB84E80F00ECE700BFF44A002094
:10B6C000ADA50020042870B50C4615D8042913D860
:10B6D00088420FD00A4D2CBF4B1C411C2E5C29BF49
:10B6E000421A221A6918E8183CBF4919401931F06A
:10B6F00051FD2E55002070BD6FF01500FBE700BF17
:10B70000E4A500200F49002270B510460C46012523
:10B7100011F8013BFF2B0CD112F0010307D00023DD
:10B720000133052B08D022FA03F6F607F8D4235488
:10B7300070BD05FA03F31A4301300528E8D16FF014
:10B740001B00F5E7E4A50020042810B50FD8094C2C
:10B75000235CFF2B0BD0C0F10402411CD2B2214468
:10B76000204431F017FDFF232371002010BD6FF03E
:10B770001500FBE7E4A50020042970B505460C463A
:10B7800010D8042811D8C1F10402094ED2B2C2F176
:10B790000401C2F105003144304431F0FBFC355561
:10B7A000002070BD6FF01500FBE76FF01200F8E7A6
:10B7B000E4A50020042870B5044615461AD8132ABB
:10B7C0001BD80F4E00EB8000142206EB800026F001
:10B7D000C0F9132D1CBF142303FB0466094A18BFCC
:10B7E0000023116818BF73550123A3400B43136056
:10B7F000002070BD6FF01500FBE76FF01B00F8E74D
:10B8000091120020F04A002070B5114A114C124DDF
:10B810000021137813F0010317D10133552B0CD1FC
:10B8200014F8010B15F8013B98420ED1013105299E
:10B8300002F10B02EDD1002070BDD81003F0070615
:10B84000105CF04010F0010FE6E70120F4E700BFC4
:10B85000ADA50020A8A50020E4A500202DE9F04F0B
:10B86000DFF814813C4F8BB0002546460024E310DE
:10B8700004F0070AFB5C23FA0AF3DA0707EBE40992
:10B880002BD57068FEF76AF8F268B368ADF8080067
:10B89000CDF80A30CDF80E20002A5AD1002B0CBF6B
:10B8A0004FF0020B4FF0060B14222C4B00210DEB36
:10B8B0000200CDE9005431F037FE5A4602A905A82E
:10B8C00005F044FC002841DB99F80030012202FA1F
:10B8D0000AF223EA020389F800300134552C06F1FC
:10B8E0001006C4D10135052D08F5AA6807F10B072C
:10B8F000BBD11B4C1B482A46214605F027FC0028DB
:10B9000024DB194B22681A60184D2279184E194F02
:10B910001A7100243268E240D30710D53B460E224C
:10B920000021009405A831F0FFFD2846FAF764FDD8
:10B930002946024605A805F009FC002806DB01346B
:10B94000052C05F11405E5D1002030600BB0BDE8F1
:10B95000F08F4FF00A0BA7E7ADA500205E3506007B
:10B96000E4A500206D350600A8A500209112002056
:10B97000F04A002080350600F44A002008B5FFF7A1
:10B98000BDFCFFF7D1FC0A4805F01AFC00280DDBCE
:10B99000084A00231360084A19460133052B5160F9
:10B9A0001160C2F8071002F10B02F6D108BD00BF0A
:10B9B0008E350600F04A0020ADA500202DE9F04F9D
:10B9C0002648DFF8A4A0DFF8A480DFF8A4909BB09D
:10B9D00028F04BFE224923480CAA05F017FC0CADB9
:10B9E000002453460E220021009403A831F09CFD50
:10B9F00003A828F03AFE4FF4AA67DFF878B067434F
:10BA000000260A2208EB070109EB070031F0AAFD26
:10BA100088B1F31006F00702EB5CD340DB070AD5D0
:10BA2000CDE900465B461422002107A831F07CFDD9
:10BA300007A828F01AFE0136552E07F11007E0D1AD
:10BA40000134052C05F10B05CBD1FFF757FCFFF7AF
:10BA50006BFC00201BB0BDE8F08F00BF6D35060009
:10BA6000B5B302008E35060080350600F4E6050009
:10BA7000F44A00205E3506002DE9F0472DED028BDB
:10BA800082B09DED0C8B07460C46164622B1174B33
:10BA90001A68174B43F82120DFF85880DFF85090E0
:10BAA000042505E018F805A0BAF1FF0F08D1013D03
:10BAB0000020FFF75FFD8542F4DA6FF0850010E0AB
:10BAC00059F82410504627F069F80028EFD08DED82
:10BAD000008B334622465146384627F094F800281A
:10BAE000E5DC02B0BDEC028BBDE8F087D866002033
:10BAF00084650020E4A500202DE9F04F2DED028B98
:10BB00009FB0CDE90A129DED2A8BDFF86CB1064695
:10BB10004FF004084FF00009564B13F80840042C6E
:10BB200000F29E80A7190BEB0717786826F027F81C
:10BB3000002800F09580002306F1550A3046CDE933
:10BB40001033FEF70BF9CDE90C4A8DED0E8B0DF19C
:10BB5000300C0990BCE80F0012AD0FC59CE8030043
:10BB600085E80300CDE9124A8DED148B0DF1480EE6
:10BB7000BEE80F000DF1600CACE80F0095E8030083
:10BB80008CE80300786825F0FAFF002868D0836805
:10BB90001D69002D64D00A9B06930B9B0593099B9E
:10BBA00004931EAB13E90F008DE80F00DDE91823A5
:10BBB0003846A847002853DBB9F1000F3BD148466F
:10BBC000FFF7D8FC404536DC2046FFF7EBFC80F061
:10BBD0000105EDB2CDE90C4A8DED0E8B0DF1300E65
:10BBE000BEE80F000DF1480CACE80F009EE8030022
:10BBF000EDB28CE80300CDE9124A8DED148B0DF106
:10BC0000480ABAE80F000DF1600EAEE80F003444A8
:10BC10009CE803000BEB04148EE80300606825F039
:10BC2000AEFF0DF1600C40B96FF015001FB0BDEC18
:10BC3000028BBDE8F08F0125CCE783685C6914B9FD
:10BC40006FF08500F2E704951EAB13E90F008DE855
:10BC50000F0038469CE80C00A047002806D0E5DB22
:10BC6000B8F10108BFF458AF0020DFE74FF0010939
:10BC7000F6E700BFE4A50020CC04002010B58AB090
:10BC80006C4684E80F0000230593064B049394E868
:10BC90000F000AAC04E90F0004A826F001F90AB06D
:10BCA00010BD00BF8401060084B030B589B00CAC73
:10BCB00084E80F00002301930CAD084B00930FCDD7
:10BCC00002AC0FC495E8030084E80300684626F040
:10BCD000E7F809B0BDE8304004B070478C010600B9
:10BCE0000268034B9A420CBF08300020704700BF27
:10BCF0008C01060007B56B4683E8030093E8030058
:10BD000026F0D4FE024B185C03B05DF804FB00BFC4
:10BD1000E9A5002013B56B4683E80600044693E8C6
:10BD2000030026F0C3FE044B1C54044802B0BDE8D7
:10BD3000104024F0B5BC00BFE9A500201C05002080
:10BD40007FB56B4683E8030093E80300002206AB4F
:10BD500003E90300039202A8034A029226F0A0F826
:10BD600007B05DF804FB00BF94010600074B1A788A
:10BD7000074B82B0162102FB013301938DF800209E
:10BD800002AB13E9030002B0FFF7DABFFBA5002006
:10BD9000FCA5002002490348012205F0D7B900BFE5
:10BDA000FBA500207D36060008B5002007F0EAFB61
:10BDB000002802DA10F1780F07D1044805F056FA8E
:10BDC0000348044930F095FE002008BD7C050020A2
:10BDD000D827002095BD020070B503788AB00446CC
:10BDE0000E4607AD032B20D8DFE803F002191B1D18
:10BDF00011492846FAF7F8FA059563780493A37871
:10BE00000393E37802932379019363790093A379F1
:10BE10000A4A1E21304625F0FBFA0AB070BD0849D7
:10BE2000E7E70849E5E70849E3E7084A0A21284621
:10BE300025F0EEFAE0E700BF90360600B9360600BE
:10BE4000973606009E360600A8360600B236060073
:10BE500010B592B004462BF000F86946FFF7BCFF1E
:10BE600008A9204609F068FA9DF82130012B13D16A
:10BE70000A4824F015FC20462AF0EFFF084B1978F9
:10BE80000F22162313FB01230649194426F06BFFEA
:10BE900010B9054824F004FC12B010BD9405002030
:10BEA000FBA50020FCA50020A40500202DE9F04101
:10BEB0008AB00D46164629496A4604461F4628F0B0
:10BEC000D8FBF8B10098E8B10A2201A925F042FB9D
:10BED000019B1B7803BB162D1ED1C4B2022C1BD8AC
:10BEE000DFF88C806C432A4608EB04013846B047E3
:10BEF000002813DD04F10F0002A94044FFF76CFF96
:10BF000000200BE016496A46204628F0B2FB78B1C3
:10BF1000009B6BB9012D04D06FF015000AB0BDE88D
:10BF2000F08110492A463846B04700EAE070F5E74C
:10BF30000D496A46204628F09CFB0028E0D0009876
:10BF40000028DDD0072DE7D131F008FB0128D7D834
:10BF50000649C0EBC0002A460144E4E7DC3606008F
:10BF600081360600FBA50020E5360600EDA5002081
:10BF7000FCA50020022808B50CD80F22162313FBBD
:10BF8000002305480549184426F0EDFEB0FA80F07C
:10BF9000400908BD0020FCE7FCA50020FB4306008B
:10BFA000014B1878FFF7E6BFFBA500202DE9F04113
:10BFB0000C4690B005464FF0160808A9204615FB20
:10BFC00008F7FFF709FF0E4E216807F10F029319DA
:10BFD000B150A2889A80A2799A710021094B0095EC
:10BFE000112203A831F0A0FA4246F11903A805F086
:10BFF000ADF8054824F054FB10B0BDE8F08100BF57
:10C00000FCA50020FA360600A405002038B50F2351
:10C01000162414FB0034094B09491C4405462046EC
:10C0200026F0A1FE48B12146002007F08FF92846EE
:10C030000349BDE83840FFF7B9BF38BDFCA5002073
:10C04000FB43060010B502288AB002D900200AB0CE
:10C0500010BD0F23162414FB00340D4B0D491C4456
:10C06000204626F080FE0028F0D02146002009F06E
:10C07000E3F804460028E9D0694609F05DF9204656
:10C080002AF0CDFD9DF82400831E58425841DEE77A
:10C09000FCA50020FB430600014B1878FFF7D2BF38
:10C0A000FBA50020F0B58DB0FFF77AFF98B9FFF738
:10C0B000F3FF80F001035B00DBB2214D2A7803EB34
:10C0C0000213112B09DC022B2DD0102B23D00024BE
:10C0D00020460DB0F0BD0223EFE7202B1BD0122B22
:10C0E000F5D108F03DF800232B7004460028EFD16D
:10C0F000144F0FCF02AE0FC63B68134933600322C3
:10C100000094234602A807F0F9FF04460028DFD177
:10C1100002232B70DBE708F023F800232B70044682
:10C120000028D4D0D4E7074E0FCE07AC0FC4336835
:10C130002360002304490093032207A8E3E700BF1C
:10C140003EA6002080DF0500B405002030B593B086
:10C1500005462AF082FE69460446FFF73DFE08A91F
:10C16000284609F0E9F89DF82130012B05D1FFF7A9
:10C1700017FF214618B907F0E9F813B030BD034B9B
:10C180001878FFF713FFFFF78DFFF6E7FBA50020F8
:10C1900030B593B00D4608A9044609F0CDF89DF8D6
:10C1A0002130012B0BD120462AF057FE6946FFF7BC
:10C1B00013FE0E4B00221A701DB1FFF773FF13B070
:10C1C00030BDFFF76FFF20462AF047FE084B197875
:10C1D0000F22162313FB01230649194426F0C3FD41
:10C1E0000028ECD1044824F05BFAE8E73EA60020E2
:10C1F000FBA50020FCA50020A405002008B50648EA
:10C2000008F0F4FF054809F0F1FA054809F008FBC9
:10C21000FFF748FF002008BD580500203C0500201E
:10C220002C05002008B5044B1878FFF7EFFEBDE899
:10C230000840FFF737BF00BFFBA50020014B18786F
:10C24000704700BFFBA5002070B5084D06460024CE
:10C250002946304626F087FD30B10134032C05F124
:10C260001605F5D16FF01204204670BD0BA6002014
:10C27000022808B510D80A4B1A7882420AD01870E2
:10C280004FF4F0120023074824F0A6FAFFF70AFF44
:10C29000FFF76CFD002008BD6FF02100FBE700BF39
:10C2A000FBA50020D8270020054B18780323013078
:10C2B000B0FBF3F303EB4303C01AC0B2FFF7D8BFE0
:10C2C000FBA50020054B187803230230B0FBF3F3E5
:10C2D00003EB4303C01AC0B2FFF7CABFFBA500209F
:10C2E000022838B51DD80F23162414FB00340E4B3A
:10C2F0000E491C44204626F036FD18B96FF0120492
:10C30000204638BD2146002008F096FF054600284B
:10C31000F4D013212AF0A3FD044628462AF07FFC1E
:10C32000EEE76FF02104EBE7FCA50020FB430600DD
:10C3300010B50A4B0A491A7816240F2314FB02344D
:10C34000084B1C44204626F00EFD28B12146002053
:10C35000BDE8104008F070BF10BD00BFFBA5002075
:10C36000FB430600FCA5002070B5014692B00546CF
:10C370001F4826F0F8FC044678B31D480AA9FFF7C9
:10C380002BFD1C491A4826F0EEFC044640B31A481F
:10C39000294626F0E8FC28B317480AA9FFF71CFD38
:10C3A0001449154826F0DFFCF0B9134E012402A908
:10C3B0002846FFF711FD2B683360AB88B380AB795B
:10C3C000B371202200210D4B00940AA831F0ACF883
:10C3D000072229460AA804F0B9FE204612B070BD13
:10C3E000034EE4E70124F8E76FF00B04F5E700BF24
:10C3F000EDA50020FB430600F4A500200A37060047
:10C400001FB560240294044C0194BDF818400094B8
:10C410002CF06FF904B010BD4237060007B5064B8B
:10C4200000930649064805234FF4407224F03EF974
:10C43000002003B05DF804FB5002060080B000202D
:10C4400008280020F0B5164E164F89B000220023B0
:10C450006946304623F0DEFE054608B109B0F0BD5E
:10C46000FFF766FF04460028F8D01822294602A8E4
:10C4700030F0AAFE08230DEB030120460397CDF808
:10C4800010D0ADF814300BF015F9013003D10221B2
:10C4900020462AF068FC20462AF0C1FBD6E700BF00
:10C4A0002C160020BC020600F0B5154E154F89B0C1
:10C4B000002200236946304623F0ACFE054608B151
:10C4C00009B0F0BDFFF734FF04460028F8D0182269
:10C4D000294602A830F078FE062302A920460397D9
:10C4E000CDF810D0ADF814300BF0E4F8013003D1E2
:10C4F000022120462AF037FC20462AF090FBD7E79D
:10C50000FC1500200C03060037B5054640F6CD4269
:10C51000014600230C4823F027FE044678B110F1B1
:10C520000B0F09D1002200236946074823F072FE51
:10C530002846FFF7E9FF0446204603B030BD034913
:10C54000034830F0BFFAF7E72C160020DC05002086
:10C550000828002037B5054640F6CD4201460023A5
:10C560000C4823F001FE044678B110F10B0F09D1FD
:10C57000002200236946074823F04CFE2846FFF7B7
:10C58000E9FF0446204603B030BD0349034830F0BC
:10C5900099FAF7E7FC150020CC05002008280020B8
:10C5A0001FB50023CDE90233044B8DF80C0001A820
:10C5B000019325F075FC05B05DF804FBCC04060082
:10C5C0007FB50023CDE90433044BADF8140003A874
:10C5D000039325F065FC07B05DF804FBC804060072
:10C5E00008B501F081FCBDE80840014930F06ABAA5
:10C5F0009C06002007B5084830F017F848B14FF402
:10C60000F0120023CDE9002304480022002324F087
:10C6100027FE03B05DF804FB40DC05005014002049
:10C6200008B5FDF721FD10B96FF0850008BDFDF7D5
:10C63000D3F838B10138C0B20128F5D8034830F03A
:10C640002BFC01E0FFF7D6FF0020EFE7501400209D
:10C6500037B5104CA5682D21EB6820469847B8B92E
:10C660002D212B696A462046984788B90A4C0098C4
:10C670002378834204D0C0B22070FFF791FF38B90D
:10C6800004F036FD2378984202D0184604F036FDB7
:10C6900003B030BD40DC050040A6002008B50548C9
:10C6A0002FF0C3FF18B1FFF7A5FF002008BD6FF002
:10C6B0001200FBE740DC0500014B1878704700BF13
:10C6C00040A600201FB50023CDE90233044B8DF8AE
:10C6D0000C0001A8019325F0E3FB05B05DF804FB15
:10C6E000D4040600084A1178034602294FF00000DE
:10C6F00008BF187092F8DC2008BF0120022A02BF90
:10C7000001221A5480187047DC660020014B186023
:10C71000002070479468002007B56846FFF7E2FFE5
:10C7200088B1022814BF01230223084A127800208E
:10C7300062F30700064A127862F30F2063F3174092
:10C7400003B05DF804FB0346EFE700BF41A60020FD
:10C7500043A6002013B50C4B1C6894B1FFF7DCFF17
:10C760008DF80400C0F30723C0F307408DF80530AF
:10C770008DF8060001990548234602B0BDE8104037
:10C78000184702B010BD00BF946800201065060075
:10C7900013B50E4B01221A700D4B1C6894B1FFF7B4
:10C7A000BBFF8DF80400C0F30723C0F307408DF8EA
:10C7B00005308DF8060001990648234602B0BDE811
:10C7C00010401847204602B010BD00BF41A600200F
:10C7D000946800201065060013B500240849094834
:10C7E000009405234FF4007223F060FF064808F020
:10C7F000FDFC064804F03AFD204602B010BD00BF23
:10C8000080B30020F0280020D4060020AC060020D1
:10C8100030B50F4B187887B0B0B10E4B1878A8B967
:10C820000D4A516811B1D2F8E0206AB90B4D0122CE
:10C830001A700FCD01AC0FC42B680949236001A801
:10C8400007F0F0FE00EAE07007B030BD0020FBE723
:10C8500043A6002042A60020DC66002094DF0500ED
:10C860008DD1020008B5FDF713F910B1024823F08D
:10C8700017FF002008BD00BFF806002030B50E4CA1
:10C880000E4D87B00022002302A9204623F0C2FCEF
:10C8900008B107B030BDDDF811009DF815300090EB
:10C8A0008DF80430DDF80920DDF80D309DF8081012
:10C8B000284600F0BBFDE5E76C150020106506007A
:10C8C00070B503788AB004460E4607AD032B20D816
:10C8D000DFE803F002191B1D11492846F9F784FD12
:10C8E000059563780493A3780393E37802932379FF
:10C8F000019363790093A3790A4A1E21304624F0FC
:10C9000087FD0AB070BD0849E7E70849E5E708492F
:10C91000E3E7084A0A21284624F07AFDE0E700BF51
:10C9200090360600B9360600973606009E36060099
:10C93000A8360600B23606000F4B10B5187018B1B5
:10C94000BDE81040FFF764BF0C4B0D4C187007F0AA
:10C95000E9FE2378022B03D1606813212AF07FFAC5
:10C9600094F8DC30022B04D1D4F8E00013212AF033
:10C9700076FA002010BD00BF43A6002042A600208A
:10C98000DC66002038B50B4DFDF798F82B78022BAC
:10C99000C4B203D12146284626F06BFB95F8DC3063
:10C9A000022B05D121460448BDE8384026F061BB82
:10C9B00038BD00BFDC660020B86700202DE9F043D9
:10C9C000DFF8D890344D93B00022002309A94846DF
:10C9D00023F020FC044610B113B0BDE8F0839DF8AD
:10C9E00024004FF0DC0808FB00F3EF18EB5C022B8F
:10C9F000EAD19DF82560022E3AD0032E3FD0012EB9
:10CA0000EAD1B7F88030002BDED0DDF83E308DF86B
:10CA100010309DF842308DF811309DF84330CDF83C
:10CA20001B40003B18BF01238DF81230DDF8363073
:10CA3000CDF813300922DDF83A30CDF817300DF17A
:10CA400026010DF11B00CDF81F408DF8234025F085
:10CA500080F89DF824000096CDE9014408FB0050C1
:10CA60001423B0F88010406804AA2CF020FAABE739
:10CA70009DF8261000FB085026F0FBFAA4E7B7F853
:10CA8000B8100029A0D0CDE90144012300937868B3
:10CA90000DF12602E9E700BFDC6600205C160020ED
:10CAA00084B030B591B014AC84E80F00214613482F
:10CAB00040F6CD42002326F0C9FA0446C8B110F171
:10CAC0000B0F10D10022002307A90C4818AD23F04A
:10CAD000A1FB0FCD6C460FC42B68238014AB0FCB8A
:10CAE000FFF7DEFF0446204611B0BDE8304004B039
:10CAF0007047034903482FF0E5FFF4E75C16002078
:10CB0000C4060020F0280020064B5A68904207D047
:10CB1000D3F8E030984214BF6FF015000120704741
:10CB200000207047DC66002030B5054689B0084615
:10CB3000114622B982810024204609B030BD012B64
:10CB4000F9D90C2B28BF0C231A4601A830F014FB8E
:10CB50009DF80540012CEED10E22002104A830F0F2
:10CB600033FB2846FFF7D0FFDDF80630CDF8123052
:10CB7000DDF80A30CDF81630BDF80E30ADF81A30B9
:10CB80009DF804308DF810008DF81C300022002331
:10CB900004A904488DF8114026F058FA024823F001
:10CBA0007FFDC9E76C1500201807002008B5FFF7C6
:10CBB000ABFF031EA3BF0348DC2202FB03000020DF
:10CBC00008BD00BFDC66002010B51446FFF7EEFF7D
:10CBD00050B1B0F8BA303BB134B9012904D9BDE83D
:10CBE0001040024823F05CBD10BD00BFF8060020D5
:10CBF000F0B5134687B0064631B91822184630F012
:10CC0000E3FA002007B0F0BDFFF7D0FF044600288C
:10CC1000F7D0114B876801AA03F1100E94461868EB
:10CC20005968154603C5083373452A46F7D11B7862
:10CC30002B706146384629F074F808B10120E1E70D
:10CC4000064BE3600323A060237604F1080130461D
:10CC50000AF03AFED5E700BFA8DF050061CC02006C
:10CC60002DE9F04106469AB017460D46002900F01E
:10CC70001181C968002900F00F81FFF797FF044672
:10CC8000002840D03B7C032B28D1844B0F6801AA9D
:10CC900003F110089646186859689446ACE80300FA
:10CCA000083343456246F6D11B788CF80030714654
:10CCB000384629F036F848BB04F168036363E38A19
:10CCC000238628462BF02CFD754B23620123A0857B
:10CCD000238704F12001304626F0BAF9B4F88030F9
:10CCE0007BB1A38D6BB1B4F8BA3053B1B4F8503006
:10CCF0003BB1B4F8B83023B1B4F89030003B18BF62
:10CD0000012383F001001AB0BDE8F081654B06AA4B
:10CD100003F110089646186859689446ACE8030079
:10CD2000083343456246F6D11B788CF800307146D3
:10CD3000384628F0F6FFC0B9A0602B8A0233238260
:10CD40000323237604F16803A365E38AA4F854302F
:10CD500028462BF0E5FC544B63640123A4F85000F3
:10CD6000A4F85C3004F14401B5E7504B0BAA03F181
:10CD700010089646186859689446ACE803000833D2
:10CD800043456246F6D11B788CF800307146384630
:10CD900028F0C7FF48B9A0602B8A023323822846B7
:10CDA0002BF0BEFCA4F8800098E7EB68D3F800C035
:10CDB0003F4B10AA03F110089646186859681746A9
:10CDC00003C7083343453A46F7D11B783B70714699
:10CDD000604628F0A6FF40B928462BF0A1FCA4F835
:10CDE000BA00344823F05CFC78E7EB68D3F800C065
:10CDF000314B15AA03F11008964618685968174672
:10CE000003C7083343453A46F7D11B783B70714658
:10CE1000604628F086FF28B928462BF081FCA4F84C
:10CE2000B8005BE7EB68186800238DF800306946AE
:10CE300042F61923ADF8023028F073FF07460028A8
:10CE40007FF44CAF04F16803C4F89830E38AA4F887
:10CE5000943028462BF064FC4FF00108174BA4F8DF
:10CE6000900004F18401C4F884303046A4F89C801A
:10CE700026F0EEF8124B2846C4E92A382BF050FC75
:10CE8000A4F8B270A4F8B00004F1A80130460AF08A
:10CE90002DFF23E7084636E7084634E7B9DF0500EB
:10CEA0007DCF0200CADF050029CB0200DBDF0500D1
:10CEB000ECDF0500F8060020FDDF050025CF0200AD
:10CEC000C5CE0200F0B585B00646BDF828701D46F7
:10CED0000C4601BBFFF76AFEC8B1CDB1BFB10E224F
:10CEE00068462C7830F070F93046FFF70DFE0323CA
:10CEF0008DF800008DF8013008488DF802400022BE
:10CF00000023694626F0A2F8054823F0C9FB012456
:10CF1000204605B0F0BD0020FBE700BF6C150020E7
:10CF2000180700207FB5054614461E46FFF73EFE53
:10CF3000F0B11CB98C81204604B070BDC6B10E2280
:10CF400000216846247830F03FF92846FFF7DCFDE1
:10CF500003238DF800008DF8013006488DF802405B
:10CF600000220023694626F071F8034823F098FB5D
:10CF70000120E1E76C150020180700202DE9F04F93
:10CF800085B006461446FFF711FE00284DD024B99F
:10CF90008C81204605B0BDE8F08F631E00F1BB0216
:10CFA0000F3413F8011F12F8015F694011741978EA
:10CFB0001170A342F5D1DFF87890DFF878A000F186
:10CFC000CC0400274FF0010800252378EB40DB0755
:10CFD00023D514F8102C08FA05F31A424FF000017B
:10CFE0004FF00E02684614BF4FF0010B4FF0000BDC
:10CFF00030F0EAF83046FFF787FD7B198DF8000026
:10D000008DF8023000220023694648468DF803B0AF
:10D0100026F01CF8504623F043FB0135082DD4D1EF
:10D020000837802F04F10104CED10120B2E700BF00
:10D030006C150020180700202DE9F04F012885B05D
:10D0400007464FD8DC23294C4343E518E35C002B0B
:10D0500048D0686818B129F0E2FD00236B60DC2538
:10D060007D4300266655BC352544DFF884A0DFF8F3
:10D0700084B0A9464FF0000899F8003023FA08F36D
:10D08000DB0714D50D2200210DF1010030F09CF8D2
:10D0900008EB06038DF80230002200236946504653
:10D0A0008DF8007025F0D2FF584623F0F9FA08F108
:10D0B0000108B8F1080FDFD10836802E09F1010907
:10D0C000D8D120220021284630F07EF8DC2303FB53
:10D0D00007440020A085A4F88000C4F8B80005B07B
:10D0E000BDE8F08F6FF01500F9E700BFDC660020A7
:10D0F0006C1500201807002070B5FFF735F9041EE5
:10D100000ADBDC25064E6543735D2BB9FFF794FF00
:10D1100001237355204670BD6FF00B04FAE700BF82
:10D12000DC66002070B586B00646FFF7E5FF041EFA
:10D1300022DB134B00221A7007F0F4FA00281BDBE5
:10D14000104BD3F87A00D3F87E106A4603C28433BA
:10D1500015460FCB85E80F000B4BDC2202FB043396
:10D1600029466A46304608F04BF9002804DA204682
:10D17000FFF762FFFFF74CFB002006B070BD00BF59
:10D1800042A6002094DF0500E066002070B588B05C
:10D190001546694604461E46FFF792FB35B9064917
:10D1A0002246304628F028FE08B070BD012DFBD184
:10D1B0002046FFF7B7FFF7E7BDD10200F0B50378CF
:10D1C000063B012BA5B005460E4602D9012025B02D
:10D1D000F0BD447814F00F04F8D16B789C42F5DA76
:10D1E00069681022214401A828F0C9FD70B31A4BC8
:10D1F00006AA03F110079646186859689446ACE8E9
:10D2000003000833BB426246F6D11B788CF800302D
:10D21000714601A828F085FDD0B1252210A901A8EA
:10D2200005F05EFB0BAA0C4B9646186859689446AD
:10D23000ACE803000833BB426246F6D11B788CF899
:10D24000003025221AA9704605F04AFB1034C4E7C5
:10D250003046FFF767FFBAE7A8DF050010B58CB0CE
:10D26000044629F0FAFD04A9FFF72AFB0E2200214B
:10D2700068462FF0A9FF2046FFF746FC0323002253
:10D2800069468DF800008DF801300848002325F02C
:10D29000DDFE074823F004FA204625F03BFF054851
:10D2A00023F0FEF9FFF7B4FA0CB010BD6C150020A6
:10D2B000180700200807002008B5FFF725FC002804
:10D2C00005DBDC235843024B02221A54002008BD20
:10D2D000DC66002030B59DB004460D4629F0BDFD4A
:10D2E0006946FFF7EDFA08A9204608F025F89DF8F1
:10D2F00021302BB920462DB125F00CFFFFF788FA1D
:10D300001DB030BDFFF7D8FF2046FFF74FFC38B106
:10D31000838D4BB112A9204608F00EF8FFF778FA7A
:10D320000A4823F0BDF9EBE7094A8260094AC26066
:10D33000012202824FF6FF72C282037600F10801D9
:10D3400040680AF0C1FA0028E4D0E9E708070020A5
:10D35000D1380600F1CB020073B5194C194EB44216
:10D36000254602D36FF0120008E02B68DB68043416
:10D3700033B9154C2368AB4211D1002002B070BD07
:10D380009847C0F307238DF804008DF80530C0F3EB
:10D390000743C0B28DF806300028E0D0E9E723B19A
:10D3A0001B689B680BB1002098472B6825609B6821
:10D3B000002BE2D0012002B0BDE87040184700BF4A
:10D3C00010650600146506009868002007B5094B33
:10D3D00001911B68834207D19DF8063033B903B031
:10D3E0005DF804EBFFF7B8BFFFF7B6FF002003B00E
:10D3F0005DF804FB9868002070B5094C094D0A4E91
:10D40000AC42234603D3BDE87040FFF7A5BF1B68BD
:10D410001B690434002BF3D030469847F0E700BF77
:10D420001065060014650600CDD3020082B070B509
:10D430008CB010AC84E80C003B4B9DF841501B684D
:10D440009DF84240834269D19DF84060012E31D061
:10D45000032E22D0002E64D1003C18BF01248DF889
:10D46000101005958DF818402FF0CFFC4FF47A720C
:10D47000A0FB020302FB0131C00B40EA414012ABAA
:10D48000C90BCDE9080183E8030004AB0FCB0CB056
:10D49000BDE8704002B0FCF7F1BD8DF810108DF8BA
:10D4A0001150224B04985D540CB0BDE8704002B09E
:10D4B000FFF786B8122200210DF11E002FF084FE26
:10D4C00004962FF0A2FC4FF47A72A0FB020302FB39
:10D4D0000131C00B40EA41408DF84150C90B8DF835
:10D4E0004240CDE908019DF84B30DDF84100DDF800
:10D4F00045108DF8283005AB03C3BDF849201A80CC
:10D500000CAB13E90F008DE80F0004AB0FCBFCF759
:10D51000DBFD0CB0BDE8704002B070476FF0150045
:10D52000F7E76FF08500F4E79868002044A6002034
:10D5300082B0F0B5254D91B00C4616A981E80C00DB
:10D540002B680646002B3DD01B68002B3AD01B6889
:10D55000002B37D0202200210DF11D002FF034FECA
:10D5600001238DF81C30A368CDF82D30E368CDF889
:10D570003130179BCDF835309DF8683061688DF8F3
:10D58000393010229DF870308DF83A300DF11D00C1
:10D5900024F0DFFA2B680AADD3F800C00FCD6C463B
:10D5A0000FC495E8030044F8040B07AF217097E817
:10D5B0000E00DCF800403046A04711B0BDE8F04056
:10D5C00002B070476FF01200F7E700BF98680020C4
:10D5D0002DE9F043DFF88480D8F8003091B005469B
:10D5E000002B37D01B68ABB35A689AB31B688BB358
:10D5F00006A89047041E11DB1F2200210DF11E001A
:10D600002FF0E2FD03238DF81C308DF81D5006AE7F
:10D6100000270DF11C09BC4204D80024204611B09B
:10D62000BDE8F083D8F800300AADD3F800C00FCDC4
:10D630006C460FC495E8030044F8040B2170DCF835
:10D64000004016F8010B99E80E00A047041EE5DB28
:10D650000137E0E76FF01204E0E700BF98680020B0
:10D6600001289FBF034B1B5C0B70002088BF6FF02D
:10D670001500704744A6002008B5044802F0CCFF0E
:10D68000002818BF6FF0150008BD00BFC5D6020006
:10D69000014B1878704700BF06130020084B1B7819
:10D6A0000B2B4FF001000AD8984010F4CD6F05D134
:10D6B00010F4016F0CBF012000207047022070475A
:10D6C000061300200A2808B5024613D00A4B0B495E
:10D6D0001870FFF7E3FF02280AD10B78032A08BF6E
:10D6E00043F001030B70BDE80840054822F0D8BFA5
:10D6F0000023F7E708BD00BF0613002046A6002060
:10D700002807002008B5FFF7C9FF022806BF034B12
:10D710001878002000F0010008BD00BF46A60020D8
:10D7200010B50948094C22F0DBFA206048B1084BDB
:10D730000849602204F04AFD206828F026FA0020FB
:10D7400010BD6FF01500FBE7E23806009C68002072
:10D75000F4040600E838060038B504460D46FFF725
:10D7600097FF0B280BD8DFE800F01E1E0A0A1E06E2
:10D770000A0A0A0A0A1EBDE8384002F017BF4FF431
:10D7800076720023094822F0AFFE0948214600685E
:10D7900000232A4628F003FA044610B1034822F079
:10D7A0007DFE204638BD6FF01204FAE78C1600208B
:10D7B0009C680020014822F071BE00BF8C1600203A
:10D7C0000246110E07EE101ADFED446A9FED446A1F
:10D7D000B8EEC77AC2F30742C7EE267A80B23C237E
:10D7E000B0FBF3F3DBB286B007EE102AB8EEC77ACF
:10D7F000062287EE265AB3FBF2F107EE100AB8EEC6
:10D80000C77AC7EE066A07EE103AF8EEC75AB1EECD
:10D81000087A56EE875A02FB1133DBB2B7EE006A84
:10D82000F0EE466A45EE656A013B76EE655A36EEE5
:10D83000457A05EEC56A27EE277A66EEA76A26EED8
:10D84000276A042B04D8DFE803F0072D32394200A1
:10D85000F0EE676AF0EE467A9FED226A66EE866A1F
:10D8600067EE867AFCEEE66A0023FCEEE77A27EEA6
:10D87000067ACDED006A184663F307009DF8003084
:10D88000CDED017AFCEEC77A63F30F209DF80430EA
:10D89000CDED027A63F317409DF8083063F31F6003
:10D8A00006B07047F0EE476AB0EE467AD4E7B0EEC5
:10D8B000666AF0EE476AB0EE677ACBE7F0EE676A29
:10D8C000F0EE477AB0EE667AF0EE466AC4E7B0EE64
:10D8D000666AF0EE676AF0EE477AE5E70000C84254
:10D8E0000000B44300007F43024903480A2203F0CA
:10D8F0002DBC00BFEAA400204839060008B5054B3E
:10D900001B7A33B100F0F0FABDE8084002492FF06D
:10D91000D9B808BDEAA4002048070020084B10B57C
:10D92000C022002118462FF04FFC064A034610681B
:10D9300082681468194630222346BDE81040184713
:10D9400047A60020A0680020F0B585B00C4615461B
:10D95000124903AA1E4626F08CFEC8B1039BBBB930
:10D960000A2C18D10E4F224639463046A8470028C7
:10D970000CDB3B7A4BB140F267620023CDE9002318
:10D9800008480022002323F06BFC002005B0F0BD06
:10D990006FF00100FAE76FF01500F7E70D320600AF
:10D9A000EAA40020881400200F4B104A13B51A6017
:10D9B0000F4B104C1A6822600F495A680F481B8998
:10D9C000238162602FF095F8237A4BB140F26762B1
:10D9D0000023CDE900230A480022002323F040FC65
:10D9E000002002B010BD00BFA068002010DC0500C0
:10D9F00084E00500EAA40020E9D80200D82900202C
:10DA0000881400202DE9FF476D4C6379032B27D83C
:10DA1000DFE803F002306E9D6A4E00256427E3784C
:10DA2000A27821888DF80220C3EB0313ADF8001013
:10DA30009B00B3FBF7F38DF803300098FFF7C0FEAF
:10DA400006EB850306F82500C0F3072201355A705E
:10DA5000302DC0F30742C0F307609A70D870DED152
:10DA6000594B5849186883681B68302204B0BDE8D8
:10DA7000F0471847534F00264FF00C0A4FF03C096F
:10DA80004FF06408E588A3788DF80630A5F5966315
:10DA9000002B2288ADF80420B8BF5B42B3FBFAF339
:10DAA000DBB209FB03F3B3FBF8F38DF80730019801
:10DAB000FFF786FE07EB860307F82600C0F3072270
:10DAC00001365A70302EC0F30742C0F307609A70D7
:10DAD000D870D7D1237903EB830305EB4305ADB2AF
:10DAE000B5F5166F01D8E580BAE70023E380B7E704
:10DAF000344F00264FF06408E378A278E5888DF86B
:10DB00000A20C3EB0313ADF808509B00B3FBF8F3F6
:10DB10008DF80B300298FFF753FE07EB860307F8EA
:10DB20002600C0F3072201365A70302EC0F3074298
:10DB3000C0F307609A70D870DED123791D44ADB26E
:10DB40004FF4B473B5FBF3F203FB1255CBE7DFF8E8
:10DB5000748000264FF064094FF4B477E588E378C9
:10DB6000A1788DF80E10C6EBC6022A44C3EB03134E
:10DB7000B2FBF7F007FB1022ADF80C209B00B3FBC3
:10DB8000F9F38DF80F300398FFF71AFE08EB8603C0
:10DB900008F82600C0F3072201365A70302EC0F371
:10DBA0000742C0F307609A70D870D7D1237905EB8C
:10DBB0004305ADB2B5FBF7F307FB135593E700BF81
:10DBC000EAA4002047A60020A068002008B54FF472
:10DBD000F0120023024822F0FFFD00EAE07008BDC9
:10DBE000D8290020054B1B6823B1054B1B7A037015
:10DBF000002070476FF01200704700BFA06800203F
:10DC0000EAA4002007B50E4B1B689BB10D4B012207
:10DC10001A720022DA8040F267620023CDE9002305
:10DC200009480022002323F01BFB03B05DF804EB3E
:10DC3000FFF7CCBF6FF0120003B05DF804FB00BF2C
:10DC4000A0680020EAA400208814002008B50A4B30
:10DC50001B6873B100F048F908492EF033FF0848FB
:10DC60002FF01AF9074B00221A72BDE80840FFF79F
:10DC7000ADBF6FF0120008BDA0680020380700207B
:10DC800088140020EAA4002008B5FCF7EDF9C0B123
:10DC9000FBF7A2FD0D4B02461978B0FA80F040095F
:10DCA000814211D018702AB95B7833B1BDE80840C1
:10DCB000FFF7A8BF064A127A5A70BDE80840FFF77E
:10DCC000C5BF6FF0850008BD0020FCE707130020EA
:10DCD000EAA40020054B5B7904331844434203F067
:10DCE000030300F0030058BF58427047EAA4002025
:10DCF000084B1B683BB1032808D8074B002258711A
:10DD0000DA80FFF763BF6FF0120070476FF0150005
:10DD1000704700BFA0680020EAA40020034B1B7AD4
:10DD20000BB1FFF793BFFFF76DBF00BFEAA4002060
:10DD300082B083B2B3F5B47F01900CD89DF8063061
:10DD4000642B08D89DF80730642B04D8034B186067
:10DD5000002002B070476FF08500FAE7EAA40020C7
:10DD60000C4A138800EB800003F5B47303EB400307
:10DD70004FF4B4719BB2B3FBF1F001FB10339BB2D3
:10DD8000002063F30F00538882B063F31F4002B09A
:10DD9000704700BFEAA4002013B50C4A9378D178ED
:10DDA0008DF807100A2404FB00306428A8BF642003
:10DDB000138820EAE0708DF80600002063F30F005E
:10DDC000BDF8063063F31F4002B010BDEAA4002086
:10DDD00013B50C4AD37891788DF806100A2404FB09
:10DDE00000306428A8BF6420138820EAE0708DF812
:10DDF0000700002063F30F00BDF8063063F31F40F7
:10DE000002B010BDEAA4002010B5084B1B6853B146
:10DE1000FFF7A6FF064C2080C0F30F406080BDE8EE
:10DE20001040FFF7D3BE6FF0120010BDA0680020B5
:10DE3000EAA4002010B5084B1B6853B1FFF7ACFFF4
:10DE4000064C2080C0F30F406080BDE81040FFF713
:10DE5000BDBE6FF0120010BDA0680020EAA4002033
:10DE600010B5084B1B6853B1FFF7B2FF064C20807A
:10DE7000C0F30F406080BDE81040FFF7A7BE6FF011
:10DE8000120010BDA0680020EAA400200A4B1B6805
:10DE90006BB10A4A1379012B01D100280ADB034434
:10DEA000DBB2052B28BF05231371FFF78FBE6FF080
:10DEB0001200704700207047A0680020EAA40020EC
:10DEC00007B5064B0093064906480A234FF44072F3
:10DED00022F0ECFB002003B05DF804FB0C0506000B
:10DEE00080B50020082A002000487047082A00203A
:10DEF0002DE9F04F85B04368DFF89890DFF898A0DF
:10DF0000009300268846174634463A1B03A9484624
:10DF100025F022FE98B3031943440193002308EB34
:10DF200004019B464FF0AC0E11F801CB039AACF103
:10DF3000AB05022D08D83EB95D1CA84202F803E0EB
:10DF40000BF1010B23D92B46039A5D1C02F803C089
:10DF5000019B8B424FF0000601D0854215D3294624
:10DF6000484625F018FEDAF800302C44A4EB0B04E8
:10DF70000022D3F808B0009B29464846D847A7425C
:10DF8000C3D8012005B0BDE8F08F2B46CCE70126B1
:10DF9000E5E700BF58070020A46800202DE9F74FEF
:10DFA000DFF87CA0DFF87C8007468946164600250E
:10DFB000324601A9504625F022FE044608B34FF030
:10DFC000000B019A404612F80B1025F011F928B108
:10DFD000019A12F80B2009F8052001350BF1010B0D
:10DFE0005C45EED12146504625F029FEB54298F811
:10DFF00000300ED2042BDBD10020B86003B0BDE8A6
:10E00000F08F4FF0FF324FF0FF33044822F06CFAEC
:10E01000E8E7042BF0D00120F0E700BFA4160020B1
:10E020007807002007A700202DE9F041054686B0BB
:10E03000214E22484FF0FF334FF0FF3222F044F9D7
:10E040003368002B32D05C680CB1A04704461C4BEF
:10E050001C48CDE9023400274FF0FF33CDE90437E7
:10E060000122AB230DF107018DF8073025F0A8FD43
:10E0700033681448D3F808803A4601212346C04744
:10E0800011492A4602A82DF03AFE90B1AD23012293
:10E090000DF107010B488DF8073025F091FD33682D
:10E0A00008489D68012223461146A847034822F0EC
:10E0B00085F906B0BDE8F081A46800203015002085
:10E0C000F1DE020058070020A00506002DE9F0410E
:10E0D000254EDFF8A480A4B0002796E807006C4620
:10E0E00018AD85E8070084E807002422002103A872
:10E0F0002FF06AF803AA414620462EF02DF91B4B5B
:10E100001F700028E9D000F07BF99DF81020184915
:10E11000184B994210D32E2200210DF132002FF01E
:10E1200053F80123ADF830300223ADF83830ADF8A4
:10E130003C308DF83E3011E0087A904212D10B68E5
:10E1400003AA28469847039B19930FCD0CAC0FC424
:10E150000FCD0FC495E80F0084E80F000CA8FFF75F
:10E1600063FFBAE70C31D4E728E0050007A70020D9
:10E17000001A0020241A0020D805060037B568468A
:10E18000FDF732F89DF80050134C14484FF0FF3360
:10E190004FF0FF3222F098F823684BB11A78AA4268
:10E1A00011D01B6903B198470023236000F040F9A8
:10E1B0000B4B0C4A934206D21978A94209D123602D
:10E1C000DB6803B19847054803B0BDE8304022F052
:10E1D000F5B81433EEE700BFA46800203015002026
:10E1E000E8640600106506001C49DFF884C0F8B535
:10E1F00000201B4E02464FF0FF340F46B1420DD3B4
:10E2000042B1184B1849DB1BDB08B14288BF002321
:10E21000013BD380FFF7B2FF0020F8BD0D79134B0F
:10E22000634509D30023B4F1FF3F0BD198802C46FE
:10E23000013008311A46E1E793F808E0AE45F2D024
:10E240000C33EDE7A542F2D0002AF0D084B204F1FD
:10E25000FF3EA2F806E09C80E9E700BF5C64060090
:10E26000E4640600EB64060055640600001A002012
:10E27000241A00207FB56B4683E803000022059234
:10E280000392064A029293E80300049002A8ADF8B4
:10E29000141023F005FE07B05DF804FBDC0D06004A
:10E2A000F0B58FB00446FDF71FF8014620B1FFF727
:10E2B00065FF00200FB0F0BD2268174B9A4219D0BD
:10E2C000164D174F00908DF804006E46BD422B4648
:10E2D000EFD21B68314620469847002805F1040517
:10E2E000F4DB96E80300ADF80C1003990290FFF7F9
:10E2F000C1FFDEE72E220DF10A002EF065FFA068B7
:10E3000003900223ADF8083002A8A389ADF81030BD
:10E31000FFF78AFECDE700BFDC0D0600546406005F
:10E320005C6406002DE9F04104468D881B48C988CD
:10E330001646A9420ADA2E220021A01C2EF044FF24
:10E340000123238002232381A3811AE010F8357072
:10E350009F424FEAC5021ED1114FBB1893F80680A9
:10E36000B8F1000F0FD100F045F801280BD02E2294
:10E370004146A01C2EF028FF022201232380228187
:10E38000A281A37304E057F8353031462046984700
:10E390002046BDE8F0810135CBE700BF616406008F
:10E3A0005C6406000048704778070020014822F0AE
:10E3B00075B800BFA4160020004870475807002019
:10E3C0001FB50023CDE90233044B8DF80C0001A8E2
:10E3D000019323F065FD05B05DF804FBE00D060038
:10E3E0000268034B9A420CBF08300020704700BF00
:10E3F000E00D0600014B1878704700BF08A7002009
:10E4000002484FF09672002322F0E6B94000002047
:10E4100008B5064B1A78012A03D001201870FFF7BF
:10E42000CFFFBDE80840FFF7EBBF00BF08A7002003
:10E43000034B1A781AB100201870FFF7C1BF70475C
:10E4400008A7002010B52E220446002102302EF02D
:10E45000BBFE012323800422A381024B228123617E
:10E46000204610BD69E40200F8B50B4C0B4F054681
:10E470000E46BC4201D3012005E0314628462DF06E
:10E48000EDFA08B90020F8BDA18828462DF053FA0E
:10E490000028F7D00834ECE738190020001A0020D3
:10E4A0002DE9F043DFF848801568DFF8489085B023
:10E4B00006460F4600246B68A34201D8012005E000
:10E4C000394630462DF0CAFA18B9002005B0BDE82B
:10E4D000F083AC606A4649463046CDE90085CDE917
:10E4E00002852DF0E5FA0028EFD00134E3E700BF04
:10E4F000F9E40200EC0706002DE9F04F0F46126820
:10E50000DFF8A4A093681268DFF8A0B00646388A46
:10E510001901012802EB031318BFD3E902944FF04D
:10E52000000504BF52F801905C6887B0A8464D45CD
:10E5300001D1012035E0394630462DF08FFA78B30D
:10E54000CDE90388CDE901A4CDF81480237B042B09
:10E5500026D8DFE803F01903091D23000323ADF8D3
:10E560000C306368049306E00423ADF80C30636854
:10E570000493A368059301AA594630462DF098FAF2
:10E58000103468B10135D2E70223ADF80C30F2E760
:10E590000523ADF80C30FF230593E3E70623F4E7EA
:10E5A000002007B0BDE8F08F4B32050000070600E1
:10E5B000F7B5CE680446B0B2FBF7EEF9014658B99C
:10E5C0002E22A01C2EF000FE012323800223238193
:10E5D000A381204603B0F0BDFBF794F9194D1A4B07
:10E5E0009D4222D300256B46002200925A6020B142
:10E5F00082689769F7B11946B847144F019B3B6091
:10E600002E22009B7B600021A01C2EF0DDFD01234B
:10E610002380042323810223A3810D4B2661C4E9B7
:10E6200005350C4BC4E90737D3E72A688242DAD0B4
:10E630000835D5E7D269002ADFD092E8030083E8E5
:10E640000300DAE78C63060054640600A868002023
:10E6500075320500A1E4020030B585B00446002102
:10E660002E220230019103912EF0AEFD0123238072
:10E67000A381084B0093084B0293032204AB228131
:10E6800013E90F0004F1100585E80F00204605B0DE
:10E6900030BD00BFF5E60200ED32050070B5134D48
:10E6A000134E0446B5422B460CD32E220021A01C4B
:10E6B0002EF08AFD03220123228104222380A281DD
:10E6C000237410E01B689847002805F10405E9DA77
:10E6D0002E220021A01C2EF077FD0123238003238E
:10E6E00023810423A381204670BD00BFE46406009B
:10E6F000E864060010B504462DF0B0F930B12046AC
:10E700000349BDE810400A222DF0C2B910BD00BF78
:10E71000D33906002DE9F043164FDFF85C80DFF8AF
:10E720005C9087B005460E460024E0B2FCF732FF4D
:10E73000FF288DF8030016D0314628462DF08EF9BB
:10E74000A8B19DF8033001AACDE9013749460DF182
:10E7500003032846CDE9033805932DF0A9F930B11C
:10E760000134052CE1D1012007B0BDE8F083002081
:10E77000FAE700BF2F33050001E80200DC090600BC
:10E780002DE9F04F8BB0D2F80080DFF870B0019126
:10E79000064600254FF00E0AD8F810309D4201D3EE
:10E7A000012028E0D8F80C7001990AFB05F93046E1
:10E7B00007EB09042DF052F9E0B137F90930039362
:10E7C000B4F902300493B4F904300593B4F9063077
:10E7D0000693B4F90C300793B4F908300893B4F9F0
:10E7E0000A30099303AA594630462DF061F908B161
:10E7F0000135D1E700200BB0BDE8F08F100906000D
:10E800002DE9FF471368DFF85CA093F8009000251E
:10E8100006460F46A846E9B24846FCF7F1FECDE9A8
:10E820000188CDF80C80044640B1406830B1FBF758
:10E8300095F8A3680293E368019003933946304644
:10E840002DF00CF958B101AA514630462DF030F99F
:10E8500028B10135552DDED104B0BDE8F087002088
:10E86000FAE700BFB00906002DE9F041044688B080
:10E87000088B0D46FBF790F8A61C014670B92E22B6
:10E8800030462EF0A1FC012323800523238102239F
:10E89000A3812374204608B0BDE8F081EB6906939C
:10E8A00000270DF11008CDE904702B6A079340464C
:10E8B00023F0ADFAB8420CDA2E22394630462EF05B
:10E8C00083FC01232380052323810223A3810323C7
:10E8D000DFE708AB13E903008DE8030098E80C00BC
:10E8E000297C287BFCF7ACFE002816DA16304FF0A6
:10E8F0002E023946304608D12EF066FC052201234F
:10E90000228102222380A281C3E72EF05DFC012335
:10E91000238002232381A381BCE7094B02930125B5
:10E920008DF80C5018460399FFF7A4FC2E223946A7
:10E9300030462EF049FC0523238125800223EAE797
:10E940000500010038B50446FBF7B8F82E2205464D
:10E950000021A01C2EF038FC0123238005232381F5
:10E960000623A381024B25616361204638BD00BFA9
:10E9700075E902002DE9F04F87B0054601A80F4662
:10E98000FBF790F8DFF84490DFF844A0DFF844B0DC
:10E9900006460024A64201D1012014E0019B39461D
:10E9A000284653F824802DF059F858B102AA594648
:10E9B0002846CDE90298CDE904A82DF079F808B1F0
:10E9C0000134E7E7002007B0BDE8F08F63330500AE
:10E9D00081E702004C0906002DE9F0478AB02022A9
:10E9E0000021064602A82EF0EFFBFCF78BFE071E67
:10E9F00035DBF8B2FCF7CEFD204D214B0397012704
:10EA00008DF8047028700199009304461846FFF7AA
:10EA100031FCDFF87090DFF870A0B8460E220021BC
:10EA2000B01C2EF0D1FBCDE9054A0123338005232C
:10EA30003381ADF8088009238DF8107002ACB381E2
:10EA40000FCCCDE90759099506F110050FC594E8DB
:10EA50000F0085E80F0030460AB0BDE8F0871C378C
:10EA60004FF0000914BF012302238DF80C304D46EE
:10EA7000CA464C464F464FF00208CFE709A7002090
:10EA80000500010001E802002F33050073B50446BC
:10EA9000087BFCF759FE00284FF0010519DB104BED
:10EAA00000938DF8045002AB13E90300FFF7E2FB7B
:10EAB00000262E220021A01C2EF086FB012323809D
:10EAC0000523238120460A23A3812582A67402B050
:10EAD00070BD163014BF2E4602260225E9E700BF9E
:10EAE000050001002DE9F0410C4688B018220021F4
:10EAF000064602A82EF068FB217C207BFCF73CFE3A
:10EB000000282CDB54F80C3F039301251A4B8DF899
:10EB10000450019900931846FFF7ACFB174FDFF83C
:10EB200060802E220021B01C2EF04EFBCDE9048423
:10EB3000012333800523CDE90674ADF808503381F5
:10EB400002AC0B23B3810FCC06F110050FC594E87E
:10EB5000030085E80300304608B0BDE8F0811630B8
:10EB60004FF0000714BF012303238DF80C303C46FF
:10EB7000B8460225D5E700BF0500010001E8020004
:10EB80002F33050073B5044623F088F9002804F1FB
:10EB900002050CDA2E22002128462EF015FB012357
:10EBA000238002232381A381204602B070BDFCF79D
:10EBB000E5FE0028EEDB0B4B0093002602AB8DF840
:10EBC000046013E90300FFF755FB2E223146284667
:10EBD0002EF0FAFA0123052223802281A2812374D8
:10EBE000E2E700BF05000100F7B50D46097C0446C9
:10EBF000861C61B92E2230462EF0E6FA01232380CE
:10EC0000052323810C23A381204603B0F0BD05F129
:10EC100010073846F7F7F0FB39460246287BFCF729
:10EC2000C9FD002817DB0E4B009301238DF804303B
:10EC300002AB13E90300FFF71DFB00252E22002184
:10EC400030462EF0C1FA01232380052323810C23B3
:10EC5000A3812574D8E7163014BF01250225EDE7FE
:10EC60000500010070B50C4688B01422002105464D
:10EC700003A82EF0A9FA217C207BFCF723FD0028B5
:10EC80004FF0010423DB154B049304A8ADF80C40AE
:10EC900024F099FB124B8DF8084002990193184615
:10ECA000FFF7E8FA2E220021A81C2EF08DFA01238E
:10ECB0002B8005232B8103AC0823AB810FCC05F1FE
:10ECC00010060FC623683360284608B070BD0223C3
:10ECD000ADF80C308DF81040E4E700BF15E70200F6
:10ECE00005000100F0B589B0CD680446FAF7E6FEEC
:10ECF0000023CDF80E30CDF812300646ADF81630B0
:10ED000004A8194B04930127ADF80C7024F05BFBA9
:10ED1000E8B2864213D0FAF741FF0028BCBF0223B5
:10ED2000ADF80C30114B01934FF001038DF8083012
:10ED300002990E48B8BF8DF81070FFF79BFA2E228B
:10ED40000021A01C2EF040FA0123238005232381FB
:10ED500003AE0723A3810FCE04F110050FC533685E
:10ED60002B60204609B0F0BD15E702000500010048
:10ED70007FB56D4604460D4B00930026284601964C
:10ED800024F021FB31462E22A01C2EF01DFA012377
:10ED9000052223802281A38195E80F0004F110064B
:10EDA00086E80F00204604B070BD00BF15E70200E2
:10EDB00073B50446FAF7A2FE002817DA10F1860FA1
:10EDC00025D01C300CBF0325012502262E22002150
:10EDD000A01C2EF0F9F9012323800523238120466E
:10EDE0000423A3812682A57402B070BDFCF736FD12
:10EDF0000028E3DB074B009300238DF8043002ABBF
:10EE000013E903000126FFF735FA3546DEE7022550
:10EE1000DBE700BF0500010008B503488368DB6A33
:10EE200003B19847002008BDE0D8050008B50348A5
:10EE300083689B6A03B19847002008BDE0D80500AD
:10EE400032B983680169C2695B1AB3EB520F04D906
:10EE500002488368DB6903B118477047E0D80500B2
:10EE600010B50C4C20462DF0E0FB78B1A3683BB107
:10EE70009B6C2BB12046084900229847002010BD0A
:10EE8000064824F04CFB6FF05700F8E76FF01200D3
:10EE9000F5E700BFE0D80500A1EE0200DE3906006C
:10EEA0002DE9F34132488668736CE3B9736B03BB99
:10EEB000FFF778FADFF8B8800546EA6901A9284625
:10EEC00024F04AFEB3690746002841D00199002B7F
:10EED00031D16FF05701284624F05DFE6FF05704E2
:10EEE000A742EAD031E098470028DFD102B0BDE860
:10EEF000F0811F4898470028DAD1736A002B2FD180
:10EF0000FFF75AFA1A4D0446A26823699A42EDD0D7
:10EF1000E26901A9204624F072FE02460028F3D0DF
:10EF2000736901990BB32846984720EAE07120469F
:10EF300024F085FEE8E7024640469847044601462D
:10EF4000284624F028FE002CCAD1FFF72FFAD4E778
:10EF5000002BFAD001220DF1030105489847F4E790
:10EF6000034898470028C1D0CAE76FF05700DCE794
:10EF7000E0D80500014B0020187070470AA7002058
:10EF800000487047B468002037B50D46FDF7D0F94A
:10EF9000044688B1022D14BF1E230A23074AADF888
:10EFA000043069464FF4C8730092ADF8063027F07C
:10EFB000B8FF204627F033FE03B030BD06000C003A
:10EFC0002DE9F3411D46114B1B7890463BB1FFF7ED
:10EFD000E9F900260746B54205D8FFF7E7F92846C4
:10EFE00002B0BDE8F081AA1B01A9384624F0B4FDA7
:10EFF000044630B1024608EB060101982EF0BCF839
:10F0000026442146384624F0C6FDE4E70AA700203E
:10F0100010B51C461B680B442360084BBFF35B8F85
:10F020001B68BFF35B8F12B922689A4204D9044867
:10F0300021F036FB0023236010BD00BFB86800201C
:10F040009807002038B5FDF773F9044624F0D0F98D
:10F05000054614B1204627F0E2FDBFF35B8F054B58
:10F0600053E8002F43E800510029F9D1BFF35B8F2B
:10F0700038BD00BFB868002008B5FFF7E3FF024BBA
:10F0800001221A70002008BD0AA700202DE9F04FC8
:10F0900085B000AFC7F804D0FDF74AF90546FFF781
:10F0A0008BF904464DB9C0E902554560C0E90555E4
:10F0B00005611437BD46BDE8F08F284624F098F965
:10F0C000C31D23F00703ADEB030DDFF878908046F6
:10F0D000EA462269A3689A4232D1284627F09FFD6A
:10F0E000D7F804D0E5E7A8EB060207F10C012046AB
:10F0F00024F085FDF968834602460AEB06002EF0EF
:10F100003BF85E4459462046B6B224F098FDB0451F
:10F1100003D9A26823699A42E5D1A9F81460C9F815
:10F1200010A006264946284608F0A6F90028D0DA9D
:10F1300041F69A10002121F017FE013EF2D1C8E7F6
:10F140000026E4E7A807002010B5094C0A449142C4
:10F1500000D110BD11F8013B584003090001E35CE8
:10F16000C0B2434018091B01205CDBB25840EEE7F7
:10F17000113A0600014B1B68184700BF0808002021
:10F1800030B585B004460D461022002168462EF0A9
:10F190001BF802238DF802302A46044B01932146C6
:10F1A000684622F03DFA05B030BD00BF75F102009F
:10F1B00080B505460E461746984621F009FE0346DF
:10F1C0002EF020FADFF81890044649F80030424645
:10F1D00030463946A84754F8090002F08BFC00BFBE
:10F1E000080000002DE9F047058B044628079046EB
:10F1F00011D4022905F0070540F0CD80204624F007
:10F2000081FB78B10138218B042811D8DFE800F0A8
:10F21000C3106D85950001290CBF45F0100545F020
:10F220002005258388F31188BFF36F8FBDE8F08731
:10F2300001F0070AAA4500F0A6800027B9463E461D
:10F24000A368002B00F0BD8041F00801218388F302
:10F250001188BFF36F8FA168002900F0BB800D6893
:10F26000002900F0B780D1F804803346524620468A
:10F27000C047002D76D02B6829461D46F0E701F0E7
:10F2800007035A1F012A1BD8002221F00701062B71
:10F29000276889B2C4E9002209D13B4603E0628BAA
:10F2A000013262831B68002BF9D141F002012183F6
:10F2B000204624F027FB00287BD041F0200177E096
:10F2C000042B0AD121F0070189B22183204624F0C2
:10F2D00019FB10B141F020012183218B01F0070AB5
:10F2E000AA4550D00027B946AAE7236921F00701B3
:10F2F00041F00601062DD3F8009021832DD1B9F1FC
:10F30000000F40D041F00801218388F31188BFF33A
:10F310006F8F3A492046C84729E021F00701236949
:10F3200041F0040189B2042DD3F804902183E6D082
:10F3300000273E464FF0040A82E721F007012369C7
:10F3400041F0050189B2052DD3F808902183D6D06C
:10F3500000273E464FF0050A72E700273E464FF071
:10F36000060A6DE72B4687E7B9F1000FD1D14FF0C0
:10F370002003EFF3118883F31288BFF36F8F238B81
:10F3800023F008032383258BEA062ED525F01003EE
:10F39000238305F007056669218B002EBFF66FAF4A
:10F3A00000232768C4E9003321F0070141F001017F
:10F3B0002183218B01F0070AAA454FF000097FF451
:10F3C0003FAF002F9BD041F00801218388F31188C3
:10F3D000BFF36F8F002FC7D03D6839463346524682
:10F3E000204624F0BBFA2F46F4E7AB067FF51AAFB0
:10F3F00025F02003238305F00705FFE68939050082
:10F4000008B504464FF02002EFF3118382F312880F
:10F41000BFF36F8F1DF0E8FA204602F005FE0348A7
:10F4200024F07DF802F0D6FCFCE700BF213A06008C
:10F430001DF004BB08B541F69A120023024821F0E2
:10F4400097F9002008BD00BF70000020DFF89CC0C5
:10F450002DE9F74F013B00EBC2120C464FF00008BC
:10F460004FF0010913F8010F10B1E1B20F2902D9D1
:10F4700003B0BDE8F08F00211CF8316086424FEAEE
:10F48000C1052CD101356544CDE90088002709FA72
:10F4900007FE6E4615F807B05FFA8EFE042031466F
:10F4A0002BFA00FA1AF0010F18BF96F801A000F12C
:10F4B000FF301CBF4EEA0A0A86F801A0B0F1FF3FF8
:10F4C00006F10106ECD10137072FE0D10D4603CD3F
:10F4D00002EBC40642F8340071600134C2E7013126
:10F4E0001F29C9D1004DCFE77A3A0600793A0600C4
:10F4F000F7B59DF820701E461346002204460D46BF
:10F50000FFF7A4FF47B90B4B01222946204603B061
:10F51000BDE8F040FFF79ABF3346074A0521684629
:10F5200021F076FF6B46012229462046FFF78EFF29
:10F5300003B0F0BD4A3A06004D3A060070B51446D5
:10F54000084A05460E4607CA86B003AB83E80700A3
:10F55000054800948268294694683246A04706B060
:10F5600070BD00BF34E00500E0DB05002DE9F04F81
:10F57000ADF22C4D8D4C20462DF057F8002800F0B0
:10F580000E81A56804212B6A2046984710B1863069
:10F5900040F005816B68854898470446002840F094
:10F5A000FE80834F3B78002B63D008A8FBF71CFE3E
:10F5B0009DF820A023F078FB0646FDF77DF88146F4
:10F5C000FBF7F6FF002580460DF10D01284606F0F9
:10F5D000020B8DF80D5006F001068DF80E508DF8D7
:10F5E0000F50FEF73DF8002858D00DF10E01012014
:10F5F000FEF736F820B99DF80E40003C18BF0124F4
:10F600004FF4806200210AA82DF0DEFD04F0010411
:10F610009DF80D30674A009500210AA8FFF768FFA2
:10F620009DF80E30644A009405210AA8FFF760FF98
:10F6300001230A21614A00930AA84B46FFF758FFAD
:10F640000DF10F00FEF7CEFA014650B99DF80F00FC
:10F650005B4A5C4B002818BF134603220AA8FFF739
:10F66000F5FEBAF1000F1FD1574904A8F6F7BCFE0A
:10F6700024E0CDE90A00064600250AAA31462846BC
:10F68000FFF75CFF002840F08A800835ADB2802D7E
:10F69000F3D10836B6B2402EEED186E79DF80D5074
:10F6A000003D18BF0125A0E7BAF1010F7BD1099BEE
:10F6B000464A0133052104A821F0AAFE04AB042226
:10F6C00000210AA8FFF7C2FE414A4346062106A8C8
:10F6D00021F09EFE06AB042205210AA8FFF7B6FE24
:10F6E000BBF1000F05D03B4B062200210AA8FFF713
:10F6F000ADFE2EB1384B062205210AA8FFF7A6FE63
:10F70000364B374A1B78DFF8E0E0D35CC3EBC3032A
:10F710009B009CAC03F11C080EEBC305264604F1CC
:10F72000380C28686968324603C29445164605F1CC
:10F730000805F6D10733984504F18004ECD1DFF8D1
:10F74000ACB00AAC4FF000094FEAC90A1FFA8AFAB6
:10F75000D84600263B78A5192BB1082229464046F9
:10F760002DF000FF58B12A465146B0B2FFF7E6FE31
:10F77000A8B92A4603CAC8F80000C8F80410083619
:10F78000802E08F10808E5D109F10109B9F1080F47
:10F790000BF1800B04F18004D6D101233B700DF2F4
:10F7A0002C4DBDE8F08F0F495FE700BFE0DB05009F
:10F7B0000CA700205F3A0600623A0600653A060090
:10F7C000523A0600583A060028350600683A060004
:10F7D000693A0600713A0600753A06000BA7002048
:10F7E000713B06006D3A06007D3B06000DA7002028
:10F7F00010B5FFF7BBFE084A13780C210133B3FBA9
:10F80000F1F001FB10331370BDE8104003484FF4D2
:10F810000052002320F0ACBF0BA700207000002096
:10F8200007B5FAF747FCA8B1037A9BB100230DF1A5
:10F8300007008DF80730FEF7D5F958B99DF8073065
:10F8400043B9FEF703FA28B904484FF424720023A1
:10F8500020F0C2FF002003B05DF804FBA0000020F0
:10F860002DE9F7430F4606460821C06ADFF850909D
:10F8700024F0CBFA3C68241A80463C6004EA09056F
:10F88000AC4203D8002003B0BDE8F08308236A46E9
:10F890002146304624F02CFA0028F4D1694630463F
:10F8A00024F0BDFA40B1BDF80230BDF804203C6040
:10F8B00005EA090513441D44A4EB0804E0E700BF72
:10F8C0000000FFFF2DE9F047044688B000F114075F
:10F8D00038462CF089FFA06A8368DB689847E062AD
:10F8E00028B96FF01505284608B0BDE8F087A06A72
:10F8F0008368DB6898470368013B1F2BF1D8A06A37
:10F90000216805AA2AF0D3FF0028EAD1A589002D95
:10F91000E7D0069BB5FBF3F203FB1255002DE0D1B7
:10F92000E389012BDDD9E36A009593F804904FF049
:10F93000FF334FF0FF32384620F0C6FCE06A082162
:10F9400024F063FAA8460646E3891FFA85FA534570
:10F9500008D8E389434523D1384620F02FFD6FF0C6
:10F960002C05C0E7A1892B04891B13FA81F14A46B3
:10F9700008232046009124F009FA78B16946204610
:10F9800024F0C4F908F10108009908234A462046EA
:10F990001FFA88F824F0FAF90028DAD00135D3E705
:10F9A00053450BD1009908234A46891B204624F071
:10F9B000EDF918B96946204624F0A8F969462046B1
:10F9C000FFF74EFF054618B1384620F0F7FC8AE7EE
:10F9D000009B63604FEA13484FEA0848C4F8088068
:10F9E000D4E9011399420FD3082301AA204624F039
:10F9F0007FF905460028E7D101AB13F8012B9145AB
:10FA000033D10135082DF8D163681B0C1B046946FE
:10FA10002046009324F07AF9A38900994A462046AB
:10FA200024F0B4F9051ECFDB636876D006EB03083B
:10FA30004FF6FF79A389CDF800801FFA88F29B1B4F
:10FA40009A422ED300236168002B43D0090C09048D
:10FA500000912046694624F059F90099204624F087
:10FA6000BAF90546002D74D0AEE701A9204624F06E
:10FA7000D6F9626810B9921B6260B1E7BDF8085010
:10FA8000BDF80610E06AC4F80880294424F0BDF9E6
:10FA900040449042A060EED1002DECD06FF01C05E8
:10FAA00068E0082303AA4146204624F021F90546D0
:10FAB000002889D103A9204624F0B1F930B1BDF85E
:10FAC0000C304B4502D1BDF810300BB1B044B1E75A
:10FAD0000123B8E7204624F07EF9054600287FF48C
:10FAE00073AF6368264AA18913400B44A3EB460316
:10FAF00063601340A360204624F075FAB1E75B1AF7
:10FB00004A46204624F042F9051EFFF65DAF08D0B4
:10FB1000E26AA36812681344A360D4E901318B42FE
:10FB2000EDD86168A38901EB46029A429AD1DFF8C9
:10FB30005080A26801EA08039A4293D0204624F03C
:10FB40004AF9054600287FF43FAF636803EA0803DB
:10FB5000A360A389A288A3EB46039A4206D0384645
:10FB600020F02CFC012323740025BCE6204624F061
:10FB700023FA0546384620F021FC002DF2D0B2E6EB
:10FB80000000FFFF2DE9F04F1D46037C89B00446BD
:10FB900089469046002B00F0BE80C26A08211046BC
:10FBA00024F033F929468246104624F02EF9A38921
:10FBB000A3EB8A039D42074600F2B0801DB1B8F165
:10FBC000000F00F0AB806368039304AA03A92046EA
:10FBD000DDF80CB024F05BF90646002864D1BDF8CE
:10FBE00010304B4505D06268039B9A42EDD1E5B9D0
:10FBF0005AE004A9204624F012F90028F3D0BDF8F9
:10FC00001200BDF8143075B19D420ED14FEA1B4170
:10FC1000090401442B464246204624F084F800287B
:10FC200003DC064640E0002B3ED0002F40D104F11B
:10FC3000140301934FF0FF320198DFF8E8B04FF062
:10FC4000FF3320F041FBE3899E4261D0D4E90123D8
:10FC5000F9188A422FD3ADF81A3006A8FF238DF881
:10FC60001E30ADF81890ADF81C5024F086F8A1684D
:10FC70002B464246204624F054F929468246E06A43
:10FC800024F0C3F8A2680244A260BAF1000F07D1C1
:10FC900006A9204624F07FF9002814BF8246AA4610
:10FCA000019820F08BFB5646304609B0BDE8F08F36
:10FCB0005744BFB2BBE7E06A082124F0A6F84FF62C
:10FCC000FF73ADF8183000218DF81E30A389ADF810
:10FCD0001C10111802EA0B021A44101A606006A8E0
:10FCE000ADF81A1024F049F806A9204624F053F97B
:10FCF000211D204624F00AF8636803EA0B03A36081
:10FD0000204624F070F982460028C9D101369AE7CE
:10FD10006FF01B0AC4E76FF00C06C5E76FF015061D
:10FD2000C2E700BF0000FFFF014B036000207047E7
:10FD30003C0E060070B5446903460D46002C3AD0CF
:10FD400024F0D3FA002839D12148227A465CB24205
:10FD500037D02048405C904236D1E2681846904740
:10FD6000002815DA022D11D0032D10D110F1860FC5
:10FD70000CD0BFF35B8F231D53E8001F41F002013D
:10FD800043E80012002AF7D1BFF35B8F267270BDE3
:10FD9000022D267201D00020F9E70434BFF35B8FF7
:10FDA00054E8003F23F0020344E80032002AF7D170
:10FDB000BFF35B8FEFE76FF05700E8E74FF0FF30DE
:10FDC000E5E76FF07700E2E76FF08500DFE700BF5F
:10FDD000814206007D42060070B5114B1C680D463D
:10FDE000DCB1104B196800238B4202DB6FF001007D
:10FDF00070BD224612F8106B864202D001331446C1
:10FE0000F2E7E06810B96FF01200F1E72CF00DFC9A
:10FE10000028F8D02C600020EAE76FF00C00E7E73C
:10FE20000C0800203C0E060070B588B005460C4654
:10FE3000C0B269461646FFF7CFFF00281BDB0098CB
:10FE4000C8B143680293836822680195CDE90336FF
:10FE50000023CDE906230593C56824F050FA6DB15F
:10FE60002846084901AA2AF026FD079808B9059BEB
:10FE7000236008B070BD6FF01500FAE76FF0120054
:10FE8000F7E700BF01430500F0B40C4B0C4E5F6A6E
:10FE90000C4BB34203D36FF08500F0BC70475D6834
:10FEA000BD4209D31C693CB195F802C00579AC4547
:10FEB00002D12346F0BC18472433EAE7BC6800208F
:10FEC00038190020F01800202DE9F047134CDFF816
:10FED0005080DFF8509005460E461746444503D340
:10FEE0006FF08500BDE8F0876268D9F824309A4247
:10FEF00012D3A36983B190782979884205D13A4613
:10FF000031462846BDE8F04718475279012A03D107
:10FF10003A463146284698472434DFE7F018002057
:10FF200038190020BC6800202DE9F0410B4CDFF8A7
:10FF3000308005460E461746444502D36FF08500D3
:10FF400009E063690BB92434F6E73A46314628469E
:10FF500098470028F7D1BDE8F08100BFF0180020D5
:10FF60003819002010B504462AF061F910F1780F15
:10FF700000D050B9054A204624F0E4F9D2F8C43044
:10FF800023EA0003C2F8C430002010BDBC68002082
:10FF9000024B00221A605A60704700BF7769002048
:10FFA00070B50B4B0B4CA34201D3002070BD196AF6
:10FFB0001E7F00220439D5B2AE4201D82433F2E7C5
:10FFC000013211F832508542F5D10120EEE700BF31
:10FFD000F01800203819002008B509480378C3F349
:10FFE00041130A3350F823303BB100F1080200F10D
:10FFF00010019847C043C00F08BD1846FCE700BF7A
:020000023000CC
:10000000BC68002004282DE9F14FDFF8A0900446D9
:100010000F4616D001282DD1DFF88C8098F8B93022
:1000200043B300F011FE1F4D4D4520D2D5F820B04E
:100030004FF0000A2B7F5FFA8AF6B34204D82435CA
:10004000F2E7FFF7A5FFE7E70BEBC6060AF1010AA7
:1000500030792AF0ECF80246307924F073F9D8F8B8
:10006000C430002A23EA0003C8F8C430E2DA0023CF
:1000700088F8B9300B4D4D4508D30B4B1B6A6BB15B
:100080003946204601B0BDE8F04F1847EB681BB178
:100090003A462146284698472435ECE701B0BDE8AA
:1000A000F08F00BFF0180020BC6800203819002035
:1000B00073B5C4B263060D468DF8074007D02046DD
:1000C000FFF76EFF78B10D4B93F8BA0058B10B4EA5
:1000D000204655B11AF0DCFBF3691BB10DF10701A5
:1000E00008209847012002B070BD1AF0F9FBF369AF
:1000F000002BF7D00DF107010920F2E7BC680020C2
:1001000073B586788DF80060037942791C4C43EA18
:100110000223ADF80230C378304603F003038DF8B4
:10012000043024F00FF9D4F8C430184205460BD03F
:10013000304600F06BFD3046FFF714FF2CF035FB26
:1001400010B9962020F02AFE68461AF07DFB10F1C7
:10015000780F03D010B1002002B070BD9DF80000F0
:100160001AF0FAFB10F1780F01D00028F3D1D4F87F
:10017000C43001202B4384F8B900C4F8C430EBE745
:10018000BC6800202DE9F047A34EB36904460F4632
:100190001546FBB9237803F01F03012B00F09D8067
:1001A000022B00F0048133BB94F900002A686178C7
:1001B000002834DA062912D008292BD0D9B9012316
:1001C0001370517096F8C3305B0043F00103137055
:1001D00002232AE198470028DCD100200DE0628844
:1001E000100A011F0129844605D9072803D8716A1E
:1001F000D2B20C781CB96FF01500BDE8F0874E78CC
:10020000664503D19A4200F00B8101332144F0E7A7
:100210000B780AE196F8BA301370012305E1013931
:100220000829E8D801A353F821F000BFC502030054
:10023000F7010300D3020300F7010300510203009A
:10024000F7010300F7010300F70103005D0203005B
:10025000A0781AF0E7FA0028BFD0CCE76388756A67
:1002600063BBFFF795FE638886F8BA30F369002B0D
:10027000B3D06A4903209847AFE76B78042B10D0BE
:10028000052B11D0022B04D16F796388BB4208BFC4
:1002900001202B781D442B78002BEED10028AAD00A
:1002A000DFE795F80380F4E76388BB42F1D1B8F14A
:1002B000000FEED12846FFF723FFEAE7FF270020D3
:1002C000B846E8E76388012B95D1002386F8C33050
:1002D00083E76388012B8ED1F8E796F8BA30D5F81A
:1002E00000C0002B87D0756AA38894F804E02A46E2
:1002F000107800283FF47FAF5178022904D192F89A
:100300000480F04500F293800244F1E78CF800206D
:100310008CF80120396060E7154494E00B2A7FF4E3
:100320006AAF00274FF0FF08C146BA4606E06B7877
:10033000042B0FD0052B21D02B781D442B78002BBC
:10034000F5D1F36913B1514607209847002F7FF488
:1003500044AF50E795F80280A38895F8039098453C
:10036000EAD163889945E7D1B8F1070F1CD806EBAD
:100370000803AA4683F8BB900127DDE7A38843451D
:10038000DAD1A3784B450AD0AF78384600F03EFC6E
:100390003846FFF7E7FDB0FA80F77F09CCE728463B
:1003A000FFF7AEFE0746C7E7AA460027C4E794F961
:1003B00000206378002A18DA002B7FF41CAF247920
:1003C0002D6863060AD02046FFF7EAFD00283FF4B7
:1003D00012AF96F8BA30002B3FF40DAF29462046F5
:1003E0001AF09EFA00236B70F2E6012B08D0032B63
:1003F0007FF401AF6388002B7FF4FDAE012103E0A1
:10040000618800297FF4F7AEA088FFF751FE00282D
:100410007FF4E3AEEFE600BFBC6800207669002001
:10042000022829607FF4F4AE4B883B60D5E694F94E
:10043000000062780028BFF671AF002A3FF466AF73
:100440000A2A7FF4D8AE2A78002A3FF4D4AE69781D
:1004500004297FF461AFA9788B427FF45DAF072B4D
:1004600096BF9B19002393F8BB308CF80030D4E67C
:1004700013B5164C237DF3B9E268A168019201AB74
:10048000802023F06DFF019AA3681344A360E36802
:100490009B1AE3606BB962B12369E2889A4208DD76
:1004A00094F8C82093FBF2F102FB11330BB901233E
:1004B000237502B010BD00231A461946802023750B
:1004C00002B0BDE810401AF071BA00BFBC6800204D
:1004D00030B585B0002302460D460193002858D15F
:1004E000002935D108220B460DEB020129F0B8FE98
:1004F000002804DA80201AF0CBF905B030BD2A4C70
:10050000029A2260039A626004F13802A2609DF9A7
:100510000820BDF80E302575002AC4E903550ADB12
:10052000802B04D980201AF0B3F90020E3E713B13F
:10053000C4E90333E1E7FFF74FFD0028DAD0E28892
:1005400023699A42D4BFE260E360FFF791FFD4E7EA
:10055000154CD4E90215002D01AB04DC29F080FE16
:100560000028CADAC6E72A4629F07AFE0028D9DB35
:10057000019AA3681344A360E3689B1AE360002B0D
:10058000BBD104F13803A360FFF726FD0028DCD1BE
:10059000B0E78028B1D1044BDA68002AD5D11B7DA1
:1005A000002BD2D1A9E700BFBC680020044B93F810
:1005B000C3300BB129F063BE6FF00C00704700BF71
:1005C000BC680020054B064A9A62064ADA62064A6F
:1005D0001A63064A58629A6100207047BC6800207E
:1005E0008501030089FE020029FF0200C9FE020006
:1005F00010B5084B93F8B84034B900F0E3F830B1C7
:10060000FFF7E0FF204610BD6FF07700FBE74FF0EB
:10061000FF30F8E7BC6800202DE9F341414D044666
:100620006F6A41484FF0FF324FF0FF331FF04CFE2E
:1006300095F8B860002E6ED13C482C62E8611AF043
:10064000CFFA1AF0BDF8041E49DB00F021FB041EAE
:1006500045DB7B78012B61D1FB79002B5ED06846AE
:1006600085F8C830ADF802308DF804608DF8006070
:100670001AF0EAF8041E32DB802768468DF8007015
:100680001AF0E2F8041E2ADB294930461AF094FADF
:10069000041E24DB264938461AF08EFA041E1EDB9F
:1006A000244CDFF89480444520D300201AF054F9FC
:1006B000041E14DBD5F8C430802043F00103C5F8D4
:1006C000C4301AF049F9041E09DBD5F8C43043F4EC
:1006D0008033C5F8C430012385F8B83000241248AF
:1006E0001FF06CFE204602B0BDE8F081276A0026AC
:1006F000227FF3B29A4201D82434D4E707EBC30235
:1007000057F8331010791AF057FA01360028EFD055
:100710004FF0FF34E3E76FF07704E0E76FF0150484
:10072000DDE700BFBC68002058150020050003006D
:10073000D1040300F01800203819002030B51F4BF9
:100740008BB005AA03F1100518685968144603C454
:100750000833AB422246F7D11B78237010220021C8
:1007600001A82CF031FD1222002115482CF02CFD9F
:10077000102101A82AF020F900281BDD0828B8BFA5
:100780000820093801AB0E491A18002012F8013F61
:100790000AAC04EB131403F00F0328336B4401304D
:1007A00014F8144C13F8143C0C7008284B7001F129
:1007B0000201EBD102480BB030BD00BF85420600FC
:1007C0000DAB00202DE9F04F704C87B04FF0000BBF
:1007D00000264FF0011AB0463546B14623782BB9B2
:1007E0006B4B02349C42F3D1684833E06378052BAD
:1007F0001BD8DFE803F09003C8901D3B402304A8FA
:100800008DF810B0ADF812308DF814B029F0FAFC64
:1008100040B1082304A8ADF8123029F0F3FC08B168
:10082000ADF812B0BDF81230E37123781C44D5E75F
:10083000E378002BF9D1A3787BB108F101085FFAC6
:1008400088F8F2E76B689C4209D02435514B9D42F1
:10085000F8D3002007B0BDE8F08F4F4DF6E7AB6846
:10086000002BEAD0414620469847E6E7002DF0D01D
:1008700000222B7F9A42ECD2296AA07801EBC201B8
:100880000B79984201D00132F3E70127E07800F0BC
:1008900003008DF81400207994F805C040EA0C207C
:1008A000ADF8120094F902000028FBB228DA07F133
:1008B00010004FF0010C0CFA00F010EA0A0F26D1DC
:1008C00043F080008DF8100004A8CDE902130192D6
:1008D00029F098FCDDE90121039BC0B99DF81020A7
:1008E000A27012F0800F18BF10330A7118BFDBB26C
:1008F0004FF0010214BF9A40BA404AEA020A94E754
:100900000120B84010EA0A0F01D11846DAE7013792
:10091000102FBBD1B7E7032E1DD1FFF70FFF0746FE
:1009200068B1F5F769FD102809D13846A31C07F115
:10093000100250F8041B43F8041B9042F9D12378AD
:100940006FF00201E218091B04EB5303D14213D5E7
:100950000136F6B269E7002EF1D1B9F1000F3FF48C
:1009600078AFA4EB090389F80230C3F3072389F8B1
:10097000033089F80480EBE702F801BC13F80109A1
:1009800002F8020DE2E7A1464FE700BF241800205D
:10099000F018002038190020F018002010B5094B7D
:1009A00000211A461C78844205D15C681CB148239A
:1009B00003FB012010BD0131042903F14803F1D1EB
:1009C0000020F7E7886900202DE9F34150F8303C1A
:1009D00010F8346C1033044610D1036950F8282CF9
:1009E000990739D5EAB913F0040304D11A46194618
:1009F000304623F0B5FC002344F8303C54F8303C3A
:100A000010330BD054E9097554F81C8C2BF0CDFE33
:100A100000284CD02C4821462CF054F802B0BDE8F8
:100A2000F08150F82C1C01AB304623F099FC10B13A
:100A30006FF01503E0E7019A54F82C3C134444F896
:100A40002C3C54F8283C9B1A44F8283C54F8243C8D
:100A5000134444F8243CD1E750F82C1C01AB304639
:100A60001AF020F80028E3D1019D54F82C3C2B44C7
:100A700044F82C3C54F8283C5B1B44F8283C54F8C0
:100A8000243C2B4444F8243C002DB4D030461AF0CA
:100A9000ADF8B5FBF0F303FB1055002DABD154F8C6
:100AA000283C002BA7D030461AF044F8A6E744F8BB
:100AB000200CA4F118001FF0F1FC002DAED042462E
:100AC00039463046A847A9E7B82B00204B1E012B1A
:100AD00073B506460D460FD8FFF760FF044668B9A8
:100AE000012D09D101AB01220DF10301304619F0AE
:100AF000D9FF019B002BF5D102B070BD2BF055FE44
:100B000004F1340108B1012D05D1084602B0BDE859
:100B10007040FFF759BF034802B0BDE870402BF0AA
:100B2000D1BF00BFB82B00202DE9F74F80460091C0
:100B30001746994623F05CFC044600285DD14FF02F
:100B40002003EFF3118B83F31288BFF36F8F2C49CF
:100B500000220846002301911FF0C6FC019968B9E4
:100B6000DFF8A4A0482262430AEB02056E6816F182
:100B7000100F12D108461FF091FC06E00134042C3E
:100B800001F14801E4D16FF00B068BF31188BFF33C
:100B90006F8F304603B0BDE8F08F0AF802800C9AE0
:100BA000009B6A610D9A2861AA6140466FF00F02AE
:100BB000C5E90237C5F844906A601AF017F858B1D1
:100BC00040461AF013F8B7FBF0F202FB10771FB1A2
:100BD0006A6C42F004026A6419F0020F08D04822DD
:100BE00002FB04A1074834312BF06CFF0026CCE750
:100BF000404619F09FFF0646C7E76FF00F06C8E7AB
:100C0000A4690020B82B00208869002010B54FF09F
:100C10002003EFF3118483F31288BFF36F8FFFF784
:100C2000BDFE50B14368103307D16FF08B034360B2
:100C300000F1340103482BF045FF84F31188BFF322
:100C40006F8F10BDB82B002070B50F4C04254FF0EE
:100C50002003EFF3118683F31288BFF36F8F63686D
:100C6000103307D16FF08B030848636004F134013F
:100C70002BF028FF86F31188BFF36F8F013D04F13D
:100C80004804E4D170BD00BF88690020B82B002063
:100C900070B50A4C0A4E0025314620462BF0E5FE81
:100CA0000122A4F11800114601352BF05BFE042D42
:100CB00004F14804F0D1002070BD00BFBC690020E1
:100CC000C909030008B50146034823F07BFB10B1B6
:100CD000012300F8073C08BDA86A00200169012330
:100CE00081F84B300B6833B191F849301BB10248A1
:100CF00008312BF0E7BE7047B82B002001690123B3
:100D000081F84A300B6833B191F848301BB1024882
:100D100008312BF0D7BE7047B82B002038B50569D5
:100D200095F89E0088B195F89F307BB985F84830DA
:100D3000D5F8900022F044FF002204460023044826
:100D400005F118011FF0EAFC204638BD0020FCE741
:100D5000B82B002013B504698DF8071094F89E3065
:100D6000A3B194F89F308BB90DF10701D4F890002E
:100D700084F84830012222F023FF014640B10D489B
:100D80002122002304F118011FF0C8FC02B010BD9D
:100D9000D4F89000012222F067FF0028F6D0D4F8A2
:100DA000900001220DF1070122F00AFF0028E6D190
:100DB000ECE700BFB82B0020F0B5D0F88C305B68B2
:100DC0001B6A1F7D85B00546384623F011FB064699
:100DD000E0B9A86F4FF4806203A922F010FF044627
:100DE000A0B18306A5F1180308BF00F1FF3485F810
:100DF00030600193064B0399009322460223384644
:100E0000FFF792FEA86F214622F019FF05B0F0BD52
:100E1000B50E030070B504460E4601791548154617
:100E200023F0C2FA10B394F900206378002A16DB8D
:100E3000202B04D0222B0ED06FF085000AE02B6807
:100E40001A6840F8102C9A8820F80C2C9B7900F82E
:100E50000A3C002070BD638800F8093CF9E7212BAB
:100E6000EAD11038072328603360F2E76FF01200F0
:100E7000F0E700BFA86A00200D4A03460021A0F851
:100E800048101068C3F8940090889279A3F89800ED
:100E900083F89A2083F89C1083F89B10A3F89E1087
:100EA00083F8A010402203F14C002CF08DB900BF54
:100EB00096E0050010B5012382F848301368144607
:100EC0003BB192F84A3023B10A4802F108012BF0F5
:100ED000F9FDD4F890309A681B699A4208D004F161
:100EE00018010448BDE81040002200231FF016BC82
:100EF00010BD00BFB82B002010B504690023C4F852
:100F0000A8300C4BC4F8A400596804F1A80269B9D0
:100F1000C3E9002204F1080007492BF0A6FD04F103
:100F2000180006492BF0E5FD002010BD0A605A604C
:100F3000F0E700BFA86A00201B440500B90D0300BC
:100F400030B54FF40033426805690D4C85B042F26C
:100F5000A100CDE90103002385F89D30106AADF8AA
:100F60000C1000790A2201A923F0FAF995F89D30B6
:100F700023B901202BF054FB013CF7D105B030BD63
:100F8000A186010073B5144602F14C060A1E0546FF
:100F90001FDDD4F88C00314622F012FE012384F8C4
:100FA000493023683BB194F84B3023B10E4804F12B
:100FB00008012BF087FDD4F88C104B684A699A1A07
:100FC000CB699B1A3F2B04D8012384F8A03002B0D0
:100FD00070BD064B00930194012340223146284600
:100FE000FFF7A2FDF3E700BFB82B0020850F030039
:100FF00038B50D4601461E4823F0CAF9044680B3B1
:101000000246691E52F8A4395B68052929D8DFE831
:1010100001F020280320252914F8061C31B91B6A89
:10102000187BFFF7AFFF012304F8063C14F85C3C83
:10103000BBB9012304F85C3C54F8A43C8BB114F810
:101040005A3C73B1A4F19C010A48BDE838402BF02A
:1010500039BDBDE838401046FFF70EBF012304F844
:10106000053C38BD14F8053C002BFAD00023F6E708
:10107000A86A0020B82B002037B5094D0949002483
:1010800000944FF0FF334FF4806228461FF00EFBB0
:10109000054928462BF08FFB204603B030BD00BF2A
:1010A000B82B002080C80020B24206001FB50724DC
:1010B0000294044C0194BDF81840009427F019FBE9
:1010C00004B010BD3C13002010B5084C86B0247845
:1010D0008DF81740012402940DF117040194BDF816
:1010E0002040009427F005FB06B010BD43130020FC
:1010F000014B1878704700BF4313002000B589B03A
:1011000064288DF8070019D80E4B1822187000219A
:1011100002A82CF059F80C4B03930DF1070304932C
:1011200002A901230020ADF8143006F0C3FA10F133
:10113000800F08BF002009B05DF804FB6FF01500B8
:10114000F9E700BF43130020740F06002DE9F041BA
:101150000F4B1C6805460E461746ACB14FF0FF32E8
:101160004FF0FF330B481FF0AFF863683246D3F8F7
:10117000088029463B462046C047044605481FF0E4
:101180001DF92046BDE8F0816FF00104F9E700BFCA
:10119000B06A00204415002000230360044B5A6805
:1011A00012B9C3E90000704710605860704700BF73
:1011B000B46A0020014B1860704700BFB06A00207D
:1011C00030B585B000230546CDE9023301904FF0DC
:1011D000FF330C484FF0FF321FF076F80A4B1C68C3
:1011E0004CB9284600F0CEF8044606481FF0E6F851
:1011F000204605B030BD636820461B6801A99847AA
:101200002468EDE744150020B46A00201FB5CDE93D
:10121000010103924FF0FF330A484FF0FF321FF0F5
:1012200053F8094B1C682CB906481FF0C7F8204634
:1012300004B010BD636820461B6801A99847246864
:10124000F1E700BF44150020B46A0020024B0022E1
:10125000C3E90022704700BFB46A0020024B00229D
:10126000C3E90022FFF7F2BFBC6A002070B51B4C37
:101270001B4E0546B44212D31A4E1B484FF0FF32A4
:101280004FF0FF331FF020F834687CB1286854F821
:10129000141C143CF5F79EF8C8B16469F5E72168A1
:1012A0002868F5F797F8A8B11434E3E700226A61DB
:1012B000726805F114033AB9C6E9003300240A48FC
:1012C0001FF07CF8204670BD13607360F6E76FF086
:1012D0001004F4E76FF01004F4E700BF8CDE0500A3
:1012E0007CDF0500BC6A0020441500202DE9F7438F
:1012F00007460C4609B100230B601F4DDFF88090B4
:1013000000264D450FD31D4B1D6885B355F8148C31
:1013100001AA41463846143D23F0ABF910B3D6B9C3
:1013200014BB2E461EE0D5F8008001AA414638467F
:1013300023F09FF950B116B954B92E4606E0316832
:101340000022404623F095F90028F5D11435D8E75E
:10135000019B2360F1E731680022404623F089F9C0
:101360000028DDD16D69D0E7019B2360D9E73046C5
:1013700003B0BDE8F08300BF8CDE0500BC6A00202E
:101380007CDF0500F8B5184C184F06460025BC4216
:1013900008D3174B1C682CB3143CB6B9E368E3B907
:1013A0006469F8E72EB9E3685BB92846143405464A
:1013B000EDE720680022314623F05BF90028F2D1E6
:1013C000F3E79847002DF0D1F0E72068002231467E
:1013D00023F04FF90028E1D1E2E79847002D08BF3C
:1013E0000546DDE72846F8BD8CDE05007CDF0500FC
:1013F000BC6A002038B50C4D0C484FF0FF334FF05D
:10140000FF321EF061FF2B783BB9FFF727FF00F09A
:101410006DF8044610B901232B70002403481EF018
:10142000CDFF204638BD00BF1FAB00204415002073
:101430002DE9F047048FDFF8B0A0013498B0804662
:101440008946A4B200F10806651EADB2B5F5004F9D
:1014500047D04A2305AA2946304622F0F5FE04F576
:101460007F543F34A4B20746214601230DF10B02FD
:10147000304622F0E9FE002F014603DC002803DCA1
:101480002C46E1E7002816DCB8F83830AB4209D129
:1014900042466B1E22F8383F4FF40041022330468B
:1014A000FEF770FB2946304622F06AFE21463046A0
:1014B00022F066FEE4E707F160030DEB030700236B
:1014C00007F84C3C5246CDF8009003AB05A80396B4
:1014D000ADF8104023F003F90028D1D018B0BDE8D2
:1014E000F0870020FAE700BF4D4705007FB50123D4
:1014F000694602200193FEF76FFC044660BB02AA16
:1015000001A90220FEF790FC044610B110F10C0F67
:1015100022D10399B1F5803F23D2009A0023946829
:101520001846084484421AD30133082BF9D10E4DD2
:10153000A982EB825368AB602846D368EB6323F043
:101540009FF9044640B9094E6E602846FFF724FE15
:1015500028466E60FFF72EFE204604B070BD9BB299
:10156000E5E76FF02004F7E7C46A0020C808002010
:10157000014B1868704700BFDC080020F0B5082256
:1015800089B023F055FBCB6A03930B6B04934B6B31
:1015900005938B6B0693CB6B079313466A460C46F9
:1015A0000646002711461046CDE90177009723F043
:1015B0004EFA31460546304623F049FA216B039135
:1015C000616B0491A16B0591E16B0544CDE90617B0
:1015D0001046114623F03BFA31460544304623F0CD
:1015E00036FA0544206A0090606A0190A06A029071
:1015F000A06B0690E06B07903046CDE90477039727
:1016000023F025FA0544606A0090A06A0190E06A20
:101610000290A06BD4F834C00490E06BCDF80CC0FD
:10162000CDE9050C206A0790304623F010FA0544F6
:10163000E06A0090206B0190606B0290206A069037
:10164000A06A07903046CDE90477039723F023FB87
:10165000236B0093636B0193A36B0293E36B039380
:10166000636A0693E36A07932D1A0823304623F032
:1016700012FB636B0093A36B0193E36B0293236AEA
:101680000393636A0493A36ACDE90537236B079339
:101690002D1A0823304623F0FEFAA36B0093E36B68
:1016A000CDE90137636A0393A36A0493E36A059360
:1016B000636B07932D1A0823304623F0ECFA2D1A9A
:1016C00010D40D4C35B908223146204623F0BCFA1F
:1016D00001280FD0082322463146304623F0DBFA9A
:1016E0002D1AEFE7044A08233146304623F0AFF9BC
:1016F0002D18F8D409B0F0BDC80F06000449431EE8
:101700000F3013F8012F8A5C1A708342F9D17047A9
:10171000C7420600F0B5264E07460C460FCE8DB0E8
:1017200001AD0FC50FCE0FC596E8070085E807008D
:101730003846002F38D0002C38D0381F21460246BA
:1017400010344B780D781B0443EA0563CD782B43A6
:101750008D78043143EA05238C4242F8043FF0D1EE
:10176000144C04218A07036916D1C3F30742A55C10
:101770001A0EA25C42EA0562C3F30725DBB2655D7F
:10178000E35C42EA054242EA032221F003033033DC
:101790006B4453F82C3C534050F8042F0131534014
:1017A0002C290361DED101200DB0F0BD2046FBE7FE
:1017B00040E00500C742060030BFFFF7FDBF00BF95
:1017C000114B124A2DE9F041D518DFF84C80013D4C
:1017D000B5FBF3F55D430E4B08EB0304013CB4FB92
:1017E000F3F403FB04540E1B07460A4930462BF062
:1017F000C3FC701942460021083E2BF0E5FC7E67D1
:1018000004F10800BDE8F0810100000000000000C4
:10181000040000007CDF050008000000044B99680C
:101820009869884203D003494FF080520A6070479C
:10183000A8A4002004ED00E0134B9A6A12F0007F88
:101840009A6A14BF1E201D2012F0807F9A6A18BF6A
:101850001F2012F4002F9A6A18BF212012F4802F43
:101860009A6A18BF222012F4003F9A6A18BF2320F8
:1018700012F4803F9A6A6FEA02426FEA12429A6259
:1018800018BF2420704700BF00ED00E010B5194BD1
:101890000246986A9C6A10F4805F14BF17201620D5
:1018A00014F4006F9C6A18BF1820A40509D5986B22
:1018B000986A000404D51AB19A6A22F400429A6226
:1018C00019200C4B9A6A12F4806F9A6A18BF1A207A
:1018D000D2050CD49B6A13F4005F18BF1C20054A84
:1018E000936A43F47F43936200230B7010BD1B2067
:1018F000F5E700BF00ED00E010B51C4B0246986A0A
:101900009C6A10F0100F14BF1120102014F0080F63
:101910009C6A18BF1220A40709D5586B986A000664
:1019200004D51AB19A6A22F080029A6213200F4BF2
:101930009A6A12F0010F9A6A18BF142012F0200F51
:101940009A6A18BF1520D40658BF9B6A074B9A6A3B
:10195000920642BF5A6A22F400525A629A6A42F0D0
:10196000FF029A6200230B7010BD00BF00ED00E083
:1019700070B5444B5B689CB00646C3F30803002572
:1019800085F31188BFF36F8F02F07F40B0F17F4F76
:1019900011D102F00C0008280DD010074CBF0E46E4
:1019A00001250022033B8DF80720032B05D8DFE833
:1019B00003F01E5C60592E46F3E700249DF80730C3
:1019C0009BB96822314602A82BF0D6FB099B002D5B
:1019D00053D0C3F3080222B96FEA53236FEA4323BB
:1019E000099302A9204624F07DF81CB070BD254B58
:1019F000DA6A9107E1D4DA6A002ADEDBDA6A520099
:101A0000DBD55A69B16942F480725A61BFF34F8FD6
:101A1000BFF36F8F5A6931F8021C22F480725A6149
:101A2000BFF34F8FBFF36F8F4DF60272914209D013
:101A30009A6AD2B242B10DF107010120FFF75CFFB3
:101A40000446BBE73468B9E79A6A12F47F4F05D0C1
:101A50000DF107010120FFF719FFF1E79B6AB3F5CC
:101A6000803FAAD3FFF7E8FEEAE70DF10701002067
:101A7000E4E70DF107010020EDE723F4FF7323F005
:101A80000103ADE700ED00E0024A536943F01003A3
:101A90005361704700ED00E0EFF30880EFF3098138
:101AA00001B57246FFF764FF01BD00BF0448002383
:101AB0002021C2180133302B82F80013F9D170476E
:101AC00000E100E0FDF7B4FC202080F31188084815
:101AD0004FF40061401880F30988EFF3148002216D
:101AE000084380F31488BFF36F8F00F0D5F800002F
:101AF00038E70020084B9B6883420BD1EFF3058346
:101B000043B1064B5A6842F080525A605A6A22F436
:101B100000425A621FF062B9A8A4002000ED00E064
:101B2000094A0A4993680968D967094998674B685F
:101B300043F080534B60002383F31188BFF36F8F12
:101B40009368D86F704700BFA8A40020782C0600C7
:101B500000ED00E021498A6882F8C1E04FF03000D2
:101B60001044EFF3098C80E8F01F1EF0100F03D132
:101B700002F1800080EC108A202080F31288BFF3ED
:101B80006F8F174F4FF000668A698A603E604FF092
:101B9000740414192068134C206092F9C1E0906F0E
:101BA0000023936780F311881EF0100F03D00023E9
:101BB000E1EE103A03E002F1800090EC108AEFF3BE
:101BC000148323F0040383F31488BFF36F8F02F1AF
:101BD000300090E8F01F8CF309887047A8A400201B
:101BE00004ED00E0046B00201EF0040F0CBFEFF3C7
:101BF0000880EFF30980816911F8021C0229FFD0E7
:101C000001B523F071FF01BD40B2002807DB044A93
:101C10004109012300F01F00834042F82130704742
:101C200000E100E040B200280CDB4309064900F067
:101C30001F0020330122824041F82320BFF34F8F41
:101C4000BFF36F8F704700BF00E100E0054B420912
:101C500000F01F0053F82220012303FA00F0104087
:101C6000704700BF00E100E040B20028A8BF00F1CB
:101C7000604001F10101B8BF064B4FEA4111ACBF12
:101C800000F5614000F00F00C9B2B4BF195480F8EC
:101C90000013704714ED00E0144A08B5144B22F00D
:101CA0007F029A60BFF34F8FBFF36F8FD3F8882006
:101CB00022F47002C3F88820D3F8882042F4A002EE
:101CC000C3F888204FF04042C3F83422BFF34F8F4F
:101CD000BFF36F8F0023E1EE103A1EF081F81FF082
:101CE000F3F8FFF7E3FE1EF0C9F800BF0060020042
:101CF00000ED00E042F8203C009B42F81C3C019BB8
:101D000042F8183C0A49029B42F8143C4FF0807399
:101D100042F8043C21F00101002342F8081C203A5B
:101D200083674FF47D430265C0F8C030704700BF41
:101D3000B1F10200114B9B6883421BD1EFF3058088
:101D4000C0B94FF02002EFF3118182F31288BFF384
:101D50006F8F1A7B22F002021A73EFF3148323F0C1
:101D6000040383F31488BFF36F8F81F31188BFF3EB
:101D70006F8F70476FF01500704700BFA8A4002058
:101D80000023E1EE103AEFF3148323F0040383F30E
:101D90001488BFF36F8FBFF36F8F094B9860094BA7
:101DA000406F1860104681F30988002163B681F303
:101DB0001188BFF36F8F00220023FDF7F9F900BFF0
:101DC000A8A40020046B0020014910220A6070477B
:101DD00010ED00E072B6404080F31188BFF36F8FC2
:101DE000BFF34F8F30BF62B6BFF36F8F704700BF36
:101DF00072B6494081F31188BFF34F8F20BF80F343
:101E0000118862B6704700BF01B5EFF30580A0F1FD
:101E100010004FEAC0000449014409C99847BDE8D1
:101E2000014002490847000088DC05001D18030036
:101E3000024B034A0348012100F030B8000004209F
:101E40000000002074100600084AC2F898000B68D1
:101E500023F01F03034343F01003C2F89C308B6848
:101E600043F00103C2F8A030704700BF00ED00E06E
:101E7000044B0522C3F89420BFF34F8FBFF36F8F3D
:101E8000704700BF00ED00E0BFF35F8F024B002200
:101E9000C3F89420704700BF00ED00E010B5034C7C
:101EA0000123227823F03FFE207010BD20AB0020DC
:101EB000F0B5454D2C68082C85B000F28280FFF704
:101EC000E3FF00200C2684420DD1404D404F2C7082
:101ED0006846FDF729FF00240646A6420AD1FFF70F
:101EE000C7FF00201CE0696806FB0011FFF7ACFF8C
:101EF0000130E8E7009800EB04114FEA041CCB68BE
:101F00003B40B3F5000F4AD00CD8B3F5001F30D0DA
:101F1000B3F5800F38D0B3F5801F12D06FF01500E5
:101F200005B0F0BDB3F1807F42D0B3F1007FF5D1B1
:101F300050F80C3088684A6823F0E5FD40F48020B2
:101F400009E050F80C3088684A6823F0DCFD40F066
:101F5000885040F43020039028780728CDE90123E9
:101F6000DCD801A9FFF770FF2B7801332B70013407
:101F7000B3E750F80C3088684A6823F0C4FD40F09D
:101F8000885040F40020E6E750F80C3088684A6832
:101F900023F0B9FD40F0007040F40030DBE750F86A
:101FA0000C3088684A6823F0AEFD40F08270D2E7BA
:101FB00050F80C3088684A6823F0A5FD40F088701E
:101FC000C9E74FF0FF30ABE78010060020AB0020E0
:101FD0000000F0FF08B5044821F0A1FA404080F36A
:101FE00011884FF0020002DFC743060008B506491A
:101FF000064821F00701C1F1005202F5802221F0CC
:1020000029FC002008BD00BF61170120086B0020DB
:10201000044A0123C2F840354FF080420020C2F844
:102020007835704700E001404FF08043C0B2C3F8FC
:102030001C05BFF34F8F0549054BCA6802F4E062E7
:102040001343CB60BFF34F8F00BFFDE700ED00E00F
:102050000400FA0520B1034B800143F00103184747
:10206000704700BFE0E0050008B504482AF0DDFA3B
:1020700000280CBF6FF01200002008BDB0D805008A
:1020800010B50C460146084822F09CF950B1022CCC
:1020900008D150F8083C2BB11B691BB1BDE81040BA
:1020A0000068184710BD00BF2C6B0020F8B590F9F0
:1020B0000030002B04460D46174602DB6FF015007A
:1020C000F8BD038823F0E0039BB240F20162934223
:1020D000F4D1468801791248360A22F065F90028C1
:1020E000ECD0212E04D0222E0FD06FF08500E7E730
:1020F0000368E1885B685B6813F8092F914294BF1D
:1021000029602A603B600020DAE7E38850F80C2C55
:102110009A4294BF2A602B6050F8103CF2E700BF4F
:102120002C6B00202DE9F04104460E46017914483D
:10213000174622F039F90546D0B194F9002000681D
:102140006378002A0DDA012B16D155F8083C9BB1B3
:102150001D688DB13B4632462146AC46BDE8F04194
:102160006047092B08D155F8083C2BB15D68F0E7B2
:102170006FF01200BDE8F0816FF08500FAE700BF54
:102180002C6B002010B50C4601460F4822F000F9D8
:1021900050B1611E052907D8DFE801F007060307E3
:1021A0000D0F012300F8043C10BD002300F8043C8F
:1021B00000F8033CF8E70123FAE710F8033C002B92
:1021C000F2D00023F4E700BF2C6B002010B50469A7
:1021D000C4E90012A36000236361064B20615968C3
:1021E00004F1140211B9C3E9002210BD0A605A605B
:1021F000FBE700BF2C6B0020F8B5594EBFF35B8F97
:102200003468BFF35B8F14F0010450D0554F564C27
:10221000564D57483A46214622F072FBE0B3202241
:10222000294620462BF09EF90028F2D000274FF0D7
:10223000FF324FF0FF33012000F08AFB00F10C0564
:1022400002210446284627F071FF3E2303704223F3
:1022500043700121284627F069FF082303704121BC
:10226000284627F063FF054600F8017BB7B14022FE
:1022700000212AF0A9FFBFF35B8F56E8003F23F04F
:10228000010346E80032002AF7D1BFF35B8F2046F6
:10229000BDE8F84001F0C8B81F27C8E7344923F06B
:1022A000FAFC203105F1210023F0F5FCE3E7BFF350
:1022B0005B8F3368BFF35B8F9B0750D529492C4850
:1022C00023F0DBF9002811DBBFF35B8F264933686D
:1022D0002648BFF35B8F13F0040F01F12002214B5E
:1022E00018BF0146104622F058FB04464FF0FF325B
:1022F0004FF0FF33012000F02BFB00F10C0702210F
:102300000546384627F012FF3E2303702223437010
:102310000121384627F00AFF09230370212138469E
:1023200027F004FF034601309CB91F221A70FF21D9
:1023300020222AF049FFBFF35B8F56E8003F23F0CD
:10234000020346E80032002AF7D1BFF35B8F28462C
:102350009EE7002206491A7023F09DFCEBE7F8BDCA
:10236000346B0020A410060021AB00200E440600B0
:1023700041AB002070B5214CBFF35B8F2368BFF3E6
:102380005B8FDA0706460D4601D50C2070BD01298A
:1023900031D8BFF35B8F54E8003F43F0020244E8BA
:1023A00000210029F7D1BFF35B8F9B07EDD41448C0
:1023B000314623F070FC134806F1200123F06BFC3A
:1023C000BFF35B8F75B154E8003F43F0040344E86A
:1023D0000032002AF7D1BFF35B8F0B4800F03EFAC2
:1023E0000020D3E754E8003F23F0040344E8003220
:1023F000002AF0D0F6E71220C8E700BF346B0020B7
:1024000041AB002061AB0020E808002070B5067EDB
:10241000044676B9C3681D8842F22602954245D02B
:102420000FD842F2010295424FD042F225039D425D
:1024300013D02A4BD3F85C3120465B69BDE870406D
:10244000184742F25E039D42F3D103210C3027F07E
:1024500096FEE06890F840102EE003210C3027F043
:102460008EFE204617F0CAFDBFF35B8F1C4B1A6827
:10247000BFF35B8F920707D50C26314642F2250049
:1024800023F0E5FB002070BDBFF35B8F53E8002F06
:1024900042F0010143E800100028F7D1BFF35B8F41
:1024A000D307E9D40F4800F0D9F9E6E703210C304F
:1024B00027F065FEE0683146FFF75CFF06462046E0
:1024C00017F09CFD31462846DAE7DA7802F07F0201
:1024D000DA701A7922F001021A71AAE7800100204D
:1024E000346B0020E80800202DE9F341254CBFF3B0
:1024F0005B8F1F462368BFF35B8F1646DA070546DE
:102500002BD520B96FF0010002B0BDE8F08101A920
:1025100022F0D3F81C498046024628462BF032F8B8
:10252000E8B9BFF35B8F2368BFF35B8FC3F3C008C9
:102530001B0712D4A4F1D405072229463846B04718
:10254000062895BF44F8D48C0723C5F80380B0FB58
:10255000F3F094BF85F80780E8710020D4E728469F
:102560000A4942462BF00EF805460028CAD110222F
:1025700004F18C013846B0470028EEDB044484F8AF
:102580008C50EAE754020020A53606002E440600CF
:102590002DE9F04188B09C79DDF838805D791E79AD
:1025A000DF7893F802C093F801E01B78B8F1000FD0
:1025B0000ED0CDE90638CDE904CE1346CDE9026749
:1025C000CDE90045084A1EF023FF08B0BDE8F081C0
:1025D000CDE905E3CDE9037C1346CDE90156034A75
:1025E00000941EF015FFF0E7334406005744060040
:1025F00070B504468CB01E461546A2B129B10A46F4
:1026000002A8042120F010FF02A900912B462246C7
:10261000242103A8FFF7BCFF109A314603A8FEF758
:1026200095FD0CB070BD0346044A242103A81EF09A
:10263000EFFE0028F0DA6FF01500F2E778440600AC
:1026400007B5064B0648DA79C2EBC20200920022B7
:102650001146FFF7CDFF03B05DF804FB80010020B9
:10266000A536060030B504468DB0154692B129B1A5
:102670000A4602A8042120F0D7FE02A900912B46A9
:102680002246242103A8FFF783FF03A821F0EDFFD2
:102690000DB030BD0346054A242103A81EF0B8FE44
:1026A0000028F2DA6FF01500F2E700BF7844060068
:1026B00007B5009313460A4601460348FFF798FF03
:1026C00003B05DF804FB00BF784606000A460146E9
:1026D0000148FFF7C7BF00BF7846060007B5009363
:1026E00013460A4601460348FFF782FF03B05DF830
:1026F00004FB00BF7246060007B5009313460A4666
:1027000001460348FFF774FF03B05DF804FB00BF08
:10271000634606000A4601460148FFF7A3BF00BF13
:102720006346060007B500220346009103481146A0
:10273000FFF75EFF03B05DF804FB00BF6A460600CA
:1027400007B500220346009103481146FFF750FFEA
:1027500003B05DF804FB00BF2E44060008B5024834
:102760001DF09EFF002008BDF808002070B51D4C2C
:10277000BFF35B8F2368BFF35B8F13F0010F254618
:1027800022D094F88C30A4F1D40613B9164800F086
:1027900063FFF379D3B1BFF35B8F2368BFF35B8F24
:1027A0005A0701D400F0D6FEBFF35B8F55E8003F17
:1027B00023F4803245E800210029F7D1BFF35B8F75
:1027C000DB0301D5FFF7CAFF002009E001F0F2F9B1
:1027D00030B9F379002BDED101F030FA0028DAD0DD
:1027E00070BD00BF54020020D339060007B5009326
:1027F00013460A4601460348FFF7FAFE03B05DF8A8
:1028000004FB00BFB74606000A4601460148FFF731
:1028100029BF00BFB746060030B50A4D0A4B85B048
:1028200000242846029303942AF05DF902AB00933A
:10283000284606490A234FF4A3621DF037FF2046BD
:1028400005B030BDA02C00208144060080CC0020C3
:10285000014601481DF062BFA02C0020014601483E
:102860002AF030B9A02C00200378012B30B513D00A
:10287000022B27D07BB9194B0A4603F1100453F8F9
:10288000045B42F8045BA342F9D11B7813704388C0
:102890004B731B0A8B7330BD104B0A4603F11004B7
:1028A00053F8045B42F8045BA342F9D11B78137020
:1028B00043684B73C3F307221B0CCB731B0A8A7349
:1028C0000B74E8E700F1100350F8042B41F8042BD7
:1028D0009842F9D103780B70DDE700BFAC440600E5
:1028E00010B5034686B01C78012C0846114609D065
:1028F000022C0AD0FCB95B88124A06B0BDE8104031
:102900001EF086BD5B68104AF7E7B3F80120049219
:10291000D3F803200392B3F807200292B3F80920FA
:102920000192B3F80B200092D3F80D30074A1EF045
:102930006FFD06B010BD002106B0BDE810402AF0C2
:1029400043BC00BFA74406008A4406008F4406002B
:1029500038B50546054827F0A4FB044620B1002100
:102960000C3027F0DFFB2576204638BDCC17002041
:1029700070B502460D48BFF35B8F0B46002150E84F
:10298000004F40E80015002DF9D1BFF35B8F24B94B
:10299000BDE870400120FFF7DBBF012304F10C000C
:1029A0002376218227F0BEFB204670BDC0020020A6
:1029B00070B504460F2C0D461046194605D80D2C4F
:1029C0000DD9BDE87040FFF7D3BF132C07D10C48D9
:1029D00027F067FB044638B90024204670BD024644
:1029E0000B4645B10748F3E700210C3027F09AFB6E
:1029F00001232376F1E7BDE870400120FFF7A8BF6F
:102A0000F817002048170020F8B506460F4602F0D8
:102A100013FC044640B18378012B24D0132124F009
:102A20001EFA204624F0FBF83946304606F0F6FD43
:102A3000054628BB3946304605F05AFB144B1B6847
:102A400023B31C6804B10C3C53F8043C13B1394661
:102A500030469847D4B12346E4689B68A4B10C3C47
:102A6000002BF4D1F7E70023D0F8B850C0F8B83005
:102A7000132124F0F4F9204624F0D1F8002DD3D00E
:102A8000284627F0F7F9D5E7002BE0D1F8BD00BFC5
:102A9000706F002038B5C368B3F801401B7893B954
:102AA0000F21204602F03CFA054668B96FEA04504F
:102AB000094A05236FEA105032F8021B09B922F8BF
:102AC000020C013BF8D138BD012102F04BF9284638
:102AD000BDE8384024F0A3B8F4A4002010B5084C99
:102AE0000146052294F86F0002F0F8FB38B994F81B
:102AF0006F000449BDE81040042202F0EFBB10BD96
:102B000080010020F443060010B5012104460C307A
:102B100027F03DFB2146034A0078BDE810400B2317
:102B200023F041BADC110600F8B50746907A0E464C
:102B3000144617F0B5F9284B83424BD1204617F0C5
:102B4000B7F9264D0C2303FB00504388BB4241D10B
:102B5000234FD7F8400120B117F050FA0023C7F8EF
:102B60004031204617F0A4F90C2707FB00504368BA
:102B70009BB196B9204617F09BF907FB0050012145
:102B80004268D2E90003127A03F01F07B9405B09DB
:102B9000D2B100EB830023F080F9204617F088F9CA
:102BA0000C2707FB00508368A3B1204617F080F97B
:102BB00078432E54204617F07BF907FB0055A86890
:102BC000BDE8F8401DF06ABCC94300EB830023F068
:102BD00001FAE2E7F8BD00BFA0170020386B002023
:102BE0008001002038B5042104460C3027F0CFFACC
:102BF0004578017840882246FFF796FF25B10348C3
:102C0000BDE838401DF04ABC38BD00BFA802002016
:102C100038B5032104460C3027F0B9FAE36805788B
:102C20001978B0F801002246FFF77EFF25B103486E
:102C3000BDE838401DF032BC38BD00BFA8020020FE
:102C40002DE9F0473C4FDFF80C8107F11409FB68D0
:102C500048466FF39433FB6002F032F8451C364867
:102C60004FF0FF324FF0FF3329461EF027FB60B1D3
:102C70003249334840F6E523424621F015F84040FA
:102C800080F311884FF0030002DF2B4E15B91DF0C1
:102C9000E9FFDCE7F368C3F38633042B42D1337BCF
:102CA000002B42D127480022002327F0FFF90446D9
:102CB00060B92549224840F67723424620F0F4FFC8
:102CC000404080F311884FF0030002DFDFF888A056
:102CD0001E484FF0FF324FF0FF331DF005FCDAF8CD
:102CE000400120B117F08AF90023CAF8403120468C
:102CF00027F0E0F9CAF840012046FFF787FB88B1CA
:102D000012481DF0CBFB204617F0D2F8104B0C22D6
:102D100002FB00301F2140882246FFF705FF2046B6
:102D200017F06CF91436013DB0E7012BFAD1306988
:102D3000383802F0D1FCF5E708090020F14406001C
:102D4000FA440600C402002017450600A80200202D
:102D5000386B0020BD4406008001002010B5C1E999
:102D600000239DF808300B720C4617F0A1F8034BB6
:102D70000C2202FB00335C6010BD00BF386B0020EA
:102D80002DE9F0474FF0FF324FF0FF33064617486A
:102D9000174D0F4627F085F9044600F10C0A002173
:102DA0004FF00008504627F0BDF984F818802046FF
:102DB00017F07EF84FF00C0909FB005046802046C2
:102DC00017F076F809FB0050C0F80880204617F08D
:102DD0006FF809FB005503215046C5F8048027F021
:102DE000A5F9068087702046BDE8F087A01700206F
:102DF000386B002038B505460C4619B9FFF7C0FFFF
:102E0000044698B140F635439D4209D12046FFF76C
:102E1000FDFA054640B1204617F0F0F8284638BDC7
:102E20000448214627F044F90025F7E76FF06805CC
:102E3000F4E700BFC40200202DE9F041074686B048
:102E400015460C4621B9FFF79BFF044600284DD0DC
:102E500001220021684629F085FD204617F028F858
:102E6000DFF8A8800C2303FB0080C0F808D02046C0
:102E700027F020F90146204827F01AF94FF4A02244
:102E8000002368461DF030FB064688B14FF4A97355
:102E90001A4A1B491B4820F007FF1B483246394697
:102EA00020F002FF404080F311884FF0030002DF62
:102EB000204616F0FDFF0C23584318F800606EB151
:102EC000204617F09BF8092E13D00D2E0CBF6FF083
:102ED0000B006FF0040006B0BDE8F08115B12C6066
:102EE0000020F8E7204617F089F8F9E76FF068004E
:102EF000F1E76FF06E00EEE7C4020020BD4406006B
:102F0000F1440600FA4406001B450600386B002019
:102F1000F7B5144B93F99B30002B05460C461DDA90
:102F200014B9204603B0F0BD082C01AA4FF00001EF
:102F300042F21800264628BF0826FFF77DFF00282A
:102F4000F0D1019FF9683246013128462AF014F980
:102F5000384617F053F83544A41BE1E76FF08500BD
:102F6000E0E700BF800100200138C0B202289ABF0C
:102F7000014B185C00207047E1450600F0B587B0B2
:102F800006460DF10B01002000F086FE05460028E4
:102F900045D1192142F20D00FFF7F2FE0746002845
:102FA00040D019210C3027F0C1F8294604461922D7
:102FB0002AF00AF91D4A9DF80B30237392F821116B
:102FC00092F82031994294BF06F1880106F19601EA
:102FD000601D22F0BEFF93892380D3896380B6F8F9
:102FE000A030A4F80D30B6F8A230A4F80F30B6F82F
:102FF000A430A4F81130B6F8A630A4F81330012399
:1030000000930C230DEB0301094A3846FFF7A6FE97
:103010000022394642F20D00FFF70EFF0546284612
:1030200007B0F0BD6FF06805F9E700BF8001002030
:103030005402002030B5002187B042F20E00FFF7A5
:103040009FFE00250C2304460DEB0301054A009565
:10305000FFF784FE2A46214642F20E00FFF7ECFEFF
:1030600007B030BD540200202DE9F0419A4AB0F873
:103070000180054686B048F470410023104632F8BE
:10308000024BA14220D1002220F81320012600F09B
:10309000B5FB2C78002C3DD03C2C1AD100F006FF5B
:1030A0006FF08001103022F095FF0020FFF716FD31
:1030B000054660B30473002101F054FE284606B0B3
:1030C000BDE8F04123F0ABBD0133052BD7D100267D
:1030D000DDE7022C1BD100210622084602F0FEF893
:1030E000054688B10473002101F03CFEBFF35B8FFD
:1030F0006B68BFF35B8FD80703D52146284601F0E4
:1031000031FE284623F08BFD002001F053F906B074
:10311000BDE8F081EB78012B08BF704B05F1040787
:10312000384608BF93F86F4022F062FE3946002807
:1031300000F0BB8004A822F050FE05F111010DF152
:10314000090022F00DFF01238DF80830E8780028EF
:1031500040F0B780062204A902F0C0F8EB78012BFA
:1031600004460AD100F0A2FE6FF08001074610303D
:1031700022F030FF384623F05FFCEB7823B9584843
:103180006FF4805122F026FF002C00F09C80204636
:10319000B5F8013020F8883B04A922F0DAFEB5F832
:1031A0001730A4F89E30B5F81930A4F8A430B5F85B
:1031B0001B30A4F8A6300022EB782273494AC4F8E9
:1031C000BC204732C4F8C020012B4FF4A472E37036
:1031D000A4F8C42015D102A904F18F0022F0B9FE91
:1031E00000F064FE217A3D4AC1EBC101114404F1B3
:1031F000960022F0AEFED2F8E430590601D500F078
:10320000EBFFE3786BB902A904F1960022F0A1FE6E
:10321000217A324BC1EBC101194404F18F0022F035
:1032200098FE0721204601F09DFD1EB10121204698
:1032300001F098FD204623F02FFD637B072B2CD156
:10324000BFF35B8F6368254EBFF35B8F13F4005FA2
:1032500018D1E3781BB196F8D8301A0712D502219D
:1032600042F21600FFF78CFD054658B102210C30E2
:1032700026F05CFF238803800022294642F21600D4
:10328000FFF7DAFD96F8D930DB0706D500210223D7
:1032900000911A46204623F070F8204623F0BFFC28
:1032A000E378002B7FF433AF2EE7204623F02DFA8E
:1032B000014604A822F04DFE394602A822F049FE3C
:1032C00044E7012804D01321404623F03BF81EE7D1
:1032D00004A8FFF703FC41E7F4A4002080010020CC
:1032E0005402002001011B0000B5C16889B00B78B1
:1032F0008DF80030B1F80130ADF80130CB788DF8A1
:103300000330B1F80B30ADF81730B1F80D30ADF82F
:103310001930B1F80F30ADF81B304B7C8DF81D30F3
:1033200001A8043122F015FE07490DF10B0022F02F
:1033300017FE0DF1110022F013FE6846FFF794FE10
:1033400009B05DF804FB00BF0844060037B5044629
:103350000D468DF80700A0B929B10B490722284670
:103360002AF000F940B909490DF10702002006F0E2
:1033700099F8002003B030BD29462046FFF744FBF2
:10338000F7E76FF01500F5E7FB430600B95E0500AF
:1033900029289ABF014B185C09207047B7450600E1
:1033A0002DE9F041044600F10C06304626F007FFF7
:1033B000B4F81080B8F1010F054604D82046BDE8E6
:1033C000F04116F01BBE3046022126F0E0FE074613
:1033D000007822F037FDC20706460CD40E4A0F498A
:1033E0000F4840F6946320F05FFC404080F3118862
:1033F0004FF0030002DF05230A4A3878214622F005
:10340000D2FDB307DAD56369A4F8108013FA85F505
:10341000E560BDE8F08100BFBD44060047450600F9
:10342000FA44060084110600F8B5037E012B044619
:103430002DD0032B4CD1038A032B03D8204616F042
:10344000DDFD22E004210C3026F0A1FE478806882D
:10345000224D204616F02CFDC6F30B0325F8103044
:10346000238ABB42EAD1204616F022FD0F2135F80F
:10347000100001F055FD05460028DFD0320B214633
:1034800023F065FB284623F0CAFB0020F8BD038A21
:10349000012BD3D902210C3026F079FE05460078A5
:1034A00022F0D0FC83070CD40D4A0E490E4840F69A
:1034B000682320F0F9FB404080F311884FF00300AF
:1034C00002DF0A4A28780623214622F06CFDB5E780
:1034D00016F094FD6FF01500D8E700BFFEA40020A1
:1034E000BD44060060450600FA440600AC11060023
:1034F00010B5037E012B04460CD0094A09490A483D
:1035000040F6E66320F0D0FB404080F311884FF096
:10351000030002DF2046FFF743FF002010BD00BF7D
:10352000BD4406008E450600FA440600084A0346DC
:10353000D2F85C0130B9D96839B1596929B1C2F8FA
:103540005C3170476FF0770070476FF0150070477F
:103550008001002008B50448042122F09EFCBDE84B
:103560000840002000F026BF5402002010B5F2F7FA
:103570004BFF034B1B6813B1BDE81040184710BD4B
:10358000506B002070B5284DD5F85C3188B00646E8
:10359000002B43D06FF0020105F1D40022F01AFD98
:1035A000012122F07AFCC3073BD422F0B6FB04468B
:1035B00088BB1E4B1E600122114605F5947029F050
:1035C000D1F905F5A27029F088F900220023CDE990
:1035D00006236FF00803CDE90243CDE90044144B04
:1035E000144904944FF4806213481CF045FD1349BC
:1035F000114829F0E0F8D5F85C31DB6898470446BB
:1036000048B926B908B0BDE87040F2F7FDBE05F133
:10361000C4001DF045F8204608B070BD6FF01204DC
:10362000F9E76FF07704F6E780010020506B002087
:10363000412C030098D10020882D0020B1450600C0
:10364000044BBFF35B8F1868BFF35B8FC0F3800040
:10365000704700BF5402002038B50546F2F7CCFE93
:103660001028044615D80C482946F2F7B3FE70B16D
:1036700022462946084829F07FFD08480319002200
:10368000214600F5B07083F86021FFF759F800205B
:1036900038BD6FF00B00FBE7E00200208001002046
:1036A00000487047E0020020F8B50A4DEF79064661
:1036B0000024E3B29F4202D86FF0010007E02946E0
:1036C000304622F054FF0735631C08B12046F8BD90
:1036D0001C46EEE78001002037B504460D46B9B11F
:1036E0001649284622F043FF90B91548C4EBC4049C
:1036F0002946204422F04EFF124822F040FF4307A3
:1037000003D5FFF72BF822F00AFB002003B030BDF1
:10371000684622F054FB0028F8D16846FFF7C4FF42
:103720000028F5DA064BC4EBC4001844694622F0C1
:1037300031FF002DE0D001462846DBE7FB430600C1
:10374000800100205402002038B5124906220546A7
:1037500029F008FFC8B1062142F20500FFF710FB6F
:103760000446A0B1062229460C3026F0E5FC0022D2
:10377000214642F20500FFF75FFB38B905482946AC
:1037800022F003FF012300F8013C002038BD6FF058
:103790006800FBE7E901002008B5034608B90020EE
:1037A00008BD1448134A22F0EAFE10F4805F06D0E8
:1037B000104822F0E4FE400607D40120F0E710464E
:1037C00022F0DDFE4106F3D4F7E712F8D42C012AEB
:1037D000F3D15A6802F00502042AE0D01878064AAC
:1037E000C0EBC003D35C012BE7D1B0FA80F04009F5
:1037F000D6E700BF54020020800100200A4BBFF32F
:103800005B8F53E8002F22F4004143E800100028AA
:10381000F7D1BFF35B8F130404D5044900220220C3
:1038200005F062BE704700BF5402002073670500B8
:1038300007B50023CDE9000304496A46022005F0DC
:1038400053FE019803B05DF804FB00BF7D660500E0
:103850002DE9F341044670B14E4D95F8202195F8BD
:1038600021310AB19A4209D2013385F82131237AF4
:1038700043F00403237202B0BDE8F0810021062268
:10388000084601F02BFD05F1D4030646A0B1BFF3B5
:103890005B8F53E8001F41F4004143E80012002A07
:1038A000F7D1BFF35B8F237A43F00103237202B099
:1038B000BDE8F04123F0B3B9184622F060FE31466E
:1038C000C0F38017344800F0EBFA17B1304623F00C
:1038D000CEF895F82131B3B995F8212195F820312A
:1038E0009A4223D10022114642F22900FFF7A4FA9E
:1038F00070B995F82131013385F82131237A43F0ED
:103900000403237204E0002022F087FE0028E3D0A5
:10391000012022F082FE17B1012023F0A8F81F48F1
:10392000002102B0BDE8F04100F0BABA224604F12D
:10393000010812F82A0B414622F033FE0646002801
:10394000E6D195F82131013385F82131237A43F00E
:103950000403237295F8A7305B07D9D54146684622
:1039600022F018FE0123082142F24E008DF80730A4
:10397000FFF706FA04460028CAD0694608220C3030
:1039800026F0DAFB3246214642F24E00FFF754FAA7
:10399000BEE700BF80010020D36605004B6605002E
:1039A0002DE9F843044668B3454D95F8202195F874
:1039B0002131FAB1013293421DDC00210622084672
:1039C00001F08CFC05F1D4030646E8B1BFF35B8F30
:1039D00053E8001F41F4004143E80012002AF7D1E8
:1039E000BFF35B8F237A43F002032372BDE8F843F1
:1039F00023F015B913B1013B85F82131237A23F067
:103A000004032372BDE8F883184622F0B8FD31465E
:103A1000C0F380182B4800F043FAB8F1000F02D031
:103A2000304623F024F8002022F0F7FD074688B93D
:103A300095F8213195F820219A421DD2013B85F855
:103A40002131237A204923F0040302462372022005
:103A500005F04AFD95F8213113B1012022F0DDFD7A
:103A6000B8F1000F02D0012023F001F8BDE8F843BF
:103A70001648002100F014BA072142F22800FFF78F
:103A80007FF904F1010906460028E3D007210C3034
:103A900026F04CFB494622F07DFD3A46314642F283
:103AA0002800FFF7C9F90028D4D195F82131013B4E
:103AB00085F82131237A23F004032372CAE700BF7B
:103AC00080010020D3660500056605004B660500F1
:103AD00070B50D46044698B11D4922F048FD78B9ED
:103AE0002378012B02D06FF0150070BDA37903F08D
:103AF000C003C02BF7D12046FFF7D6FD002821DAFE
:103B0000002DF0D1134DEB79012B1ED005F1D4001F
:103B100022F035FDC30707D4002CE4D00C49204621
:103B200022F025FD0028DED1EE792146731C3046B7
:103B3000EB71FFF7D1FD08B93046D6E7EB79013BD1
:103B4000EB71D2E76FF07700CFE76FF00B00CCE7B7
:103B5000FB43060080010020F7B50446C8B101AA66
:103B6000002141F20900FFF767F9064688B9019F75
:103B70000E49FD6801350622284629F0F3FC28B1DC
:103B80000B490622284629F0EDFC28B9384616F0E4
:103B900035FA002003B0F0BD2946601C22F0F5FC88
:103BA0003846267016F02AFA0120F3E7084406008A
:103BB0000244060007B56846FFF7CEFF044BD871F4
:103BC00018B169460020FFF787FD03B05DF804FBDC
:103BD00080010020F7B5184B93F8C230DB0705468B
:103BE0000E4603D40024204603B0F0BD01AA0021F4
:103BF0004FF60940FFF720F903460028F2D101985B
:103C0000C2685478B44228BF3446023216279C4218
:103C100002DC16F0F3F9E6E7114607FB035602F162
:103C2000140C51F804EB46F804EB6145F9D109880E
:103C3000318001331632EAE78001002070B5154D5E
:103C4000EC7988B02CB9012102A8FFF7C3FFE87115
:103C5000C0B90021084608B0BDE87040FFF738BF82
:103C600002AB06FB02310DF1010022F08EFC0123B4
:103C7000694610468DF80030FFF72EFD013410B173
:103C800008B070BD1626EB79E2B29342E8D8002066
:103C9000F6E700BF8001002038B50C4669B1084D39
:103CA0002B78012B03D02B782370002038BD681CA3
:103CB000FFF74AFD0028F6D0F8E76FF01500F5E7AA
:103CC0008001002039B1064803780B70012B05D123
:103CD0000130FFF739BD6FF01500704700207047C5
:103CE000800100202DE9F04190460E461D46024617
:103CF000002852D0002B50D03103047807D5730729
:103D00004BD422F016FD88BB01232B702DE0F70762
:103D10002ED5234FB8F1000F13D0B0060AD4C4EB50
:103D2000C403FB5C012B11D02B70B2061DD543F0F0
:103D30000203EAE797F8D8305906F0D46FF085000F
:103D400014E0C4EBC403FB5C012BDED1072101FBB3
:103D500004710131104622F0E4FC38B9C4EBC4040C
:103D60003B5D2B70B8F1000FDFD10020BDE8F08182
:103D700073070ED50A4EC4EBC407F35D012BC4D103
:103D8000072111FB0431314422F0CBFCF35D2B7091
:103D9000ECE722F0CEFC0123F9E76FF01500E5E730
:103DA00080010020F8B545686905064635D40469E8
:103DB00014B115F0010330D0194F3078FB798342EC
:103DC0002BD9C0EBC00017490722384429F0CAFBA1
:103DD000A8B115F0010306D197F87020082A02D87F
:103DE000B2689F2A19D915F0300F09D0ACB1EA0694
:103DF0000AD405F46035B5F5603018BF0120F8BD70
:103E0000EB0601D4002CF4D1D6E902239A4204D85F
:103E10001F2A02D9B3F5804FEBD90020EFE700BF8E
:103E200080010020FB43060008B504490722093041
:103E300029F098FB003818BF012008BDFB4306009D
:103E4000F8B5154B067883F86F6004460D46FFF70A
:103E5000EBFF70B91149304601F0D0F9044610B9B2
:103E60006FF00B00F8BD042100F07CFF2C600020F7
:103E7000F8E704F109073946304622F0E6FF40B979
:103E80002078394601F0BAF904460028E8D0052127
:103E9000EAE76FF01500E5E780010020F443060033
:103EA00003460148184700BF9801002000487047AA
:103EB000980100202DE9F04FD1F810908DB09A466E
:103EC0000023B9EB030506468948059218BF012572
:103ED000079322F06FFC0C46410740F1FD8020461D
:103EE000FFF760FF28B96FF0150B58460DB0BDE81D
:103EF000F08F2046FFF750FC80460028F3D006F1F3
:103F00001007384622F056FC0206C0F3C01300F139
:103F1000E680CDE90933CDF82B30A3686068ADF8B1
:103F20002030E368ADF8223022F035FC6FF4005108
:103F30008DF82D006E4822F043FC6E4A23783370D2
:103F400082F86F3061680DF125032A463046FFF78D
:103F5000C9FE83460028C8D106F10900B9F1000F57
:103F600013D0216922F03BFC204622F02EFD63682D
:103F70000546D80716D49A0503D4169B0BB9022D13
:103F80004CD102238DF8243019E05B4922F027FC44
:103F9000204622F01AFD6368D9070546EBD58DF857
:103FA00024900CE013F0100F0CBF012304232169AF
:103FB0008DF824300DF1260022F011FCD8460F2197
:103FC00042F20600FEF7DCFE8346002800F08A80FD
:103FD0000F2208A90C3026F0AFF80022594642F211
:103FE0000600FEF729FF00287FD1B9F1000F1BD092
:103FF0006368DB0726D43046012122F0F6FC079ED9
:104000008346002860D0002E3FF46FAF3046002179
:1040100000F0A8FE304622F002FE66E70323DDF83A
:1040200058808DF82430CAE7179B0093CDE90185AD
:10403000169B05995246304622F050FC83460028D4
:10404000D6D052E707A93046FFF7FAFE834600288C
:10405000D1D010F10C0F7FF448AFB9F1000F7FF40D
:1040600044AF636898073FF540AF626882F0020290
:10407000C2F3400B0BF001020E21384622F015FC72
:104080006B1E5A425A410821384622F00EFCA91EE6
:104090004A424A413846092122F007FC62680A2157
:1040A00002F00102384622F000FC42460B2138465D
:1040B00022F0FBFB62680D21C2F38002384622F039
:1040C000F4FB4FF0000B10E716B1304622F0A7FDCD
:1040D000B9F1000FCED1C8E76FF00A0B05E76FF01A
:1040E000770B02E76FF0680BFFE68346FDE600BF43
:1040F0005402002080010020FB43060073B51546E2
:10410000069A0C46CDE900322B460A460146114874
:10411000FFF7D0FE21460646002340F201109D42E3
:1041200002D1304602B070BD0A88824204D14A688A
:1041300012B11278D20702D401330831EFE70649F1
:10414000064828F0D6FC4FF47022002303481CF0E8
:1041500043FBE6E7980100203F6A0500B00100201C
:1041600010B5194822F068FC18486FF4804122F01D
:1041700027FB164822F01EFB03461A06C0F3C010A8
:1041800021D5124822F016FB430513D50E48FFF740
:104190004BFE0F490346087E93B90E49042201F0F5
:1041A0009DF8044630B10021017300F0DBFD20468C
:1041B00022F035FDBDE810400348002122F015BC77
:1041C00005222131EBE710BD98010020A801002055
:1041D00080010020F443060073B53248314C22F0D0
:1041E000E9FA10F4804F5AD0204622F0E3FA030691
:1041F00055D4204622F0DEFA460550D501A9A4F197
:104200001000FFF71DFE002849D1A4F11000FFF7B0
:104210000BFE0246204622F0CDFAC0F38031204644
:1042200022F0C8FA81F0010145054FEA41011D481D
:1042300048BF41F0010122F0BDFA800448BF41F0BF
:10424000040119480DF10303FFF74CFD054630BB8F
:104250001548012122F0C9FB019E28B9304602B061
:10426000BDE8704022F0DBBC2946304600F07AFD04
:104270006FF480410B4822F0A3FA0546304622F045
:10428000CEFC6B040BD5BFF35B8F54E8003F43F4C7
:10429000804344E80032002AF7D1BFF35B8F02B0BD
:1042A00070BD00BFA80100209801002030B5022198
:1042B00087B0044642F20C00FEF762FD054618B3D3
:1042C00002210C3025F032FF012C1BD1BFF35B8F94
:1042D0000F4B1B68BFF35B8FC3F340234370631E18
:1042E00004705C425C410A4A009403A928460623F4
:1042F000FEF734FD0022294642F20C00FEF79CFD39
:1043000007B030BD0023E9E76FF06800F8E700BFB1
:104310005402002073B50023ADF80530431E8DF81C
:10432000000005465842ADF8011058410DF1050155
:10433000ADF80320FFF7C6FC044638BB072142F264
:104340000B00FEF71DFD064648B3072269460C30F8
:1043500025F0F2FE2246314642F20B00FEF76CFDDC
:10436000044698B90120FFF7A1FF044670B9012D5A
:104370000FD1BFF35B8F0B4B53E8001F41F48071EB
:1043800043E80012002AF7D1BFF35B8F204602B04A
:1043900070BD6FF48071034822F053FBF6E76FF0B5
:1043A0006804F3E754020020014B00221A607047B2
:1043B0005C6B002070B5214DBFF35B8F2B68BFF3A2
:1043C0005B8F1A060646C3F3C01034D4BFF35B8F6D
:1043D0002B68BFF35B8F5B0626D4002106220846BC
:1043E00000F07CFF044620BB0222014600F076FF6D
:1043F00008B3BFF35B8F55E8003F43F4007345E813
:104400000032002AF7D1BFF35B8F22F008FC002EA8
:10441000204608BF1222BDE8704016BF30224FF47C
:1044200000616021FFF776BFFFF740FF0028D4D07E
:1044300070BD22F0F4FB0020FAE700BF5402002018
:104440002DE9F04F00F10C068BB00446304625F004
:10445000A6FEDFF8CCA18046B8F1000F02D10BB068
:10446000BDE8F08F238A082BF9D90921304625F0C1
:104470008EFE037A228A01339A420546EFD3012346
:10448000ADF824307F238DF81E30037A034400F109
:1044900001095B7A8DF81D30FF238DF81C30002355
:1044A000ADF8223002788DF81F20042A9CBF584BAB
:1044B0009B5CADF82030037A0193484621F098FCCC
:1044C00000284AD0494604A821F087FCDAF80030D9
:1044D000B3B1304625F073FE238A0293019B2382F9
:1044E000834633469DF81F209DF91D10DAF80070B1
:1044F00004A8B847636913FA8BF3E360029B238235
:1045000004AB0693434B1B68002B35D01A6802B1ED
:10451000083A53F8081CB9B11746A3F1080230460F
:10452000039225F04CFE238A039A0293019B238277
:1045300012688346314606A890476269029B23822F
:1045400012FA8BF2E2603A46B2B1976813688FB103
:10455000083F002BE3D13A46F7E76B78FF2B04D1F5
:104560002D4904A822F07CFAB0E7494622F0CDF8A4
:104570000146F6E7002BD2D100230693274BBDF866
:104580002010BFF35B8F1A68BFF35B8F1006C2F376
:10459000C01B20D4CA071ED5022204A9584600F029
:1045A0009DFE0746B8B1BFF35B8F1C4B1B68BFF382
:1045B0005B8F5B0619D407F19600494622F050FA4A
:1045C0003846FEF7DBFCA8B93846062100F0CAFBE6
:1045D000384622F024FB297A3046013108F1FF38B1
:1045E00025F0CDFD5FFA88F836E75846FFF75EFE06
:1045F0000028E0D01F233B730021384600F0B2FBB7
:10460000384622F00CFB0020FFF7D4FEE3E700BFA2
:10461000E4450600546B0020FB43060054020020D2
:104620005C6B0020F8B53D4EBFF35B8F3368BFF382
:104630005B8F13F0040F05460F4634466AD00278AC
:10464000012A03D96FF015042046F8BD43680F2BEB
:10465000F8D80089031F9BB243F6FC7C6345F1D870
:1046600069890B1F9BB26345ECD88842EAD38AB9AB
:10467000BFF35B8F54E8000F40F0800344E8003242
:10468000002AF7D1BFF35B8F10F0800007D06FF0E6
:104690007704D9E722F064F80028E9D1D2E7BFF324
:1046A0005B8F3368BFF35B8F5A0609D5FFF7FEFDBA
:1046B000044628B16FF08001184822F0C2F9C3E720
:1046C0006B68DB0715D5BFF35B8F56E8003F43F4FB
:1046D000007346E80032002AF7D1BFF35B8FAB8945
:1046E0006BB10E486FF0800122F0ABF96FF08504DA
:1046F000AAE76FF40071094822F0A3F9EFE76A898D
:1047000029892878FFF706FE04460028D2D1044BF9
:104710001F6099E76FF00A0496E700BF540200207B
:104720005C6B002008B508486FF0800122F089F921
:10473000030606D5054B00201860BDE80840FFF7CA
:1047400039BE6FF0770008BD540200205C6B00207A
:1047500008B50449402228F005FFB0FA80F040096E
:1047600008BD00BFE945060070B5314B93F8A23093
:1047700003F00603062B52D1002853D02D4E326889
:1047800032B1131F834250D05B680BB1043BF9E791
:1047900042607268031D336002B97360264CBFF338
:1047A0005B8F54E8002F42F0200344E800310029D9
:1047B000F7D1BFF35B8F12F0200202D0002528460C
:1047C00070BDBFF35B8F54E8003F23F0100344E853
:1047D00000310029F7D1BFF35B8F114642F225006B
:1047E000FEF72AFB05460028E8D0BFF35B8F54E8AC
:1047F000003F23F0200344E80032002AF7D1BFF342
:104800005B8F34683CB154F8043C043C0BB100208D
:1048100098476468F6E70023C6E90033CFE76FF0F6
:104820008505CCE76FF01505C9E76FF07705C6E79A
:1048300080010020646B002054020020054BBFF370
:104840005B8F1B680448BFF35B8F13F0100F08BF2A
:10485000002070475402002081AB002070B5204E2C
:1048600033688B42044635D013B16FF00F0070BD32
:104870001C4BBFF35B8F1A68BFF35B8F9206F4D4B7
:10488000BFF35B8F1B68BFF35B8FDB0625D5316001
:1048900042F226004021FEF773FA0546B8B14021E6
:1048A0000C3025F043FC234604F1400253F8041B6E
:1048B00040F8041B9342F9D10022294642F2260017
:1048C000FEF7BAFA0028D2D000233360CFE76FF0AA
:1048D0006800F9E76FF07700C9E76FF07C00C6E782
:1048E000606B002054020020F8B51D4BC568BFF373
:1048F0005B8F53E8002F22F0200243E800210029BB
:10490000F7D1BFF35B8F2A78AAB916496A1C05F163
:10491000410052F8044B41F8044B8242F9D1BFF3F5
:104920005B8F53E8001F41F0100143E80012002A9A
:10493000F7D1BFF35B8F0C4E34686CB1094F043C68
:1049400023682BB12A78002A0CBF384600209847EC
:1049500064680CB1043CF3E70023C6E90033F8BDFA
:104960005402002081AB0020646B002005490B68D5
:1049700033B1C26800200860117801B9501C184793
:10498000704700BF606B002070B50B4B1D6804467C
:1049900025B90A4D0A4EB54207D370BD2B6813B135
:1049A000217B204698472D6AF2E72B6813B1217BC3
:1049B000204698472435EEE76C6F00205CDE05004A
:1049C0005CDE05002DE9F041154F04464FF000086C
:1049D0004FF02002EFF3118382F31288BFF36F8F41
:1049E000216A29B983F31188BFF36F8FBDE8F08185
:1049F000606A0A682262814208BF626283F311889A
:104A0000BFF36F8FD1E90156C1F80C80C1E901886D
:104A1000384627F08EFF002231462046A847D7E7C8
:104A2000EC16002070B5D1E901560022C1E901223F
:104A30000446CA60054827F07CFF314620462B46D5
:104A40006FF06D02BDE87040184700BFEC16002003
:104A50002DE9F047DFF858811F46B8F80431002BE4
:104A600004460E4608F58470154608BF0020002253
:104A700000231BF039FD002840F09580002D71D0F7
:104A800005F10C0A5046B8F8049125F09CFB484506
:104A900062D9B8F8049156F80C1F4A46504625F0E2
:104AA0004BFB4946304625F06AFB637BAE69072B1A
:104AB00076D14FF02003EFF3118283F31288BFF316
:104AC0006F8F002E59D000233360A369002B51D182
:104AD000C4E905664FF0000982F31188BFF36F8FB8
:104AE000042105F10C0025F042FB238807F0FD07A7
:104AF00043EA073707802B8A043B438002232B7647
:104B0000284621F0EFFC074618B34FF02003EFF3DF
:104B1000118783F31288BFF36F8F002E3AD031468E
:104B200004F1140021F0A5FF87F31188BFF36F8F04
:104B30006FF00407B8F804311C48002B08BF0020B0
:104B40001BF0ACFC2EB10023AB6131462046FFF7D1
:104B500069FF3846BDE8F087504625F034FB1FFA60
:104B600080F998E70022002304F1380025F09EFA2E
:104B700005469AE71E60A661ACE7A36933B103F16D
:104B80000C09DB680133C9F80030A5E7E36904F1DB
:104B90001C09F7E7D9F80030013BC9F80030C3E73A
:104BA0006FF07F07C6E76FF06807D2E78802002042
:104BB000800100200448B0F80431002B00F5847017
:104BC00008BF0020704700BF8001002038B50022D8
:104BD00004468A4202D10024204638BD04F1C803AD
:104BE0000120BFF35B8F53E8005F002D04D143E841
:104BF000000CBCF1000FF6D1BFF35B8F02D0D034B4
:104C00000244E6E7002CE6D0C8220021204628F026
:104C1000DBFA04F15800044927F06BFF034904F163
:104C2000280027F022FFD7E7F5550300F16A0500B9
:104C3000F8B51F46CB7A072B06460D46144632D9E7
:104C4000437B072B1DD162B328F0DCFC194B1A58AB
:104C5000194B9A42194807BF002200234FF0FF3238
:104C60004FF0FF331BF0E6FB00B3737B072B4FF0D5
:104C7000000209D0C0E90122C26001460F4827F0B6
:104C800058FE6FF07F00F8BDC0E90147C260002404
:104C9000A8612C7706F13800294625F009FA20464C
:104CA000F1E71046F3E76FF01500ECE76FF06800EE
:104CB000E9E700BF0800000090470020EC16002044
:104CC0002DE9F84F06462348234CDFF8949028F04E
:104CD00047FA204B00220121304628F017FA01251F
:104CE00000274FF0140AAB4604F1C80021F0EBFE98
:104CF00058B1637B8BB96FF04001201D21F0D4FEC9
:104D000043060AD5204621F0FFFE0137052F04F1A6
:104D1000D004E9D12846BDE8F88F637B072BF4D196
:104D2000B9F80431002BF0D00AFB0568D9F810213E
:104D3000A36B4BB142B9094B0221404628F0E6F97A
:104D4000013588F80CB0E0E704F1380300220421B3
:104D5000F3E700BF94090020502E002088020020B5
:104D6000800100202DE9F041457B8D42044600F092
:104D7000B48041735DB1062D0FD0637B072B00F229
:104D8000AC80DFE803F05011AAAAAAAA8D3083787C
:104D9000082BF2D021F028FFEFE78378012BECD12C
:104DA000583027F0B4FEE8E75B4D002705F5847620
:104DB0004FF02002EFF3118382F31288BFF36F8F5D
:104DC000E269002A00F08380013AE26183F31188EE
:104DD000BFF36F8FB5F80431002B14BF30460020AD
:104DE0001BF05CFBE4E7A378042B76D004F13800D9
:104DF00027F073FD494800211CF0BCFA0023C4E9E8
:104E00001433E378012B68D1A378012B04BF03236B
:104E100084F8AC304FF42032002304F15800BDE890
:104E2000F0411BF0A5BCA378042B04D12046BDE8BB
:104E3000F04121F0F4BE013D052D4ED801A353F8F9
:104E400025F000BF5D4E0300934E03002D4E03007E
:104E50002D4E0300934E0300934E03002046FFF7B0
:104E6000B1FDA378012B0AD104F15805284627F09B
:104E70004CFE10F00C0F02D0284627F048FE4021CF
:104E8000201D21F026FE2548BDE8F04100211CF040
:104E900071BA237B002BC9D02046FFF775FDC5E70B
:104EA000A378012B19D11C4B9D8AB5B10A235D4310
:104EB0004FF4004640F2E73000214FF47A720023AD
:104EC000C5FB0601F1F71CF902460B46A5E761692F
:104ED00029B983F31188BFF36F8FBDE8F081A06912
:104EE0000A686261814208BFA26183F31188BFF33F
:104EF0006F8F4FF02002EFF3118382F31288BFF31C
:104F00006F8FCA68E261CF6083F31188BFF36F8F40
:104F10002046FFF787FD5DE780010020940900200F
:104F200010B502460C460748052121F093FE0346C2
:104F300010B90023184610BD82781442FAD121F02E
:104F40006EFEF6E7502E00202DE9F047DFF834A082
:104F500006460F46904600254FF0D00909FB05A0F4
:104F600021F042FE044620B183781E4206D121F092
:104F700056FE0135052DF1D1BDE8F0874146B84711
:104F80002046F4E7502E0020034BC01A034B0011BB
:104F90005843C0B2704700BF502E0020C54EECC42D
:104FA00038B50D460649002808BF084625F079F8AF
:104FB000044618B1291D0C3025F0B4F8204638BD40
:104FC0001C170020F8B5031D0446184621F07BFD90
:104FD000820512D5B4F89E20B4F8A01091420CD8E6
:104FE000B4F8A210914208D3D4E92912914204D115
:104FF0006FF40071184621F057FD104B1D6825B95C
:105000000F4D104FBD420CD3F8BDEE683EB1B4F861
:10501000A630B4F8A420B4F89E102046B0472D6AFC
:10502000EDE7EE683EB1B4F8A630B4F8A420B4F8C9
:105030009E102046B0472435E4E700BF6C6F002087
:105040005CDE05005CDE0500F8B50D4B1D6804460E
:1050500000F1BE0635B90B4D0B4E04F1BE07B5424B
:1050600007D3F8BDEB6913B13146204698472D6A46
:10507000F0E7EB6913B13946204698472435EEE74F
:105080006C6F00205CDE05005CDE0500F8B50D4BA2
:105090001D68044600F1BC0635B90B4D0B4E04F1FA
:1050A000BC07B54207D3F8BDAB6913B13146204602
:1050B00098472D6AF0E7AB6913B139462046984707
:1050C0002435EEE76C6F00205CDE05005CDE050039
:1050D0002DE9F041074608460C4621F079F90546CE
:1050E00018B900252846BDE8F081134B1E6846B963
:1050F000124EDFF84C804645F4D2B36883B92436AB
:10510000F9E7B3680BB9366AF1E7214638469847A4
:105110000028E6D0204621F05BF90028F3D1E0E733
:105120002146384698470028DBD0204621F050F928
:105130000028E4D1D5E700BF6C6F00205CDE0500DD
:105140005CDE05002DE9F041C378044673B900F137
:105150009606104B1D6804F1880755B90E4D0F4F88
:1051600004F18808BD420CD3BDE8F08100F18F0640
:10517000EFE72B691BB13A463146204698472D6A26
:10518000EBE72B691BB14246314620469847243550
:10519000E8E700BF6C6F00205CDE05005CDE050008
:1051A000F8B5437A83720446164621F03DFF0C4B56
:1051B0001D6825B90B4D0C4FBD4208D3F8BD6B6976
:1051C0001BB1617A3246204698472D6AF1E76B6938
:1051D0001BB1617A3246204698472435ECE700BF80
:1051E0006C6F00205CDE05005CDE0500024B1A6877
:1051F00002621860704700BF6C6F002038B505462A
:105200000C460B480521FFF7E1FC80B105722368CD
:10521000C0F88830A388A0F88C30A37980F88E304D
:105220000123437283728370024BC0F8A03038BDF3
:10523000502E0020180028002DE9F0410F4E07469F
:1052400088460025304621F0CFFC044620B1837803
:10525000012B0AD021F0E3FC0135052D06F1D00623
:10526000F0D100242046BDE8F0814246394621F0C5
:10527000CCFD0028F6D12046ECE700BF502E0020E0
:1052800038B50446144821F01EFC400702D46FF0E4
:105290000A0038BD084621F09BF810B96FF01500E0
:1052A000F7E70D4821F00FFC0206F0D40A4821F080
:1052B0000AFCC304C0F300350AD421F051FA0028D7
:1052C000ECD02146284621F0C0FD0028E1D0E5E7DA
:1052D0006FF07700DDE700BF540200202DE9F047B2
:1052E000DFF850A006460F46904600254FF0D00943
:1052F00009FB05A021F078FC044620B18378012B3E
:1053000006D021F08CFC0135052DF1D100240DE0F3
:1053100037B13A46314621F078FD08B92046F0E72A
:10532000637B4345FAD1237AB342F7D12046BDE8E7
:10533000F08700BF502E002010B583780B70C37823
:105340004B70037A8B70437B023BDBB2062B98BF1A
:10535000294C02464FF000008CBF0346E35C81F805
:10536000270081F82430537A81F82530104621F047
:10537000F2FC81F826009378012B3AD102F18803E0
:105380008B60137A1D48C3EBC30303444B60D4788E
:1053900002F1960302F18F0014B11C460346204629
:1053A000C1E90303B2F89E308B82B2F8A430CB82FD
:1053B000B2F8A6300B8302F1BC03CB6102F1BE034D
:1053C0000B62D2F8B8302BB15B7BD80644BF012307
:1053D00081F82730D2F8B83013B15B7B9B0601D43B
:1053E000002010BD91F8273043F0020381F82730E8
:1053F000F6E76FF01500F4E759460600800100203B
:105400002DE9F0410F461146054614469846FFF730
:1054100037FF0646002835D12146284621F0CCFC2E
:105420000446002848D097E80F00254D05F1080CE8
:105430008CE80F00AB8A002B08BF4FF49673AB8249
:105440002B8A03B9AB892B826B8A03B9EB8995F858
:1054500021216B8295F820319A4216D902212046EB
:10546000FFF780FC0120FEF7A5FF054640B120466E
:105470000021FFF777FC204621F0D1FB2E4601E00A
:10548000C8F800403046BDE8F08106212046FFF70D
:1054900069FC2046FDF772FD05460028F0D0002685
:1054A000314620462673FFF75DFC204621F0B7FB0E
:1054B0003046FEF77FFFE1E76FF00B06E2E700BF43
:1054C0008001002070B506462F4821F0FCFA400705
:1054D0000D4653D529B921F043F940B96FF01500B5
:1054E00070BD084620F074FF0028F4D1F6E731467D
:1054F0000020FFF7A1FE044628B93146FFF77EFEE3
:10550000044600283DD0201D3DB32B88A4F8A030D0
:105510006B88A4F8A230AB88A4F8A430EB88A4F878
:10552000A630012121F0D5FAC10702D4204621F08E
:105530005BFB637B63B9144821F0C5FA430707D5C9
:105540001DB102212046FFF70DFC0020FEF732FFBF
:10555000204621F064FB0020C2E76FF0010121F03A
:10556000A3FAC207E5D5204621F059FB637B022B45
:10557000DFD129462046FFF7F5FBDAE76FF00A0096
:10558000AEE76FF00B00ABE75402002038B50446DD
:1055900008460D4620F01CFF38B3154B93F8D83061
:1055A000990707D4E37873B129462046BDE838400F
:1055B00000F0EAB994F8AD309A07F3D5201D21F038
:1055C00082FA4305EED42946204621F082FC58B9E0
:1055D0002B88A4F8A0306B88A4F8A230AB88A4F87C
:1055E000A830EB88A4F8AA3038BD6FF01500FBE7AF
:1055F00080010020F7B510F84B3C0446A0F1580597
:10560000FBB9284621F0F8FC2C4B1E684EB92C4EF5
:105610002C4FBE420DD3284603B0BDE8F04021F028
:10562000FEBA73681BB114F84C1C28469847366ABA
:10563000ECE773681BB114F84C1C284698472436D5
:10564000E7E710F8563C012B36D110F8553C23B94A
:1056500003B0BDE8F040FDF7EDBCA0F154066FF4D7
:105660000071304621F020FA830514D5A36C009315
:105670006946236D01932846FFF788FF20B96FF430
:105680008071304621F010FA8021304603B0BDE829
:10569000F04021F01EBA0C4A106851686B4603C3F3
:1056A00069462846FFF772FF0028EDD14FF480715C
:1056B000304621F00EFAE7E703B0F0BD6C6F002032
:1056C0005CDE05005CDE05008EE005000146014859
:1056D000FFF766BC741700202DE9F047437B0546B1
:1056E0005BB96FF04001043021F0DEF9430604D5C8
:1056F0002846BDE8F04721F007BA05F1380027F049
:105700002DF9044660B9354A354936484FF4667379
:105710001EF0CAFA404080F311884FF0030002DF08
:10572000204624F0C7FCDFF8C090028AB9F80431A3
:105730009A420446027F07D832B9022321462846FE
:10574000FFF786F9064632E017464FF0000A228A34
:10575000B9F804319A4204D80123237700220323A5
:10576000ECE74FF0FF334FF0FF320020FFF7AEFFC2
:105770006B7B072B804606D014F040FC2046BDE82A
:10578000F04714F03BBCC0F818A080F81CA0637F61
:10579000437702463B4621462846FFF759F906461D
:1057A000B8B107F001072777404614F027FC2046E0
:1057B00014F024FC05360ED1A6690023A36120460F
:1057C00014F01CFC3EB131462846BDE8F047FFF717
:1057D00029B90127BBE7BDE8F08700BF29460600CD
:1057E00017450600FA440600800100200B4B58B113
:1057F0001A6862B942693AB942685AB982684AB9C4
:10580000C2683AB982692AB91860002070476FF0FF
:10581000770070476FF01500704700BF786F002069
:1058200068B10023C360074B596800F10C0219B935
:10583000C3E90022002070470A605A60FAE76FF05F
:1058400015007047706F0020F8B51948194D184EB3
:1058500027F043F8002429463046013427F069F840
:10586000402C05F11005F6D100F064FE03F0BEFDFA
:105870000546D0B921F0B2FC0F4F2E46384621F034
:10588000B3F9044660B1043021F01DF9C30704D513
:10589000257202212046FFF765FA204621F0BFF964
:1058A0000136052E07F1D007E8D12846F8BD00BF24
:1058B000EC1600206C6B0020502E002030B5094CF7
:1058C0000023302505FB03F00219205828B10133CD
:1058D000052BF7D16FF00B0030BD034B53600A600E
:1058E000FAE700BF7C6F002064120600F7B5244D74
:1058F000244F04460026BD4201D303B0F0BD6B68BF
:1059000001A920469847002834DB019B2A889A8207
:105910009A8403F11002A868BFF35B8F52E8001F5E
:1059200042E8006CBCF1000FF8D1BFF35B8F9E60C2
:10593000616D03F10802F9B9C4E914221C60D86052
:10594000019843681B6803B19847019BBFF35B8FC5
:10595000103353E8001F41F0010143E80012002A10
:10596000F7D1BFF35B8F01984368DB6913B100F196
:10597000100198470C35BEE70A606265DEE700BF9C
:1059800038DE05005CDE050073B5174B0E4619784E
:105990000131C9B2012938BF012105460822122070
:1059A000197021F0FDFA0446D0B108210C3024F022
:1059B000BDFB3388038073884380B3888380F3887A
:1059C000C3800023284600932246052121F04CFB8A
:1059D000054610B1204614F011FB284602B070BDF8
:1059E0006FF00B05F9E700BFC1AB002023281FD8DB
:1059F0001A2804D8431E182B0ED906207047A0F190
:105A00001B03082B1ED8DFE803F0051D1B231D19FF
:105A1000251D0500032070470F4A012383401A40CB
:105A2000C2B90E4A1A40002A14BF0120062070474E
:105A300000F07F03522B05D10020704701207047F2
:105A40000520704710F0400F0CBF06200020704763
:105A50000420704702207047AAAA8A0254554501C3
:105A6000011F014826F07BBEDC14002010B504465F
:105A700080B10C4B98420DD303F5A063984209D234
:105A80000021142227F0A0FB21460748BDE8104062
:105A900026F04FBF20461422BDE81040002127F019
:105AA00093BB00BF6C700020D41600202DE9FF418D
:105AB00005460E464FF000084FF420530068176863
:105AC0008DF8088002A91446ADF80A3020F029F9B3
:105AD000A0B142F6010328688DF80C8003A9ADF847
:105AE0000E3020F01EF948B123691BB15A88B2422A
:105AF00000D25E80012004B0BDE8F08161682868B2
:105B000020F00FF910B100232361F3E7E368A068E8
:105B10001A786AB1B7F81AC0798D038A8C4594BF98
:105B2000C3EB0C03C3EB0103934201DA0020E2E76D
:105B300004210C3024F0FAFA2061068023695E808B
:105B4000074B00930194A26800232946384621F0B0
:105B500016FD0028EADB2069003818BF0120CAE7DB
:105B6000A77405002DE9F8430F46438D418B8B4206
:105B700002F1010228BF0B469A42064625D8384654
:105B8000FFF734FF022824D004283FD04FF0FF381D
:105B90004FF0FF39002142464B46084621F061FA9A
:105BA000044690B127F02EFD1B4B1A581B4B9A420E
:105BB0001B4807BF0022002342464B461AF03AFC1E
:105BC0000546D0B9204614F019FA00242046BDE855
:105BD000F8830F2F1AD0212F18D0B36D002BF4D1DA
:105BE000706D24F067FA044624F056FA082104F197
:105BF0000C0006F1580524F095FA2E600121A561EC
:105C000004F10C0024F092FA0770DFE74FF47028DB
:105C10004FF00009BEE700BF0800000090470020D9
:105C2000D41600202DE9F74317680546884600681A
:105C300051687E68144620F074F88146002842D1ED
:105C400030469522294622F0DDFD0646207540B1FA
:105C5000E3681B780BB184F81490002003B0BDE812
:105C6000F083A06824F02AFA02210C3024F05EFAB6
:105C7000164B2061A0F8008000930194A26833467F
:105C80002946384621F07BFC002807DA10F1FF0F87
:105C900026BF4042C0B20E202075DEE72369002BEC
:105CA000DBD0A06821F0A5FA7B8D7A8B9A4294BF55
:105CB000C0EB0200C0EB0300E3681B78984294BF7E
:105CC00000200120CAE70120C8E700BF03720500D9
:105CD000F7B5002304460E462B48002269461AF009
:105CE0005FF90546D0B927F08DFC284B009F1A5864
:105CF000274B29461A60381D282227F065FA3C6098
:105D0000009C24480195C4E90155C4E909550022C5
:105D1000002301A91AF044F9054620B16FF00B05E4
:105D2000284603B0F0BD019B0146A822184627F083
:105D30004BFA194A82603C3026F0CFFD019BBFF33D
:105D40005B8F343353E8002F43E800510029F9D129
:105D5000BFF35B8F019B1C60636A019F1BB904F159
:105D60000C0026F0BAFD626AC7F8A020A26A07F10B
:105D7000A003636202B9A362019B17225A855A836A
:105D800004333360CCE700BFC014002008000000DB
:105D90006C750020DC140020A40900202DE9F347D5
:105DA000D1F81880CB68D8F80090BFF35B8F426BB6
:105DB000BFF35B8F520706460C463AD51B78D22BB1
:105DC0000FD10368186823F018FE054648B1A06992
:105DD000FFF74CFE204614F011F9284602B0BDE84A
:105DE000F08704F10C0024F0EAF9B4F810A0C8F828
:105DF000006033681D68E36807461878FFF7F6FD12
:105E0000052896BF0C4B0D4B53F82030CDF8008081
:105E100028462246042121F027F905460028DCD037
:105E20006369A4F810A013FA87F7E760C8F8009038
:105E3000D3E76FF01505D0E78C1206004B7A05000A
:105E400010B500F130030446BFF35B8F53E8001F29
:105E500041F0040143E80012002AF7D1BFF35B8F41
:105E6000201F21F00EFA04F16C00044926F041FED7
:105E70002068BDE8104002F065B800BF81670300EC
:105E80002DE9F84F0B8A076804460D46002B6DD0AC
:105E9000012105F10C0024F07AF97B7B072B0646E3
:105EA00064D154F8043C002B60D00278324FA4F146
:105EB0000408002317F8331091424FEAC30A07EB96
:105EC000C30B16D1284624F0F5F89BF80290206504
:105ED000B9F1010F22D0B9F1050F37D02A8A9BF80A
:105EE00001309A423DD3DBF80430294640469847BA
:105EF00037E001331E2BDDD1284624F0DBF8206586
:105F000031780846FFF772FD58B3052829D041B310
:105F100006230022404621F039FD22E0002104F151
:105F2000300021F050FDE0B99BF801202B8A9A4205
:105F30001FD8574429467B6840469847B9F1010F5E
:105F400003460ED168B1317859B1E2E7012104F17D
:105F5000300021F038FD20B99BF801202B8A9A42AD
:105F6000E7D9206D14F04AF8002323650020BDE82E
:105F7000F88F0423E7E700BFA4120600F0B51E4621
:105F800003680D46003987B0044618BF0121186820
:105F9000174623F0A0F848B9052104F1340021F098
:105FA00012FD002848D0002007B0F0BD002E45D0DB
:105FB00018220021684627F007F967BB2368204AAA
:105FC0001B6800930023ADF812300C9B0393BDF8BF
:105FD0003430ADF8103001238DF8143031466B4663
:105FE00030468DF8085021F0B0F99DF81430E3B137
:105FF000002FD8D0019B9869FFF738FD019813F066
:10600000FDFF9DF81430002DCDD0324629462046A4
:1060100021F0BCFCC7E7002239462046FFF7A2FD6D
:1060200001900028CAD11120BEE701990029BAD0F9
:10603000204621F083FCB6E71220B5E70120B3E744
:10604000E97205002DE9F0410E8A043EF6B2022EF7
:1060500004468CB0084601D0102E6BD104210C30C0
:1060600024F095F80DF1080805884788011D32468F
:1060700040461FF084FE00285ED0002D39D0002657
:10608000002F35D0BD4234D84FF4205301A94046EB
:106090008DF80460ADF806301FF043FE68BB142293
:1060A000002107A827F090F801221121204621F0B5
:1060B0004CFD099000283BD001210C30CDE9074868
:1060C00024F034F800230A901C4A037039460B93DD
:1060D000284607AB21F039F90A9B1B781BBB099BAB
:1060E0009869FFF7C3FC099813F088FF0A2301E0C1
:1060F0003D4601232A4610210EE042F6010307A97E
:1061000040468DF81C60ADF81E301FF00AFE0028D6
:10611000C5D010232A461946204621F037FC00201E
:106120000CB0BDE8F0810999204621F007FCF6E7A4
:106130001120F5E70420F3E70E20F1E7AD5A030044
:106140002DE9F043036885B004460D461868012127
:1061500022F0C1FF50B9052104F1340021F033FCD5
:1061600000283BD1122005B0BDE8F08310220021A9
:10617000684627F029F800222121204621F0E5FC7D
:10618000029068B3DFF85C90009405F10C074FF0C3
:1061900001082B8A012B04D80299204621F0CEFB5E
:1061A0001CE0384624F003F86B464A460146064692
:1061B0008DF80C8021F0C9F89DF80C30002BE8D048
:1061C000029B9869FFF752FC029813F017FF9DF8A5
:1061D0000C3032462021204621F0D8FB0020C2E7B7
:1061E0001120C0E7677705002DE9F043036885B00B
:1061F00004460D461868012122F06DFF50B90521B3
:1062000004F1340021F0DFFB00283BD1122005B05F
:10621000BDE8F08310220021684626F0D5FF002259
:106220000F21204621F091FC029068B3DFF85C90CA
:10623000009405F10C074FF001082B8A012B04D8BC
:106240000299204621F07AFB1CE0384623F0AFFF8C
:106250006B464A46014606468DF80C8021F075F8DB
:106260009DF80C30002BE8D0029B9869FFF7FEFBED
:10627000029813F0C3FE9DF80C3032460E212046E2
:1062800021F084FB0020C2E71120C0E72177050040
:10629000F0B51D46036885B004460E461868012116
:1062A000174622F018FF40B9052104F1340021F00F
:1062B0008AFB70BB122005B0F0BD8DB31022002107
:1062C000684626F081FF00223946204621F03DFC39
:1062D000029038B3BDF82830ADF8043001238DF8B2
:1062E0000C30114A00946B462946284621F02DF8BF
:1062F0009DF80C307BB1029B9869FFF7B7FB0298C1
:1063000013F07CFE9DF80C302A463146204621F0E1
:106310003DFB0020CFE70299204621F00FFBF8E774
:106320000120C8E71120C6E7217705002DE9F041DB
:106330000D8A043DEDB2022D04468CB0084601D012
:10634000102D50D104210C3023F021FF0DF1040851
:1063500006884788011D2A4640461FF010FD002888
:1063600043D096B187B1B7420FD3182200210DEB6D
:10637000020026F029FF01220921204621F0E5FB39
:10638000089060B9112007E03E46012332460821FB
:10639000204621F0FBFA00200CB0BDE8F08101217D
:1063A0000C30CDE9064823F0C1FE002309900370AC
:1063B0000A238DF82C300E4A06AB3946304620F0C1
:1063C000C4FF9DF82C304BB1089B9869FFF74EFB3A
:1063D000089813F013FE9DF82C30D7E70899204653
:1063E00021F0ACFAD7E70420D6E70E20D4E700BFAF
:1063F000255C03002DE9F0430F4687B004460621D3
:1064000007F10C0023F0C3FE0588B0F802808288F3
:10641000D7F80C90C5B10023B8F1000F13D0454553
:1064200012D88DF800308DF8043001A94FF42053B4
:106430006846ADF80220ADF806301FF072FC064643
:1064400060B10A2301E0454601232A460621204681
:1064500021F09CFA002007B0BDE8F0830146142229
:1064600001A83F7C26F0B0FE32460721204621F0ED
:106470006CFB0290F8B10A238DF815300F4A019495
:1064800001AB41462846CDE903698DF8147020F030
:106490005CFF9DF815304BB1029B9869FFF7E6FA57
:1064A000029813F0ABFD9DF81530CEE70299204617
:1064B00021F044FACEE71120CDE700BF617305005B
:1064C0007FB5CB681D885E8804468DB17EB1B5422C
:1064D0000ED810220021684626F076FE0022052103
:1064E000204621F032FB019058B9112007E03546D3
:1064F00001232A460421204621F048FA002004B056
:1065000070BD6B460A4A00943146284620F01DFFB4
:10651000029B43B9019B9869FFF7A8FA019813F011
:106520006DFD0A23E5E70199204621F007FAE5E72A
:10653000C774050070B50948094D084E26F0CDF91D
:10654000002429463046013426F0F3F9402C05F1A9
:106550001405F6D1BDE8704000F036BDD416002019
:106560006C70002013B50B46002101910E490246C4
:1065700027F048F80C680D4909580D488C4208BFAF
:10658000002201A908BF134619F00AFD014640B9CF
:10659000019B1C22184626F017FE0346184602B03F
:1065A00010BD0023FAE700BF6C7500200800000052
:1065B0001415002010B5836804463BB19869FFF7B5
:1065C00055FAA06813F01AFD0023A3602146024883
:1065D000BDE8104026F0C3B8141500202DE9F3479C
:1065E000044670300E4617461D4626F090FAA06B02
:1065F00030B9206821F02EF9002002B0BDE8F08704
:10660000104B98424FF0000802D1C4F83880F0E7F0
:10661000D0F80490C0F80480A06BD0F818A0FFF761
:10662000C9FF2068C4F8388021F014F9B9F1000FCF
:10663000E2D02068CDF800A000683B4632462946EB
:10664000C847D9E77075002010B5836BCA68044647
:1066500023B117498B4201D0D3783BB900222046A1
:106660000E23BDE810401146FFF7B8BF052B406868
:1066700006D00F2B0ED1437A012B0BD8022107E055
:10668000437A012BFAD9022B0FD0032B02D104211C
:1066900020F069FB04F1700026F039FAA26B137C3C
:1066A00043F001031374002010BD0321F0E700BF85
:1066B000707500202DE9F34150F8044C0546002C7C
:1066C00059D000F19C0104F1240020F0FFFF2F1F9E
:1066D00005F1380800220023404623F0E7FC064677
:1066E00040BB6B6B2BB1024601460E233846FFF7C9
:1066F00075FF002345F8043C022105F1300020F02D
:10670000FEFF636A002B36D104F10C070022002340
:10671000384623F0CBFC064698B96668C6B91748D8
:106720002660214626F01BF8286802B0BDE8F0413B
:1067300001F044BDB069FFF799F9304613F05EFCF3
:10674000C8E7B069FFF792F9304613F057FCDDE770
:10675000A26833686360964208BFA360776837B168
:10676000B3690093002320681A460E21B8473046CB
:10677000FFF720FFD1E702B0BDE8F081C014002090
:1067800070B550F8703C92B00646186820F065FB72
:106790000378044607AD032B24D8DFE803F0021D7D
:1067A0001F2113492846EFF71FFEA379059562784C
:1067B0000492A2780392E27802922279019262799D
:1067C00000921E210B4A0AA81AF022FEA6F16C00C4
:1067D000FFF770FF12B070BD0749E3E70749E1E733
:1067E0000749DFE7074A0A2128461AF011FEDCE7CD
:1067F00090360600B9360600973606009E3606002B
:10680000A8360600B236060010B50C4620B319B300
:1068100020F009FD00B3436AC3B153F8A02902B1C7
:10682000A03A996B8C420AD082B11346D2F8A020CC
:10683000002AF6D0996B8C42A2F1A002F5D1074A4A
:106840009A632046BDE81040FFF7B4BE04302146ED
:1068500020F03CFF2046F5E710BD00BF707500201A
:1068600010B50449144618461022A04700EAE0700B
:1068700010BD00BF18330020F8B50B4D06460F467B
:10688000002415F8013CB34207D12946384621F0CF
:1068900068FB10B105482044F8BD1034A02C05F168
:1068A0001005EED10020F7E70576002004760020E1
:1068B000F8B50B4D06460F46002415F8013CB342CF
:1068C00004D12946384621F04CFB30B90C34782CE1
:1068D00005F10C05F1D10020F8BD02482044FBE78A
:1068E0006132002060320020F8B50B4D06460F469D
:1068F000002415F8013CB34207D13946284621F05F
:1069000030FB10B105482044F8BD0C34782C05F15B
:106910000C05EED10020F7E71DA500201CA50020E6
:106920002DE9F0410D4CDFF838800546002627465A
:10693000621C6DB94146104621F013FB28B901369F
:106940000A2E04F11004F2D100273846BDE8F08188
:106950002178284620F059FAF0E700BF047600209D
:10696000FB430600F8B50C4F06464C1C01F13305FD
:106970006EB114F8011C2246304620F046FA08B1E8
:10698000601EF8BD0A34AC42F2D10020F9E7394666
:10699000204621F0E6FAF2E7FB4306002DE9F0413C
:1069A0000D4CDFF83880054600262746621C6DB97D
:1069B0004146104621F0D5FA28B901360A2E04F1D5
:1069C0001004F2D100273846BDE8F081217828462E
:1069D00020F01BFAF0E700BFB0760020FB43060072
:1069E0002DE9F04106460F4690461FF080FD50B35A
:1069F00039463046FFF75CFF054678B9134A04462E
:106A0000104621F0EEFAC0B90C225443104A601C23
:106A10003946104421F09DFB1655A518012101FAB5
:106A200008F105F1080021F0BEFABDE8F04109487F
:106A30004FF40042002319F0CFBE01340A2C02F1BA
:106A40000C02DDD1EAE7BDE8F08100BF683200202A
:106A500060320020D832002038B50C4619466BB1A0
:106A600003F120051B6A8AB9E268A360954200D150
:106A7000E36000230D680B621A46A847A3685BB960
:106A8000601C0649BDE8384021F063BB1360E36831
:106A90009D4208BFE260ECE738BD00BFFB43060043
:106AA00070B5204B144682689A420FD1A568C6681B
:106AB00075B922792168304621F05BFA024628B187
:106AC0001949013021F045FB15701581012070BD79
:106AD000E0680028FBD02B888B420AD0F6D2E06811
:106AE000A36801380433E0600038A36018BF0120B8
:106AF000EDE7256822792946304621F03AFA024628
:106B000060B90949304621F034FA02460028E6D03F
:106B10002946013021F01DFB23791370A3685B889F
:106B20001381DCE7016E0300FB4306002DE9F04111
:106B300080460F4616461D46FFF7D6FE044648B966
:106B40001449FFF7D1FE0446F0B100F8018B394635
:106B500021F0FFFA2289638992B99BB92681658168
:106B6000254615F8010B29461FF0C1FC60B12246ED
:106B7000294612F8080BBDE8F0410423FBF798BD45
:106B8000964203D39D42EAD8BDE8F0819D4226811A
:106B9000E6D9E4E7FB4306002DE9FF410E46174620
:106BA0009846044628B96FF01505284604B0BDE89C
:106BB000F08102A91FF08DF805460028F3D101A944
:106BC00020461DF07AFD0198D0B902A90020FFF7F8
:106BD0008BFE0446D8B9002EE7D01149FFF784FE9A
:106BE0000446D0B1002300F8013B02A921F0B1FA1C
:106BF000042204F108014046B84700EAE075D4E7F2
:106C00000A2229461AF0A6FC0028DED0CBE7002E87
:106C1000EED1066046608660C7E76FF00B05C4E7FB
:106C2000FB4306001FB519461046074B074ACDE93E
:106C3000022308230093BDF818206B4421F046FB83
:106C400005B05DF804FB00BF1E00900106000C00BB
:106C500008B513468168074A914209D11A79196823
:106C6000C06821F086F918B10023036043600381F6
:106C7000012008BD016E030070B50B4B16468268FB
:106C80009A420ED1C5686C1C33353168204621F01C
:106C900068F918B17168204621F05BFA0A34AC42F9
:106CA000F3D1012070BD00BF016E030038B50C4B5D
:106CB000144682689A420D460FD122792168C06835
:106CC00021F057F948B1D4F8C83004EB83020133FE
:106CD000158101895181C4F8C830012038BD00BF39
:106CE000016E030002484FF4A472002319F074BD32
:106CF000A033002008B50421084821F054F90748C2
:106D00006FF0020121F05EF9044821F06AF9C3072F
:106D100001D5FFF7E7FF002008BD00BFD0330020FA
:106D2000024608B50849013021F013FA0023137216
:106D30000C32BFF35B8F52E8001F42E8003000289E
:106D4000F9D1BFF35B8F08BDFB4306002DE9F04787
:106D5000284B164682689A4207462DD1C5686B8E2D
:106D600053B36C1C05F1330A4FF0000806F1880993
:106D7000B4F807309BB114F8011C2246304620F0CD
:106D800044F8E0B914F8010C2146FEF755FA30B189
:106D9000437B072B08BF4FF001081FF040FF0A3468
:106DA0005445E5D1B8F1000F06D16B6BA5F83280E0
:106DB00013B14146384698470120BDE8F087307A44
:106DC00049461FF094FB78B90B4B9D4202D13046E7
:106DD00021F01BFA0949204621F0BBF9002304F8F1
:106DE000013CA4F80730DAE74946204621F0B1F922
:106DF000D5E700BF016E0300180A0020FB43060020
:106E00002DE9F0471F46BDF82030D1F80C9006461A
:106E10008846002B46D17B1E012B46D8012F4946C0
:106E2000157818BF1588FFF79DFD044678B915B988
:106E30003846BDE8F0874946FFF794FD0446B8B3ED
:106E400006F18801013021F084F9337A2370D9F8F2
:106E50003830DBB9B4F808A02581B9F83230AB423C
:106E600003D04946404620F0F6FFAA4505D0307AC7
:106E7000002206F18801FFF7B3FD002DD8D10E499D
:106E8000601C21F066F925702581D1E72A4641462C
:106E9000304698470028CCDB01380128DAD96FF05A
:106EA0000D00C6E76FF00600C3E76FF00C00C0E707
:106EB0006FF01000BDE700BFFB43060037B50C467E
:106EC0000546082104F11C0021F06DF8122304226C
:106ED000CDE900320349044B2246284621F0BFFA8F
:106EE00003B030BD61810500DF84050008B512489C
:106EF000012121F058F810F0010F104B0AD1104A6F
:106F00009A610D4821F06DF8830713D4BDE808405D
:106F1000FFF7E8BE1A8B588B012A4FF6FF7205D88F
:106F2000904207D04FF6FF725A83EAE790421983E6
:106F3000E7D0F7E708BD00BFD03300208033002042
:106F40000100FFFF10B56FF0020104460E4821F06A
:106F500039F80D4821F045F8C20704D50B48002246
:106F6000002319F039FC204620F04CFF58B1204690
:106F7000FFF7D6FC38B1037ADB0704D5BDE8104033
:106F8000012121F0D1BA10BDD0330020A033002060
:106F9000F8B50B4C0B4F0025661C3946304620F0E7
:106FA000E0FF014630B9204621F0AEFA20783146A4
:106FB00021F084FB01350A2D04F11004ECD1F8BD59
:106FC00004760020FB43060010B51E48012120F086
:106FD000EAFFC30735D402211A4820F0E4FF084035
:106FE00007D11949194A0B88194CA24223D300B181
:106FF0000B80184B184919480022C3E9002225F0DC
:1070000078FD4FF4A47200231448FBF721FC1449C7
:10701000144825F06EFD0221134820F0C4FF1349E7
:10702000134825F066FD1348FEF7FAFBBDE8104053
:107030001148FEF7DBB8506803449BB208320120C8
:10704000D3E710BDA476002094A500205CDE0500E7
:107050008CDE0500A8760020C587050028330020B7
:1070600069750300A0330020D0330020BD910500D6
:10707000D8320020F0090020CC0900202DE9F04191
:10708000034648B1008A38B91249DFF84CE00124C0
:107090004FF0140C714501D3BDE8F081D1E90076C1
:1070A000BB4204D30CFB0672143A93420ED934440B
:1070B000A2B208311446EDE70CFB0578434507D032
:1070C00001356219B54292B2F6D1F2E70025F8E730
:1070D0001046E1E75CDE05008CDE05002DE9F74F88
:1070E000BDF83050009199464FF6FF73002D08BF50
:1070F0001D46244B1B888342074690463CD203B072
:10710000BDE8F08F73682344BB4232D29CB208368C
:107110001D4B9E42F6D3F2E78958019340461EF07C
:1071200000FE019B90B101340AF1010AA4B2736818
:107130005345ECD9009B9C42E1D8BC423168F2D364
:107140000BFB0AF28B18B8F1000FE5D1B9F1000F73
:107150000BD1013DADB218460E9A0D9B21469847C2
:10716000002DCCD00028DED1C9E7DA689145DAD10C
:10717000EFE74FF0000ADAE7044E01244FF0140B5A
:10718000C6E700BF94A500208CDE05005CDE05008C
:1071900010B5C8B000231CAA694604A8CDE9003385
:1071A000CDE902331EF0D4FBD8B14FF6FF710120B8
:1071B0000D4A04AB21F0FBFA0C4804A91EF05DFC5B
:1071C00078B10A4B082203F11001187811F8014D2B
:1071D00003F8014B013A0870F7D10548082120F067
:1071E000E2FE48B010BD00BFBD7E050008330020A0
:1071F000D03300202DE9F0411949BDF8187004463C
:10720000A1F1300015461E4625F095FC154820F0EA
:10721000E8FE010707D4FFF7BBFFFFF7B9FE1248EE
:107220001021FBF77FFA2046FFF77AFB68B1037A5B
:10723000DA070AD500F10C04204620F0D2FEC3077D
:1072400003D40221204620F0AEFE102306933A46D6
:1072500031462846044BBDE8F04121F037B800BF65
:1072600058330020D03300200833002010B51B48CD
:1072700020F0B7FEC0F3C00080F0010408B9FFF7AA
:1072800087FF164820F0ADFE0346144820F0A9FE03
:10729000DA0621D5830608D5F4B1FFF779FEBDE8FB
:1072A00010400F481021FBF73DBA20210B4820F079
:1072B0007AFE0B491022881826F054F948B909487B
:1072C00025F025FCBDE8104004486FF0010120F0D6
:1072D00079BEFFF70BFEE0E710BD00BFD033002002
:1072E00008330020A033002008B51021034820F007
:1072F0005AFEFFF7BBFF002008BD00BFD0330020BF
:107300002DE9F041B8B00C46164621493E986A4630
:107310001F461DF0AEF9002837D0009D01A9284670
:107320001DF0CBF965B1019870B90DF10808002383
:10733000284641468DF814301EF0CBFC054650B16E
:107340006FF0150425461AE00A2200211AF002F90E
:107350000028EAD0F4E7CDF81080A4B1C02208A933
:107360003846B047041EEDDBA40808ABCDE906346F
:10737000084A04AB4FF6FF71012021F018FA2846A5
:1073800038B0BDE8F0812346F0E76FF01505F6E769
:1073900060460600A16A030007B500230193FFF7CA
:1073A0006DFE411C89B20846034A01AB21F0FFF98A
:1073B000019803B05DF804FB517E05002DE9F0470C
:1073C0001546894694226968064621F01BFA8046D4
:1073D000002848D169680222304621F04DFA002881
:1073E00044D04FF470200021AF8AFFF7BBF802377A
:1073F000044680B11F4B47611D214174C0F80C80C9
:10740000436085613A46304620F07AFB074638B93A
:107410002046FFF7CFF86FF00B052846BDE8F08750
:1074200001234246414607F10C0A20F00AFD0221E1
:10743000504622F07BFE8046504628F8029BA98ADF
:1074400022F074FEAA8A2969404625F095FEA760BD
:107450002146304620F0A7FC05460028DDD0204616
:10746000FFF7A8F8D9E74FF0FF35D6E76FF015051D
:10747000D3E700BF8B7E050030B504468BB037489C
:1074800020F0AFFD42070D4661D514B1637B072B99
:1074900060D168680590FFF7F1FD2A68ADF8180023
:1074A0003AB305A902912E490191012100230091CF
:1074B0004FF6FF710593FFF711FE059B1BB96FF0A7
:1074C00001000BB030BD6B60059B186800238DF880
:1074D000103004A942F60303ADF812301EF021FC6F
:1074E00070B90598C3689B799B0605D46FF01500A9
:1074F000E7E70028E8D1E2E721F012F9ADF818003B
:10750000BDF818003CB101230146AB752A46204660
:10751000FFF754FFD5E76FF07F0307930223ADF821
:10752000203042F60213ADF8123005ABAC75029371
:107530000C4B01930123009304AA23464FF6FF71DD
:1075400009958DF81040FFF7C9FD0798B9E76FF06E
:107550000A00B6E76FF07F00B3E700BF54020020D7
:10756000B17E05009D77030073B500F13005044638
:1075700050F8083C0193A0F120066FF00101284665
:1075800020F020FD0D4B44F81C3C0D4B44F8183CFA
:1075900001AB002044F8103C042324F8080C24F824
:1075A000060C24F80C3C3146FFF766FF18B902219F
:1075B000284620F0F8FC02B070BD00BFBC130600E6
:1075C000456F03002DE9F047344B14681746826875
:1075D0009A4206465ED1D0F80C8008F1010508F108
:1075E0003309B5F80730FBB115F8011C2A462046CF
:1075F0001FF00BFCC0B14FF495723146204621F0CC
:1076000001F9A8B103280FD0052820460CBF4FF080
:10761000030A4FF0020A1FF0CDFB824508D93B79DF
:10762000534501D287F804A00A354D45D9D131E040
:107630004146304620F00FFC194B98452AD1207A5C
:1076400004F18801FFF750F9054618B303890BB917
:107650004389FBB12046FDF797FC124A2B8922F89B
:10766000203002EB8003698959800F490F4D1823A0
:1076700003FB001300B202EB800200EB40005D60F0
:107680001A610B4D9D60042201EBC00120469A82D5
:10769000FFF7F2FE0120BDE8F08700BF016E030096
:1076A000180A002008A500208C750020BC130600D5
:1076B000CB85050030B504468BB0354820F091FCF1
:1076C00042070D465DD514B1637B072B5CD168681A
:1076D0000590FFF7D3FC2A68ADF818003AB305A966
:1076E00002912C4901910121002300914FF6FF7175
:1076F0000593FFF7F3FC059B1BB96FF001000BB07E
:1077000030BD6B60059B186800238DF8103004A90C
:1077100042F60303ADF812301EF003FB70B9059872
:10772000C3689B79DB0605D46FF01500E7E70028F6
:10773000E8D1E2E720F0F4FFADF81800BDF818003A
:107740002CB101462A46204621F01DF9D7E742F622
:107750000212ADF8122005AA6FF07F0302920E4AC2
:1077600007930123CDE90032ADF8203004AA234667
:107770004FF6FF7109958DF81040FFF7AFFC0798A1
:10778000BDE76FF00A00BAE76FF07F00B7E700BF10
:1077900054020020B17E05009D7703002DE9F84FCB
:1077A000454B144682689A42814639D1D0F80CA0E4
:1077B000424B9A451CD1424D424F0026394628463D
:1077C00020F0CFFB78B915F8010C07222946FDF708
:1077D00085FD40BB236915F8010C1A6929465388B9
:1077E0001288FFF7A3F901360A2E05F10C05E5D141
:1077F0000AF101070AF1330BB7F80720A3899A426F
:107800000BD117F8010C3946FDF716FD054620B1DE
:10781000437B072B0AD01FF002FA0A375F45EBD1F2
:107820004FF0010844E01FF0FAF9DCE7DAF83C30E9
:1078300023B14946984708B92846ECE794224946BF
:10784000284620F0DFFF80460028F5D1A389022BCF
:1078500015D1B7F8073013F0020604D128461FF0FF
:10786000DEF9A660D9E72269A1882846FFF7A6FDC0
:107870000646B8B92269937D01339375EEE7012B73
:1078800005D028461FF0CBF9C4F80880C5E7B7F843
:10789000073013F00106E1D02269A188284621F0C3
:1078A00072F8064628461FF0BAF9002EA660B4DA30
:1078B0004046BDE8F88F00BF016E0300180A0020A3
:1078C0001DA50020FB43060070B5437B072B86B047
:1078D00005460C4640F099800B7C062B67D8DFE804
:1078E00003F004045151598D20000B688BB11B78B3
:1078F0006BB1022B5BD116230193062300934449FD
:10790000444B2246284620F0AAFD06B070BD08234D
:10791000F2E710230421CDE9003122463E4B3F49D6
:10792000F0E70868002842D00678002E3FD14FF4D7
:10793000245302A98DF80860ADF80A301EF0F1F961
:1079400000B342F6021320688DF80C6003A9ADF86D
:107950000E301EF0E6F9A8B142F6031320688DF848
:10796000106004A9ADF812301EF0DBF950B142F6F8
:10797000041320688DF8146005A9ADF816301EF0C8
:10798000D0F9A0B908230422CDE900322449254BBF
:107990002246B7E7086888B300264FF4205302A9AF
:1079A0008DF80860ADF80A301EF0BBF910B96FF021
:1079B0001500AAE742F6010320688DF80C6003A9C0
:1079C000ADF80E301EF0ADF90028F0D042F60203FB
:1079D00020688DF8106004A9ADF812301EF0A1F9EE
:1079E0000028E4D042F6030320688DF8146005A94E
:1079F000ADF816301EF095F90028D8D00423CDE953
:107A000000330949094B22467CE76FF07F007CE791
:107A1000438A0500DD83050047800500DD8A0500F7
:107A2000317A0300778005006D8C05000380050026
:107A30002DE9F04F93B080461C9D174631B16B681D
:107A40002A46002113B0BDE8F04F18472A7C022ACD
:107A500072D13878062817D008280FD15C1E8DF80F
:107A60002010A4B207F1010B002642F6020A3B786F
:107A7000A3420BD914B9002E40F02B816B682A4623
:107A80000021404698473BE01146E7E7BBF80090ED
:107A90001FFA89F6002EF1D0BBF80200ADF81C00E9
:107AA0009DF82020BBF80410ADF81E1062B1022A28
:107AB00015D0296839B308A81EF033F918B33B78FC
:107AC000E41AA4B29B44D2E708AA06929BF80620C7
:107AD0009BF8071042EA0122ADF82220E9E70A23C9
:107AE0006881A981A5F808907E49019200932A46F1
:107AF0007D4B404620F0B3FC86B2002E40F0E9807A
:107B000013B0BDE8F08F4FF00003102200210EA843
:107B10008DF81430ADF816A025F056FB05AA0D928D
:107B200006AA10926B68ADF844902A460DA940460B
:107B300098470028C3D1E3E7032A62D13A78072A9D
:107B400002D0152A9AD102215C1E8DF82010A4B211
:107B500007F1010900260DF1200A3B78A34289D8DC
:107B6000B9F800B01FFA8BF6002E87D09DF82030B0
:107B700063B1022B13D02968F1B150461EF0D1F841
:107B8000D0B13B78E41AA4B29944E6E799F80530FD
:107B900099F8062043EA0223ADF82230EBE709F119
:107BA00005030DF1210209F1150153F8040B42F808
:107BB000040B8B42F9D1DEE799F80230B9F80320C3
:107BC0008DF81E304FF00003ADF81C208DF81430F6
:107BD000102242F6030300210EA8ADF81630CDF8AE
:107BE00018A025F0F1FA05AB0D9306AB1093ADF894
:107BF00044B06B682A460DA9404698470028C0D17A
:107C00007EE72A6816786EB9B2F802A05C1EA4B2AC
:107C100007F10109AAF5245A3B78A34207D90CB908
:107C2000002E56D16B682A46002140460AE7B9F873
:107C300000B01FFA8BF6002EF4D0BAF1040FF1D881
:107C400001A353F82AF000BF5D7C0300257C0300EC
:107C50005D7C03005D7C0300997C0300B9F8023071
:107C6000ADF820302B680393102200210EA825F0D8
:107C7000ABFA039B0D9308AB1093ADF844B06B685F
:107C80002A460DA94046984700283FF439AF3B7873
:107C9000E41AA4B29944BFE799F802308DF8203075
:107CA00099F803308DF8213099F8052099F80430BF
:107CB00043EA0223ADF8223099F806308DF82430DB
:107CC00099F8073099F8082043EA0223ADF82630E6
:107CD000C8E72A463146404613B0BDE8F04F20F0D1
:107CE00092BE00BFDD8B0500EF7F050007B5437B2B
:107CF000072B0A462CD14B683BB908234FF0040EE2
:107D0000CDE9003E144B154909E0012B11D0097B48
:107D10005B00019341B1202300931149114B20F0E6
:107D20009EFB03B05DF804FB0E2300930E490F4B3E
:107D3000F5E74B8933B10C234FF0040CCDE9003C3F
:107D40000B4BE0E70A230221CDE90031094BDAE7CA
:107D50006FF07F00E5E700BF29840500BF8D0500B7
:107D600059820500DB800500DF800500B380050037
:107D70002F8005001B80050073B5437B072B06464B
:107D80000C4663D1FEF70AFE054658B9FEF706FE1B
:107D9000054600285DD006F18801013020F0D9F9B0
:107DA000337A2B70AB68DBB1203B00229C4253D06E
:107DB0009889A189884204D1188B218B884228BFD9
:107DC00001221B6A53B95AB1AA682262EA6804F117
:107DD0002003AB6002B9EB60002234E0203BE5E712
:107DE000E18919BB42F602138DF804101C4DADF861
:107DF0000630019B60692B60182225F0E5F9636964
:107E00005C6163691D60636904221A746369A289F5
:107E10001A816369228ADA816369124A5A60616948
:107E2000304602B0BDE87040FFF74EBD21463046F7
:107E3000FFF744F802460028C6D0AB681BB90A49D0
:107E4000681C20F086F9104602B070BD6FF07F020A
:107E5000F9E76FF00B02F6E76FF07702F3E700BF88
:107E600004A500203B8F0500FB4306002DE9F041EF
:107E7000437B072B07460D465BD1FEF78FFD064679
:107E8000002859D08468002C56D00023203C984606
:107E9000A54209D0A189AA89914208BF4FF00108E3
:107EA000246A1CB1203CF3E70123F9E7002B43D0FF
:107EB00005F11C0020F095F8430703D52946384604
:107EC00021F064F8B8F1000F19D0B36805F1200271
:107ED00053B19A4223D12B6ADCB9F168B3608A426C
:107EE00000D1F36000232B62B3681BB91449701CE6
:107EF00020F02FF9B8F1000F14D1002007E0A5F809
:107F0000188029463846FEF7D9FF0028DDD0BDE8A5
:107F1000F0812360F3689A4208BFF460E2E71C46F0
:107F20001B68D5E700232C681A4629463846A04727
:107F3000E3E76FF07F00EAE76FF01500E7E700BFC7
:107F4000FB43060070B58EB000F18805044603902F
:107F50000123007A8DF8103029461EF0C8FA90B13E
:107F6000227A1AB302AE042130461BF05DFA009665
:107F70000F4A242105A82B46FAF70AFB05AA0D494A
:107F80001046F9F743F94FF6FF710B4A03AB012096
:107F900020F00DFC20461EF00DFF9DF810108842C9
:107FA00002D220461EF0DFFE0EB070BD0092DFE769
:107FB0006346060001730300C5750300F8B5084B5E
:107FC0001C6805460E4617464CB154F8043C043C68
:107FD0001BB13A463146284698476468F4E7F8BD35
:107FE000A876002037B501230546009000F18801EE
:107FF000007A8DF804301EF07AFA78B94FF6FF71E6
:108000000120144A6B4620F0D2FB0021284621F0C3
:1080100062F808B9FEF76AFF03B030BD2846FEF7E4
:10802000BDFC0028EAD08468002CE7D0203C04F195
:108030001C0318461FF0D5FF020708D418461FF08E
:10804000D0FF830703D421462846FEF737FF246A72
:10805000EAE700BFC575030030B5B5B00023019154
:108060008DF8080033930A4A01AB04460D460120FF
:108070004FF6FF7120F09BFB339B3BB19B0003AAA3
:1080800029462046FAF738FB35B030BD1A46F7E7E7
:10809000AD6C03002DE9F34100F18808CDE9001231
:1080A00004460F46007A414616461EF020FA0F4A53
:1080B00005466B464FF6FF71012020F078FB1DB19D
:1080C000207A4146FFF7C8FF207A3946FEF7D4FBF5
:1080D00040B13146013020F03CF81DB1207A4146D4
:1080E00020F0ECFA02B0BDE8F08100BF796C03002B
:1080F000F7B52F4A009104460E468DF804006B46F2
:108100004FF6FF71012020F052FB31462046FAF76E
:1081100001FB002823DB3146204620F067F80028C9
:108120001DDB31462046FEF7A7FB08B1FEF7F8FD40
:1081300031462046FAF7EEFA002810DB1D4F0025E5
:1081400017F8013CA34204D1394630461FF009FF1D
:1081500038B91035A02D07F11007F1D1002003B078
:10816000F0BD154B1D44AB68002BF7D01C6804B163
:10817000203C002723F8087C3A46203B2946384615
:10818000FEF76AFC54B9E9E7A2F120060022278332
:10819000234629461046FEF75FFC3446226A002A31
:1081A000F2D12283234629461046FEF755FCD5E737
:1081B000516C0300B1760020B07600202DE9F74F16
:1081C000044603463B4A4FF6FF71012004F188063E
:1081D00020F0EDFA207A314620F0B6FF207A3146C1
:1081E0001EF085F950B1237A8DF80430324A00969A
:1081F0006B464FF6FF71012020F0D9FA2046FEF7BA
:10820000CDFB074640B92046FEF78AFB054600280D
:108210003DD103B0BDE8F08F8568002DF3D055F84F
:108220002089B8F1000F01D0A8F120084FF0000913
:10823000CA4601E04546984605F11C0B6FF008015F
:1082400058461FF0BFFE207A31461EF050F980B923
:10825000A5F818A02B464A4639462046FEF7FCFBF7
:10826000B8F1000FCFD0D8F82030002BE2D0203B5F
:10827000E0E758461FF0B5FEC307E9D47B781BB191
:108280003146781C1FF065FF05F12009E8E7207AE8
:1082900031461EF02CF928B9284603B0BDE8F04F4E
:1082A000FEF73EBD3146681C03B0BDE8F04F1FF03D
:1082B00050BF00BF4D6D0300516C030030B50C4C36
:1082C00000232246D4F8EC0038B10133052B04F525
:1082D000AC74F7D16FF00B0030BD4FF4AC74634356
:1082E000D418EC33034DC4F8F0501A440A60F3E795
:1082F000D8330020C0140600084A10B501460023F8
:10830000141DE01820F09BFF08B1981810BD03F56C
:10831000AC73B3F5D76FF4D1F8E700BFD8330020C2
:1083200010B50C4A11680C4ABFF35B8F00F5A873B7
:1083300053E8004F944204D143E8001CBCF1000F05
:10834000F6D1BFF35B8FBFF35B8FD0F85001BFF363
:108350005B8F10BD786F0020D833002008B5FFF781
:10836000DFFF0346C8B1D0E9011221B9002A0CBFD2
:108370000320022010E032B1C36813B9094B1B7807
:1083800033B9042008E00749087828B1DB6833B91D
:10839000003A18BF0122500008BD0320FCE701206D
:1083A000FAE700BFC2AB002038B50C46037BC17CA6
:1083B00003EA0102150704D5C27A857C2A43D20755
:1083C0000ED4042C0ED80B4313F0040306D0FFF791
:1083D000C5FF054B04EB840423441B5C184638BDE1
:1083E0000523FBE70023F9E79B46060038B5054661
:1083F000FFF796FFD5F8EC309B7A032B04460AD0A2
:1084000005D8013B012B8CBF0020012038BD042B77
:108410000FD00020FAE72846FFF7A0FF032806D177
:10842000002CF6D02069003818BF0120EEE70120AB
:10843000ECE72846FFF792FF032802D11CB124691C
:108440000CB1024B1C7804F00100DFE7C2AB002046
:1084500030B5037A87B00446052B18D8DFE803F05F
:108460001A03031A172790F8DC20D0F8D830D3402D
:1084700003F0010343F080030E4902AD0095096843
:1084800004F1370204F1570021F090FD20B10820DB
:1084900007B030BD0023EFE71022294604F1170092
:1084A00025F060F8003818BF01208000F0E70020B8
:1084B000EEE700BF5077002070B50446D0F8EC60BE
:1084C000FFF72EFF0421054604F1D8000EF026FA2E
:1084D000C0B9D4F8D8300C4AB3FBF2F102FB113327
:1084E000C4F8D83084F8DC0055B16B6843B10B2177
:1084F000201D20F05DFF6B68D4F8D81030469847F7
:10850000002070BD0820FCE740420F0038B5EC2287
:108510000546002124F058FE102105F127000EF039
:10852000FDF9044648B90521284620F041FFFCF733
:1085300085F9034B1860204638BD0824FBE700BFCF
:108540005077002038B5051D04460821284620F044
:108550002FFF064904F15700FCF780F920B12846A7
:10856000082120F0F1FE082038BD00BFE39B050084
:1085700070B50C21054620F065FF0446F0B140219E
:108580000C3021F0D3FD0E4B1B680246014603F16F
:10859000200053F8046B41F8046B8342F9D1203278
:1085A00003F1200153F8040B42F8040B8B42F9D17C
:1085B0002846214620F0E0FE002070BD0820FCE7A0
:1085C0005077002073B5047A022C054623D844B1B5
:1085D00090F8DC30D0F8D840DC4004F0010444F0DE
:1085E00080040321284620F02DFF0646A8B1102163
:1085F0000C3021F09BFD00900F482346006805F1E8
:10860000270205F1570121F0D1FC044650B1304654
:1086100011F0F4FC01E0032C02D0082002B070BD80
:108620000024DEE73146284620F0A6FE281D21461C
:1086300020F08AFE2046F1E75077002070B504460E
:10864000FFF76EFE261D05460E21304620F0F7FD91
:1086500038B9214B2022196804F1570024F082FF19
:1086600058B12046FFF784FF40B9237A052B04D880
:10867000DFE803F0051F1205032F082070BD042159
:10868000204620F095FEFFF79DFF0028F6D12046FA
:10869000BDE8704020F0A0BE2046FFF70DFF002887
:1086A000ECD10321204620F083FE0E2120F080FE35
:1086B000EDE72046032120F07BFE0E2120F078FE1E
:1086C00030460A2120F074FEAB68D4F8EC009847DD
:1086D000DDE704212046E9E7507700202DE9F3414A
:1086E0000E460446FFF71CFEF36804F157080546E2
:1086F000424603F1200153F8040B42F8040B8B426D
:10870000F9D104F1770203F1200153F8040B42F888
:10871000040B8B42F9D14046FCF71AF8A0B9D4F803
:10872000EC30DB78002B40F08580271D0E21384689
:1087300020F085FD40BB484B20221968404624F0BC
:1087400011FF08BB08201CE00E21201D20F030FE88
:10875000D4F8EC60D6F8B83033B9307A06F1880135
:1087600000F060FEC6F8B800D6F8B830002BD6D0BE
:10877000DA8902F02402002AD1D05B7B9B07CED499
:10878000032002B0BDE8F081237A052BDAD801A2DC
:1087900052F823F0AD870300E3870300B787030097
:1087A000AD87030045870300F787030003212046B8
:1087B00020F0FEFD0FE02046FFF77EFE0028E0D10E
:1087C0000321204620F0F4FD0E2120F0F1FDFFF7FB
:1087D000F9FE0028D5D1204602B0BDE8F04120F0D6
:1087E000FBBD0A21384620F0E3FDAB68D4F8EC006D
:1087F00098470E21DBE7102104F127000EF08EF8D8
:10880000064600289ED125B32B6913B3134B01A94B
:108810001B88ADF80430204620F0EFFC3846C4E950
:1088200038660C2120F0C4FD2B69D4F8EC0001A9B6
:108830009847D0E7084B1D682DB9201D062120F070
:10884000B7FD28469DE7204602B0BDE8F041FFF79E
:10885000F5BE022095E700BF507700209DE005009F
:10886000F0B50F4685B00446FFF75AFDFB6804F1EA
:1088700037060546324603F1100153F8040B42F85F
:10888000040B8B42F9D1D4F8EC30DB78002B52D1B9
:108890002046FFF7DDFD40B9237A052B04D8DFE839
:1088A00003F0382020060338082005B0F0BD03ABE4
:1088B0005F4800930068334604F1270204F1570132
:1088C00000F032FF0028EFD10A21201D20F070FDBA
:1088D000092120F06DFDEB680399D4F8EC0098476E
:1088E00021E094F8DC300133DBB2142B84F8DC3067
:1088F0000FD0102104F127000EF010F80028D3D17A
:108900000321204620F054FD05B0BDE8F040FFF7FC
:1089100059BE231D0721184620F091FC28B10921DA
:10892000184620F045FD0020BFE7204605B0BDE811
:10893000F04020F0E0BD237A052BB5D801A252F813
:1089400023F000BF89890300A1890300A1890300E6
:108950005D890300A9880300F189030003AB344952
:108960000093096804F12703324604F1570000F030
:10897000DBFE002898D10A21201D20F019FDEB68AC
:108980000399D4F8EC00984720460D2120F010FD03
:10899000201D102120F00CFD204620F072FD84E700
:1089A0002046FFF755FD00287FF47FAF03212046C6
:1089B00020F0FEFC20F065FD00287FF476AF94F8EF
:1089C000DC300133DBB2142B84F8DC3006D10D210E
:1089D000204620F0EDFC1021201DA2E7102104F11B
:1089E00027000DF09BFF003818BF0120C0005CE796
:1089F000102104F127000DF091FF064600287FF4B6
:108A000053AF95B12B6983B10A4B03A91B88ADF80D
:108A10000C30204620F0F1FB0C21C4E93866201D03
:108A200020F0C6FC2B6903A957E702203DE700BFF1
:108A3000507700209DE0050038B5174B1B780546A0
:108A400023B301F00F042846FFF788FC134A0328DC
:108A50000CBF04F00B0444F0040405F5AA7312786B
:108A6000BFF35B8F53E8001F013103D143E80020BF
:108A70000028F7D1BFF35B8FBFF35B8FD5F854317C
:108A8000BFF35B8F2BB144F0010038BD01F0070448
:108A9000D9E704F0FE00F8E7C2AB00204413002041
:108AA000F8B5054620F0C4FB0446002879D0061D21
:108AB0000421304620F0C3FB002875D10221304646
:108AC00020F0BDFB002868D10321304620F0B7FB21
:108AD00010B16FF00F00F8BD0121304620F0AFFB60
:108AE0000028F6D12046FFF781FC00285FD0D5F89A
:108AF000B83033B12046FFF709FD70B16FF0680060
:108B0000E9E7287A05F1880100F08CFCC5F8B80087
:108B10000028EFD16FF00B00DDE70121204620F0A7
:108B200091FC07460028E9D006210C3021F0FEFA1E
:108B3000092105462046FFF77FFFA8702046FFF772
:108B40000DFC1C4B28701B784BBB1B4B1B786B70B0
:108B50001023EB70AB7813F0010314BF0322002243
:108B60006A712B7184F8E8306B7984F8E93001235D
:108B700063722B68C4F80A30AB88E381394620461B
:108B800020F0FAFB2046022120F012FC0B2120F0FD
:108B90000FFC0321304620F00BFC00209BE7012353
:108BA000D5E76FF07F0096E76FF0040093E76FF072
:108BB000150090E7C3AB0020C4AB00202DE9F341C2
:108BC000051DD0F8EC40CB6806460221284620F06F
:108BD00036FB002855D10321284620F030FB002821
:108BE0004FD10121284620F02AFB002849D1274AED
:108BF0001278002A47D01F783B0744D5D4F8B83004
:108C000053B1DB8903F02403BBB92046FFF748FFCB
:108C100000282EDB0F2131E004F18808217A42463A
:108C2000202000F081FCC4F8B80030B9217A424617
:108C3000042000F079FCC4F8B800D4F8B81000297A
:108C4000E3D0780706D54B7BDA0703D43046FFF72D
:108C500085FBDAE7CB899B06D7D50B7B009301F127
:108C6000180201F11A03204610311EF035F80028D1
:108C700003DA082002B0BDE8F0810121284620F087
:108C800097FB0020F6E70320F4E700BFC2AB00200B
:108C900037B505460C46FFF743FB0346F8B10068BD
:108CA000E8B122788DF8002062788DF80120A27852
:108CB0008DF80220E2788DF8032022798DF80420C7
:108CC00062798DF805201B68D5F8EC006946984755
:108CD0000138C0B208289ABF024B185C002003B0CC
:108CE00030BD00BF83460600F8B50E46D0F8EC5004
:108CF0000446FFF715FBF668F378073B092B72D89B
:108D0000327994F8E830134084F8E830727994F8B6
:108D1000E930134084F8E930022323743368C4F83F
:108D20001130B388A4F81530B3781B0706D5237B20
:108D30001F0703D50521201D20F03AFBB3789806C4
:108D400006D5237B990603D51421201D20F030FB86
:108D5000B378DA0714D5237BDB0711D50D21201D4D
:108D600020F026FB31782046FFF71EFB2072D5F855
:108D7000B810204620F0A3FA30B903252846F8BDE4
:108D80000023A4F8E830EDE7204620F0B9FA0546C4
:108D90000028F3D1271D0521384620F050FA00287D
:108DA000EBD094F8E93084F8E85003F0020384F83B
:108DB000E93031462046FFF76BFF05460028DDD13C
:108DC0000A4B1B6823B90621384620F0F1FAD5E793
:108DD00020460C2120F0ECFA0B2120F0B5FABDE87A
:108DE000F840FFF7C5BB0625C8E700BF5077002055
:108DF000F8B50E46D0F8EC500446FFF791FAF66845
:108E0000F378073B092B00F2AD80D5F8B8305BB1A1
:108E1000271D0F21384620F012FA88B92046FFF7A7
:108E200075FB68B1C5B209E0287A05F1880100F048
:108E3000F9FAC5F8B8000028EAD108252846F8BD97
:108E4000012363723368C4F80A30B388E3810223D4
:108E50002374B1782046FFF7EFFDE0742046FFF75A
:108E60007DFA102360742375337903F0030363756F
:108E7000737903F00103A375E37C1A070CD5B3786B
:108E80001B0709D50521384620F092FA637D03F0CF
:108E9000020363750023A3750521384620F0CFF93E
:108EA00068B3314B1B78A374E37C980606D5B3787E
:108EB000990603D51421384620F07AFAE37CDA07C4
:108EC0001FD5B378DB071CD50D21384620F070FA8A
:108ED000A37D84F8E830637D84F8E93003213846C7
:108EE00020F066FA31782046FFF75EFA2072D5F856
:108EF000B810204620F0E3F938B903259EE71B4B54
:108F0000D0E700236375A375E2E7204620F0F8F967
:108F10000546002892D10521384620F090F9002816
:108F2000EBD031462046FFF7B3FE0546002885D139
:108F30000C21204620F03CFA022120F083FA06465C
:108F400000283FF47AAF06210C3021F0EFF8D4F876
:108F500011300360B4F8153083803146204620F08C
:108F60000BFA6BE7062569E7C4AB0020C3AB002012
:108F700038B512490446A0F1EC05343023F0B9FDB0
:108F8000284620F09FFCBFF35B8F0D4A04F1640379
:108F900053E8001F43E800200028F9D1BFF35B8F9E
:108FA000BFF35B8F68344FF0FF3354E8002F44E881
:108FB00000310029F9D1BFF35B8F38BD2D9D05002D
:108FC000D8330020F8B5D0F8EC40D4F8B8300646D5
:108FD000051D43B90221284620F031F90927002850
:108FE00051D11F214BE081BB0D21284620F027F9EC
:108FF000074620B1D4F8B80008B120F099FF364BED
:109000001B689BB11D6805B10C3D53F80C3C13B1B6
:109010003946204698474DB12B46ED681B681DB177
:109020000C3D002BF4D1F7E7002BF1D1304620F0B6
:1090300049FC637B072B4DD1627AA37A9A4249D0CF
:109040002046BDE8F84020F0DBBC0139C9B20E294A
:1090500098BF224A1B7B94BF575C092723BBD4F8D7
:10906000B80020F007FF0023C4F8B83002212846DA
:1090700020F0E5F838B9072FB3D8194BD95D3A4637
:109080002046FCF78DF80321284620F0D8F8002868
:10909000CCD0114B1B68002BC8D01D6805B10C3D0E
:1090A00053F8083C4BB90BE00221284620F0C7F8E2
:1090B0000028D4D1DAE70C3D23B139462046984741
:1090C000002DB3D02B46ED685B68002DF3D1002B4B
:1090D000F3D1ABE7F8BD00BF706F00208C460600EF
:1090E0007B4606002DE9F0410B8A04460E46B3B3D9
:1090F000012106F10C0021F04AF8A4F1EC05E83C4E
:1091000007460421204620F09AF840BB39780E2902
:1091100025D8DFF8508058F8313023B90721284688
:1091200020F016FD1BE0284620F0A5FB30B90321F6
:10913000204620F084F890B10821F0E73B78318A8E
:1091400008EBC3021279914201D00A21E7E73146C8
:1091500058F833302846984701460028DFD10020D0
:10916000BDE8F081E814060038B5164B1860F0B180
:109170001548164C17F092F900250621201D20F005
:109180005EF878B1D4F8EC30DB78204683B9FFF78D
:10919000EFF9014610B1204620F0DAFC0C21204600
:1091A00020F006F90135052D04F5AC74E5D138BD84
:1091B000FFF744FA01460028F4D0204620F0C8FC0E
:1091C000F0E700BF50770020BC160020D833002005
:1091D0002DE9F34190F8E930CF68D0F8EC5023F056
:1091E000020380F8E9303B78044623B1BB7903F0F1
:1091F000C003C02B77D105F18808072239464046C5
:1092000024F0B0F988B1287A394600F007FA06460A
:1092100058B10146204620F052F818B9082002B093
:10922000BDE8F081304620F025FE0D21201D20F004
:1092300006F8002838D0297A4246022020F006FE9F
:1092400006460028EAD0EB78002B45D105F19603BD
:109250001878012821D19A7902F0C002402A1CD145
:10926000D3F80120C6F83A20B3F80530F38795F813
:10927000883093B195F88E3003F0C003C02B0CD02A
:109280001B496A46CDE90087FBF75EFE701C394634
:1092900020F069F82846FBF755FF3046FAF7C8FA80
:1092A00018BB3046FAF7D4FA94F8E9305B0703D5D7
:1092B0000A21204620F07CF8EB7843B994F8E93095
:1092C0002BB9D4F8EC30D3F8B830002BA6D0B4F8D2
:1092D000E81021B10020A2E705F18F03B8E720468E
:1092E000FFF770FEF6E70A2099E7032097E700BF33
:1092F000A39805002DE9F0410546A0F1E8060446D3
:109300000F463046012155F8EC8920F0B4FA0028C8
:109310005FD0CFB1032130461FF091FF002858D015
:109320003846FAF735F80138C0B208289ABF2E4BF4
:109330001C5C00240221304620F03AF821462846E1
:10934000BDE8F041FFF73EBE98F80B30002B40D04F
:10935000032130461FF073FF20B92846BDE8F041D5
:1093600020F0B0BA052130461FF069FFB8B114F8FB
:10937000043C1F0707D514F8033C180703D5112137
:10938000304620F015F814F8043C23F0080304F8E4
:10939000043C14F8033C23F0080304F8033C14F8DD
:1093A000033CD90717D50621284620F001F80221F1
:1093B00030461FF0FDFF98F8033013B914F8033C52
:1093C0003BB92368D3F8B8301BB134F8041C00292A
:1093D000B5D0BDE8F0819A0701D50821E4E75B0725
:1093E000E5D50A21E0E700BF8346060008B50A4B31
:1093F00093F8A23003F00603062B084B0CBF0122A2
:1094000000221A7004D10648FBF7AEF9002008BD0F
:109410006FF00100FBE700BF80010020C2AB00201D
:10942000700A00202DE9F8431B4FDFF87490804646
:109430000D460026052417F8013C43450AD10722B2
:109440002946384624F08EF820B9144800EB8610DF
:10945000BDE8F883052C07D107224946384624F099
:1094600081F8002808BF34460136052E07F1400771
:10947000E1D1052C0ED0094AA30102EB841002F8B9
:10948000038001332C68D4509918AB888B80AB795A
:109490008B71DDE70020DBE7557700205477002053
:1094A000FB4306002DE9F3410E4C05460E461746D8
:1094B00004F5A078E3897BB12378AB420CD1D4F8D2
:1094C0000100B4F80520E379009039466846ADF80C
:1094D00004208DF80630B04740344445EAD102B04C
:1094E000BDE8F081547700202DE9F041084C054695
:1094F0000E46174604F5A078E3892B4202D0394680
:109500002046B04740344445F6D1BDE8F08100BF65
:109510005477002008B5034900220220FFF7E4FF3A
:10952000002008BD499E05002DE9F0410F4D06467B
:109530000F4690460024B5F80D3033420DD015F893
:10954000013CBB4209D107224146284624F00AF8D3
:1095500018B907482044BDE8F0814034B4F5A07F35
:1095600005F14005E7D10020F5E700BF5577002061
:10957000547700202DE9F0410B78012B07460D466A
:1095800002D00020BDE8F0818B7903F0C003402BAE
:10959000F7D11F4E002401F1010836F82C3C9A0740
:1095A0000CD516F83A3CBB4208D10622314640465B
:1095B00023F0D8FF10B917482044E3E74034B4F54E
:1095C000A07F06F14006E8D1134E002405F1010802
:1095D00036F81C3C9B0714D516F82A3CBB4210D128
:1095E000414630461CF009FB58B10A4BD5F8010042
:1095F00004F13A02D1189850B8F804208A80E01893
:10960000C0E74034B4F5A07F06F14006E0D1B8E7EA
:109610008E770020547700207E770020F8B50C4D1F
:1096200006460F46002415F8013CB34208D1072234
:109630003946284623F096FF10B906482044F8BD65
:109640004034B4F5A07F05F14005ECD10020F6E7E9
:1096500055770020547700202DE9F0479AB01D4639
:10966000DDE923972E4B16460CAA84468A4603F161
:10967000300E904618685968144603C40833734581
:109680002246F7D118681B79206023716146202299
:1096900004A820F055FC23486B46202204A920F0A2
:1096A00067FC0446C0BB102251460DF1350020F086
:1096B00047FC102231460DF1450020F041FC2946BF
:1096C000062211F8013B8DF855300DF1560020F0BF
:1096D00037FC2299062211F8013B8DF85C300DF120
:1096E0005D0020F02DFC4B4635224146684620F0B7
:1096F0003FFC044680B9484620F02CFC01238DF83D
:10970000303035223B464146684620F031FC044665
:1097100010B9384620F01EFC20461AB0BDE8F0878C
:109720009FE00500BC46060070B598B00E46144692
:109730000146202204A81D4620F002FC20223146CA
:109740000CA820F0FDFB1022294614A820F0F8FBFD
:1097500010222146684620F0F3FB6B46502204A9F4
:10976000184620F005FC40B9039B054A1BBAB3FB21
:10977000F2F102FB11331C9A136018B070BD00BFE8
:1097800040420F0000F1070C2CF0030C10B4541EE3
:109790001860A4B2ACF80020023A93B201FB04F2C4
:1097A0004FF0000C40F802C074B103FB011403FB3E
:1097B00001F22044121B4FF6FF7C013B9BB2634534
:1097C0008050A0EB0100F8D15DF8044B704700BF5A
:1097D0000346006810B102680AB91A60704700F1C8
:1097E000070C2CF0030CD11DBCF800C021F00301C4
:1097F0000CF1FF3CA1F800C0EFE700BF0B687BB1A4
:10980000073323F003031A88013292B20346D1F8DA
:1098100000C043F807CB23F003031A8008607047A9
:109820000122F3E702FB0100704700BF401A90FBE2
:10983000F2F080B2704700BF531E11449BB242B198
:10984000DB430138CA1811F8013D00F8013F91428D
:10985000F9D17047014402E010F8013B1BB988427E
:10986000FAD1002070470120704700BF10600860E7
:10987000704700BF0A6803460068904205BF002297
:109880000A6000201A60704710B4146820601468E1
:1098900061605DF8044B1060704700BF884203D0E0
:1098A0001AB1436813607047002070470B68834209
:1098B00009D02AB1586810601A680A6018467047C3
:1098C000002BF9D1FAE70023F8E700BF2DE9F041BA
:1098D000DFF834800B4E0C2706F130044546221D7C
:1098E000214628460C3CFFF7C1FFA642A5F108051A
:1098F000F5D1043F3B1DA8F12008A6F13006EBD1BD
:10990000BDE8F0819C7900201079002010B4034656
:109910008C46A2B101EB4101154803EB4304090158
:1099200001EB84010144487A0C7AA04204BF013063
:1099300008725DF8044B6146184610F0D9B801EB87
:1099400041020B4C120100EB400302EB8303234462
:109950009C7ADA7AA24202D05DF8044B7047013259
:109960009A72044B01225A545DF8044B10F014B95A
:109970001879002094780020F8B506461C460D465C
:1099800002B322786378D21A12F003023AD1274F39
:1099900071004FEA450C3144AC44890001EB0C11D5
:1099A00001330431DBB27A18606823702146FFF777
:1099B0006BFF1F4B0122294630465A5510F0ECF838
:1099C0000020F8BD10F0D2F80028DAD02946304641
:1099D00010F0ACF80028D4D005EB450206EB4601A8
:1099E000124F6378120102EB81023A447100907ABF
:1099F000D27A90424FEA450C0CD02078C01A10F071
:109A00000302C8D0012A03D00133DBB22370D0E7B0
:109A10001046F8BD2278D21A920702D00233DBB288
:109A20002370D4E902039847CAE700BF18790020E1
:109A3000947800202DE9F04FDFF8649119F8003098
:109A400089B0002B5AD0DFF85CA13C2204234FF0F0
:109A5000000B00EB400712FB00330324CDE904BBED
:109A600009F800B00AEB0717039302948346B8463F
:109A70000023B96A58F8240F079307AAFFF70EFFCF
:109A8000044607AAB4B1079D2E786978761A06F0C5
:109A90000306012E35D02B78591A01F00301012954
:109AA000DBB23DD1D7E90901FFF7F8FE044607AA6A
:109AB000002CE8D197F82E3097F82F209A4203D047
:109AC00087F82F300123049397F82C3097F82D2036
:109AD0009A4203D087F82D3001230593029B5D1E27
:109AE000EBB2FF2B0293A7F10C07C0D1049AD84622
:109AF000DDF814B012B1BBF1000F45D009B0BDE8DC
:109B0000F08F01396970079BD3E902039847079DDD
:109B10002A786978D3B2521A02F00302012A21D0BE
:109B2000B86A019300224146FFF7C0FE6C60019BBA
:109B30006A786B702B789B1A03F00303012B08D013
:109B4000D7E9090107AAFFF7A9FE012E044698D11B
:109B50000EE0039B6A70294620460AEB0302FFF7DA
:109B600093FEEDE7D7E9090107AAFFF797FE044640
:109B7000029B8BB101235946584609F80B3010F06F
:109B80000BF809B0BDE8F08F5A464146404609B08F
:109B9000BDE8F04F0FF0ACBF002C8BD0EAE700BF60
:109BA00094780020187900204B1EDBB271B1411E61
:109BB00000EB030C002011F8013F23B15A1E0130C5
:109BC0001340C0B2FAD16145F5D1704708467047DD
:109BD000F0B5514D83B007460326012404213846D1
:109BE0000DF01AFA38681F2320FA03F2013BDBB2AA
:109BF000FF2B4FF0000C4FF0010E14D020FA03F1B0
:109C000001F001018A4232D00CF101021C2BD2B2C8
:109C10004ED9192A3BD094464FF0010E0A46013B1B
:109C2000DBB2FF2BEAD180EA050301930DF1040CAE
:109C30000DF1080E00221CF8013B23B1591E013220
:109C40000B40D2B2FAD1E645F5D1012A07D983B249
:109C5000B3EB104F28D1C3B2B3EB106F24D1013E48
:109C600016F0FF06BAD16FF00D0003B0F0BD0EF193
:109C70000102D2B2062A2CD904FA03F271B120EA09
:109C8000020000210CF10102D2B2192AC3D1013322
:109C900004FA03F329B15B421840C4E710430121E1
:109CA000F0E7013B1843BEE73860002003B0F0BD89
:109CB000AFD0012AADD104FA03F239B120EA020093
:109CC0000021BCF1010FDDD00A46A8E710430121B5
:109CD000F7E701D01C2B02D996460A469FE7BCF154
:109CE000000F0AD1012202FA03FE69B120EA0E0038
:109CF0008E4661460A46F44691E71C2BECD0BCF137
:109D0000010FD8D09646E8E7114640EA0E00944687
:109D100096460A4683E700BFD6BE898E30B5037EDD
:109D20000568FF2B14D003EB43028B4205EB0212B4
:109D300027D04FF0000C01E099420BD09E461378DB
:109D40009468FF2B03EB4302A44405EB0212F3D10A
:109D5000002030BD714517D00FFA8EFE1378906841
:109D60000EEB4E0E4FEA0E1EFF2B05F80E3006D0FE
:109D700003EB430305EB03139A6802449A606044C3
:109D800030BD9E464FF0000C13780376E4E700BF29
:109D9000A2EB010C1CF4000F10B4836844690BD1D2
:109DA0002CF07F4C6344A3420ED8E41A0023446194
:109DB00083605DF8044B7047891A21F07F418B4224
:109DC00009D95B1AA342F0D91B1B002444618360AC
:109DD0005DF8044B70470C44E41AE7E72DE9F843BB
:109DE000284DBDF82C7004464FF02C0E0EFB045E7F
:109DF000084604EB840104EB4104DEF8041001EB97
:109E0000C00605EB8405F47811F83080717804F110
:109E1000010C5FFA8CFCE04598BF4FF0000C6145E7
:109E20002DD0716804EB44044FEA041901EB0414CB
:109E30004FF0040801F809806360089BA360099B48
:109E4000E3600A9B23610C9BA361119B63620D9BE2
:109E5000E3610E9B23620F9BA362109BE3620223CC
:109E60006270A782A37086F803C0DEE908369847BF
:109E70002B4641460022B047A078BDE8F883012078
:109E8000BDE8F883D87900202DE9F04F0346407AE9
:109E9000D3E9004587B0002800F0FC80421ED2B212
:109EA00005EBC2029A468B46039205952346039A18
:109EB000516856780491BBF1FF0F66D00BEB4B0451
:109EC0004FEA0418CDF804B013F808B003EB0414FB
:109ED00000254FF0FF0C84F800C0DAF800709AF803
:109EE000182007EB08096245D9F8081018BF029638
:109EF0000ED1C9E0091A06D1B9F81E80BEF81EE0DD
:109F0000F04500F2B580B85DFF2894466DD002465A
:109F100002EB420607EB061E3601DEF80800884217
:109F2000E8D9029EC9F80810BCF1FF0F89F800209B
:109F300064D00FFA8CFC0CEB4C0C4FEA0C1C019813
:109F400007F80C00FF2A06D002EB420207EB0217CB
:109F5000BA68521ABA60A27801326270002DAAD093
:109F6000AA6A4FF000012970A97022B1E96A019331
:109F700000209047019B6268002A9CD1AA6A226255
:109F8000EA6A6262BBF1FF0F98D1039A049F92784C
:109F9000994606EB4601701CB2424FEA011CC6B25C
:109FA00007EB011567D0039B17F80C101878B04227
:109FB00008BF00260429ECD16A7802EB420809EBBD
:109FC0000814012094F801E0A1788E454FEA0818A2
:109FD00018D04FF0000307F80C30AA6AA8700AB135
:109FE000E96A9047039B9A78D3E70246BCF1FF0FDA
:109FF000029EC9F8081089F800209AD101988AF8C1
:10A0000018009FE70192AA8ADAF814104FF6FE7042
:10A0100082424B4607D04FF6FF70121AB2FA82F214
:10A02000520984F82C206A6AA262EA6862602A698E
:10A030002262AA8A02934FF6FD739A4288BF0022D9
:10A04000A283AA69A261EA69E2602A6A2261AA6817
:10A05000A260002363616A682046FFF799FEE278F8
:10A06000002342F001026362E383E270029B30E767
:10A07000029E014656E70399059881424B46A1F19D
:10A08000080207D0039212E707F80820019A8AF81D
:10A09000182060E707B0BDE8F08F00BF2DE9F04F52
:10A0A000447E01238BB08376002C42D1037EFF2BAC
:10A0B00006463DD00EF0D4FF7269F369357ED6F8BE
:10A0C00000A0801A20F07F47BB4294BF00230123E9
:10A0D000FF2D0293A34600F087800494B14605EB60
:10A0E00045050AEB05142D01A368BB427AD8A07878
:10A0F0001AF80550FF1A9B4463781B1ADBB2012B38
:10A100006DD1A369A26A0393B3B9002A00F09280CB
:10A110001668002E33D0029BC3B9D9F81C309B457A
:10A1200014D3FF2D00F004810423E18B069390E00B
:10A1300084760BB0BDE8F08F029B23B9D9F81C30B0
:10A140005B4540F281803AB1166816B1137A002B54
:10A1500073D04FF000031372E38B94F82C2001337B
:10A160009BB2E383002A5BD0A28B9A4258D2A26AA8
:10A17000002A00F0DA80137A012B51D00126002347
:10A1800051685360A36A4FF000021A72A078D4F8A5
:10A190000C800138A070B8F1000F20D06069D9F8A8
:10A1A0001430626AD4F810C0ABEB00001844E378B6
:10A1B00020F07F4003F00103002E35D1B4F81EE0FB
:10A1C000CDE9003C7346C047E378E68366F30003BD
:10A1D000E370A369002B029B18BF01230293FF2D9C
:10A1E0007FF47DAF049C4E46F37AB27A9A4207D14F
:10A1F0000132D2B2022A1ABF144623460023F47257
:10A2000006EB83030022C3F80CB0746AB2763346BF
:10A21000012204210320A4460BB0BDE8F04F6047A3
:10A22000A378013BA370DAE7CDE9003C4FF6FF735A
:10A23000C047D4E716460021A9E7A18BE38B9942DA
:10A2400087D80123137287E7FF2D51D0039BE18B41
:10A250000693A38B6668994224BFCB1A99B205EB8B
:10A2600045030AEB031C01FB06630593DCF80810A9
:10A27000069B8B423CD3CDE9077BDDF818E00995BE
:10A28000A3468846344663460690986900B3DF8B40
:10A29000B3F81CC05E6867452DD2002E43D1BAB119
:10A2A0003546166826B1039911B94044864246D80E
:10A2B00067450DD3D9789BF8030001F0010700F042
:10A2C0000106B74236D84140C90701D4002D31D12B
:10A2D0001B78FF2B07D003EB43030AEB03139968AA
:10A2E0008844F045D1D95C46DDE9077B099D069895
:10A2F0006AB3002643E796B1A7EB0C05ADB254B1A3
:10A3000005FB06656D1A0599A9422CBF002501259C
:10A31000002AC6D1CCE72546002AC2D1C8E7002AC8
:10A32000BED11546C6E73D46E9E7A078012682E79B
:10A33000029E24E75C46099DDDE9077B03E75C4656
:10A34000099DDDE9077B002E3FF403AFFEE61646CC
:10A3500011461CE72DE9F04F8FB0837E0090002B53
:10A3600040F09A82437E0C93002B78D10098837A38
:10A37000C27A012141769A424169079100F0EB834C
:10A380000133DBB2022B00990ABF0C9A1A4613461E
:10A3900001EB82028B72D368079A0593D31823F0DE
:10A3A0007F434B6101230B93009C267E0EF058FEE9
:10A3B000677A236801937B1E65680490DBB2002FE7
:10A3C00000F0D08405EBC30A0027FF2303930D960A
:10A3D0000897DAF804B00024A9469AF803009AF81E
:10A3E00002800FFA88F505EB450508F101034045A9
:10A3F0004FEA0517DBB20BEB051500F013819AF855
:10A4000000209A4208BF00238AF802301BF8072078
:10A410006978042A39D9019801EB410300EB03164E
:10A42000082A4FEA03130293B078737821D81B1AD5
:10A4300013F0FF032BD1062A1BD1009BDB7E8B423E
:10A4400050D00BF80740AB6AAC70002BC5D0002091
:10A45000E96A98479AF803009AF80280C1E7446ACB
:10A460000421034601220420A4460FB0BDE8F04FAA
:10A4700060470BF807404FF00103AB70AB6A002B4D
:10A48000ABD0E96A01209847A7E79846A9E7052AD3
:10A490001FD16A684AB9AA683AB9EA682AB92A692A
:10A4A0001AB96A6932F07F42E3D0012B1CD0009BBD
:10A4B00004215C6A4D4601220846A0470123AA45B3
:10A4C00008938AF80280AAF1080300F0B1809A4646
:10A4D0007FE7012B00F09681062AE8D1009BDB7E06
:10A4E0008B42AED16968AFE1DDF800804046FFF7EE
:10A4F00015FCB060D8F81410049B059A5B1A23F081
:10A500007F431344984240F2B781C01A7368002B0E
:10A5100056D0AB8A002B53D0013B9AB2AA82D6F810
:10A5200004C0F38B604526D90CF10108CDF81890D2
:10A5300009911BE0726ADFF8FC917D4991448945DD
:10A5400084BF02F1E87202F5D432C646316A94BF84
:10A55000E64602F5A572013BA0EB0E00521A9BB233
:10A5600060457262F38340F2ED81AA8A9342E1D89A
:10A57000DDF8189009999A4221D9CDE909910CF199
:10A580000102D6F820E00692726ADFF8A8916849C5
:10A59000724491448945E04607D8A2F1E872A2F5D9
:10A5A000D432DDF81880A2F5A57201339BB2726235
:10A5B000F383AA8A9A424044E6D8DDE90991B2833E
:10A5C0006B680344B360AA687369B06A134473612B
:10A5D00028B103681BB1D5E901329B1A4360049A84
:10A5E0003046FFF7D5FBEA68B3691344B3612A69C3
:10A5F00093428CBF9B1A0023B361AB7D1BB1F278F1
:10A6000063F30002F270EB7D13B1013B86F82C304E
:10A61000DDE901320399995473786A780392013322
:10A6200073700EE74D46AA45AAF108037FF44FAFB9
:10A630000D9E089F009A0B9B92F818B0BBEB060585
:10A6400018BF0125002B00F09581049B07995B1A28
:10A6500023F07F48BBF1FF0F1346126801924ED0E2
:10A66000DDF814A00695CDE908674FF000095646BD
:10A670001D46019A0BEB4B0302EB03144FEA031A3E
:10A68000A268B24200F23883A1786378E08B5B1A4B
:10A69000E9698A42A6EB02069144A8EB020831BFA1
:10A6A000891A4FF0FF320021EA76E961A269DBB234
:10A6B00012B1022B00F04B810022A260019A12F825
:10A6C0000A202A766168002940F00481A26A1AB142
:10A6D000127A012A00F0E3803BB1012B00D020B1B7
:10A6E000236A13B1616A01209847A378637095F8D3
:10A6F00018B0BBF1FF0FBCD1DDE90867069D009CD7
:10A700000B9B039920465E4518BF1D46FFF7BCFB17
:10A71000D4F800B002954FF0000CB246009B1A7EB0
:10A72000FF2A104600F036831146FF2605E000BFE1
:10A73000592B177F5A2B17FF19460BB203EB430314
:10A740000BEB03151B01AC6A2CB194F808E0BEF1C9
:10A75000010F00F004821BF80330FF2B0E46EBD1F3
:10A76000029D5646BCF1000F00F00A81924500F0B0
:10A77000DC82002F00F027811046FF2800F01583AF
:10A78000FF2E00F0FE82009B1B6800EB400003EBF5
:10A790000013D3F808B0BBF1000F00F0C2820EF036
:10A7A0005FFCDFF8B882AA4FAA4EDDF800A00A25A8
:10A7B0000246DAF814300192D11A21F07F418B451C
:10A7C00005F1FF3501F103015CD959452CBF5B1838
:10A7D0005B4423F07F494846DAF8283098470EF06A
:10A7E0003FFC019AA9EB0203821A22F07F42033256
:10A7F00023F07F439A42044646D9002D00F0D480CE
:10A800002246D6E7062A3FF418AEDDF8008040461F
:10A81000FFF784FAB378B060737098F81B206B78F8
:10A820009A427FF40EAE1BF80730062B3FF45AAE67
:10A83000009AFF23D3761BF80730062B3FF452AE65
:10A84000082B3FF44FAE0499009B5A698B1A1E02E5
:10A8500009D4059A23F07F4313440099CA699A42A8
:10A8600088BFCB61EDE5059B521A22F07F429342EF
:10A870008CBF9B1A0023F0E7726913441B1A7361A3
:10A88000002043E601230C93009A00235376937E25
:10A890000C9A1A4340F083800FB0BDE8F08FA37884
:10A8A000A6606370079B696903EB09022046FFF706
:10A8B0006FFA019B039A03F80A206378CDF80CB075
:10A8C0000133DBB2637095F818B0BBF1FF0F7FF472
:10A8D000D0AE11E7A36A13B11B7A012BDFD0B4F815
:10A8E0001EC0BCF1000F40D1B4F81CC0E646481CA5
:10A8F0000290D4E9087300220494704604E0013801
:10A900008E46441C724412D0DFF854E1524C3B4452
:10A910009E44A645F3D8DDF808E0A3F1E8730138BA
:10A92000A3F5D433441CA3F5A5737244ECD1049C65
:10A9300094F82C006362002800F0E380A260A4F881
:10A940001EC0AFE7DDF818900999AA8A13E600281F
:10A950007FF4B2AEA26A1AB1127A012A3FF4ACAE09
:10A9600085F81BB0A269EA61A6E6A37863704FF090
:10A97000000EBCE7009C03992046FFF785FA227E73
:10A9800096427FF4F6AE002F00F0EF81009B002D81
:10A9900040F04E825D769B7E002B3FF47DAF009BA6
:10A9A00001225C6A03215EE540F6C1334246394626
:10A9B000304619F079F9404080F311884FF00300D8
:10A9C00002DF2246F5E6009B597A5C684B1EDBB23B
:10A9D000012500293FF4D0AECDE9075604EBC303AF
:10A9E00001930694019B5E78DA785B68B24218BFE7
:10A9F0001D4671D036B206EB4606330105EB06164E
:10AA0000EB5C012B53D0022B5BD1D6E901C133693A
:10AA10009CF80040D6F80CE00593009BDEF800801F
:10AA2000D3F800905869FF2CD6E905AB02D00B682B
:10AA3000834260D0009B4FF000081C7E0860FF2C12
:10AA400031D0CDE90256CDF810C05646F24613E09B
:10AA500014180600F8150600592B177F601506001C
:10AA60005A2B17FFBA684244B04788B919F8054015
:10AA7000BB68FF2C984438D004EB440509EB05175C
:10AA80002046B9695B462D01002EEBD10029EDD09F
:10AA90000599DDF810C0BB68DDE90256D64609B15C
:10AAA0007A6A0A6098448CF80040CEF80080B36A55
:10AAB0004FF00002B27013B1F16A00209847019B79
:10AAC000DA7801994E780B780136F6B2B34208BFB6
:10AAD0000026B2424E708DD1019A06998A42A2F1A7
:10AAE000080300F0068101937CE7DDE90256DDF8FA
:10AAF00010C0D646D7E704EB4404230119F80340FD
:10AB00009DE790457FF61AAF8646481C0290029C4E
:10AB10000A95704605E08E4672440130904580B239
:10AB200012D9DFF8C8E2AD4D3B449E44AE45F2D8A1
:10AB3000A646A3F1E8737244A3F5D43301309045DF
:10AB4000A3F5A57380B2ECD8049C0A9D63626044AF
:10AB50001FFA80FCF2E60C9B0B93059324E4009A09
:10AB60000598D269904234BF121A0022049262689A
:10AB700001921BF803200A92AA6920680392019AA5
:10AB8000824280F0C480039A002A019AA0EB02005E
:10AB9000039A18BF91460A9A08BF4FF00409FF2A8A
:10ABA00000F0B88048450246C0F0B4800020CDE9EE
:10ABB00006A7CDE908541746DDF810A00A9A0A93B3
:10ABC000CE46039B8046844621E0646874B3BCF1A2
:10ABD000040F2ED9ACF104004044B84228BF3846D7
:10ABE000704526D963B3B0EB090001D0504534D28B
:10ABF000E04405EB080AA7EB09001BF802204FF020
:10AC0000000CFF2A29D009EB080E774525D302EB6B
:10AC100042020BEB02141201A568AC44A56A15B1FF
:10AC20002D7A012D02D0A569002DCED11BF802206E
:10AC3000E7E7E04405EB08008246002BDDD0DAE7C9
:10AC4000BAF1000F04D0A0EB0900824540F2E68083
:10AC5000E04405EB08008246CFE7DDE906A7DDE921
:10AC600008540A9B019A02449446AA68ACEB02027B
:10AC70006260A8601BF803C0BCF1FF0F31D04FF039
:10AC8000FF099E4600E094460FFA8CF202EB420266
:10AC90000BEB02181201D8F80830834280F0948040
:10ACA000C01AA8601BF80220FF2AE146EBD17346C8
:10ACB000BCF1FF0F15D0FF2E1BF803205ED036B27B
:10ACC00006EB460636010BF806200FFA8CFC0CEB5F
:10ACD0004C0C4FEA0C121BF802000BF803000BF8A7
:10ACE0000210EB8B013BEB83022323724FF0010C2C
:10ACF00014E5DDE9075649E6B246009B069D099F2B
:10AD0000089EA2EB0A02A26093F818B0F7E4039B36
:10AD1000184317D0AB68019AD31A63600023AB6065
:10AD2000DFE7009B83F819B039E6002F7FF42BADE5
:10AD3000009B5A7A5C68531EDBB2002A3FF423ADB5
:10AD4000654649E6264A2749274840F66A1318F01F
:10AD5000ABFF404080F311884FF0030002DF6368CF
:10AD60000193D7E7FF23039364E4009B5A7A5C685E
:10AD7000531EDBB2002A7FF42FAE07E6009802765E
:10AD8000A3E70EF06DF904460EF034F9009BC0B154
:10AD9000187EF8E4029D5646BCF1000F3FF4F0AD7A
:10ADA000FF2E25D0002F3FF40EAE0EF033F90446EF
:10ADB00048B3009A00235376937E002B7FF4EFADC7
:10ADC0006AE5187E5C61DEE472469E46AEEB0000EA
:10ADD0001346C8F80800CC466AE700BF592B177F16
:10ADE00060150600A0150600F81506005A2B17FF7F
:10ADF000002FDAD1009B5A7A5C68531EDBB2002A1E
:10AE0000D3D06546E8E5009DE8610EF029F96C763F
:10AE10006861AB7E002B3FF43FADC0E5CDF810A0DC
:10AE2000DDE90775099CDDF818A00A9B049819E76D
:10AE3000187EA2E4F8B5069E9DF81C50089CB8B98F
:10AE4000144F3A605A1E39727B727E60D2B273B16F
:10AE500006EBC2025460114612F808398E4203EB29
:10AE60004300A5EB030304EB0014DDB2F2D10DB1F6
:10AE70000120F8BD099B3B620A9B7B62FF240B9B70
:10AE8000BB623C760EF0ECF87D817861FC76FD616A
:10AE90002846F8BDD8790020044B2C2202FB003351
:10AEA000187A003818BF0120704700BFD8790020F9
:10AEB00010B40B4B2C2202FB0032546A64B100EB3D
:10AEC000800200EB420003EB8003A44601225DF800
:10AED000044B0321022060475DF8044B704700BF1C
:10AEE000D879002010B58AB00C9C00940D9C019478
:10AEF0000E9C0294BDF83C400394109C0494119C59
:10AF00000594129C0694139C0794149C08940024A6
:10AF10000994FEF763FF0AB010BD00BF10B4039C94
:10AF20000294049C0394BDF814400494069C059478
:10AF3000079C0694089C0794099C08940A9C099411
:10AF400000240A945DF8044BFEF748BF10B4BDF826
:10AF5000104004945DF8044BFEF740BF2DE9F84F14
:10AF6000294DBDF834609DF83880044608462C21F0
:10AF700001FB045104EB840704EB470405EB840553
:10AF80004C6804EBC00E14F830909EF803409EF815
:10AF9000017004F1010C5FFA8CFCE14598BF4FF0A1
:10AFA000000C67459DF844902AD0DEF8047004EB4D
:10AFB00044044FEA041A07EB04144FF0050B07F89A
:10AFC0000AB063600A9BA3600B9BE3600C9B236148
:10AFD0000F9BA362109BE36202236270A68284F837
:10AFE000168084F81790A3708EF803C0D1E9083654
:10AFF00098472B4600220421B047A078BDE8F88F7F
:10B000000120BDE8F88F00BFD879002010B588B0C6
:10B010000A9C00940B9C01940C9C0294BDF8344053
:10B0200003949DF8384004940F9C0594109C06945A
:10B0300000240794FFF792FF08B010BD2DE9F041FE
:10B040001E4D064608462C2101FB065E06EB8604D3
:10B0500006EB4404DEF8046005EB840706EBC0054C
:10B0600016F83060EC78697804F1010C5FFA8CFC1A
:10B07000664598BF4FF0000C61451BD0696804EB32
:10B080004404260101EB04144FF0070801F8068080
:10B09000A362069BE36202236270A37085F803C07B
:10B0A000DEE9083598473B4600220421A847A078EE
:10B0B000BDE8F0810120BDE8F08100BFD879002013
:10B0C0002DE9F0411F4D064608462C2101FB065E86
:10B0D00006EB860406EB4404DEF8046005EB840707
:10B0E00006EBC00516F83060EC78697804F1010CC5
:10B0F0005FFA8CFC664598BF4FF0000C61451DD08F
:10B10000696804EB4404260101EB04144FF00808BD
:10B1100001F806806360069BA362079BE36202233B
:10B120006270A37085F803C0DEE9083598473B4696
:10B1300000220421A847A078BDE8F0810120BDE8E5
:10B14000F08100BFD87900202DE9F041234D06465B
:10B1500008462C2101FB065E06EB860406EB440440
:10B16000DEF8046005EB840706EBC00516F83060D6
:10B17000EC78697804F1010C5FFA8CFC664598BFA5
:10B180004FF0000C614525D0696804EB44042601AA
:10B190004FF6027801EB041421F80680C4E901237C
:10B1A000069BE360079B2361099B63610A9BA36184
:10B1B0000B9BA3620C9BE3620223A37085F803C080
:10B1C000DEE9083598473B4600220421A847A078CD
:10B1D000BDE8F0810120BDE8F08100BFD8790020F2
:10B1E00070B50A4D2C2202FB0052D2E90836044603
:10B1F0000846984704EB840304EB430305EB830301
:10B20000B4460022BDE8704004216047D879002090
:10B210000DF026BF401A20F07F4070470148002102
:10B22000704700BFFF410100022801D00120704794
:10B2300038B5044608461D4603F0ACFF18B1082394
:10B240002B70002038BD204638BD00BF0823037096
:10B250000B70704738B5054600200C4603F034FBF0
:10B2600098B903F089FD10F0060F0ED13DB9084BD7
:10B2700044B120681860A2889A80002038BD054B30
:10B28000002CF6D11C609C80F7E70C2038BD00BF75
:10B290000C7A0020047A00200128034605D8044ACD
:10B2A0000448002B08BF104670470020704700BFBD
:10B2B0000C7A0020047A002001280AD8064A074B9D
:10B2C000002818BF1346186808609A888A801846B4
:10B2D0007047002318467047047A00200C7A00203B
:10B2E00010B504460BF0C6FE70B90CF0F5FAE0B9E3
:10B2F0000DF094F850BB0DF0E9F9002837D1204645
:10B30000BDE8104015F0CAB8224A2349234840F648
:10B31000ED0318F0C9FC404080F311884FF00300A2
:10B3200002DF0CF0D9FA0028E2D01A4A1A491B4869
:10B3300040F6F20318F0B8FC404080F311884FF05B
:10B34000030002DF0DF06AF80028D4D0114A124938
:10B35000124840F6F80318F0A7FC404080F311882B
:10B360004FF0030002DF0DF0B1F90028C7D0094A01
:10B3700009490A4840F6FE0318F096FC404080F365
:10B3800011884FF0030002DF2046BDE8104015F0A1
:10B3900085B800BF1816060054160600F8150600FA
:10B3A0000860014815F07AB8DC81002015F076B805
:10B3B0002DE9F84F2A4D0C78AB788A4629799C42C2
:10B3C00028BF0C46A242297842D014FB01F105F1B6
:10B3D00008070134E4B2A34208BF00247B18795A5D
:10B3E00001809346814600264FF001081CE00128A9
:10B3F0002BD012225A608AF80040A8782B7929783D
:10B40000A04288BF23469B4523D013FB01F10133A3
:10B41000DCB2A04208BF002437F801C0B9F8000030
:10B42000844507EB010314D1586860B1FF28DED9C9
:10B43000017901F00301013901290DD91221596067
:10B4400003F0C2FED7E7C3F804800136F6B2D2E7B4
:10B4500000263046BDE8F88F0136F6B20121EEE74E
:10B46000C80A00202DE9F84F3D4F3B88984268D923
:10B4700013F0FF062CD03B4DDFF8EC806C79DFF841
:10B48000EC9005F1080AAA782B790134E4B2A242C3
:10B4900008BF0024A34240461CD0FEF799F983461A
:10B4A0004846BBF1000F13D0FEF792F900284AD0AE
:10B4B000C0F800B06B792A7813FB02F34AF8030056
:10B4C0003B886C71013E013B16F0FF063B80DAD1F0
:10B4D000BDE8F88F3B88002BFAD0DFF89490224D1E
:10B4E00099F80540214E09F1080899F8022099F8C9
:10B4F00004300134E4B2A24208BF0024A34228462B
:10B50000E6D0FEF765F982463046BAF1000FDFD08B
:10B51000FEF75EF90023E0B1CAF80430C0F800A0DD
:10B5200099F8053099F8002013FB02F348F803005E
:10B530003B8889F80540013B9BB23B80002BD4D16E
:10B54000C6E7064697E758460749BDE8F84FFEF7B5
:10B5500055B950460449BDE8F84FFEF74FB900BF52
:10B56000547A0020240B0020587A00200C7B002005
:10B57000F00A00202DE9F04FDFF88C82DFF8789296
:10B58000DFF87CB2DFF898A287B0D8E9000103AAFF
:10B59000FEF784F90546002834D0039B002B71D0B8
:10B5A000187804AA02A904F0C5FA0446002855D068
:10B5B000DDE90313BDF808200F78ADF80A200593E4
:10B5C00005AE0DF10A0504F0CFFA2146059ABDF843
:10B5D0000A0004F011FB204604F084FA32462946A2
:10B5E000384604F0A7FA04460028ECD1D9F8000048
:10B5F00014F054FFD8E9000103AAFEF74FF90546FD
:10B600000028CAD104AA02A90DF1070004F076FAB5
:10B610000446002845D0049B05939DF80770BDF8AB
:10B620000830ADF80A3005AE0DF10A0504F09CFAB9
:10B630002146059ABDF80A0004F0DEFA204604F01F
:10B6400051FA32462946384604F074FA0446002876
:10B65000ECD1694B186814F021FF96E7039B059322
:10B660001B79013B172B1FD8DFE803F02C3F851E09
:10B670002C1E1E1E1E1E1E1E1E1E1E1E1E1E1E1EDC
:10B680001E1E7A2C5D4840F69A135A46514618F011
:10B690000BFB404080F311884FF0030002DF039B57
:10B6A0007EE707B0BDE8F08F554A5649534840F64B
:10B6B000323318F0F9FA404080F311884FF003005C
:10B6C00002DF62E75049D8F804000022FEF7EEF8E6
:10B6D0004E4B05995B7928460B704D4AFEF7D4F81E
:10B6E000454B186814F0DAFE4FE74749D8F80400D4
:10B6F0000022FEF7DBF8059EF46934B12378002BB5
:10B700006BD02378013BDBB2237096F8203023B155
:10B71000012B54D13046EBF7E3FC3E4A002386F878
:10B7200020305379917810790133DBB2994208BF08
:10B7300000239842117834D03560507900FB012104
:10B740008E605371002C3FF420AF2378002B7FF4E0
:10B750001CAF6369002B3FF418AFA069984714E74A
:10B760002949D8F804000022FEF7A0F805992846D8
:10B7700003F0F8FF09E705A9284604F01BF8224961
:10B78000D8F804000022FEF791F8059900293FF44B
:10B79000FCAE0B792C2B3FF4F8AE1C4B28465B79A2
:10B7A0009AE7174A1C49154840F6A13318F07CFA6D
:10B7B000404080F311884FF0030002DFC2E7104AD7
:10B7C00010490E4840F69A3318F06EFA404080F364
:10B7D00011884FF0030002DF9FE7094A0F4907482D
:10B7E00040F6433318F060FA404080F311884FF080
:10B7F000030002DF85E700BFD8810020F8150600AE
:10B8000018160600781606004C7A0020C80A002098
:10B81000487A0020280C00207C16060060160600DE
:10B820005C1606002DE9F047DFF8E8A0324F82B041
:10B8300080468946AAF104050023C8F80030D7E9FC
:10B84000000101AAFEF72AF80646002842D0019B13
:10B8500051461A784846FFF7ABFD0346002840D111
:10B860002A798DF801206A790DF101010DF10200AC
:10B870001C46FFF79DFD44EA000212F0FF0203465A
:10B88000F1D1019B197901292FD11C4C78683946D7
:10B89000FEF70CF8211D3046FDF7B0FF23880D2B75
:10B8A00009D80198164901332380FDF7A7FF01202D
:10B8B000FFF7D8FDC0E7134A1349144840F28A63E2
:10B8C00018F0F2F9404080F311884FF0030002DFD6
:10B8D0002388E6E70E4948464A790431FFF768FDB8
:10B8E0000346184602B0BDE8F087C8F8003013469A
:10B8F000184602B0BDE8F087447A0020547A002050
:10B900000C7B0020181606008C160600F8150600A1
:10B91000C80A0020CC0A002070B5574982B0002325
:10B920004868019301AAFDF7C1FF0446002859D0D9
:10B9300052492046FDF762FF01990A791D2A06D86F
:10B940004F4801239340034033D1172A0ED04D4A6C
:10B950004D494E4840F2425318F0A6F9404080F35A
:10B9600011884FF0030002DF02B070BD0A7F8D68BE
:10B970003C2A2C6844D04A7F62B3606E18B14449B7
:10B980006366FDF73BFF94F86A306FF3000384F8B9
:10B990006A30002003F0F0F90446002002F094FF22
:10B9A00040EA440010F0FF00DED10AF02FFB02B0A5
:10B9B00070BD002AD8D1334A3649344840F23E534C
:10B9C00018F072F9404080F311884FF0030002DF55
:10B9D00002B070BD94F84830226262F3000384F82C
:10B9E0004830D6E7274A2C49284840F20C4318F043
:10B9F0005BF9404080F311884FF0030002DF97E7C6
:10BA00006E68EEB100236B60F36E63B11D4A23498B
:10BA10001E4840F2854318F047F9404080F31188F2
:10BA20004FF0030002DF06F1600106F15C00FDF754
:10BA300021FF054690B13068F56603F095FBA2E75B
:10BA4000104A1749114840F2824318F02DF940403E
:10BA500080F311884FF0030002DFD3E7094A114950
:10BA60000A484FF4916318F01FF9404080F31188A1
:10BA70004FF0030002DFDEE7447A0020587A00200E
:10BA80002900003F1816060078160600F815060073
:10BA90000C7B0020FC160600AC1B0600D816060026
:10BAA000CC160600F01606002DE9F0470468804623
:10BAB0000CB35B4FDFF88C915A4E254624682A79E7
:10BAC0001D2A09D858490123934013EA010A2ED1AF
:10BAD000182A4AD0172A16D040F27E633A464946C1
:10BAE000304618F0E1F8404080F311884FF0030031
:10BAF00002DF002CE1D10023C8F80030BDE8F04798
:10BB0000FF20FFF7AFBC2B7F3C2B64D0022B6AD009
:10BB1000DBB1434A4549434840F2A65318F0C4F804
:10BB2000404080F311884FF0030002DF2A7962B9A8
:10BB30003F4940F2FC533A46304618F0B5F84040D1
:10BB400080F311884FF0030002DFDFF8FCA0BAF8A1
:10BB500000300D2B2FD801333649AAF80030284683
:10BB6000FDF74CFE002CA8D1C5E7E8880428C0D812
:10BB700003F008FBD0F88830054663B1284A2E4907
:10BB8000284840F26D6318F08FF8404080F3118828
:10BB90004FF0030002DF05F17C0105F17800FDF7AD
:10BBA00069FE824670B3C5F888A0284603F0DCFA27
:10BBB000002C82D19FE7214940F28A633A46304601
:10BBC00018F072F8404080F311884FF0030002DF54
:10BBD000BAF80030BFE717492846FDF70FFE002CE2
:10BBE0007FF46BAF87E7284609F09CFC504602F0D3
:10BBF0005DFE00287FF47DAF0AF008FA002C7FF488
:10BC00005CAF78E7064A0E4906484FF4CE6318F059
:10BC10004BF8404080F311884FF0030002DFC2E789
:10BC200018160600F81506002900003E1C1706002D
:10BC3000281706000C7B00204C1706008C16060007
:10BC4000AC1B060078160600547A00200148FDF768
:10BC5000BFBD00BF587A00200149FDF7CFBD00BF2E
:10BC6000587A00200148FDF7B3BD00BF0C7B0020CF
:10BC70000149FDF7C3BD00BF0C7B0020024B034A06
:10BC80005B790B70FDF700BEC80A0020487A0020DF
:10BC900008B5064B064A5B790B70FDF7F5FD054BC1
:10BCA0001868BDE8084014F0F9BB00BFC80A0020BE
:10BCB000487A0020D88100200E490B794A799342B6
:10BCC0000DD8A2EB030C5FFA8CFC60450FD89342B1
:10BCD0000DD00978084A13FB01F3D0587047B1F82A
:10BCE00002C0ACEB030C6244D2B29042F1D9002006
:10BCF000704700BFF00A0020F80A0020094B1979AC
:10BD00005A79187893F802C08A4209D04A1C01FB7C
:10BD10000030D2B2944508BF002280681A71704783
:10BD200000207047F00A002038B5144C627994F86E
:10BD300002E094F804C02578531CDBB29E4508BF8E
:10BD400000239C4509D012FB05F204F1080C2CF8E5
:10BD5000020062445160637138BD094A09490A48CA
:10BD600040F2E46317F0A0FF404080F311884FF0E9
:10BD7000030002DF00231B80FFDE00BFC80A002093
:10BD800018160600CC1C0600F815060000220A232F
:10BD900002700B70704700BF002208B511460A4BB5
:10BDA0000120FDF7E9FD00B908BD084A0849094826
:10BDB00040F2037317F078FF404080F311884FF092
:10BDC000030002DF08BD00BFA80A00201816060005
:10BDD00064170600F8150600022810B50C4602D0BC
:10BDE0000B68022B07D004484FF0FF324FF0FF33AF
:10BDF00014F07AFB206810BDDC81002004490A6839
:10BE00000AB110467047024608601046704700BFEE
:10BE10003C7A0020044A136823B1984206BF0021EF
:10BE200011600023184670473C7A0020014B1868C7
:10BE3000704700BF3C7A002004490A680AB11046E6
:10BE40007047024608601046704700BF407A0020E5
:10BE5000044A136823B1984206BF002111600023F1
:10BE600018467047407A0020014B1868704700BFA1
:10BE7000407A002030B505682B7887B04BB3044674
:10BE800001220021684620F06DFD2B78124AC5F88A
:10BE900018D06A61EBB1114B0022114603209C605F
:10BEA000FDF76AFD38B94FF400420023684614F0EC
:10BEB0001BFB07B030BD0A4A0A490B484FF4F76331
:10BEC00017F0F2FE404080F311884FF0030002DFCC
:10BED000E9E76FF07700ECE7ADB30300980A0020C4
:10BEE0001816060064170600F8150600F0B5254E72
:10BEF000336885B00C461746002B36D0994215D1D1
:10BF00000223039303AB0246009303211E4B002040
:10BF1000FFF794F8022805460CD0039B022B09D1A9
:10BF200095B133680BB19C4221D014B36FF02D0052
:10BF300005B0F0BD15484FF0FF324FF0FF3314F05D
:10BF4000D3FA039D002DECD13846FFF793FF3368F9
:10BF50000BB19C4211D0002CE8D10028E8D010F1A0
:10BF6000780F08BF002005B0F0BD3160C8E700239E
:10BF700033606FF0770005B0F0BD35600028D7D092
:10BF8000EDE700BF3C7A0020A1B30300DC81002074
:10BF90000E490B794A7993420DD8A2EB030C5FFA54
:10BFA0008CFC60450FD893420DD00978084A13FBEA
:10BFB00001F3D0587047B1F802C0ACEB030C6244F7
:10BFC000D2B29042F1D90020704700BF240B00206C
:10BFD0002C0B0020094B19795A79187893F802C074
:10BFE0008A4209D04A1C01FB0030D2B2944508BFF6
:10BFF000002280681A71704700207047240B0020CF
:10C0000038B50C46054603F073FD207021462846DE
:10C01000024ABDE83840FDF737BC00BF507A002027
:10C020000122024B11460020FDF7A6BC880A002021
:10C0300070B50C46054603F05BFD21462070064AAC
:10C040002846FDF721FC0122BDE87040034B114654
:10C050000020FDF791BC00BF507A0020880A002024
:10C060002DE9F0431A4C9DF81C6094F805C0277820
:10C0700005460CF1010EA0785FFA8EFE704508BFF0
:10C080004FF0000E207970451ED01CFB07FC04F118
:10C090000800D2F80090D2F804809768D26840F87F
:10C0A0000C906044C0E90435037FC0F8048006F0BA
:10C0B000010623F0030333438760C2608161037785
:10C0C00084F805E0BDE8F0830020BDE8F08300BF00
:10C0D000440C002005480279417990F800C0914253
:10C0E0001ABF083002FB0C0000207047440C0020EF
:10C0F00000B50D4B0278997893F805C093F800E0ED
:10C1000091429CBF1A79027094450AD0531CDBB24D
:10C11000994208BF00230549037002FB0E105DF829
:10C1200004FB0020FBE700BF440C00204C0C002067
:10C130002DE9F04F2B4C22796179237883B091421D
:10C14000019032D004F108094FF00008DFF898B0F0
:10C1500002FB0393C2461A7FDF689107C2F34005D2
:10C1600002F0010624D5617923792278A0789942DA
:10C170001BD00133DBB2984208BF002399422371E0
:10C1800013D003FB0293002DE5D176B1BAF1000F75
:10C1900026D0B8F1000F08BFB8461A7FD207DAD50B
:10C1A000DA68924501D09045D5D103B0BDE8F08F53
:10C1B000CBF8083001980C4B2A462946FDF7DCFBEA
:10C1C0000028D0D0094A0A490A4840F62A0317F045
:10C1D0006BFD404080F311884FF0030002DFC2E79F
:10C1E000BA46DAE7440C0020780A00201816060048
:10C1F00064170600F8150600064B1A795979187865
:10C20000914205D002FB0033986810B1203070478E
:10C2100000207047280C002070B5144A1379547917
:10C22000117895789C421FD003FB012101338C6863
:10C23000DBB29D4208BF00231371ACB1022300257D
:10C24000266823712560E06103F052FC084A2070E3
:10C2500021463046FDF718FB0122064B11462846C1
:10C26000FDF78AFB204670BD0024FBE7280C002068
:10C27000507A0020880A00202DE9F04F83B01D4637
:10C280009DF83C300C9CDDF83890019417460D9ACF
:10C29000009253B35C1E95F800A080460E46E4B2AF
:10C2A0000AF101035FFA83FA564508BF4FF0000A0E
:10C2B0005745484619D0FDF78BFA83460098BBF1E5
:10C2C000000F12D0FDF784FA90B10023CBF80430B0
:10C2D000C0F800B02A78019B12FB08F29850013C8C
:10C2E000E4B2FF2C85F800A0DAD103B0BDE8F08FEE
:10C2F0004946584603B0BDE8F04FFDF77FBA00BF8E
:10C3000070B5334C334DA279A188334E002084B0F0
:10C310002346A88004F10800FDF734FAE379A279F6
:10C32000301D1A4408213346FDF72CFA02962E469A
:10C33000A37916F8080B03932A79A9786B1DCDE928
:10C340000064FFF799FF254B1122181D6421FDF7AA
:10C3500019FA234B1622181D0821FDF713FA20485D
:10C36000FDF736FA0446B8B11E4A2046111FFDF704
:10C370007DFA1B48FDF72CFA0446D8B11A4A20462C
:10C38000111FFDF773FA194B0E22FF201A80FFF7D9
:10C3900069F8002004B070BD154A1649164840F6E9
:10C3A000D40317F081FC404080F311884FF0030064
:10C3B00002DFD9E70E4A0F490F4840F6DB0317F0BA
:10C3C00073FC404080F311884FF0030002DFD5E793
:10C3D000400B0020280C0020B48100200C7B0020A2
:10C3E000587A0020507A0020487A0020547A0020A1
:10C3F00018160600AC1B0600F815060030B5354BC4
:10C40000354C186087B00CF0E7FD2378002B5CD02A
:10C410003249334A334D05954FF0050C81F808C079
:10C42000314C0492314A0220CDE9022404230D2428
:10C43000CDE900142E4A087408760B7000200C21F8
:10C44000FEF7F8FC002832D101220021294820F013
:10C4500089FA0AF0A1FD044610B1204607B030BDAC
:10C46000FFF74EFF04460028F7D10BF01DFA0446F3
:10C470000028F2D102F0D4F904460028EDD10BF0E7
:10C48000CBFF04460028E8D102F09EFB04460028BA
:10C49000E3D10CF00FF904460028DED103F0D6F802
:10C4A00004460028D9D10120ECF74AF8D5E7124A12
:10C4B0001249134840F25A2317F0F6FB404080F32C
:10C4C00011884FF0030002DFBEE7FDF7FFF90123FB
:10C4D00023709DE7D8810020C5AB00206484002034
:10C4E000559C0400A59D0400F19B0400F4810020EC
:10C4F00084840020DC8100201816060054160600F3
:10C50000F815060010B586B002F09AF9002838D167
:10C5100002F0DAFB002845D103F09AF8002852D146
:10C520000024454B20469C80ECF70AF84349444AD6
:10C53000444B8C8094809C8001222146684620F0E8
:10C5400011FA414B224621460320C3F808D0FDF7DB
:10C5500013FA002861D14FF0FF324FF0FF336846E5
:10C5600013F0C2FF02F072F9002848D1FFF7C8FEAD
:10C57000002836D10021012006B0BDE81040FEF7AA
:10C5800069BE324A324933484FF4407317F08CFB8E
:10C59000404080F311884FF0030002DF02F094FB6B
:10C5A0000028B9D0294A2A492A4840F2123317F004
:10C5B0007BFB404080F311884FF0030002DF03F063
:10C5C00047F80028ACD0214A2149224840F23233B2
:10C5D00017F06AFB404080F311884FF0030002DF40
:10C5E0009EE71A4A1A491B4840F27B3317F05CFB5E
:10C5F000404080F311884FF0030002DFBAE7134A8E
:10C600001349144840F26E3317F04EFB404080F35C
:10C6100011884FF0030002DFA8E70C4A0E490D48CD
:10C6200040F2613317F040FB404080F311884FF037
:10C63000030002DF8FE700BFC80A0020440C00207F
:10C64000240B0020F00A0020B80A0020181606006B
:10C6500054160600F81506006C17060008B5FFF71B
:10C6600051FFBDE808400AF0C7BC00BF10B582B05A
:10C670000024CDE90044049B0AF0BCFE02B010BDCA
:10C6800010B50346007F1A699969012482B02040E1
:10C69000CDE9000458690AF0ADFE08B1773001D148
:10C6A00002B010BD064A074907484E2317F0FCFAAE
:10C6B000404080F311884FF0030002DF02B010BD4C
:10C6C00074170600B8170600F815060008B50248EA
:10C6D000F6F72CFF002008BD2C18060030B5038AA1
:10C6E00083B023B1037E0446C3B1022B04D06FF0A4
:10C6F0001505284603B030BD01A900F0B3FF019B2A
:10C70000054613B11846F6F7F3FE002DF1D1204689
:10C710000DF074FC0025284603B030BD01A901933B
:10C7200000F0D8FA0028F2D0F6F7E2FE019D002DC5
:10C73000EDD0284601F058FC68710199014820F0BD
:10C74000F8F8E4E7C486002008B5FFF787FF04483F
:10C75000F5F7D0F90348F5F7CDF9002008BD00BF83
:10C76000583B0020903A00202DE9F041424EDFF87E
:10C770001481424F82B04FF0FF324FF0FF3330460A
:10C7800013F058FE0028F6D043790190042B21D8ED
:10C79000002B4BD13A4840F2CB134246394617F0B2
:10C7A00083FA404080F311884FF0030002DF019BC1
:10C7B00000221A6001A8FFF777F94FF0FF324FF01F
:10C7C000FF33304613F036FE0028D4D04379019071
:10C7D000042BDDD9052BDDD14FF0FF324FF0FF33B5
:10C7E0000320F6F7B5F804462146019800F0C0FF93
:10C7F000019B00221A6001A8FFF756F9002CBAD05D
:10C8000020461DF057FC2146054600201DF078FC0F
:10C810002B8A0446284633B1F6F706FE14F022FAB6
:10C82000002CEDD1A7E70DF0E9FBF7E7022B13D0C1
:10C830004FF0FF324FF0FF330120F6F789F804463E
:10C8400001989CB1214600F0CDFF019B00221A60A7
:10C8500001A8FFF729F9D3E70022002301210020D6
:10C86000F6F7A6F804460198002CEBD1046001A865
:10C87000FFF71AF97FE700BFC4860020781606008C
:10C88000F8150600CC1706002DE9F0412E4F2F4E6B
:10C8900082B00CE0F6F78CF82246BDF80210044690
:10C8A00001F08AFB2046F6F723FE14F0DBF90DF1C8
:10C8B000020101A8FEF7B6FF04464FF0FF324FF029
:10C8C000FF3300211320002CE4D1019BB3B1FFF70B
:10C8D00023F8DDF80480404601F086FB019D88F8CE
:10C8E00005006B79032B02D12B79182B0ED029462A
:10C8F000304620F01EF8019B002BD8D14FF0FF32BC
:10C900004FF0FF33384613F0EFFDD0E74FF0FF3321
:10C9100021464FF0FF320520B5F80680F6F748F8BB
:10C9200041460246044605F11C0000F0F9FE40466F
:10C9300000F016FF204624B1F6F7DAFD20460DF090
:10C940005DFB019DD3E700BFDC860020C48600208C
:10C95000D0B588B01E481FF0C0FF4FF0FF32002155
:10C960001C481FF0FFFF1B48FFF748FD044658BB5B
:10C97000E9F772FF002600276FF00902CDE90324D2
:10C98000CDE90667CDE90144134B144900944FF4F7
:10C99000E072134813F070FB124911481FF00BFFAF
:10C9A0006FF00702CDE90324CDE90667CDE9014424
:10C9B0000D4B0E49009440F698020D4813F05CFBB5
:10C9C0000C490B481FF0F7FE204608B0D0BD00BF51
:10C9D000C4860020DC86002089C8030078E100209E
:10C9E000583B00200C18060069C70300E0D800205F
:10C9F000903A00201818060010B514F0FBF8054C0A
:10CA000020461FF076FF20461FF067FFBDE810406C
:10CA100014F004B9C48600202DE9F047DFF8A4A083
:10CA2000DAF80090B9F1000F32DB80460F46164667
:10CA300010D0214C002521460622304620F092FDE0
:10CA400018B914F8013CBB4225D00135A94504F1C1
:10CA50000804F0D1194C1A4923683568DA00501CD3
:10CA6000B9F10F0F0D500844B588858001F8337077
:10CA7000D4BF09F1010301330A44D8BFCAF800301A
:10CA80000121102B01FA08F108BF0023D1712360A6
:10CA90000020BDE8F0870A4B03EBC503DA7922FAE0
:10CAA00008F1C90702D50120BDE8F087012101FA8C
:10CAB00008F10A43DA71EBE701870020F8860020CD
:10CAC00000870020FC8600202DE9F0411A4C6468A4
:10CAD000A40004D51646194A1268120701D4BDE80D
:10CAE000F08103F10C0405460F46204602211DF09B
:10CAF0001DFB40F63E430380012120461DF016FB3E
:10CB00000346042220461A700B211DF00FFB05700E
:10CB1000A0F801603DB97B68BA68C0F80720C0F88A
:10CB20000330BDE8F0814FF00008C0F80380C0F882
:10CB30000780BDE8F08100BF00030020F80200205C
:10CB4000F0B5013887B0144611280AD8DFE800F0A4
:10CB5000233F55090967097998AB090909090909AA
:10CB6000090D6FF0150007B0F0BDCB68DA78997841
:10CB7000188808F0A9FB554B06460121188819F0C2
:10CB8000D2FC012105460C301DF0D0FA067025605C
:10CB9000002007B0F0BD4D4B0D21188819F0C3FCE3
:10CBA0000D2120600C301DF0C1FA4FF0021400235B
:10CBB0004FF4407105220370C0F80140A0F8051041
:10CBC000C271037243728372C3720373E0E73F4B17
:10CBD0004121188819F0A7FC412120600C301DF07C
:10CBE000A5FA002104463E2200F8031B20F0ECFACF
:10CBF00040F2A733A4F80130CAE7344B0921188862
:10CC000019F091FC092120600C301DF08FFA0346C9
:10CC1000002203F8012BC0F801205A60B8E7C96868
:10CC20000020FEF717FB294B0121188819F07BFC27
:10CC3000012105460C301DF079FA002303702560B0
:10CC4000A6E7234E214F0FCE01AD0FC533683888BC
:10CC50002B70122119F067FC122120600C301DF09E
:10CC600065FA0446002301AE04F8013B84460FCE6A
:10CC70002D78CCF801006160A260E360257487E73D
:10CC8000124B1821188819F04EFC182120600C3026
:10CC90001DF04CFA00230446012100F8023B0DF080
:10CCA00085F8607074E7094B2121188819F03BFC66
:10CCB000212120600C301DF039FA0146002301F8D3
:10CCC000113B01300DF0C2F862E700BF96A50020CD
:10CCD000441806002DE9F041038A8EB00022022B91
:10CCE000099231D904460E460C3003211DF04FFA4B
:10CCF000228A83789A4227D30088D24FC0F38523B3
:10CD0000082B1FFA80FC3880C0F3090509D8A3B1AD
:10CD1000013B072B11D8DFE803F01C10284C101042
:10CD200010653F2B09D109AA21462846FFF708FFC5
:10CD3000163040F07E84B7F800C0012160460EB086
:10CD4000BDE8F04119F001BC002420460EB0BDE85A
:10CD5000F081062D00F020841D2DEED1E3681888A7
:10CD600002F04EFB01463888E9E7632D00F05E844F
:10CD700000F2EF80032D00F031842D2D40F0D4809F
:10CD8000E368604604211E8893F8028019F0CBFB0B
:10CD9000042104460C301DF0C9F9B7B20546C31C86
:10CDA000424639460220FEF73FFAA5F80160287096
:10CDB000CBE7681E0828C0D801A353F820F000BFB5
:10CDC00019D00300CDCF0300A7CF03003BCD030054
:10CDD0003BCD03003BCD03003BCD03003BCD030027
:10CDE00087CF0300681E4D28A7D801A353F820F071
:10CDF00093D2030071D20300BBD303003BCD0300E9
:10CE0000B1D3030095D303007BD303006FD303009A
:10CE100063D3030059D3030041D303006DD503004E
:10CE20002FD5030027D5030007D5030001D5030044
:10CE3000F9D40300F1D40300CFD40300C7D4030016
:10CE40009FD4030091D4030057D4030037D40300C8
:10CE50001FD4030015D4030005D4030051D20300EE
:10CE60003BCD03003BCD03003BCD030031D203009B
:10CE700017D2030007D20300D3D10300C7D10300A8
:10CE80003BCD03003BCD0300B9D10300B1D103007A
:10CE9000ABD103008BD1030059D1030027D103008C
:10CEA00007D10300F9D00300AFD0030059D003002D
:10CEB00021D30300CFD203003BCD03003BCD0300C1
:10CEC0003BCD03003BCD03003BCD03003BCD030036
:10CED0003BCD03003BCD03003BCD03003BCD030026
:10CEE0003BCD03003BCD03003BCD03003BCD030016
:10CEF0003BCD03003BCD03003BCD03003BCD030006
:10CF00003BCD03003BCD03003BCD03003BCD0300F5
:10CF10003BCD03003BCD0300ADD203003BCD03006E
:10CF20003BCD0300A3D20300012D7FF406AFE268DE
:10CF3000454B116852681960604629465A6019F0DD
:10CF4000F2FA012104460C301DF0F0F800230370C2
:10CF5000FBE67B2D00F029837C2D7FF4EEAEE368A9
:10CF60001E885988B0B202F04BFB05460321388871
:10CF700019F0D9FA032104460C301DF0D7F80570DA
:10CF8000A0F80160E1E66046072119F0CCFA07211C
:10CF900004460C301DF0CAF80146002001F8010BD0
:10CFA000FEF78AF9D1E60921604619F0BCFA092199
:10CFB00004460C301DF0BAF80346002203F8012B9A
:10CFC0006021C0F801205A604171BEE660464121EF
:10CFD00019F0A9FA412104460C301DF0A7F80021F0
:10CFE00005463F2200F8021B20F0EEF80423174A02
:10CFF000EB72EB7520231649C5F81A20C0204FF4B8
:10D0000090626B704FF40A73A871C5F82110A5F8EF
:10D010002720A5F80F3098E60921604619F083FA19
:10D02000092104460C301DF081F84FF450610023B3
:10D03000084A01800D218370C3700171C0F805207A
:10D0400083E600BF96A5002000030020F7FFFF0F36
:10D0500030F0F97FF105FFFFE368604605211E8887
:10D0600019F061FA052104460C301DF05FF8054601
:10D070002A1DB0B2E91C02F03BFAEB782A7928703D
:10D08000002B93FAA3F3B3FA83F308BF4FF0FF33F7
:10D090000133EB70002A92FAA2F3B3FA83F308BFCC
:10D0A0004FF0FF330133A5F801602B714DE6604668
:10D0B000092119F038FA092104460C301DF036F820
:10D0C0000AAB05460DF1220208A90DF11E0002F07F
:10D0D00003FABDF81E30A5F80130BDF82030A5F8E0
:10D0E0000330BDF82230A5F80530BDF82820A5F89A
:10D0F000072000232B7028E6E368188808F026FF35
:10D10000388801211BE7E368187808F007FF054617
:10D110003888012119F007FA012104460C301DF06E
:10D1200005F8057011E6E36818680A909A889B79FB
:10D130008DF82E3060460721ADF82C2019F0F3F958
:10D14000072104460C301CF0F1FF0546411C0AA8DB
:10D1500008F0B0FE2870F8E5E36818680A909A882D
:10D160009B798DF82E3060460721ADF82C2019F000
:10D17000DAF9072104460C301CF0D8FF0546411CA3
:10D180000AA808F05DFE2870DFE56046022119F06C
:10D19000CAF9022104460C301CF0C8FF054608F00D
:10D1A000F3FC002368702B70CFE508F0EFFCAEE7CE
:10D1B000E06808F02FFDAAE7E06800F11702C11D42
:10D1C00009F012F9A3E7E3685988188802F07AF9A0
:10D1D0009DE76046052119F0A6F9052104460C30AB
:10D1E0001CF0A4FF0AA905460DF1220002F05EF929
:10D1F000BDF82230A5F80130BDF82820A5F803209D
:10D2000000232B70A1E5E3681E889A885988B0B284
:10D2100002F01AF9A9E6E268168892780023CDE9AF
:10D220000233CDE900330221B0B202F021F89CE6CE
:10D23000E16800220E884B88039208890290C88812
:10D24000019089880091B0B2022102F011F88CE6B9
:10D250000921604619F067F9092104460C301CF0D9
:10D2600065FFBF49BF4A01600023426003726CE55D
:10D270000421604619F057F9042104460C301CF0D3
:10D2800055FF00231B210322037041708370C2707D
:10D290005BE5E268B44B1168526819606046012191
:10D2A0004CE6E068C17908F05BFE30E76046032198
:10D2B00019F039F9032104460C301CF037FF014600
:10D2C000002301F8023B0130FDF7C0FF3DE5E268B5
:10D2D00091781088B2F80540CB0703D5D37843F096
:10D2E0000303D37013798E07D17844BF43F003034F
:10D2F000137143EA0102032A00F2A4814D0700F0F2
:10D300009E815A0700F09B8114F003021CBF04F1B8
:10D31000FF3404F0010202F017F9014638880EE5E7
:10D32000E3681A78D10744BF0721597092074CBFB0
:10D3300007219978587848BF997002F0FBF8E6E623
:10D34000E4686379B4F80320B4F801102078A47974
:10D350000094E9F7F5FCDAE6E3681878E9F7B0FA43
:10D36000D5E6E16811F8010B01F0DCFBCFE6E168DE
:10D3700011F8010B01F066FBC9E60221604619F0C5
:10D38000D2F8022104460C301CF0D0FE00230370BA
:10D390004370DAE4E468A57BA37962792179208877
:10D3A0000295657B01950734009401F045F9AEE6DE
:10D3B000E1680120FDF74EFFA9E66046092119F05A
:10D3C000B2F8092104460C301CF0B0FE03460025DB
:10D3D00003F8015BC0F801505D600646FDF71EFFD3
:10D3E0002B4661F30703C1F3072262F30F23090CF5
:10D3F00061F31743090A61F31F63C6F80100C6F819
:10D400000530A2E4E3681E8800220621B0B207F0CE
:10D4100049FFAAE5E268002132F8026BF6E7E2680C
:10D42000114602F10C0331F8020B0A3208F02AF817
:10D430000146388883E46046092119F074F809210F
:10D4400004460C301CF072FE002300F8013B08215A
:10D4500009F0E2FD79E4E06800230AAA00F1100176
:10D460000BF034FE3888112119F05DF811210446C3
:10D470000C301CF05BFE0646002306F8013B0AADAB
:10D4800007460FCDC7F801007160B260F3605CE43D
:10D49000E368188801F090FF014638884FE4E3689C
:10D4A000604608211E8819F03EF8082104460C3019
:10D4B0001CF03CFE0546E91CB0B201F021FFA5F8C6
:10D4C0000160287041E4E06808F0A2F81FE6E16816
:10D4D00000224B88088803920C890294CC8801941E
:10D4E00089880091114601F0C3FE0146388826E480
:10D4F000E06808F0B1FA0AE6E06808F019FA06E612
:10D5000008F0ECF903E66046022119F00CF802215C
:10D5100004460C301CF00AFE00230370054608F098
:10D52000DBF9687011E4304607F05EFFEFE5E46870
:10D53000B4F8135061886379227920880495B4F88F
:10D5400011500395B4F80F500295257B01950634D0
:10D550000094EAF7F1FA01463888FFF7F0BB00BF04
:10D5600000FFFF3FFFFF0300F8020020E368187888
:10D57000002861D05B78002B5ED0344A0023136012
:10D58000334A136001F044FB0C2805464FF00101BB
:10D59000388808BF0025BDE5E3689978188801F050
:10D5A000D3FE01463888FFF7CABBE3681E880AA984
:10D5B000B0B201F0FFFF05210546388818F0B3FF2F
:10D5C000052104460C301CF0B1FD0570A0F8016087
:10D5D000BDF82830A0F80330FFF7B7BB1C481D4941
:10D5E0001D4A1E4B4FF0FF34046041F6FF754FF0AB
:10D5F000FF34C1E9004500200021C2E900011F20DD
:10D600000021C3E90001FEF77DFF3888012118F0F1
:10D610008AFF012104460C301CF088FD0023104ACB
:10D6200003701360FFF7E8F9FFF78FBBE2680A4B5E
:10D6300031E6099CFFF789BB4FF0FF33A0E71221C9
:10D64000FFF77CBB1121FFF779BB00BFF8860020F4
:10D65000FC86002000030020203C0020F80200206F
:10D66000F48600202DE9F84300230B60038A032B86
:10D670002ED9054688460C3004211CF088FD2B8AE3
:10D680004788B0F80090BB4222D31B2F20D801F06E
:10D6900095FD4FEA193633460446F8B19B0817D179
:10D6A000D6B1012E14D12379677166F3010323717A
:10D6B000E9683A46E01D1FF05FFD2146C9F30B0003
:10D6C00001F088FD08B9BDE8F883204601F07CFD33
:10D6D0006FF01500BDE8F8830226E4E70F4B1B68E6
:10D6E0009B0117D54FF0FF324FF0FF330120F5F7C4
:10D6F0002FF90221C8F800000C301CF017FD4FF480
:10D700008D730380D8F8000001210C301CF00EFD51
:10D71000012303706FF06800D5E700BF000300200D
:10D72000F8B50E4B1B68DB0600D4F8BD02F10C0403
:10D7300006460D46204602211CF0F8FC034640F246
:10D7400005421A80204604211CF0F0FC00270770D7
:10D75000A0F801503278C270F8BD00BF000300206D
:10D76000024A1368013B1360704700BFF486002033
:10D7700070B5037FC68803F00303013B012B0DD96D
:10D78000154A1649164842F2342316F08DFA4040E5
:10D7900080F311884FF0030002DF70BD044601F1F1
:10D7A0000C05284604211CF0C1FC237F03F0030371
:10D7B000022B0CBF46F4005646F480560680637F69
:10D7C0004380617F28461CF0B1FC627F04F11F0199
:10D7D000BDE870401FF0D0BC58180600781606004F
:10D7E000F81506002DE9F04F90F804C0C688BCF18A
:10D7F000030F89B004460D4600F11C071FD0ACF1A1
:10D80000050CBCF1180F34D8DFE81CF043003300DE
:10D810003300330033003300330033003300330070
:10D820003300330033003300330033003300330060
:10D83000BE001D01250154016B017E01AE01C37FB5
:10D84000033B122B00F2C781DFE813F04302C5014E
:10D85000C5016A028302C501F901C501C501C501FF
:10D860000202C5011D02C5012000C501C501D30189
:10D87000D301B54AB549B64842F2241316F014FA5A
:10D88000404080F311884FF0030002DF09B0BDE88B
:10D89000F08FB04A037EA67E94F8198092E80300C8
:10D8A0005B425FB20B0C8DF81E30237FADF81C106D
:10D8B00059060690C6F3400600F16C82A64B5B68E1
:10D8C00003F00053002E40F0A582002BDED0A34BC6
:10D8D0001B689B07DAD5207F04F11E09C0F3801175
:10D8E0004A4600F00F00FFF797F80028CED1237FBB
:10D8F00003F00F03012B00F03C83627F931DA2F124
:10D90000060A05325FFA8AFA5FFA83FBD3B20593FF
:10D9100056460C35022128461CF008FC3E230370B5
:10D9200080F801B0012128461CF000FC03460222C9
:10D930001A70059928461CF0F9FB01230370237F18
:10D9400003F00F0320336B44054613F8083C437083
:10D9500008F01AF98045C0F01283237FC3F38013C7
:10D96000AB70D4F81E30C5F80330B9F80430A5F810
:10D97000073085F809A00A3504F12401324628460B
:10D980001FF0FAFBAF5581E7F80700F1F581277F1B
:10D99000002F00F0E881704B5B6899007FF576AF4F
:10D9A0006E4B1B6840F20122134203F400783FF4EF
:10D9B0006DAF0C35002F40F00082694A13680133C7
:10D9C0001360B8F1000F00F07D82022128461CF0A0
:10D9D000ADFB41F63E730380012128461CF0A6FBF7
:10D9E00003460A221A7028461E211CF09FFB07706E
:10D9F000A0F80160637FC370A37F0371D4F81F3068
:10DA0000C0F80530B4F82330A0F80930D4F82B3032
:10DA1000C0F80B30B4F82F30A0F80F30D4F8253010
:10DA2000C0F81130B4F82930A0F81530638EA0F892
:10DA30001730A38EA0F81930E38EA0F81B3094F8AD
:10DA40003830437722E70A463846314609B0BDE808
:10DA5000F04FFFF765BE404B5B689A007FF516AF4D
:10DA60003E4B1B685B077FF511AF0C350221284642
:10DA70001CF05CFB40F63E230380012128461CF08D
:10DA800055FB0346032228461A7009211CF04EFB61
:10DA9000FF07054600F15F82237F2B70A5F8016028
:10DAA000E38BA5F80330238CA5F80530638CA5F82B
:10DAB0000730EBE6284B5B6818044FF000047FF555
:10DAC000E5AE0C35022128461CF030FB4FF44C73B8
:10DAD0000380032128461CF029FB0470A0F8016094
:10DAE000D4E6204B1B6819027FF5D0AE0C3502211D
:10DAF00028461CF01BFB40F25723038002212846D6
:10DB00001CF014FB0680C1E6134B5B689A007FF59E
:10DB1000BDAE124B1B681B037FF5B8AE0C3502215E
:10DB200028461CF003FB40F23E43038001212846B7
:10DB30001CF0FCFA14230370032128461CF0F6FAAB
:10DB40000680237F8370A1E6581806007816060029
:10DB5000F81506006CE0050000030020F802002024
:10DB6000F4860020203C0020A44B5B689F007FF5DA
:10DB70008DAEA34B1B6818057FF588AE0C350221CE
:10DB800028461CF0D3FA40F23E6303800121284668
:10DB90001CF0CCFA0C230370052128461CF0C6FAB1
:10DBA000237F0370A0F80160627F002A92FAA2F33B
:10DBB000B3FA83F308BF4FF0FF330133C370A27F82
:10DBC00092FAA2F3002AB3FA83F308BF4FF0FF33AF
:10DBD000013303715AE68B4A8B498C4842F2082381
:10DBE00016F062F8404080F311884FF0030002DF26
:10DBF0004CE6824B5B689A007FF548AE804B1B6811
:10DC00005B067FF543AE0C35022128461CF08EFAE8
:10DC100040F63E330380012128461CF087FA072393
:10DC200003700A2128461CF081FA0680A38C4380E9
:10DC3000E38C8380238CC380638C038126E60B46B0
:10DC400032463946002009B0BDE8F04FFEF73CBF30
:10DC50006A4B90F820401B681F067FF517AE0C3505
:10DC6000022128461CF062FA4FF4816303800421EC
:10DC700028461CF05BFAB4FA84F35B090470A0F840
:10DC80000160C37002E65D4B5B68980040F18A80DA
:10DC90005B4B1B68990640F185800C3502212846B4
:10DCA0001CF044FA40F63E330380012128461CF064
:10DCB0003DFA062303700A2128461CF037FA068035
:10DCC000238C4380638C8380A38CC380E38C03818B
:10DCD000DCE54A4B5B6899007FF5D8AD484B1B6883
:10DCE000DA067FF5D3AD0C35022128461CF01EFA6A
:10DCF00040F63E530380012128461CF017FA052305
:10DD000003700C2128461CF011FA034623F8026B1D
:10DD1000216A626AC0F802105A60238D4381B5E51A
:10DD2000364B1B681B064FF000047FF5AFAD0C357A
:10DD3000022128461CF0FAF94FF481630380042184
:10DD400028461CF0F3F901230470A0F80160C370A9
:10DD50009CE590F820300E2B7FF498AD0B463246B0
:10DD600000211A206FE7A07F04F12503FF2204F1B0
:10DD70001F0107F0FFFF0EE6224A2549234841F61E
:10DD8000427315F091FF404080F311884FF003007B
:10DD900002DFFCE5002104F11E034246084607F0BD
:10DDA000E9FF8BE50023CDE90233CDE900331A22E8
:10DDB0000221304601F05CFA68E5B8F1000F40F04E
:10DDC000B180022128461CF0B1F941F23E330380B4
:10DDD000012128461CF0AAF90123037012212846CC
:10DDE0001CF0A4F9C0F80180C0F80580C0F80980D3
:10DDF000C0F80D8080F81180077047E5000300200F
:10DE0000F80200205818060078160600F8150600DB
:10DE1000BC180600002B3FF439AD624B1B685A0555
:10DE20007FF534AD207F00F00F03012B0DD05E4A4B
:10DE30005E495F4841F6640315F036FF404080F3C9
:10DE400011884FF0030002DF207F04F11E06C0F3AB
:10DE50008011324600F00F00FEF7DEFD00287FF44F
:10DE600015AD0C35022128461CF060F941F23E2325
:10DE70000380012128461CF059F903460B221A7031
:10DE8000284611211CF052F940F201130380054687
:10DE900007F07AFE80457BD3237FC3F38013AB70FA
:10DEA000D4F81E30C5F80330B388A5F80730237FB7
:10DEB000C3F3C0136B72636AC5F80A30238DEB811C
:10DEC0002F74E3E4022128461CF030F941F23E337E
:10DED0000380012128461CF029F9034601221A700B
:10DEE000284612211CF022F90770A0F80160637F18
:10DEF000C370A37F03F001030371D4F81F30C0F88F
:10DF00000530B4F82330A0F80930638EA0F80B3048
:10DF1000A38EA0F80D30E38EA0F80F3094F83830BF
:10DF20004374B3E4022128461CF000F941F63E7325
:10DF30000380012128461CF0F9F80A2303701E21F2
:10DF400028461CF0F3F804461D22002101301FF082
:10DF50003BF927709AE4144A1649154841F6CB73E9
:10DF600015F0A2FE404080F311884FF0030002DF5D
:10DF700092E50B2305934FF00C0BB246C9E44046E3
:10DF8000EA1CA91C07F0B8FDAB780233AB70F0E4D3
:10DF9000EA1C4046A91C07F0AFFDAB780233AB701A
:10DFA00085E700BFF8020020581806009418060004
:10DFB000F8150600F818060070B500F10C040E46BE
:10DFC0002046022115461CF0B1F840F2135303809D
:10DFD000052120461CF0AAF801230370A0F8016077
:10DFE000A0F8035070BD00BF0379032B08D0053B98
:10DFF000DBB2182B01D900207047054AD05C70476E
:10E00000037F03F00303032B14BF05200420704794
:10E010003419060030B583B0194B079D194AEB1A25
:10E02000A2FB032313F47F5FC3F3871419D1A21C4F
:10E03000154B0095D2B201210020FCF7FFFF10F034
:10E04000FD0F0CD0114A1249124840F69E1315F0EC
:10E050002BFE404080F311884FF0030002DF03B035
:10E0600030BD0A4A0C490B4840F6991315F01CFEC6
:10E07000404080F311884FF0030002DFD7E700BF74
:10E08000B4870020898888889DE003005019060025
:10E090009C190600F81506009019060000B170479B
:10E0A0000C4B10B502460C46022001219C60FBF788
:10E0B00063FC00B910BD084A0849094840F6BA1384
:10E0C00015F0F2FD404080F311884FF0030002DFAD
:10E0D00010BD00BF6C0D002050190600641706002B
:10E0E000F8150600F8B505682F6E0646C7B16C6EC8
:10E0F00000232B663CB300211723696623714FF67A
:10E10000FF73E38004F11C001E221FF05DF83C2326
:10E110002377A66021463846BDE8F840FDF7B8BD34
:10E12000104A1149114840F6E61315F0BDFD404074
:10E1300080F311884FF0030002DF6C6E2F6E002316
:10E140002B66002CD7D1074A0949084840F6EA1344
:10E1500015F0AAFD404080F311884FF0030002DF64
:10E160006C6EC8E750190600B8190600F8150600CD
:10E17000CC19060038B5044610F81C3B53B3174DB4
:10E180006369A8606BB1164A1649174840F6CF1369
:10E1900015F08AFD404080F311884FF0030002DF44
:10E1A000A86812490D4B0022C4E905101146012050
:10E1B000FBF7E2FB00B938BD094A0D490A4840F6B1
:10E1C000D61315F071FD404080F311884FF0030025
:10E1D00002DF38BDBDE83840FFF784BF5C0D00208A
:10E1E00050190600E4190600F8150600E5E00300E2
:10E1F0006417060038B591F8293001EB8303DB6A18
:10E200001D7800B938BD0C46FDF710FE8442F9D0E8
:10E2100015F00E0F02D1236A002BF3D0064A0749EE
:10E22000074840F6861315F03FFD404080F3118803
:10E230004FF0030002DF38BD50190600F819060040
:10E24000F815060000B5134B9A8C93F8291093F833
:10E250006AC003EB810122F4437222F00202C96A10
:10E2600042F00E029A84062000224FF4006E6FF3F3
:10E27000420CA3F868E083F86AC00A70487093F80B
:10E28000351003EB810304229B6B1A7058705DF804
:10E2900004FB00BFB487002070B51B4C256AEB6EF1
:10E2A00063B11A4A1A491B4840F6132315F0FCFCC7
:10E2B000404080F311884FF0030002DF05F1600158
:10E2C00005F15C00FBF7D6FA064670B12868EE66E9
:10E2D00000F04AFF0025606E2562FDF7C9FC206E44
:10E2E0006566FDF7B9FC256670BD084A0A4909480C
:10E2F00040F6152315F0D8FC404080F311884FF00C
:10E30000030002DFE2E700BFB487002050190600D7
:10E31000501A0600F8150600AC1B060030B5524C2A
:10E3200094F86A30D90785B063D5236A53B193F85E
:10E33000202042F0020283F82020236A93F8203044
:10E34000DA076BD44848FDF759FD84420CD0474AA0
:10E350004749484840F6DE2315F0A6FC404080F3CC
:10E3600011884FF0030002DF94F82430DB0703AD7F
:10E370000DD502210391404B00950321012200207D
:10E38000FCF75CFE2946FDF727FD002859D1022243
:10E390000321394B009500200392FCF74FFE2946DC
:10E3A000FDF71AFD40BB3548FDF764FD08B1783034
:10E3B00036D12D48FDF72EFD84420CD02B4A2C4936
:10E3C0002C484FF4306315F06FFC404080F3118807
:10E3D0004FF0030002DF236A0BB1FFF75DFF94F8F3
:10E3E0006A3000206FF3000384F86A3000F0AAFC62
:10E3F00020B3002005B030BD1B48FDF70BFD844263
:10E400000CD01A4A1A491B4840F6F72315F04CFC69
:10E41000404080F311884FF0030002DF0C20E9E751
:10E42000124A1749134840F6FD2315F03DFC4040C1
:10E4300080F311884FF0030002DFBAE707F0E6FD32
:10E44000D7E70948FDF7E6FC8442E7D0074A0849C8
:10E45000084840F6E92315F027FC404080F3118876
:10E460004FF0030002DFD9E7B487002050190600FF
:10E47000641A0600F8150600A1B30300D087002037
:10E48000701A0600037803F00F0302F1FF3C022B21
:10E490001FFA8CFC25D0012B0DD01031C9009BB187
:10E4A000062B11D04FF4F37313FB0CF340F25320FF
:10E4B000184480B2704740F2162313FB0CF340F26D
:10E4C000E330184480B2704740781030C00001F249
:10E4D0001B3100F5B37313FB0CF30844184480B2EE
:10E4E000704741780CEB8C03C3EB0310400001F143
:10E4F0001003DB0000F23B1003FB020290B27047F6
:10E500002DE9F0411D468AB04FF6FF739D429DF8FC
:10E510004080119C18D023780133DBB207461646A1
:10E520002370002B63D03949394B0D8104F11C0055
:10E530000022C860C1E9007681F80A809960012054
:10E540001146FBF719FA38B994F8240010F00105C8
:10E5500014D00AB0BDE8F0812E4A2F492F4840F66A
:10E56000441315F0A1FB404080F311884FF00300E5
:10E5700002DF94F8240010F00105EAD1042109A873
:10E5800008F066FD099B264A0694A2FB0312991A1D
:10E5900002EB5102120A40F2471101FB1233214AE9
:10E5A0002149A21AA1FB0212920920490232CDE9A7
:10E5B00004510133CDE90255CDE90055D2B2012114
:10E5C00028460993FCF722FD10F0FD0FC1D0114A37
:10E5D0001749124840F2937315F066FB404080F3F0
:10E5E00011884FF0030002DF0AB0BDE8F081094A4C
:10E5F00010490A4840F6221315F056FB404080F3BC
:10E6000011884FF0030002DF8DE700BF88870020EC
:10E610004C0D00205019060064170600F81506007E
:10E6200021F1D490B487002089888888F5E103001F
:10E630008C1A0600881A06002DE9F04F714C1F460F
:10E64000714B94F86A6086468C4693E8030083B069
:10E6500016F001061546DDF830809DF834209DF84F
:10E66000383000908DF8041040F0A980A18C02F0A1
:10E67000070203F00303520021F4437142EA03222C
:10E6800021F002010A43A28494F8292004EB8202BB
:10E69000BCF1010F0CF10803D2F82C9008BF4FF029
:10E6A000000E0DEB030CA4F868E099F800A01CF82C
:10E6B000083C2AF01F0113F00E0F03F00F030CBFEC
:10E6C000012200220B4362F3451389F8003003F066
:10E6D0000F03012B0AF00F0A5BD094F86A3065F340
:10E6E000420384F86A30DAB25B070CD5134667F34D
:10E6F000C30384F86A30D8F80030C4F86B30434B59
:10E70000B8F804209A8099F8003003F00F02012A2B
:10E7100005F0010B2BD099F80120E2B96BF38613B9
:10E7200062F3C71389F80030062389F8013094F8A2
:10E730003530E46104EB8304AD01A36B05F04005C3
:10E740005A7845F004051D700AB906225A70304601
:10E7500003B0BDE8F08FBAF1010F23D099F8003073
:10E760006BF386136FF3C71389F80030DFE74A466F
:10E770006BF3861367F3C71302F8083BD8F8001051
:10E78000C9F80810B8F8041091800C2389F80130FA
:10E79000CDE7BAF1010FA0D099F80120A2B984F811
:10E7A00040609AE794F84020194909F108001EF0EA
:10E7B000E3FC94F84030063389F80130CEE70C26AC
:10E7C000304603B0BDE8F08F052A0AD9063AD2B226
:10E7D000372309F108010E4884F840201EF091FE0D
:10E7E0007BE70C4A0C490D484FF4D77315F05CFADF
:10E7F000404080F311884FF0030002DF99F80120B8
:10E80000E4E700BFB487002074E005001F88002003
:10E81000F587002050190600C41A0600F8150600F6
:10E8200010B5064C204609F06FF804F10C0009F011
:10E830006BF8FFF707FD002010BD00BFDC8700204C
:10E8400008B5FFF76BFD002008BD00BF38B5094CC7
:10E8500004F10C05204609F067F8284609F064F831
:10E86000204609F051F8284609F04EF8FFF7EAFC77
:10E87000002038BDDC870020034A044B801AA3FB2C
:10E880000030C0F38F107047B487002089888888D3
:10E89000044A0068044B801AA3FB0030C0F38F10B9
:10E8A000704700BFB48700208988888838B9054838
:10E8B00090F86A3013F0010F08BF00207047002065
:10E8C000704700BFB487002028B9044B93F86A0052
:10E8D00000F0010070470020704700BFB48700209F
:10E8E00050B9064B93F86A0010F0010005D093F878
:10E8F000250000F00300704700207047B487002017
:10E9000070B506460C4690F8260007F0F7FC237811
:10E910000546C3F38010FCF7BFFC0368C6F87130EE
:10E920008388A6F875308DB1237843F040032370B7
:10E9300023782A68C4F8022003F00F03AA88E28033
:10E94000012B04F1020503D0284670BD0546EFE710
:10E9500096F8260007F000FD0028F5D0227823461F
:10E9600042F0800203F8082B0268A26082889A8035
:10E97000284670BD1F2957D82DE9F04190F829305D
:10E9800000EB830382B0DF6A3B7803F00F03012BB7
:10E990000E46054690463FD00DF10701283009F09C
:10E9A00035F83A78037802F00F0223F01F0313437F
:10E9B00003703B780278C3F3401363F3451202708F
:10E9C0003B78D2B2C3F3801363F3861202703A46E7
:10E9D000044612F8023B0078DB0963F3C7102346B4
:10E9E000414603F8020BD7F80200C4F802009288EF
:10E9F0009A8004F10800324606361EF0BDFB6670B0
:10EA000095F86A30DB0711D49DF8073085F8293076
:10EA1000002002B0BDE8F08180F840100A46413085
:10EA200041461EF0A9FBF3E71220704795F83530F8
:10EA300005EB830321469A6B2846E8F721F9002865
:10EA4000E2D0E6E703460A4601481946FFF792BFBF
:10EA5000B48700201F2961D82DE9F04190F83530A6
:10EA600000EB830382B09F6B0E460546904600F193
:10EA70003404002F43D020460DF1070108F0C6FFF3
:10EA8000037823F03F033A4643F00403037004463F
:10EA900012F8020BDBB2C0F3801003F03F0343EA2D
:10EAA00080132370B31D6370D7F80230C4F80230AE
:10EAB0009388E3803246414604F108001EF05CFB77
:10EAC00095F86A30DA0707D49DF8073085F83530B5
:10EAD000002002B0BDE8F08195F8292005EB820204
:10EAE0004123D16A0A7802F00F02D340DB07EBD54D
:10EAF00022462846E8F7C4F80028E5D0E9E7204692
:10EB000008F002FFC0B258B995F8353005EB830321
:10EB10009F6B04233B7006237B70ACE71220704789
:10EB20000720D6E703460A4601481946FFF792BF79
:10EB3000B48700202DE9F843099C9DF820902546D4
:10EB4000804615F81C1B0131C9B217461E462170BC
:10EB500081B1174C174B2681002211460120C4E9D0
:10EB60000087E56084F80A909C60FAF705FF78B9A1
:10EB7000BDE8F883104A1149114840F2963315F068
:10EB800093F8404080F311884FF0030002DFE0E784
:10EB9000094A0C490A4840F2A33315F085F8404071
:10EBA00080F311884FF0030002DFBDE8F88300BF57
:10EBB000348800207C0D0020041B0600881A060003
:10EBC000F81506006417060000207047043008B5E9
:10EBD00001F11C02C0B2FDF789F900B908BD783017
:10EBE00001D10C2008BD074A074908484FF4247397
:10EBF00015F05AF8404080F311884FF0030002DF0F
:10EC00000C20EFE7041B0600441B0600F815060065
:10EC100038B52C4C94F8483003F0010258B35ABB75
:10EC20009A07C3F341050BD50120FCF735FB0621FC
:10EC3000FAF710FE002842D094F84850C5F3410579
:10EC400094F83200C0F3C10007F020FA94F8333092
:10EC500094F832206FF34103FF2184F83330930698
:10EC600084F8341002D5023D012D1ED9BDE838408C
:10EC70001448E8F7C9B812B90C25284638BD236AEC
:10EC8000002BF9D12146FFF7A1FF05460028F4D15A
:10EC900094F8483060F3000384F84830FFF706FE2C
:10ECA0000028EAD107F0B2F9E7E7002007F012FAEE
:10ECB00094F8333043F0020384F83330D6E712255A
:10ECC000DBE700BF283C002038B50F4D00243CB9DD
:10ECD00095F8484014F0010402D0286A0A4908B1A6
:10ECE000002038BDFFF772FF0028F0D195F84820CA
:10ECF00060F3000285F84820FFF7D8FD0028E6D130
:10ED000007F084F9E3E700BF283C0020044A054BE4
:10ED1000801A8008A3FB0030C0F34700704700BF93
:10ED2000283C0020BD86F21A044A0068044B801A71
:10ED30008008A3FB0030C0F347007047283C002048
:10ED4000BD86F21A38B9054890F8483013F0010F23
:10ED500008BF002070470020704700BF283C0020FB
:10ED6000044A92F8483003F0010318430CBF1046E0
:10ED700000207047283C0020A0B90B4A92F8483088
:10ED800013F001000FD0106A92F832100038C1F36E
:10ED9000401203F0010303FA02F318BF012043EA13
:10EDA0008000704700207047283C002050B9064B77
:10EDB00093F8480010F0010005D093F83200C0F33A
:10EDC000C100704700207047283C002010B5134B4D
:10EDD0001348144C05224FF4D471FAF7D3FC124BAC
:10EDE0000322181D2421FAF7CDFC104B1722181D01
:10EDF0000821FAF7C7FC02F063FF0D4A0D4B0E49DC
:10EE0000002010601B221A800C4A03234FF4A47CBC
:10EE1000A4F800C00B70137010BD00BF70880020F4
:10EE2000783C002098A500203089002074880020BC
:10EE3000A08900209AA50020C7AB0020C6AB002007
:10EE40002DE9F043D0F80080334983B005464FF4F4
:10EE5000D4724046FAF7EAFC05F15C06294609F04F
:10EE600037FC286E01AA3146FAF720FD28B32B4C57
:10EE70004FF6FF7704F10809627994F802C021790E
:10EE8000531CDBB29C4508BF0023994294F800C094
:10EE900031D012FB0CF202EB090129F80270019A41
:10EEA0004A6012680260019A1060286E637101AABC
:10EEB0003146FAF7FBFC0028DED1D8F8540108F5FA
:10EEC000AA7440B10023C8F854312146FDF7B0F8C8
:10EED00003B0BDE8F083124A1249134840F29D7313
:10EEE00014F0E2FE404080F311884FF0030002DF8F
:10EEF000D8F85401E6E70A4A0C490B4840F28973F6
:10EF000014F0D2FE404080F311884FF0030002DF7E
:10EF100000231B80FFDE00BF783C0020CC0D0020CA
:10EF20005C1B0600A41B0600F81506009C1B0600CF
:10EF300010B50C46B0B9124B0022012102209C6092
:10EF4000FAF71AFD00B910BD0E4A0F490F4840F2FA
:10EF5000437314F0A9FE404080F311884FF0030082
:10EF600002DF10BD074A0A49084840F23D7314F019
:10EF70009BFE404080F311884FF0030002DFDAE788
:10EF8000AC0D00205C1B060064170600F815060097
:10EF9000B41B060008B50B4B0022986011460120F7
:10EFA000FAF7EAFC00B908BD074A0849084840F2E8
:10EFB0006F7314F079FE404080F311884FF0030026
:10EFC00002DF08BD8C0D00205C1B060064170600E4
:10EFD000F815060038B5044610F81C3B53B3174D1E
:10EFE0006369A8606BB1164A164917484FF4EB6382
:10EFF00014F05AFE404080F311884FF0030002DF06
:10F00000A86812490D4B0022C4E9051011460120E1
:10F01000FAF7B2FC00B938BD094A0D490A4840F276
:10F020005F7314F041FE404080F311884FF00300FD
:10F0300002DF38BDBDE83840FFF7ACBF9C0D0020B3
:10F040005C1B0600E4190600F815060095EF0300A6
:10F050006417060083685A68537FDB0900F10801D2
:10F0600001D0E8F711BBE8F77FBF00BF00B97047D8
:10F0700010B50C46FCF7F8FE844210D0FCF7D6FE23
:10F0800084420CD0064A0749074840F2776314F0DF
:10F090000BFE404080F311884FF0030002DF10BDEB
:10F0A0005C1B0600C01B0600F815060010B50C46D8
:10F0B00090B92046FCF7CCFE84420CD00D4A0E4994
:10F0C0000E4840F28D6314F0EFFD404080F311884C
:10F0D0004FF0030002DF10BD064A0949074840F21D
:10F0E0008A6314F0E1FD404080F311884FF0030083
:10F0F00002DFDEE75C1B0600141C0600F8150600A4
:10F10000B41B060010B50C4690B92046FCF794FEDF
:10F1100084420CD00D4A0E490E4840F2836314F02D
:10F12000C3FD404080F311884FF0030002DF10BDA3
:10F13000064A094907484FF4D06314F0B5FD404032
:10F1400080F311884FF0030002DFDEE75C1B06004E
:10F15000141C0600F8150600B41B06000148FAF757
:10F1600037BB00BF708800200149FAF747BB00BFDA
:10F170007088002002494FF4D472FAF757BB00BFE1
:10F18000783C002002464FF4D4710148FAF74ABB9C
:10F19000783C002004280DD810B5044622460648C5
:10F1A0004FF4D471FAF73EFB038DA34200D110BD9A
:10F1B000002010BD00207047783C00200148FAF77D
:10F1C00007BB00BF308900200149FAF717BB00BF19
:10F1D00030890020042842D870B504460E462148E4
:10F1E00022464FF4D471FAF71DFB038DA342054666
:10F1F0001FD11D4A92F805C0917810780CF10103D7
:10F20000DBB2994208BF00231179994224D01CFB3C
:10F2100000FC02F1080121F80C408C44CCF8046099
:10F2200053712B7843B995F93930002B0FDB00204F
:10F2300070BD6FF0150070BD0C4B00220121032042
:10F240009D60FAF799FB95F93930002BEFDA2146EA
:10F25000284605F0EFFFEAE76FF0680070BD6FF039
:10F2600015007047783C0020940E0020BC0D002053
:10F270002DE9F04F85B00428BDF83890BDF83CA0CA
:10F28000BDF840B0039214D804460D461B482246F0
:10F290004FF4D4711E46FAF7C5FAB0F82880A0459D
:10F2A000074606D175B1022D07D0012005B0BDE893
:10F2B000F08F022005B0BDE8F08F039BABB902F0E0
:10F2C000C7FF0EE0119B0193CDF800B053464A46AC
:10F2D000314602F037FF0028ECD197F93930002B86
:10F2E00007DB002005B0BDE8F08F039902F0C0FFF6
:10F2F000F7E74146384605F09DFFF2E7783C0020ED
:10F3000004281DD870B504460D460E4822464FF419
:10F31000D471FAF787FA038DA342064608D102F0AA
:10F32000ABFE38B103682B6003792B71002070BDF0
:10F33000022070BD736B2B6096F838302B71F5E7A7
:10F3400002207047783C0020042870B502D90224BE
:10F35000204670BD05460C4615482A464FF4D47128
:10F36000FAF760FA038DAB4206461FD11A2C04D877
:10F37000042C16D81224204670BD292C01D03B2C19
:10F38000F8D12146304602F047FE04460028DFD17E
:10F3900096F93930002BDBDA2946304605F04AFF72
:10F3A000D6E7044BE340DB07EBD4E3E70C24CFE7DD
:10F3B000783C002020003804042870B515D8044695
:10F3C00022460E484FF4D471FAF72CFA068DA64265
:10F3D00005460AD1012102F079FD044618B995F9D4
:10F3E0003930002B04DB204670BD0224204670BD5E
:10F3F0002846314605F01EFF204670BD783C0020AF
:10F40000042870B514D8044622460E484FF4D4712F
:10F41000FAF708FA068DA642054609D102F06CFDFE
:10F42000044618B995F93930002B04DB204670BD2D
:10F430000224204670BD2846314605F0FBFE2046DA
:10F4400070BD00BF783C0020042825D82DE9F0418C
:10F4500004460E4617464FF4D47102461248FAF796
:10F46000E1F9B0F82880A04505460FD1D0F8303139
:10F470009B060ED53A46314602F010FE20B995F9AA
:10F480003930002B0ADB0020BDE8F0810220BDE806
:10F49000F0811A20BDE8F0810220704741462846DD
:10F4A00005F0C8FEEFE700BF783C0020034A044B9C
:10F4B00012881B8802800B80704700BF9AA500202D
:10F4C00098A50020024A034B108019800020704745
:10F4D0009AA5002098A500204FF0450CA0F800C088
:10F4E0004FF42670A2F800C008801880704700BF53
:10F4F00004281BD870B504460E4615464FF4D47147
:10F5000002460B48FAF78EF9028DA24203460BD150
:10F5100090F87640C4F30204347093F87730C3F364
:10F5200002032B70002070BD022070BD02207047C6
:10F53000783C0020024A034B10701970002070477D
:10F54000C7AB0020C6AB00202DE9F043042883B0F0
:10F5500024D80446884617464FF4D471024614480E
:10F560001E46FAF75FF9B0F82890A145054615D177
:10F57000D0F83031DB0516D50124009433463A46E5
:10F58000414602F023FD044648B995F93930002B75
:10F5900005DA4946284605F04DFE00E002242046E3
:10F5A00003B0BDE8F0831A24204603B0BDE8F08321
:10F5B000783C002004281DD838B504460D460E4876
:10F5C00022464FF4D471FAF72DF9038DA3420FD1DF
:10F5D000418DB0F88631094A01FB03F3C3EB4311B7
:10F5E00003EB8103A2FB03239B092B80002038BD82
:10F5F000022038BD02207047783C0020D34D6210B5
:10F6000004281ED838B505462A460F480C464FF444
:10F61000D471FAF707F9028DAA4203460FD1428D41
:10F6200040F2E24101FB02F242F2107101FB0421BF
:10F630000139B1FBF2F1A3F88611002038BD022098
:10F6400038BD0220704700BF783C0020FFF7BEBBEA
:10F650002DE9F04105F038FF194EDFF87880194F99
:10F660000025AAB24FF4D4713046FAF7DBF804460D
:10F67000681D04F11C022146C0B2FCF737FC70B1D2
:10F6800078300CD0104840F2C2634246394614F03C
:10F690000BFB404080F311884FF0030002DF01357F
:10F6A0004FF6FF720023052D2285C4F88830D8D18B
:10F6B0000649074A8B809380BDE8F041FFF786BB7F
:10F6C000783C0020441B0600F8150600940E00202C
:10F6D000CC0D00205C1B0600014B1878704700BF62
:10F6E000C7AB0020014B1878704700BFC6AB0020A5
:10F6F0002DE9F84FDFF8688082468B461746994619
:10F70000002501E0052D28D0AEB232464FF4D47169
:10F710004046FAF787F8038DB342044605F1010528
:10F72000F0D190F89A61C6F34003BB42EAD10622B9
:10F73000494600F2A1101DF015FF0028E2D106F0A5
:10F7400001065645DED104F29B10062259461DF0F3
:10F7500009FF0028D6D1012000E00020BDE8F88F85
:10F76000783C002038B58B6808601D682B780C4603
:10F7700093B16B6963B10B4A0B490C4840F24A33B1
:10F7800014F092FA404080F311884FF0030002DF3A
:10F79000074BC5E9053438BDBDE838400846FFF7DA
:10F7A00059BC00BF5C1B0600E4190600F8150600F2
:10F7B00055F00300F8B50B68DE88042E30D80C46EF
:10F7C0000746324618484FF4D471FAF72BF8038DE8
:10F7D000B342054623D102F087FD2268137F03F070
:10F7E0000303032B08D101231371226839462846ED
:10F7F000BDE8F84002F08CBD53B995F880319B0705
:10F8000003D53D2385F85031226801231371F8BDDB
:10F8100095F880319A07FAD53D2385F85031236851
:10F8200001221A71F8BD00BF783C0020F8B50446EB
:10F83000008D1D464FF6FF7398420F4616460CD0BA
:10F840002046C4E94376A4F8145102F0D7FA94F89C
:10F85000803113F001000ED1F8BD0A4A0A490B4865
:10F860004FF4647314F020FA404080F311884FF095
:10F87000030002DFE4E76FF3000384F880316FF0E8
:10F880008B00F8BD5C1B0600501C0600F815060036
:10F890002DE9F843204C214E6279074604F1080512
:10F8A0001BE0F9F7BFFF0346D4301B8D434526D13B
:10F8B000D9F8041001F0CCFF23796279A1789A423B
:10F8C00007F1FF3703F1010304D0DBB2994208BF0F
:10F8D0000023237117F0FF071CD0237994F800C090
:10F8E000934213FB0CF34FF4D471304603EB05093C
:10F8F00010D035F80380B8F1040F4246D1D9D9F8B9
:10F9000004100B796FF301034FF6FF700B71FCF7D6
:10F910000BFAD1E7BDE8F883940E0020783C002074
:10F920002DE9F04F3F4A1468A04206460B4604BF3B
:10F9300000211160008DA6F85A01182283B0012120
:10F9400086F8582186F87031304602F061FA06F1E7
:10F95000D407304602F070FA384601F061FF3846AD
:10F9600001F096FF044600283AD00379DFF8C890EA
:10F97000DFF8BCB0DFF8C4A003F00303032B0CBF17
:10F980000346002303604846F9F722FF06F17C088E
:10F990000546B8B1214642462846F9F775FF384674
:10F9A00001F076FF0446D8B1037903F00303032B7B
:10F9B0000CBF0346002303604846F9F709FF0546DC
:10F9C0000028E7D1184840F22E735A46514614F0E9
:10F9D0006BF9404080F311884FF0030002DFD9E754
:10F9E000328D124B00960532D2B201210020FBF776
:10F9F00025FB10F0FD0F0CD00D4A0E490A4840F2CD
:10FA0000F46314F051F9404080F311884FF0030083
:10FA100002DF4FF6FF73FF20338503B0BDE8F04FE0
:10FA2000FFF736BFA0890020F815060031EF03006C
:10FA30005C1B0600201C060074880020AC1B06001E
:10FA400000293AD02DE9F84F4D1EDFF87490DFF809
:10FA500074B0DFF874A00746EDB200F1D40815E0E9
:10FA6000237903F00303032B0CBF234600232360F9
:10FA7000F9F7AEFE064690B1013D07F17C02214642
:10FA80003046EDB2F9F700FFFF2D06D0404601F0F9
:10FA9000FFFE04464846002CE2D1BDE8F88F074837
:10FAA00040F25A535A46514614F0FEF8404080F353
:10FAB00011884FF0030002DFDEE77047F8150600FB
:10FAC000748800205C1B0600AC1B060010B50446C1
:10FAD0000120FFF7DDFE20460121BDE81040FFF7C1
:10FAE000AFBF00BF0149F9F789BE00BF748800208D
:10FAF000014B5879704700BFCC0D002010B50C4B5E
:10FB000093F804C093F805E01C78F4450DD01CFB75
:10FB100004FC083380F800E00CEB030033F80C30F1
:10FB20000B8043681360186810BD002010BD00BF33
:10FB3000CC0D002000B50B4B93F804C093F800E007
:10FB400084450CD01CFB0EFC08330CEB030033F88F
:10FB50000C300B804368136018685DF804FB0020CC
:10FB6000FBE700BFCC0D0020094B19795A791878B2
:10FB700093F802C08A4209D04A1C01FB0030D2B27D
:10FB8000944508BF002280681A71704700207047B2
:10FB9000CC0D002038B5144C627994F802E094F84A
:10FBA00004C02578531CDBB29E4508BF00239C454A
:10FBB00009D012FB05F204F1080C2CF80200624493
:10FBC0005160637138BD094A09490A4840F29953A6
:10FBD00014F06AF8404080F311884FF0030002DF10
:10FBE00000231B80FFDE00BFCC0D00205C1B060045
:10FBF000C81C0600F815060070B553791446054672
:10FC00000E466BB3237903F00302032A0CD04FF6A0
:10FC1000FF72954204BF6FF301032371214628460A
:10FC2000BDE87040FCF780B84FF6FF739D4225D1C8
:10FC300033689C4239D0002BF0D01F4A1F4920481E
:10FC400040F2BB5314F030F8404080F311884FF07D
:10FC5000030002DF21462846BDE87040FCF764B887
:10FC6000154A1849164840F2A65314F01DF84040B2
:10FC700080F311884FF0030002DFC3E72A464FF4F8
:10FC8000D4711148F9F7CEFD214602F00FFB33681D
:10FC9000A342D0D1042D08D80B482A464FF4D47182
:10FCA000F9F7C0FD038DAB4200D000202146BDE82E
:10FCB000704002F057B800BF5C1B0600DC1C060059
:10FCC000F8150600D01C0600783C002090F85A2059
:10FCD000B0F85030C2F30212022A14BFDB089B08AE
:10FCE00090F87220B0F84C0014BF0A3B0B3B9BB25B
:10FCF000D20644BF043B9BB2984228BF18467047C7
:10FD0000704700BF90F8803143F0020380F88031E3
:10FD1000704700BF90F880316FF3410380F8803165
:10FD2000704700BF0278438E12B1581E80B27047F0
:10FD3000C18DB0F814215818104480B2704700BF2C
:10FD400010B50B684363044634300B790371052109
:10FD5000F9F72AFF94F8393060F3050384F8393055
:10FD600010BD00BFB0F87030B3F5267F28BF4FF448
:10FD70002673B3F5A47F4FF4267038BF4FF4A473F5
:10FD800008801380704700BF00B5B0F86020B0F85D
:10FD90005A1003468A4290F87700B3F85EC028BF35
:10FDA0000A4600F00700B3F864101B2A38BF1B2274
:10FDB000042814BF4FF4A4704FF42960614528BF94
:10FDC00061468142B3F86EC038BF01468C45B3F836
:10FDD0006A0044D09042A3F86E1001D0A3F86A20C4
:10FDE00093F8D12042F00202012083F8D120B3F829
:10FDF00058C0B3F8622093F87610B3F85CE062451F
:10FE000028BF624601F007011B2A38BF1B220429C4
:10FE1000B3F8661014BF4FF4A47C4FF4296C7145FD
:10FE200028BF71466145B3F86CE038BF61468E4526
:10FE3000B3F868C017D06245A3F86C1001D0A3F8DE
:10FE4000682093F8D1206FF3410283F8D12093F812
:10FE5000D1200120024383F8D1205DF804FB9042B9
:10FE6000BCD10020C3E76245E9D193F8D11041EA43
:10FE7000510202F0010221F003010A4383F8D1206C
:10FE80000028E4D15DF804FBB0F86020B0F85A1007
:10FE900003468A4290F87700B3F85EC028BF0A464E
:10FEA00000F00700B3F864101B2A38BF1B22042897
:10FEB00014BF4FF4A4704FF42960614528BF614618
:10FEC0008142B3F86EC038BF01468C45B3F86A0072
:10FED0000DD09042A3F86E1001D0A3F86A2093F8D9
:10FEE000D12042F00202012083F8D12070479042D5
:10FEF000F3D10020704700BFB0F86220B0F858106E
:10FF000003468A4290F87600B3F85CC028BF0A46E0
:10FF100000F00700B3F866101B2A38BF1B22042824
:10FF200014BF4FF4A4704FF42960614528BF6146A7
:10FF30008142B3F86CC038BF01468C45B3F8680005
:10FF400014D08242A3F86C1001D0A3F868204FF0BF
:10FF5000010C93F8D1106046C1F3400242EA0C0252
:10FF600021F003010A4383F8D12070478242ECD18B
:10FF700093F8D110002001F0010CEDE71B2928BFF8
:10FF80001B21B2F5A47F064BA0F8721028BF4FF4D6
:10FF9000A472A0F87020C365A0F85810704700BF85
:10FFA00048019802F8B500238366C366A0F8743050
:10FFB000314B324A1B8812881B2B28BF1B23A0F809
:10FFC0007230A0F85830452301F00305A0F85A30EC
:10FFD0004FF01B1305F128060366523590F8773071
:10FFE000B2F5A47FC1F340014FEAC6064FEAC5054A
:10FFF00028BF4FF4A472CE40CD4003F00703B7B240
:020000024000BC
:10000000ADB2A0F87020042B4FF4A4720446A0F8FF
:100010005E50A0F86470A0F86670A0F85C2020D054
:10002000AF423B4628BF2B46934238BF1346A4F845
:100030006E301B23A4F86A3094F8D13043F00203E9
:1000400084F8D1302046FFF757FF94F8D130AF4203
:1000500043F0010384F8D13006D0012384F87430D2
:10006000F8BD4FF42963E2E7B6F5A47FF5D1A36D9F
:10007000B3F11B1FF1D1F8BD9AA5002098A500206F
:1000800008B50022D0E91E01F9F708FCB0FA80F0AB
:10009000400908BDF8B506460F46154601F020FD9B
:1000A000044678B3EA1E201D082A06D8DFE802F0CD
:1000B000250505220505051F1C00194A19491A487E
:1000C000CF2313F0F1FD404080F311884FF003007F
:1000D00002DFE3797B732146304601F017FD30469D
:1000E00003F016F82046F8BD03F060FBF1E703F0DB
:1000F00053FBEEE703F046FBEBE70146384603F01F
:10010000E1FAE6E7064A09490748BC2313F0CCFDAB
:10011000404080F311884FF0030002DFC2E700BFC8
:10012000E81C060078160600F8150600CC1C060030
:1001300070B5CD690C4606460DB303232B71338D84
:10014000EB8094F8281005F11C00A1B9237A052B47
:1001500022D0062B02D11A232B7170BD104A1149EF
:100160001148F42313F0A0FD404080F311884FF0B4
:10017000030002DF70BDBDE8704003F021BB084AF8
:100180000A490948E42313F08FFD404080F31188A9
:100190004FF0030002DFD0E7BDE8704003F0F2BA91
:1001A000E81C060078160600F81506002C1D06004F
:1001B000F8B506460F46154601F092FC04460028A5
:1001C0003AD02A1F201D092A06D8DFE802F01D2098
:1001D0002305050505260529214A224922484FF411
:1001E000337313F061FD404080F311884FF003003A
:1001F00002DFE3797B732146304601F087FC30460D
:1002000004F05EFD2046F8BD03F09AFAF1E703F032
:10021000AFFAEEE703F0B6FAEBE703F0C7FAE8E768
:1002200096F8203197F86E101BB1D6F830315B0785
:1002300010D403F0C5FADCE7094A0C490A4840F239
:10024000B12313F031FD404080F311884FF00300DB
:1002500002DFB6E70A4697F86D1003F0BDFAC8E76B
:10026000E81C060078160600F8150600CC1C0600EF
:1002700070B5044600F18F0508462B4616464331FB
:100280000022333008F022FFD4F89310D4F89730CE
:10029000D4F89B00D4F88F20C4F8B410C4F8B83058
:1002A000D4F8AC10C4F8B0200023012E94F8A72095
:1002B000C4F8BC00C4F8CD104FF000004FF00001AE
:1002C00084F89F3084F8A03084F8A13084F8A230FC
:1002D00084F8A33084F8A43084F8A53084F8A630DC
:1002E00094F8C830D4F8A850C4F8C950C4E9300113
:1002F00015BF002001200121002160F3000261F3FD
:10030000000384F8A72084F8C83070BD38B50322F4
:100310000C460546FFF7BEFED0F81230D0F8162086
:10032000C4F84720C4F84330D0F81A20C5F8A820F4
:1003300040F2024363812846BDE8384004F0B8BC6F
:10034000F8B504220C460646FFF732FF8368C26800
:10035000C4F84F20C4F84B300369C6F8AC30E569E7
:100360000023E361ADB103232F792B71338DEB8033
:1003700005F11C01204603F0CBF92C2F02D00323FA
:10038000A372F8BD28682946FBF782FC0323A372F9
:10039000F8BD074A0749084840F2E32313F084FCFC
:1003A000404080F311884FF0030002DFDBE700BF1D
:1003B000E81C06002C1D0600F815060070B50C465A
:1003C000897A82B00546092900F20981DFE801F047
:1003D00009191C6C903E4C5B5E05002A5BD002B094
:1003E00070BD002AFBD10121284601F093FB214674
:1003F000284601F06DFB002840F0A4800123A37281
:10040000EDE7002AEBD1F2E7012A00F0A280042AEE
:10041000E5D101212846009301F090FB009BDA789A
:100420000D2A00F0DA80112A40F0B7805B7984F859
:100430002830284604F040FC21462846FFF778FE85
:10044000284602F02DFF0023A372C8E7032AC6D175
:100450000121284601F072FB00262846FFF75AFCCE
:10046000284684F8286037E0002AB8D101212846C0
:1004700001F050FB2146284601F02AFB002858D104
:100480000723A372ABE7002AA9D1F3E7062AA6D176
:100490002846FFF737FC2146284601F019FB0028C3
:1004A0006CD10923A3729AE7022A24D0042A96D198
:1004B00001212846009301F041FB2846FFF72AFC62
:1004C000009BDA780D2A00F08680112A74D15B79BE
:1004D00084F828302846002604F0EEFB2146284602
:1004E0002673FFF725FE284602F0DAFEA67276E7AD
:1004F000002A7FF474AF2146284601F0E9FA10B9CA
:100500000423A3726BE7002221462846FFF7B0FEC2
:10051000062221462846FFF7BDFD40F205636381B0
:1005200095F88E3023F0180343F0180385F88E30C9
:1005300055E70A2221462846FFF7ACFD40F608336E
:1005400063814CE72146284602B0BDE87040FFF7C2
:10055000DDBE2846CDE90023FFF7D4FB019B009ABE
:1005600059689868C4F84F00C4F84B10D968C5F8AA
:10057000AC1040F203532273638130E70B22214613
:100580002846FFF787FD4FF47F43638195F88E304F
:1005900023F0180385F88E3021E7184A18491948C6
:1005A0004FF4C47313F080FB404080F311884FF088
:1005B000030002DF1F233AE7104A114911484FF4A4
:1005C000C47313F071FB404080F311884FF00300B7
:1005D00002DF1F237CE71B797AE71B7927E7074AAD
:1005E0000749084840F2612313F05EFB404080F366
:1005F00011884FF0030002DFF1E600BFE81C06009F
:1006000078160600F815060070B50C46897A82B097
:10061000064615460C2900F24381DFE801F05F64CD
:1006200094980707182342454A5C0C00002D00F0FF
:100630009F8002B070BD082DFBD140F20133638171
:1006400090F88E306FF3041380F88E30F1E7002DB0
:10065000EFD1214601F03CFA002840F0D580062376
:10066000A372E6E7022DE4D1E5690023E361002DE2
:1006700000F0FA8003232B71338DEB80237A052B56
:1006800000F0ED80062B40F0DC801A232B71214610
:10069000304601F01DFA002840F08C800823A37238
:1006A000C7E7002DC5D1F2E7002DC2D10A23A372FE
:1006B000BFE7072DBDD1012101F02CFA3046FFF72D
:1006C00021FB2146304601F003FA002840F08D80DE
:1006D0000B23A372ADE7002DABD1F2E7002DA8D11B
:1006E0000123A372A5E7012DA3D12946019301F0AF
:1006F00011FA3046FFF706FB304602F001FD019B80
:100700005A689968C4F82D10C4F829201A7B84F817
:1007100031205A7B84F83220D3F80E20D3F81210FF
:10072000C4F84710C4F84320D3F81630C6F8A830F0
:100730002146304601F0CCF908BB204601F00AFA08
:100740000223A37275E7002D7FF473AFF0E7032D4A
:100750000BD0042D7FF46DAF062340F2036284F8C2
:100760002830A4F86D20A37263E70423A37260E726
:10077000214601F0ADF948B90523A37259E7214696
:10078000304602B0BDE87040FFF7DABD01222146D5
:100790003046FFF76DFD052221463046FFF708FD84
:1007A00040F20763638196F88E3043F0080386F8C1
:1007B0008E303EE7062221463046FFF7F9FC3046F0
:1007C00004F012FC0023A3720121304601F0B6F9B7
:1007D0003046FFF79FFA304602F096FC96F88E30CE
:1007E00043F0100386F88E3023E70B222146304673
:1007F000FFF7DEFC40F60C33638196F88E306FF322
:10080000C30386F88E3014E70D2221463046FFF7E9
:10081000CFFC304604F0E8FB94F82830062B31D0AA
:10082000242B3FF406AF254A254926484FF4597337
:1008300013F03AFA404080F311884FF0030002DFD2
:10084000F7E61E4A1E491F4840F20B3313F02CFAFC
:10085000404080F311884FF0030002DF17E705F1F5
:100860001C0002F08FFF12E7144A174915484FF495
:100870003F7313F019FA404080F311884FF00300E2
:1008800002DFF7E601213046A57201F057F9304644
:10089000FFF740FA304602B0BDE8704002F034BCC9
:1008A000064A0749074840F2AD4313F0FDF94040BE
:1008B00080F311884FF0030002DFBAE6E81C06005F
:1008C00078160600F81506002C1D060092F81FC0C9
:1008D000ACF1040C02F11C03BCF10D0F08D8DFE8E9
:1008E0000CF00E14170707070711070B0707070B74
:1008F0003D2380F8503170470422FFF75FBD01228D
:10090000FFF75CBD0622FFF759BD0222FFF756BD77
:100910000322FFF753BD00BF08B5037A052B0FD0A4
:10092000062B10D0094A0A490A4840F29A2313F0CC
:10093000BBF9404080F311884FF0030002DF08BD8F
:100940000023837208BD837208BD00BFE81C060047
:1009500078160600F815060013460022FFF72EBD94
:1009600092F81FC0ACF1030C02F11C03BCF1080F9C
:1009700006D8DFE80CF01205050F0505050C090087
:100980003D2380F8503170470822FFF73DBE072213
:10099000FFF73ABE0222FFF737BE0122FFF734BE4F
:1009A00008B5037A052B0FD0062B10D0094A0A4947
:1009B0000A4840F2E24313F077F9404080F311888F
:1009C0004FF0030002DF08BD0023837208BD092336
:1009D000837208BDE81C060078160600F8150600AC
:1009E00000230322FFF710BE00230422FFF70CBEF2
:1009F000887AA0F10300B0FA80F04009704700BF88
:100A000013460022FFF700BE70B591F8343091F81C
:100A10003520042B0C4603D8032B01D0042A0DD912
:100A20001343112113F0070384F830104FF0010530
:100A30000CD184F830300125284670BD032A0DD032
:100A4000134313F007034FF00005F2D0668EFFF753
:100A500069F9801B0304EFD42823EAE7112381F806
:100A600030300125F2E700BFF0B50E4683B00DF13E
:100A7000060201A9B0F86C50B0F86E700446FFF79A
:100A800071F996F83520002A5CD196F83430FBB91C
:100A9000B4F86C30AB420ED3BDF806209A420AD3AC
:100AA000B4F86E30BB4206D3BDF804209A4202D39C
:100AB000002003B0F0BD94F8D130A4F86C5043F09E
:100AC00001030120A4F86E7084F8D13003B0F0BDAA
:100AD00094F9390000281DDB94F8761094F86850DA
:100AE00001F003032B440D33DB00C1F34001CB4085
:100AF0009BB2BDF80650B3F5A47F38BF4FF4A47382
:100B00009D4228BF1D4632B3002803DA96F83430E0
:100B1000002BBDD094F8772094F86A10BDF80470CB
:100B200002F003030B440D33DB00C2F34002D34059
:100B30009BB2B3F5A47F38BF4FF4A4739F4228BF84
:100B40001F46A5E794F939000028C5DB96F8343034
:100B5000002BDFD0C0E796F83430002B98D0002867
:100B600096DAD7E770B5CD690C460646002D35D02C
:100B700094F82930DB0720D52B792C2B20D11D238D
:100B80002B71338DEB8094F830302B7796F87730DB
:100B9000C3F30203AB7796F87630C3F302036B77A7
:100BA00028682946FBF76AF894F8293000226FF389
:100BB000000384F82930E26170BD01232B71EFE757
:100BC0000D4A0E490E4840F2B71313F06DF840403D
:100BD00080F311884FF0030002DFD0E7064A09498D
:100BE00007484FF4DA7313F05FF8404080F3118840
:100BF0004FF0030002DFBBE7301D0600741D060046
:100C0000F81506002C1D060070B591F82930CD6A44
:100C10009B070C4603D4CDB101232B710AE0064695
:100C2000ADB103232B71338DEB8005F11C013046F0
:100C300002F08CFF28682946FBF72AF894F829303F
:100C400000226FF3410384F82930E26270BD074A45
:100C50000749084840F2E31313F026F8404080F3B8
:100C600011884FF0030002DFDBE700BF301D0600F4
:100C70002C1D0600F815060030B58B7A032B83B0C7
:100C80000D4604461AD0052B06D00221204603B09B
:100C9000BDE8304000F052BF90F93930002B42DB04
:100CA000AB8EABB395F834302BB194F8762063F368
:100CB000061284F876200823AB72E6E790F9393003
:100CC000002B17DA1F4994F8762095F8283003C9CD
:100CD000134303F007030DF1080C0CE9030008337C
:100CE0006B4413F8083C63F30612062384F876205D
:100CF000AB72CAE7144A1549154840F25B4312F03B
:100D0000D3FF404080F311884FF0030002DFD9E7A2
:100D100094F87630C3F3020262F30613092284F8D2
:100D20007630AA72B1E7084A0A49094840F264439A
:100D300012F0BAFF404080F311884FF0030002DF49
:100D4000AEE700BF7CE00500301D06009C1D0600DC
:100D5000F8150600B41D060091F8282030B5940758
:100D600040D402F0070313F0010535D1032B94BFE3
:100D7000002301234FEA830E754691F8283065F36E
:100D8000020381F82830C3F3C202DB062DD412F02F
:100D9000010424D1032A94BF002201224FEA820CCD
:100DA000644691F8283064F3C50381F8283090F840
:100DB000763003F00703AB4208BF4FF0000E81F816
:100DC00034E090F8773003F00703A34208BF4FF0F8
:100DD000000C81F835C030BD4FF0010ECDE74FF06B
:100DE000010CDEE70225AE46C7E70224A446D8E799
:100DF000F8B50B6A0C460546002B74D0637B162BA6
:100E00002FD195F93930002B2BDB266AA661002300
:100E10002362371D94F8283095F89421C3F3C20358
:100E200063F3C50285F8942194F8282095F894314D
:100E300062F3020385F8943194F8283095F876200F
:100E4000C3F3801363F3C302394685F87620204646
:100E500002F0D8FC0221284600F05CFE0223A372B7
:100E600022E000F049FE10B90723A372F8BD00F09C
:100E70004BFEE062002844D0637B266AA661002214
:100E8000162B226206F10407C4D0182B15D0244A71
:100E90002449254840F2A31312F006FF404080F396
:100EA00011884FF0030002DF2846314600F02EFE85
:100EB0002846BDE8F84002F02BB921462846FFF746
:100EC0004BFFA38E43B963863946204602F0DEFC11
:100ED0004FF605736381E7E7FEF724FFAB8D06331A
:100EE00003449BB2EFE70E4A10490F4840F27D13CE
:100EF00012F0DAFE404080F311884FF0030002DF69
:100F00007CE7074A0A4908484FF4C47312F0CCFE44
:100F1000404080F311884FF0030002DFACE700BFD0
:100F2000301D060078160600F8150600CC1D0600D8
:100F3000E01D060038B505460C4602F0D9F810B1A0
:100F40000123A37238BD284603F0A0FE0028F7D184
:100F50002146284600F0BCFD0028F1D0284603F0C9
:100F600093FE0728ECD02846012103F087FE28468F
:100F70000D2103F087FE162321466373284600F0F7
:100F8000AFFD206221462846BDE83840FFF730BF5C
:100F900038B505460C4602F0ABF810B10423A37235
:100FA00038BD2146284600F093FD0028F6D01823CE
:100FB00021466373284600F093FD206221462846AF
:100FC000BDE83840FFF714BF30B5034690F876C04F
:100FD00093F9394001F0030093F87710002C0CF0DE
:100FE000070502F0030201F0070E20DB1AB162F3DD
:100FF000020183F8771088B193F8761060F302014C
:10100000024683F87610954218BF012006D030BD05
:101010000028FCD060F3020183F8771093F8770082
:1010200000F00700B0EB0E0018BF012030BD002A11
:10103000EED062F3020C83F876C00028E3D060F3B0
:10104000020183F87710DEE7F0B50C46897A83B0A9
:10105000074615461E46092900F2A281DFE801F085
:1010600005050AA97F8815424A6C002A00F0C6804F
:1010700003B0F0BD032AFBD190F83930DB0940F012
:10108000238141F203736381F2E7052A00F00F81A7
:10109000062A00F0EB80022AEAD190F93930002BC1
:1010A0000CDBC64AC649C74840F2CE2312F0FCFD0D
:1010B000404080F311884FF0030002DF31462046A4
:1010C00002F0DAFB21463846FFF79EFC0546204633
:1010D00000F040FD002D40F03A8194F83530002BAF
:1010E0005BD054E0002AC3D1214603B0BDE8F040F4
:1010F000FFF77EBE002ABBD1668EFEF713FE801B73
:101100000304B5D494F8352094F834103846FFF72A
:101110005BFF002840F032812946384603F0AEFDDF
:1011200094F8283084F83050DB0994F8292063F3D0
:10113000000284F8292056E0042A99D12146FFF7BD
:1011400011FD21463846FFF75FFD384602F0A8F84A
:101150000021384603F096FD0023A37288E7002A99
:1011600086D12146384603B0BDE8F040FFF710BFF6
:10117000032A7FF47DAF90F93930002BC0F2D9807B
:10118000A58E002D00F0BA8094F834302BB197F87A
:10119000762063F3061287F87620384601F0C2FF06
:1011A0000823A3720221384603B0BDE8F04000F0E6
:1011B000C5BC012A28D0062A7FF45AAF002103F0CB
:1011C0005DFDD7F8303123F48073C7F83031204605
:1011D00000F0C0FC94F829301A2243F0010384F88F
:1011E000302084F8293097F87630C3F3020262F396
:1011F0000613092287F87630A27239E7214603B038
:10120000BDE8F040FFF796BE022103F037FD94F8E9
:1012100028303146204603F00706C3F3C20502F02A
:1012200049FB0221384600F075FC94F82830C3F3DE
:10123000C202154065F3C5031E4066F3020384F83D
:10124000283097F93930002B0CDB94F8283013F054
:10125000380F01D05A0705D194F8283023F03F0306
:1012600084F82830204600F075FC7AE7002103F06E
:1012700005FDD7F830311A2223F48073C7F83031D6
:1012800084F83020204600F065FC94F8293043F0C3
:10129000010384F8293097F87630C3F3020262F331
:1012A0000613092287F876300221A2727BE73146C5
:1012B000204602F09FFA94F86E3084F83030002116
:1012C000384603F0DBFCDDE73F4B90F8762093E8EF
:1012D000030094F82830134302AD03F0070305E937
:1012E000030008336B44022113F8083C63F3061231
:1012F00041F6060387F87620638154E7294638468D
:1013000003F0BCFC94F8283094F8292084F830507D
:10131000DB0963F3000284F8292097F8762002F0B5
:10132000070297F8761062F30611092387F8761002
:1013300037E7224A2549234840F2AA2312F0B4FC99
:10134000404080F311884FF0030002DF18E70021CE
:10135000384603F093FC94F830300BB187F85031E5
:1013600094F8283094F82920DB0963F3000284F80C
:10137000292097F8762002F00702D2E72146384666
:10138000FFF772FB94F8293060F3410384F82930A9
:101390002946384603F072FC84F830500123C4E635
:1013A000064A0B49074840F2673312F07DFC404083
:1013B00080F311884FF0030002DF59E6301D06006C
:1013C0009C1D0600F81506007CE00500B41D060013
:1013D00078160600F8B50B6A0C4605465BB300F0BC
:1013E0008BFB10B90723A372F8BD00F08DFBE06200
:1013F000002845D0637B266AA6610022172B226253
:1014000006F1040725D0182B2BD0284A2849294853
:101410004FF4747312F048FC404080F311884FF091
:10142000030002DF2846314600F070FB2846BDE885
:10143000F84003F045BC1D4A1F491E4840F2AB333B
:1014400012F032FC404080F311884FF0030002DFBD
:10145000C5E73946284602F0F9F941F603036381EE
:10146000E0E721462846FFF777FCA38EB3B96386F1
:101470003946204602F00AFA4FF605736381D1E738
:101480000A4A0E490B4840F2B53312F00DFC4040B9
:1014900080F311884FF0030002DFABE7FEF742FC58
:1014A000AB8D063303449BB2E1E700BF301D06005D
:1014B00078160600F8150600CC1D0600E01D060093
:1014C00038B505460C4603F0EBFB10B10223A372BE
:1014D00038BD2146284600F0FBFA0028F6D0284601
:1014E00003F0D2FB0728F1D028460D2103F0CAFBF8
:1014F000172321466373284600F0F2FA2062214642
:101500002846BDE83840FFF765BF00BF38B505463F
:101510000C4603F0C5FB10B10423A37238BD21466D
:10152000284600F0D5FA0028F6D0284603F0ACFB98
:101530000728F1D02846FEF7A3FD0028ECD0284666
:101540000D2103F09FFB182321466373284600F00A
:10155000C7FA206221462846BDE83840FFF73ABF67
:10156000F8B50C46897A06461546092900F2CC8062
:10157000DFE801F0676CA505090510282F54022D3E
:1015800000F0A080F8BD002DFCD12146BDE8F84058
:10159000FFF7BCBF032DF5D11946204602F06CF9C8
:1015A00021463046FFF730FA0546204600F0D2FAD1
:1015B000002D00F0988094F83030282B23D186F845
:1015C000503120E0002DDDD12146BDE8F840FFF785
:1015D00001BF002DD6D1678EFEF7A4FBC01B03040C
:1015E000D0D484F8305094F8352094F83410304634
:1015F000FFF7EAFC054600287BD194F8293065F313
:10160000000384F8293096F87630C3F3020262F3BF
:101610000613092286F87630A272F8BD042DB1D1E6
:101620002146FFF79FFA21463046FFF7EDFA304694
:1016300003F0DAFC0021304603F024FB0023A37200
:10164000F8BD002D9ED10123A372F8BD1946204696
:1016500002F0EEF894F8282096F89431C2F3C20014
:10166000C3F3C2010140C3F30203C2F3020003400B
:1016700043EAC10322F03F02134384F8283096F96D
:101680003930002B0ADB94F8283013F0380F1ED1C4
:1016900094F8283023F03F0384F8283002213046A4
:1016A00000F038FA012D7FF46DAF96F83930DB0980
:1016B00010D021463046BDE8F840FFF701BF002DAD
:1016C000F7D0F8BD2146BDE8F840FFF7D5BA5A0774
:1016D000E4D1DDE7204600F03DFA21463046BDE882
:1016E000F840FFF713BF304603F0F0FA0823A37267
:1016F000F8BD21463046FFF7B7F994F8293060F37A
:10170000410384F8293078E7064A0749074840F240
:10171000115312F0C9FA404080F311884FF00300D2
:1017200002DFF8BD301D060078160600F815060029
:1017300092F81FC0ACF1070C02F11C03BCF1110FB1
:101740000AD8DFE80CF02009090909090909090983
:101750001D09090909091A1700B5242383B080F867
:101760005031019101F09CFD019900238B7203B06F
:101770005DF804FB0222FFF767BC0122FFF764BC9F
:101780000522FFF761BC0622FFF75EBC00238372CF
:10179000704700BF13460022FFF756BC13460322D2
:1017A000FFF752BC00230422FFF74EBC10B592F89D
:1017B0001FE0BEF1160F02F11C030BD0BEF1180F93
:1017C0000DD024230C4680F8503103F00DFC00238B
:1017D000A37210BDBDE810400122FFF7C1BEBDE8F5
:1017E00010400322FFF7BCBE00238372704700BF86
:1017F00013460022FFF7B4BE13460222FFF7B0BE25
:1018000000230422FFF7ACBE002303704360836013
:10181000C3600361704700BF0378013303707047F2
:1018200003785BB9C3687BB102691AB1816861B1A1
:101830000B6082600023C36003617047013BDBB231
:101840000370002BEED0704770474360F1E700BF94
:1018500003783BB100230C300B60436843B119603F
:1018600041607047002304300B604368002BF6D1C1
:1018700001604160704700BF00230B60836813B1B3
:1018800019608160704741608160704740687047AF
:101890000346406828B1996802685A60884208BFC8
:1018A0009A6070474078A0F10C00B0FA80F04009CF
:1018B000704700BF4078A0F10800B0FA80F04009FE
:1018C000704700BF4078A0F10200B0FA80F04009F4
:1018D000704700BF4078A0F11700B0FA80F04009CF
:1018E000704700BF4078A0F10D00B0FA80F04009C9
:1018F000704700BF4078A0F10100B0FA80F04009C5
:10190000704700BF4078A0F10900B0FA80F04009AC
:10191000704700BF4078A0F10600B0FA80F040099F
:10192000704700BF4078A0F11800B0FA80F040097D
:10193000704700BF4078A0F10300B0FA80F0400982
:10194000704700BF4078A0F10500B0FA80F0400970
:10195000704700BF70B5064608460D46F7F738FFDA
:10196000044680B1002145600672016141628161D7
:10197000C161442228301BF027FCFF234FF47F4233
:10198000E372A2816372204670BD00BF4078A0F16F
:101990000200B0FA80F04009704700BF4078A0F123
:1019A0000100B0FA80F04009704700BF4078A0F114
:1019B0000200B0FA80F04009704700BF4078A0F103
:1019C0000900B0FA80F04009704700BF4078A0F1EC
:1019D0000100B0FA80F04009704700BF4078A0F1E4
:1019E0000100B0FA80F04009704700BF4078A0F1D4
:1019F0000200B0FA80F04009704700BF4078A0F1C3
:101A00000900B0FA80F04009704700BF4078A0F1AB
:101A10001800B0FA80F04009704700BF4078A0F18C
:101A20000100B0FA80F04009704700BF4078A0F193
:101A30000100B0FA80F04009704700BF4078A0F183
:101A40000900B0FA80F04009704700BF4078A0F16B
:101A50000900B0FA80F04009704700BF4078A0F15B
:101A60000300B0FA80F04009704700BF4078A0F151
:101A70000300B0FA80F04009704700BF4078A0F141
:101A80000300B0FA80F04009704700BF10B541680C
:101A9000044621B12046BDE81040F7F7AFBE094A21
:101AA00009490A48612312F0FFF8404080F3118889
:101AB0004FF0030002DF61682046BDE81040F7F7F1
:101AC0009DBE00BFFC1D06003C1E0600F81506006A
:101AD000024B1868003818BF01207047CC0E002058
:101AE00010B50448F7F774FE04460430FEF708F911
:101AF000204610BDCC0E002008B50120FAF7DCF816
:101B0000003818BF012008BDFAF7F8B8D430FFF745
:101B1000B3BE00BF38B590F8463105460C461BB140
:101B20001C4385F8464138BDD430FFF775FE95F863
:101B300046311C4385F8464138BD00BF90F8463118
:101B400023EA010180F8461101B17047D430FFF754
:101B500067BE00BF10B5C36904462BB12C221A71B1
:101B6000E36962691A6010BD074A0849084840F2F3
:101B70001D1312F099F8404080F311884FF00300D4
:101B800002DFE369EAE700BFFC1D0600481E06000D
:101B9000F8150600CB6913B11A792C2A0BD00B7AF1
:101BA000072B12D00B6A2BB1D0F84C211A600B6AAC
:101BB000C0F84C3170471B68D0F848215A60CB6997
:101BC000C0F848310B7A072BECD1CB6A002BE9D057
:101BD0001B68D0F848215A60CB6AC0F84831E1E769
:101BE00010B51749FFF7B6FE044668B1037A013B0A
:101BF0000B2B17D8DFE803F0060606060A0A100DBD
:101C00000D06130601F014F9204610BDFEF784FE00
:101C1000FAE702F0D3FDF7E7FFF7B8FDF4E702F0CB
:101C200015FEF1E7074A084908484FF4D37312F04C
:101C30003BF8404080F311884FF0030002DFE3E7F8
:101C4000C40E0020FC1D060078160600F8150600DC
:101C500010B51749FFF77EFE044668B1037A0C2BD6
:101C600018D8DFE803F009070707070B0B140E0E5F
:101C70000711070001F0EEF8204610BDFEF790FEB8
:101C8000FAE702F0C9FDF7E702F096FEF4E7FFF786
:101C9000ABFDF1E7074A0849084840F2FD1312F08E
:101CA00003F8404080F311884FF0030002DFE3E7C0
:101CB000BC0E0020FC1D060078160600F815060074
:101CC00010B50A4B052258687021F7F75BFD084BE9
:101CD000052258687021F7F755FD064BBDE8104006
:101CE000586814222C21F7F74DBD00BFC40E002008
:101CF000BC0E0020CC0E002038B50446002501F0B3
:101D000091FA2046C4E93A5584F8F45003F060F99A
:101D1000C4F81851C4E93E5584F80651A4F804519A
:101D2000A4F80851C4F81B51A4F83851C4F8205144
:101D3000C4F82451C4F82851C4F82C51C4F83051C7
:101D4000C4F83451F9F76AFA94F88E3084F84651A1
:101D5000C4E94C01C4E9525523F0180384F88E30CD
:101D6000658638BD08460149F7F748BDCC0E00200E
:101D700038B5B0F8F2500346144625B1A9420ED248
:101D80006D1AA0F8F250B3F8022122B191420DD29F
:101D9000521AA3F8022100231846237038BD01F01F
:101DA0003BF9054658B12B7A0A2B03D022236FF05A
:101DB0007300F2E795F828306FF07300EDE7074AFB
:101DC0000749084840F2822311F06EFF404080F33B
:101DD00011884FF0030002DFE5E700BFFC1D06009D
:101DE0005C1E0600F8150600034B0B44B3FBF1F331
:101DF000A0F80831704700BFFF59620210B50446D1
:101E000003F0EEF82046BDE8104001F013BA00BF21
:101E100010B5044611B1012907D010BD03F0E8F850
:101E20002046BDE8104001F063BA03F0E5F8204613
:101E3000BDE8104001F07EBA70B5D0F848410646C2
:101E400044B101252068214644680D71F9F716FF59
:101E5000002CF7D1D6F84C410023C6F848313CB1EC
:101E6000054D204624682946F7F7C8FC002CF8D118
:101E70000023C6F84C3170BDCC0E002090F93930EB
:101E8000002B13DA70B5044603200E461546FFF703
:101E9000A7FE014640B180F8286080F8295020460E
:101EA00001F086F8002070BD0C2070BD0C2070473A
:101EB00010B504460120FFF793FE28B101462046E5
:101EC00001F076F8002010BD0C2010BD38B5044696
:101ED00002200D46FFF784FE58B190F8283065F3D4
:101EE0000003014680F82830204601F061F8002008
:101EF00038BD0C2038BD00BF10B504460420FFF7E4
:101F00006FFE28B10146204601F052F8002010BDB6
:101F10000C2010BDF8B5054690F93900002824DBE7
:101F200005200F4616461C46FFF75AFE0146E0B153
:101F30003B687A68C1F82D20C1F82930337881F8E0
:101F40003130737881F832306268A368284625689A
:101F5000E468C1F83F40C1F83350C1F83720C1F8F8
:101F60003B3001F025F80020F8BD0C20F8BD00BF83
:101F7000F8B5054690F93900002824DB06200F4605
:101F800016461C46FFF72CFE0146E0B13B687A6816
:101F9000C1F82D20C1F82930337881F831307378B9
:101FA00081F832306268A36828462568E468C1F881
:101FB0003F40C1F83350C1F83720C1F83B3000F042
:101FC000F7FF0020F8BD0C20F8BD00BF2DE9F0415F
:101FD000054607209DF81860884617461C46FFF7FF
:101FE000FFFDA8B1E30008F0070803F03803BF01C4
:101FF00043EA080307F040073B4343EAC6130146A0
:1020000080F82830284600F0D3FF0020BDE8F0819A
:102010000C20BDE8F08100BF38B504460D4601F044
:10202000DFF9204603F044F80A20FFF7D9FD38B164
:10203000014680F82850204600F0BAFF002038BD45
:102040000C2038BD38B590F93930002B11DB04462F
:102050000B200D46FFF7C4FD014650B12B68C0F8B8
:102060002A302B7980F82E30204600F0A1FF002086
:1020700038BD0C2038BD00BF08B590F93930002BB1
:1020800008DB00F0C9FF20B1037A0B2B0CBF2A300C
:10209000002008BD02F000FEF5E700BFF8B50546D8
:1020A0000C200E461746FFF79BFD58B104463A46F2
:1020B00031462846FDF762FF2846214600F078FFAA
:1020C0000020F8BD0C20F8BD70B506460D4602F0A4
:1020D000E3FD20B1037A053B012B044601D90C2016
:1020E00070BD01463046FEF783FC0028F7D0296812
:1020F0006A68AB68ED68C4F83F503046C4F83310E6
:10210000C4F83720C4F83B302146FEF769FC0020B4
:1021100070BD00BF38B5054602F0BEFD20B1037AA0
:10212000053B012B044601D90C2038BD0146284649
:10213000FEF75EFC0028F7D028462146FEF754FC47
:10214000002038BD2DE9F0470546D0F83001BDF834
:102150002090099E9A4683078846174635D495F9FC
:102160003930002B50DB0820FFF73AFD0446002CE5
:1021700057D0237A082B2DD0092B37D1A4F82E80E5
:102180002786A4F832A0A4F83490002E3FD03388DC
:10219000A4F840307388A4F84230B388A4F84430DF
:1021A000F388A4F846303389A4F848307389A4F83A
:1021B0004A3095F93930002B11DA2846FCF7DAFF5E
:1021C0000146284603F036F809E00920FFF708FD2C
:1021D0000446CCE72786A4F832A0A4F83490284619
:1021E000214600F0E5FE0020BDE8F0870E4A0F49C9
:1021F0000F4840F27E4311F057FD404080F31188B4
:102200004FF0030002DFEAE71A20BDE8F087094A31
:102210004FF0FF33C4E91023A4F848304FF6FF73A2
:10222000C5E70C20E0E700BFFC1D0600781606009D
:10223000F81506000000FFFF08B502F02DFD28B1DB
:10224000007AA0F10C00B0FA80F0400908BD00BF90
:1022500010B5044602F020FD10B1037A092B00D01E
:1022600010BD01462046BDE8104002F0DDBA00BFB7
:1022700038B504460D4602F00FFD10B1037A092B64
:1022800000D038BD80F8285001462046BDE83840CF
:1022900002F0CEBA08B502F0FFFC28B1007AA0F136
:1022A0000900B0FA80F0400908BD00BF38B5054606
:1022B0000C4600F0B1FE10B18369A3420ED028464F
:1022C00002F0EAFC10B18369A34200D038BD224677
:1022D00001462846BDE8384002F050BE014622467D
:1022E000284600F069FFEAE710B5044600F094FEC6
:1022F00018B10146204600F083FF204602F0CCFCD6
:10230000014620B12046BDE8104002F04FBE10BD8E
:102310002DE9F041537F144605460E46002B3FD071
:10232000D37F1E2B29D9284600F076FE0746284683
:1023300002F0B2FC0146002F5ED0FA7AE37F00285B
:1023400048D09342C07A51D03A7B002A5DD098425F
:102350004ED00A7B002A4BD1072B6DD0112B04D114
:102360004A7B94F820309A4242D02346324639467E
:102370002846BDE8F04100F0D9BE444A52F8232077
:1023800022B104F11C00904760B1E37F022BCAD157
:102390000123224631462846BDE8F04102F030BE16
:1023A000FF23D377284600F037FE28B1E27FC37AB7
:1023B0009A420DD0037B5BB9284602F06DFC0028E1
:1023C00050D0E27FC37A9A4202D0037B002BE0D048
:1023D000BDE8F0819342C8D03A7B002AC5D1072BD3
:1023E0004DD0112B4BD00D2BBFD0D1E798421CD133
:1023F0001F2385F85031EBE70028C9D02346324629
:102400002846BDE8F04102F073BD072B2CD0112BFC
:1024100018D0B3F10D0218BF012298421FD00B7BD8
:10242000EBB9002AA1D02423E3E70A7B002ADFD1FD
:10243000072B95D0112B98D14B7B94F820209A42F2
:10244000D6D092E77A7B94F82030D21A18BF0122B6
:10245000112804D0087B10B9487B9842E1D1002AAA
:10246000CCD1C5E7034694E77A7B94F82030D21AA2
:1024700018BF01220728EDD1002ABFD1B8E77A7B27
:1024800094F820309A4283D16FE700BF601E0600A7
:1024900070B506460C46FFF723FB0546002860D0C2
:1024A000237A013B291D0B2B07D8DFE803F02026F8
:1024B0002C330606060606390640304A30493148B4
:1024C000D12311F0F1FB404080F311884FF003005D
:1024D00002DFEB79637329463046FFF717FB237A57
:1024E0000A2B2AD03046BDE8704000F011BE0846E5
:1024F00000F094FF1323E372EBE7304600F0C2FFD5
:102500000923E372E5E7204601F07AF8FF23A5618D
:10251000E372DEE7084601F09DF80C23E372D8E78A
:10252000204601F087F8FF23A561E372D1E730462A
:1025300001F0DCFA1523E372CBE7738DB6F88C114A
:1025400040F2E24202FB03F342F2107202FB01315D
:1025500001393046B1FBF3F1BDE8704089B200F0BB
:10256000DDBD064A08490748962311F09DFB40400F
:1025700080F311884FF0030002DF91E7DC1E0600B4
:1025800078160600F8150600CC1C06002DE9F0416F
:1025900007460C46164602F083FB28B10323A372BC
:1025A00000252846BDE8F08121463846FFF790FA1D
:1025B00005460028F2D021463846FFF791FA8046BA
:1025C00070B3237A013B08F104010B2B07D8DFE835
:1025D00003F035430649060606060606063B244A6E
:1025E0002449254840F2534311F05EFB404080F3FC
:1025F00011884FF0030002DF98F8073063734146FB
:102600003846FFF783FA384602F05AFB0423A372D8
:10261000002EC6D0384602F0E7FC0023A372C0E7C4
:10262000134A1649144840F20D4311F03DFB404057
:1026300080F311884FF0030002DFC2E7084600F084
:10264000F7FEFF23E372D7E7384601F067FAFF236E
:10265000C4F81880E372CFE7384600F037FFFF2355
:10266000E372C9E7084600F0F5FFFF23E372C3E712
:10267000DC1E060078160600F8150600CC1C0600C5
:1026800038B50B7A013B0C4605460B2B12D8DFE818
:1026900003F006060B1F11111111112C1133BDE8A7
:1026A00038400122FFF772BF284602F09DFC00234C
:1026B000A37238BD174A1849184840F2025311F066
:1026C000F3FA404080F311884FF0030002DF38BD79
:1026D00090F81831002BE7D10122FFF757FF0028AF
:1026E000E7D0012385F8183138BD90F93930002B37
:1026F00007DB02238B7238BDBDE838400022FFF7AC
:1027000045BF02F071FC94F828300022A27285F8CF
:10271000503138BDDC1E060078160600F81506009C
:10272000F8B50C46897A0546042900F2D780DFE81F
:1027300001F0060B202F0300012A31D0F8BD002A3A
:10274000FCD10123A372F8BD022AF7D1DA786272B4
:10275000023A172A62D8DFE802F08F616161616195
:102760006F6161618A616F6161611D617961616140
:102770006174002AE2D1237A0A2B41D1284602F063
:1027800033FC94F828300022A27285F85031F8BD4D
:10279000002AD3D121462846BDE8F840FFF770BF94
:1027A000237A0C2BCAD12846FDF7A6FB94F82830D3
:1027B000042140EA03062846FFF7C0F9E769F6B2AC
:1027C000002F7DD03B792C2B0CD04B4A4B494C48E9
:1027D00040F2754311F068FA404080F311884FF0E1
:1027E000030002DF002E50D101233B7138683946C7
:1027F000F9F74EFA284602F0F7FB0023A372F8BD62
:102800003D4A40493E484FF4A36311F04DFA404021
:1028100080F311884FF0030002DFAFE7364A3A49F0
:10282000374840F2024311F03FFA404080F31188EC
:102830004FF0030002DFADE71946284600F086FEA0
:10284000A8E71946284600F0EDFEA3E719462846FA
:1028500001F094F904212846FFF75CF92846FDF7BA
:1028600013FB84F828002046FFF774F992E7194615
:10287000284600F017FF8DE71946204600F0E6FED7
:1028800008212846FFF746F984E703233B712B8D87
:10289000FB80237A0C2B07F11C060CD0164A1B492F
:1028A000174840F27E4311F0FFF9404080F3118851
:1028B0004FF0030002DF3146284601F047F995E763
:1028C0000D4A13490E4840F2724311F0EDF94040B1
:1028D00080F311884FF0030002DF73E7064A0A49CC
:1028E000074840F27E5311F0DFF9404080F3118831
:1028F0004FF0030002DFF8BDDC1E0600741D060069
:10290000F8150600241F060078160600401F060072
:102910002C1D0600F8B5CF6900260C460546CE6191
:10292000002F55D0012603233B712B8DFB80237A8A
:10293000042B07F11C012ED00C2B28D0022B14D015
:102940002D4A2E492E4840F29F1311F0ADF9404018
:1029500080F311884FF0030002DF06B1F8BD38683C
:102960003946BDE8F840F9F793B9637A072B2BD0C5
:10297000092B21D0204A21492148F62311F094F94E
:10298000404080F311884FF0030002DFE5E728465E
:1029900001F0DCF8E1E7637A0C2B11D0164A1749F5
:1029A000174840F2031311F07FF9404080F311887B
:1029B0004FF0030002DFD0E7284600F0A9FDCCE786
:1029C000284600F059FEC8E7204600F04DFDC4E758
:1029D000FFF79AF807460028A5D1074A0949084891
:1029E0004FF4C07311F060F9404080F311884FF04C
:1029F000030002DF3F71FFDEDC1E060078160600D2
:102A0000F81506002C1D060038B50B7A013B0C4664
:102A100005460B2B15D8DFE803F006220E30141400
:102A20001414143F14474B7A072B04D0132B02D0F5
:102A3000242385F85031284600F032FC0023A3728D
:102A400038BD314A314932484FF4107311F02CF936
:102A5000404080F311884FF0030002DF38BD4B7A0D
:102A6000072B01D0092BE3D194F82830DB07E2D5FE
:102A700021462846FFF74EFFDDE74B7A0C2BD7D1D6
:102A8000CB6993B321462846FFF744FF284600F060
:102A900007FC0023A37238BD00F002FC00221623BD
:102AA000A27285F8503138BD4B7A152B16D0072B02
:102AB000BED1D0F8303123F02003C0F8303100F01F
:102AC000EFFB0023A3722846FFF7B6FB0028B7D11F
:102AD00028460421BDE83840FFF730B8FDF754F927
:102AE00068B9284600F0DCFBEBE7FFF705F80028A3
:102AF000C8D1284600F00CFB0423A37238BD214640
:102B00002846FFF707FFECE7DC1E060078160600F4
:102B1000F815060070B50E7A731E0C4605460B2B91
:102B200007D8DFE803F0141B2F43060606060660ED
:102B3000066E504A5049514840F2BF2311F0B4F894
:102B4000404080F311884FF0030002DF70BD00F0B9
:102B5000CFFA00287CD00123A37270BD00F0C8FA20
:102B60000028F8D121462846FEF7B2FF0028F2D00F
:102B700021462846FFF78CFCA369002B08BF0326DB
:102B8000A67270BD00F0B4FA0028E4D121462846B0
:102B9000FEF79EFF0028DED021462846FFF778FC8E
:102BA000A369002B18BF0226A67270BD90F81831D9
:102BB000002B3FD100F09CFA0028CCD121462846BA
:102BC000FEF786FF0028C6D021462846FFF760FCA6
:102BD000A269002A4FF001030CBF03220222A27255
:102BE00085F8183170BDFEF773FF0028B3D0214679
:102BF0002846FFF74DFC1622022384F82820A372F2
:102C000070BDFFF719FBE8B9284600F071FA0028FB
:102C1000A1D121462846FEF75BFF00289BD0042166
:102C20002846FEF777FF21462846FFF731FC0323AD
:102C3000A37270BD0C2200234A72CB61BDE87040C4
:102C4000FFF7E2BE284600F02BFB0023A37270BD05
:102C500021462846FEF73CFF00283FF47CAF214682
:102C60002846FFF715FCA369002B0CBF03230223A2
:102C7000A37270BDDC1E060078160600F81506006B
:102C800030B50C46897A83B00546042900F2B2803B
:102C9000DFE801F003031B290700002A5ED003B020
:102CA00030BD002AFBD1237A042B00F09380584AD0
:102CB000584959484FF45B7310F0F6FF404080F3D9
:102CC00011884FF0030002DFE9E7052AE7D1237AF4
:102CD000032B01D00A2BE2D12146284603B0BDE8E0
:102CE0003040FFF791BE012AD9D1DA786272023AF8
:102CF000172A3AD801A151F822F000BFB92D0400DB
:102D00006B2D04006B2D04006B2D04006B2D040053
:102D1000AF2D04006B2D0400A52D04006B2D0400C5
:102D20006B2D04009B2D0400D92C04006B2D040096
:102D30006B2D04006B2D0400912D04006B2D0400FD
:102D4000D92C04006B2D0400872D04006B2D04008A
:102D50006B2D04006B2D0400D92C0400214628465D
:102D600003B0BDE83040FFF7D5BE294A29492A48BB
:102D700040F23F3310F098FF404080F311884FF04D
:102D8000030002DFA8E71946284600F01FFFA3E76B
:102D90001946204600F02EFD9EE71946284600F011
:102DA00081FC99E71946284600F0FEFB94E7194696
:102DB000204600F055FB8FE7154A1649164840F2A9
:102DC000263310F071FF404080F311884FF003006C
:102DD00002DF81E70192FEF78FFE00283FF45FAF2C
:102DE00021462846FFF796FD284600F059FA019A39
:102DF000A27254E7064A0749074840F28A3310F0A6
:102E000053FF404080F311884FF0030002DF46E794
:102E1000DC1E060078160600F8150600131D0522B4
:102E2000FFF72EBF02F11C030122FFF729BF00BFED
:102E300000238372704700BF13460022FFF720BFB4
:102E400002F11C030222FFF76BBC00BF131D01221D
:102E5000FFF766BC00238372704700BF1346002251
:102E6000FFF75EBC70B5044606F0BEFE68B1D4F84C
:102E7000E85045B1D4F8EC202B68C4F8E83095420E
:102E800008BFC4F8EC30284670BD05460121032078
:102E900006F04CFE2A46064601210320F6F736FDD1
:102EA000D4F8E85045B1D4F8EC202B68C4F8E830E9
:102EB000954208BFC4F8EC30002EE4D00122114640
:102EC0000320F6F723FD284670BD00BF70B5044609
:102ED00006F08AFE40B1D4F8E850DDB100220123AB
:102EE000A4F8F2206B6270BD05460121032006F0B4
:102EF0001DFE2A46064601210320F6F707FDD4F8F9
:102F0000E850002EE9D0012211460320F6F7FEFC1E
:102F1000002DE3D1064A0749074840F2C91310F0D3
:102F2000C3FE404080F311884FF0030002DFD5E775
:102F3000681F0600B01F0600F8150600F8B5054624
:102F40000C4606F051FEB8B1D5F8E860B4420BD09B
:102F5000144A15491548522310F0A6FE404080F34C
:102F600011884FF0030002DF2846FFF77BFF204661
:102F7000BDE8F840FEF78ABD06460121032006F0B1
:102F8000D5FD3246074601210320F6F7BFFCD5F8F0
:102F9000E860002FDAD0012211460320F6F7B6FCD4
:102FA000D4E700BF681F0600C41F0600F81506001E
:102FB000F8B505460C4606F017FE40B10023236025
:102FC000D5F8EC30F3B11C60C5F8EC40F8BD06460E
:102FD0000121032006F0AAFD324607460121032005
:102FE000F6F794FC2660D5F8EC3083B11C60C5F888
:102FF000EC40002FEAD00122BDE8F8401146032042
:10300000F6F784BCC5F8E840C5F8EC40F8BDC5F853
:10301000E840C5F8EC40ECE770B5054606F0E4FD85
:1030200018B1D5F8E840204670BD044601210320C0
:1030300006F07CFD2246064601210320F6F766FCD9
:10304000D5F8E840002EEED0012211460320F6F715
:103050005DFC204670BD00BF38B50546FFF7DCFFBC
:10306000037A013B04460B2B2DD8DFE803F006065C
:1030700006061A1A201414062606014600222846BF
:10308000FFF7DAFE636A03B938BD21462846BDE87A
:103090003840FFF753BF01460022284601F092FB5B
:1030A000F0E7014600222846FDF756FCEAE7014614
:1030B00000222846FEF76EFBE4E701460022284680
:1030C00001F0C8FBDEE7074A0749084840F2BD1394
:1030D00010F0EAFD404080F311884FF0030002DF5A
:1030E000D0E700BF681F060078160600F815060036
:1030F00090F8F400A0F10100B0FA80F040097047A8
:10310000012380F8F4307047002380F8F4307047D2
:10311000B0F80831A0F8F230704700BFA0F8F21004
:10312000704700BF0023A0F8F230704738B50C4656
:10313000097AE3610139054662610B2928D8DFE885
:1031400001F00606060618181D13130622061A4675
:103150002146FFF767FE636A03B938BD214628465A
:10316000BDE83840FFF7EABE1A46214601F0D2FA20
:10317000F1E71A462146FDF7A9FBECE71A4621467E
:10318000FEF7D6FAE7E71A46214601F055FBE2E7DB
:10319000064A0749074840F2371310F085FD4040C2
:1031A00080F311884FF0030002DFD4E7681F0600A8
:1031B00078160600F815060038B50B7A033B0C4666
:1031C0000546092B09D8DFE803F0050808080D08B3
:1031D000080508052146FFF721FE636A0022A26167
:1031E00043B938BD2146FEF7D9FA636A0022A261CD
:1031F000002BF6D021462846BDE83840FFF79EBE9A
:1032000038B50B7A072B0C46054608D0636A03B91C
:1032100038BD21462846BDE83840FFF78FBEFEF78F
:10322000C1FAF3E70222002380F8F020A0F8F23080
:10323000704700BF38B590F8F0300446032B1AD819
:10324000DFE803F002100F10FFF7E6FE48B1057A41
:103250002046FFF701FF0A2D14BF0123032384F842
:10326000F03038BDFFF7D8FE0028FAD02046BDE880
:103270003840FFF7F1BE074A0749084840F24B23A0
:1032800010F012FD404080F311884FF0030002DF80
:1032900038BD00BF681F060078160600F815060046
:1032A00010B590F8F0300446032B0DD8DFE803F09A
:1032B00008020702FFF70AFE002384F8F03010BD71
:1032C000BDE81040FFF702BE064A0749074840F232
:1032D0004B2310F0E9FC404080F311884FF00300CD
:1032E00002DF10BD681F060078160600F8150600FC
:1032F00008B590F8F030022B11D000D808BD032B90
:10330000FCD0094A09490A4840F24B2310F0CCFC92
:10331000404080F311884FF0030002DF08BD002316
:1033200080F8F03008BD00BF681F06007816060060
:10333000F815060038B590F8F0300446032B3AD85B
:10334000DFE803F00926121320462946FEF722FC87
:103350002846FEF79BFB2046FFF784FD0546002824
:10336000F2D1022384F8F03038BDFFF77BFD05462B
:103370000028F6D029462046FEF70CFC2846FEF72A
:1033800085FB2046FFF76EFD05460028F2D1E8E7F1
:10339000FFF768FD05460028E3D029462046FEF7E2
:1033A000F9FB2846FEF772FB2046FFF75BFD05465A
:1033B0000028F2D1D5E7074A0749084840F24B23D5
:1033C00010F072FC404080F311884FF0030002DFE0
:1033D00038BD00BF681F060078160600F815060005
:1033E00038B50546FFF73EFD68B10446214628463C
:1033F000FEF7D0FB2046FEF749FB2846FFF732FDDB
:1034000004460028F2D10024A5F8F24021462846BF
:1034100001F034FC85F8F04038BD00BF037801218D
:10342000122243F0030303704170C270704700BF63
:1034300003780121132243F0030303704170C2702B
:10344000704700BF0B784FF0020C43F003030722D4
:103450000B7081F801C0CA7090F86C300B71704726
:103460000B7980F86C3070470B784FF0020C43F00A
:10347000030307220B7081F801C0CA7090F86C300A
:103480000B71704710B50B780C460922082143F0E8
:103490000303E1706270237090F93930002BACBFE8
:1034A0000B460E23E370F7F7B9FE002261F3070223
:1034B000C1F3072C0B0C6CF30F2263F317421B0AAA
:1034C00063F31F626060A26010BD00BF38B50C4698
:1034D0000546F7F7A3FE237843F00303237009237F
:1034E0006370E370D5F83031217263F0FF03184048
:1034F000020C0B0CC0F307252071C1F30721100A41
:10350000A2711A0AE07165716172A372E27238BD2C
:103510000B78092243F003030B704A70CA70D0E99C
:103520004A23100CC2F3072C0A711A0C81F805C04B
:1035300088714FEA102C0B72C3F30720130A81F82D
:1035400007C048728A72CB72704700BF2DE9F04104
:103550004B68144F8E685A0F82EA137202F0010210
:103560001F400021931849419B18054641F100086E
:1035700087EA0374F7F752FE04EA0003C5F8303116
:1035800063F0FF0306F0EF063B4046EA0878C5E922
:103590004A3608EA01010122C5F8341185F82021D4
:1035A000BDE8F0812FCF87F72DE9F0414A68134F2E
:1035B0008E68530F83EA127303F00103D91807EAE8
:1035C00002074FF000025241C918054642F10004BB
:1035D00087EA0178F7F722FE06F0EF0646EA047460
:1035E000C5E94A7608EA00000C400123C5F830011D
:1035F000C5F8344185F82031BDE8F0812FCF87F739
:103600000B784FF0030C43F0030319220B7081F881
:1036100001C0CA7090F828300B7190F829304B71B6
:10362000704700BF0B7980F838314B7980F8393119
:10363000704700BF0B78022243F003030B704A70FF
:10364000CA7090F828300B71704700BF0B7980F872
:10365000283070470378074AC0F805204FF0060C61
:1036600043F0030340F60C51037080F801C0A0F84A
:1036700003107047F105FFFF0B784FF0060C43F085
:1036800003030C220B7081F801C0CA7090F81A3144
:103690000B71B0F81B31A1F80530B0F81D31A1F85D
:1036A00007307047012380F819310B7980F81A31FF
:1036B000B1F80530A0F81B31B1F80730A0F81D3182
:1036C000704700BF10B50B78172443F003030322A3
:1036D0004C700B70CA70D0F82930D0F82D208A6059
:1036E0004B6090F831300B7390F832304B7301F12E
:1036F0000E0406F079FA0C2120B12046BDE81040F6
:1037000003F094BC2046BDE8104003F085BC00BF28
:103710000B78032243F003034FF0170C0B7081F872
:1037200001C0CA70D0F82930D0F82D208A604B60D3
:1037300090F831300B7390F832304B73704700BF04
:1037400010B503780D21042243F003034170037088
:10375000C270841806F048FA0C2120B12046BDE85A
:10376000104003F063BC2046BDE8104003F054BC99
:1037700003780121052243F0030303704170C270F6
:10378000704700BF03780121062243F00303037052
:103790004170C270704700BF037801210A2243F0D4
:1037A000030303704170C270704700BF03780121AA
:1037B0000B2243F0030303704170C270704700BFD7
:1037C000037801714FF0020C43F003030D220370E4
:1037D00080F801C0C27070470378017143F00303A1
:1037E0004FF0030C0370112380F801C0C3704271C5
:1037F000704700BF0B7980F86D304B7980F86E30E0
:10380000704700BF0B784FF0030C43F00303162200
:103810000B7081F801C0CA7090F82830C3F3C2035E
:103820004B7190F82830C3F302030B71704700BF4F
:103830000A7990F8283062F3C50380F828304A7975
:1038400062F3020380F82830704700BF0B784FF016
:10385000030C43F0030317220B7081F801C0CA70F8
:1038600090F89431C3F3C2034B7190F89431C3F3D1
:1038700002030B71704700BFCB8843860B7980F839
:1038800034304B7980F83530704700BF0B784FF0FB
:10389000050C43F0030318220B7081F801C0CA70B5
:1038A000438ECB8090F834300B7190F835304B71EB
:1038B000704700BF0A7990F8283062F3C50380F89A
:1038C00028304A7962F3020380F82830704700BF3D
:1038D0000B784FF0180C43F003030F220B7081F8A4
:1038E00001C0CA70C38D8B80038ECB80438E0B8149
:1038F000838E4B8190F83C300B73C38FA1F80D3051
:10390000B0F84030A1F80F30B0F84230A1F81130D3
:10391000B0F84430A1F81330B0F84630A1F81530B3
:10392000B0F84830A1F81730B0F84A30A1F8193093
:10393000704700BF0B784FF0180C43F003031022C0
:103940000B7081F801C0CA70C38D8B80038ECB8051
:10395000438E0B81838E4B8190F83C300B73C38F69
:10396000A1F80D30B0F84030A1F80F30B0F8423077
:10397000A1F81130B0F84430A1F81330B0F8463057
:10398000A1F81530B0F84830A1F81730B0F84A3037
:10399000A1F81930704700BF8B88C385CB88038698
:1039A0000B8943864B8983860B7B80F83C30B1F8CA
:1039B0000D30C387B1F80F30A0F84030B1F81130A6
:1039C000A0F84230B1F81330A0F84430B1F8153007
:1039D000A0F84630B1F81730A0F84830B1F81930E7
:1039E000A0F84A30704700BF8B88C385CB88038618
:1039F0000B8943864B8983860B7B80F83C30B1F87A
:103A00000D30C387B1F80F30A0F84030B1F8113055
:103A1000A0F84230B1F81330A0F84430B1F81530B6
:103A2000A0F84630B1F81730A0F84830B1F8193096
:103A3000A0F84A30704700BF0B78002243F0030320
:103A40004FF00C0CCA700B7081F801C090F82B304D
:103A50000B71836B094AA2FB03239B0AA1F8053073
:103A6000438EA1F80930038EA1F80730838EA1F8A8
:103A70000B30838DA1F80D30704700BF5917B7D1B7
:103A80000B7980F82B30B1F8053040F2E24202FBAE
:103A900003F38363B1F809304386B1F80730038636
:103AA000B1F80B308386B1F80D308385704700BFC5
:103AB0000B784FF0080C43F0030301220B7081F8E0
:103AC00001C0CA70038DA1F80930D0F82A304B60CC
:103AD00090F82E300B727047B1F8093003854B68AF
:103AE000C0F82A300B7A80F82E3070470B784FF0F0
:103AF000090C43F0030314220B7081F801C0CA7053
:103B0000B0F85A308B80B0F858300B81B0F85E3086
:103B1000CB80B0F85C304B81704700BF0B784FF022
:103B2000090C43F0030315220B7081F801C0CA7021
:103B3000B0F85A308B80B0F858300B81B0F85E3056
:103B4000CB80B0F85C304B81704700BF0B784FF0F2
:103B5000090C43F0030315220B7081F801C0CA70F1
:103B6000B0F86A308B80B0F868300B81B0F86E30F6
:103B7000CB80B0F86C304B81704700BF8B88A3F1CD
:103B80001B02E02A21D8B1F808C0ACF11B02E02AE0
:103B90001BD830B5CD88A5F5A47244F2481E92B268
:103BA000724511D84A8900210C4662F30F04A2F530
:103BB000A4726CF30F0192B263F31F4165F31F44CB
:103BC000724598BFC0E9181430BD70478B88A3F1C7
:103BD0001B02E02A21D8B1F808C0ACF11B02E02A90
:103BE0001BD830B5CD88A5F5A47244F2481E92B218
:103BF000724511D84A8900210C4662F30F04A2F5E0
:103C0000A4726CF30F0192B263F31F4165F31F447A
:103C1000724598BFC0E9181430BD7047F8B50E6AF8
:103C200000230C46074615460B6296B30F2D06F18E
:103C3000040119D0112D1FD0D5B11F4A1F492048AA
:103C40004FF49B7310F030F8404080F311884FF030
:103C5000030002DFF379637331463846FDF756FF00
:103C6000237A092B10D0F8BD2046FFF731FEF1E78B
:103C70002046FFF7E1FEEDE7084694F8282094F887
:103C80002910FFF7A9FDE5E73846BDE8F840FFF742
:103C90003FBAFDF725FF06460028C7D1064A094965
:103CA000074840F21F130FF0FFFF404080F31188D8
:103CB0004FF0030002DFB9E7D81F060078160600B0
:103CC000F8150600CC1C060070B5CC6900230D4623
:103CD0000646CB6104B3192322792371338DE38027
:103CE00095F82830237743B92B8EE3836B8E23849A
:103CF000AB8E63842C2A09D070BD738DE383B38DA2
:103D00002384B6F88C3163842C2AF5D120682146AF
:103D1000BDE87040F7F7BCBF064A07490748F723DC
:103D20000FF0C2FF404080F311884FF0030002DF24
:103D3000D1E700BFD81F06002C1D0600F8150600AD
:103D4000F8B5CC6900230D460646CB6194B1032338
:103D500027792371338DE38004F11C012846FFF796
:103D6000B7FD2C2F00D0F8BD20682146BDE8F840F3
:103D7000F7F78EBF064A0749074840F22A330FF08B
:103D800093FF404080F311884FF0030002DFDEE72D
:103D9000D81F06002C1D0600F815060030B5438D0F
:103DA0000A8E4C8E8D8E934285B002D1838DA342B4
:103DB00014D0012381F82A3002958B6BCDE90024C1
:103DC0000C7A91F82B20898D0391A4F10801B1FAA6
:103DD00081F14909E3F754FB05B030BDB0F88C31EF
:103DE0005B1B18BF0123E5E7F8B50D6A00230C46FD
:103DF000074616460B62002D3DD0291D112E0AD80C
:103E0000DFE806F02C090909090909280909090947
:103E1000090909093020214A2149224840F20E337C
:103E20000FF042FF404080F311884FF0030002DFA3
:103E3000EB79637329463846FDF768FE237A092B30
:103E400014D0F8BD084694F8282094F82910FFF7FC
:103E5000C3FCEDE72046FFF7F5FAE9E72046FFF758
:103E6000EBFDE5E72046FFF765FDE1E73846BDE8F5
:103E7000F84000F025BFFDF733FE05460028BCD111
:103E8000064A094907484FF43D730FF00DFF4040C3
:103E900080F311884FF0030002DFAEE7D81F060061
:103EA00078160600F8150600CC1C06002DE9F04136
:103EB0001B4E336804460D462BB1834203D00123C9
:103EC000AB72BDE8F0812046FFF712F90028F6D169
:103ED000204600F0DBFE07460028F0D129462046A8
:103EE000FDF7F6FD0028EAD02046FBF71BFF012175
:103EF0008046204600F0C2FEA5F83E8085F83C7062
:103F00000F22294620463460FFF788FE94F83930A6
:103F1000DB090CBF41F2020304236B81D1E700BF30
:103F2000A0890020C38D052B03D9028EB2F5486FFE
:103F300001D9002070479342FBD8438EB3F5FA7F36
:103F4000F7D200B5B0F834C0ACF10A0189B240F63E
:103F5000764E714502D900205DF804FB01339BB217
:103F600002FB03F3B3EB8C0FF5D290F83C009042C8
:103F70008CBF00200120EFE738B5CB690C46054621
:103F800063B11A4A1A491B484FF453730FF08CFE61
:103F9000404080F311884FF0030002DFFDF7B4FDCD
:103FA0002C23E061037194F83C200121002384F864
:103FB0002B10A3634AB1238EE18DB3FBF2F313FB05
:103FC00002F39BB2994298BF23862846FBF7AAFECC
:103FD000AB8D06331844A085002221462846FFF702
:103FE00003FF4FF60B73638138BD00BFD81F060077
:103FF00024200600F815060038B505460C4600F0EA
:104000004FFE10B10923A37238BD21462846FDF7A3
:104010005FFD0028F6D021462846FDF761FD2062AD
:10402000FDF76AFD10B90C23A37238BD214628465E
:10403000BDE83840FFF7A0BF38B505460C46FFF78E
:1040400057F810B10323A37238BD21462846FDF767
:104050003FFD0028F6D021462846FDF741FDE369E3
:1040600020621BB32C221A7194F83C2001210023FA
:1040700084F82B10A3634AB1238EE18DB3FBF2F3D6
:1040800013FB02F39BB2994298BF23862846FBF7A5
:1040900049FEAB8D06331844A085002221462846F0
:1040A000FFF7BCFDFF23E3720623CCE7FDF724FDF9
:1040B00038B1E369002BD5D1FDF726FD0346E06159
:1040C000D0E70723BFE700BF70B50C460546FBF7F6
:1040D00029FEA38DC31A1B0400D570BD21462846B6
:1040E000FFF75CFE237A092B19D094F82A6006BBEF
:1040F000E36901221A71E1690868F7F7C9FDE66111
:10410000284600F071FF237A092B05D10D4B1A6860
:10411000954204BF00221A600023A37270BD284696
:1041200000F0D4FD237A092BDFD194F82830002B3E
:10413000DBD0002384F8283021462846FFF7C4FD51
:10414000DEE700BFA089002070B506460C4600F0EF
:10415000A7FD10B10623A37270BD05462146304667
:10416000FDF7B6FC0028F5D0112221463046FFF7B6
:104170003BFE304600F038FF237A092B04D1044B74
:104180001A68964208BF1D600023A37270BD00BF6D
:10419000A089002038B51B4A136805460C465BB160
:1041A000834209D002238B7200F07AFDE0B12046F1
:1041B000BDE83840FDF7CEBC218E6B8D156099426D
:1041C000628EA08E06D021462846FFF7B9FD042353
:1041D000A37238BDAB8D9342F5D1B5F88C318342D3
:1041E000F1D10523A37238BD21462846FDF770FCA6
:1041F0000028DCD04FF47263238521462846FFF760
:10420000A3FFD4E7A089002070B50C46897A054643
:104210000C2900F28F80DFE801F00B172A323C46B0
:10422000588D606A72850700002A00F0918070BD89
:10423000002AFCD1237A082B00F0AD80092B40F036
:104240009C800123A37270BD012AF0D1204619463B
:10425000FFF7A2FB2046FFF765FE50B940F61E733C
:10426000238521462846BDE87040FFF76DBF012A2F
:10427000DDD821462846BDE87040FFF78BBF002AF5
:10428000D5D1FDF739FC002840F0AF800323A3729D
:1042900070BD032A67D0042AC9D10F22062384F8EF
:1042A0002920A37270BD002AC1D195F93930002BA5
:1042B0005CDA94F8283093B10F2384F82930214632
:1042C0002846BDE87040FFF73FBF002AAFD1214626
:1042D0002846BDE87040FFF737BF002AA7D128461F
:1042E00000F0DEFC002859D00823A37270BD002A1C
:1042F0009DD121462846BDE87040FFF77DBE022AC9
:1043000095D195F83920C2F3C011D20954D184F85F
:104310006C10284600F0C4FC0646002875D00D231A
:10432000A37270BD002A82D121462846BDE87040A4
:10433000FFF7CABE404A4149414840F206530FF0D8
:10434000B3FC404080F311884FF0030002DF70BDE2
:10435000FDF7D2FB00283FF46AAF21462846BDE8AE
:104360007040FFF709BE0523A37270BDE2612146CC
:104370002846BDE87040FFF73FBE2F4A2F4930481E
:104380004FF46E730FF090FC404080F311884FF0B3
:10439000030002DF70BD0A23A37270BD21462846C8
:1043A000FDF796FB00289FD0102221462846FFF7F4
:1043B0001BFD0A23638170BD19462046FFF760FB91
:1043C0002846A68DFBF7AEFC331A9BB247F6FE7269
:1043D000934211D82046FDF7BDFB0B23A372214663
:1043E0002846BDE87040FFF76FBE21462846FFF71C
:1043F000A7FC0423A37270BD282385F850312846FA
:1044000000F0F2FD0023A37270BD21462846FDF79F
:104410005FFB002883D0072221462846FFF7E4FCF3
:10442000284600F0E1FD237A092BEBD1054B1A68F1
:104430009542E7D11E60E5E7D81F06007816060012
:10444000F8150600A089002070B506460C46FEF758
:104450004FFE10B10523A37270BD054621463046BC
:10446000FDF736FB0028F5D02946304600F006FC63
:10447000112221463046FFF7D1FB3046FEF710FFF0
:10448000237A092B02D00023A37270BD96F939302C
:10449000002B06DB064B1A689642F4D100221A6004
:1044A000F1E73046FDF7F6FE0028F3D0EBE700BF5A
:1044B000A089002070B50C46897A82B0054607298C
:1044C00000F21281DFE801F0091F284750626504FD
:1044D000002A00F09A8002B070BD002AFBD1237A36
:1044E000082B00F08280092B0FD0864A8649874826
:1044F0004FF4ED730FF0D8FB404080F311884FF07C
:10450000030002DFE7E7002AE5D12146284602B092
:10451000BDE87040FFF7CABC032A00F0AD80042A52
:1045200065D0012AD7D119462046FFF75DFA284603
:10453000022100F0A3FB2046FFF7F4FC002840F026
:10454000B98041F21E0323852146284602B0BDE80A
:104550007040FFF779BF002ABDD12146284602B03E
:10456000BDE87040FFF768BD032A00F0A180042A6F
:1045700000F09380022AAED119462046FFF780FA58
:104580002046FDF7E7FA0623A372A4E7002AA2D18A
:10459000DAE7002A9FD128460192FBF7C3FBA38DDF
:1045A000C01A030497D4019A2846114600F066FB0E
:1045B00021462846FFF7F2FB237A092B7CD094F89A
:1045C0002A60002E40F08480E36901221A71E169BB
:1045D0000868F7F75DFBE6612846FEF761FE237A7F
:1045E000092B3ED00023A37275E7E261B5E72846A8
:1045F000022100F043FBD5F8303123F002032046BE
:10460000C5F83031FDF7A6FAA7E7FDF775FA0028DF
:104610003FF461AFE069002862D02C23037194F865
:104620003C200121002384F82B10A3634AB1238E80
:10463000E18DB3FBF2F313FB02F39BB2994298BFF7
:1046400023862846FBF76EFBAB8D06330344A38518
:10465000002221462846FFF7E1FA4FF606736381F0
:1046600039E795F93930002B34DB294B1A6895422C
:10467000B8D100221A60B5E75A791A2AB7D00021BA
:104680002846019300F0FAFA019B5B7984F8283000
:1046900021462846FFF718FB9EE7D5F830311A224D
:1046A00023F00203C5F83031214684F82820F0E7D2
:1046B0005B79EBE72046A5E72846FEF733FD237A32
:1046C000092B7FF47CAF94F82830002B3FF477AFB0
:1046D0000023DBE72846FDF7DDFD0028C5D081E794
:1046E000FDF712FAE06198E7064A0749074840F2E9
:1046F000B9230FF0D9FA404080F311884FF003003E
:1047000002DFE8E6D81F060078160600F815060056
:10471000A089002010B592F81FC082B0044602F1B3
:104720001C03BCF1110F0AD8DFE80CF02C090909B1
:104730000909092509090909090909091E17242375
:1047400080F850310191FEF7ABFD01990B7A092BEE
:104750001FD000238B7202B010BD0322204602B08E
:10476000BDE81040FFF7A6BE0122204602B0BDE81A
:104770001040FFF79FBE0422204602B0BDE8104063
:10478000FFF798BE0222204602B0BDE81040FFF7B6
:1047900091BE94F93930002B06DB074B1A6894421E
:1047A000D7D100221A60D4E720460191FDF772FDAF
:1047B00001990028F1D0CCE7A08900200023837262
:1047C000704700BF13460022FFF774BE70B5D57F57
:1047D00002F11C0335B10F2D09D1BDE87040012253
:1047E000FFF712BDBDE870400222FFF70DBD242384
:1047F0000E4680F85031044600F0F6FB337A092B60
:1048000005D1044B1A68944204BF00221A600023A9
:10481000B37270BDA089002000238372704700BF6F
:1048200013460022FFF7F0BC00230322FFF7ECBC85
:1048300000230422FFF7E8BC10B524230C4680F8BF
:104840005031FEF72DFD0023A37210BD00238372AB
:10485000704700BF70B58B7A012B0C46054615D901
:10486000022B06D1FBF75EFA238DC01A030413D581
:1048700070BD2B4A2B492C48B6230FF015FA404047
:1048800080F311884FF0030002DF70BDFEF730FCAB
:1048900088B10123A37270BD0021284600F0EEF913
:1048A00004F12A012846FBF74BFA2846FEF7F8FCEC
:1048B0000023A37270BD284600F0E8F90028E8D173
:1048C00021462846FDF704F90028E2D001212846B8
:1048D00000F0D4F92846FBF725FA831D23852146ED
:1048E0002846FDF7FDF8064660B1311D2046FFF76A
:1048F000DFF8F379637331462846FDF707F90223A1
:10490000A37270BD064A094907485C230FF0CCF931
:10491000404080F311884FF0030002DFE5E700BF5D
:104920004420060078160600F8150600CC1C060088
:1049300070B5D37F012B05460C4607D0242380F8A1
:10494000503100F051FB0023A37270BD8B7A012B14
:1049500010D013F0FD0FF8D0144A154915484FF444
:1049600096730FF0A1F9404080F311884FF00300D7
:1049700002DF70BD02F11C012046FFF7ADF82846AA
:10498000268DFBF7CFF9361AB6B247F6FE739E4274
:1049900002D80223A37270BD282385F8503128461F
:1049A00000F022FB0023A37270BD00BF442006006C
:1049B00078160600F815060000238372704700BFC2
:1049C00038B58B7A012B10D0022B0C460ED0FBB1E0
:1049D000114A124912484FF496730FF065F940409E
:1049E00080F311884FF0030002DF38BD0546FBF766
:1049F00099F9238DC01A0304F7D404F12A0128463B
:104A0000FBF79EF9284600F0EFFA0023A37238BDA9
:104A100001238B7238BD00BF4420060078160600C3
:104A2000F815060038B5D0F8F8308B4204460D462C
:104A30001CD00F4A0F49104877230FF035F940403A
:104A400080F311884FF0030002DFD4F8F83043B14F
:104A5000D4F8FC101A68C4F8F820994208BFC4F8CA
:104A6000FC202846BDE83840FDF710B80B46EEE7BD
:104A70008C200600C41F0600F815060038B5D0F8D3
:104A8000F8502B7A013B04460B2B28D8DFE803F0C3
:104A90000606060618181D131306220600222946CC
:104AA000FEF7DCF96B6A2BB129462046BDE8384099
:104AB000FFF7B8BF38BD00222946FFF7B1FEF1E786
:104AC00000222946FBF79CFFECE700222946FCF771
:104AD0008FFEE7E700222946FFF772FFE2E7074A69
:104AE000074908484FF4DA730FF0DEF8404080F3CE
:104AF00011884FF0030002DFD4E700BF8C200600CE
:104B000078160600F815060070B5D0F8F85004467F
:104B10001DB394F80431012B03D1022384F8003132
:104B200070BD29462046FCF7D3FF0028F5D0294662
:104B30002046FCF7D5FF0646E8B1311D2846FEF7B2
:104B400081FCF3796B7331462046FCF7DFFF0123CC
:104B50006B62002384F8003170BD0E4A0E490F4885
:104B60004FF4FE730FF0A0F8404080F311884FF02F
:104B7000030002DFCDE7074A094908484FF4E27312
:104B80000FF092F8404080F311884FF0030002DFED
:104B9000D3E700BF8C200600B01F0600F815060002
:104BA000CC1C060070B5D0F8F8500446ADB394F8AC
:104BB0000431012B03D1012384F8003170BD294653
:104BC0002046FCF785FF0028F5D029462046FCF753
:104BD00087FF064600283BD02046FEF71DFA2A7ABA
:104BE000037A934206F1040025D0082B25D02A2110
:104BF00094F820311BB1D4F830315B0722D4FEF792
:104C0000DFFDF3796B7331462046FCF77FFF01230C
:104C10006B62002384F8003170BD144A14491548B2
:104C20004FF4F6730FF040F8404080F311884FF0D6
:104C3000030002DFBBE72321DAE7092A14BF2A2198
:104C40002321D5E70A4694F80711FEF7C5FDD8E7FA
:104C5000064A094907484FF4E2730FF025F840402F
:104C600080F311884FF0030002DFB5E78C200600C7
:104C7000B01F0600F8150600CC1C060080F80611CF
:104C8000704700BF704700BF0020704790F80501D3
:104C9000003818BF01207047D0F8F800704700BFF7
:104CA00090F80401A0F10100B0FA80F040097047CB
:104CB000012380F804317047002380F804317047E5
:104CC000B0F80831A0F80231704700BF0023A0F807
:104CD0000231704738B5D0F8F840A4B10546D5F890
:104CE000FC202368C5F8F8309442214608BFC5F877
:104CF000FC302846FCF74EFF2046FCF7C7FED5F8EF
:104D0000F840002CEBD138BD022938B5054612D049
:104D100004290C460AD0012900D038BDD0F8F8305B
:104D2000002BFAD0BDE83840FFF7A8BEFFF7D2FF4E
:104D300085F8004138BDD0F8F840002380F80531EF
:104D40003CB100230122A5F80231626285F80031EE
:104D500038BD074A0749084840F20F230EF0A4FF68
:104D6000404080F311884FF0030002DFE9E700BF05
:104D70008C200600B01F0600F8150600F8B590F864
:104D8000003104460E461546052B00F29A80DFE8F6
:104D900003F00E1607030B03BDE8F840FFF7B4BF9E
:104DA000BDE8F840FFF7B0BE03290CD0F8BD71B1E3
:104DB0000429FBD1FFF78EFF84F80061F8BDBDE840
:104DC000F840FFF7EFBE002380F80031F8BDD0F8BF
:104DD000F870002FEAD03B7A90F806C190F839E0DD
:104DE000102B11D83E4A012101FA03F0024042B3D0
:104DF0000A2B1FD0B3B184F805612046FFF73EFEB1
:104E0000032384F80031F8BD364A374937486A230E
:104E10000EF04AFF404080F311884FF0030002DF9C
:104E20003B7AE5E7EB7F87F86C302046BDE8F84039
:104E3000FFF76ABE2046FFF721FE052384F8003104
:104E4000F8BD10F4386FDFD00A2BF3D0002BE9D077
:104E5000BCF1000F01D10E46CDE71EF0800F12D13C
:104E6000BCF1010F1FD0BCF1020F9FD12046FEF70D
:104E7000D3F83B7A027A9A421FD0082A1BD02A2301
:104E800084F85031F8BDBCF1010FECD12046FEF79B
:104E9000C3F808B1FF22C2722046FFF7EFFD0323DB
:104EA00084F80031F8BDEB7F84F807312046BDE877
:104EB000F840FFF777BE092BE1D1232384F8503166
:104EC000F8BD084A084909484FF43B730EF0ECFE60
:104ED000404080F311884FF0030002DFF8BD00BFAF
:104EE0007FF401008C20060078160600F8150600F5
:104EF00038B50C46097AE361054662610C2929D868
:104F0000DFE801F00B0707070719191E1414072320
:104F100007001A462146FDF793FF636A2BB121462D
:104F20002846BDE83840FFF77DBD38BD1A4621460A
:104F3000FFF74CFCF1E71A462146FBF711FDECE7C1
:104F40001A462146FCF732FCE7E71A462146FFF7EE
:104F5000EFFCE2E7064A0749074840F233130EF038
:104F6000A3FE404080F311884FF0030002DFD4E736
:104F70008C20060078160600F815060038B50B7A66
:104F8000072B0C4605460ED00C2B01D1FDF75EFF1A
:104F9000636A0022A2612BB121462846BDE8384051
:104FA000FFF740BD38BDFCF727FCF1E738B50B7AB9
:104FB000072B0C46054608D0636A2BB121462846CC
:104FC000BDE83840FFF72EBD38BDFCF719FCF3E70C
:104FD0000422002380F80021A0F80231704700BFAE
:104FE00000220121FFF7CABE00220221FFF7C6BE40
:104FF00000220321FFF7C2BE00220421FFF7BEBE3C
:10500000F0B5044683B00E4615467BB1D37F1B2B0B
:1050100031D8DFF898C090F839100CEB4307C90974
:105020007F781AB201238B403B402BD11846FCF706
:105030000FFE0746E8B100230360D4F8FC30E3B16B
:105040001860C4F8FC002A4600212046FFF796FEAF
:105050007B6A1BB139462046FFF7E4FCD4F8F81010
:1050600039B12B463246204603B0BDE8F040FFF789
:105070003FBF03B0F0BD0023D8E7C4F8F800C4F880
:10508000FC00E0E71CF812300A2BCFD10193FFF7A8
:1050900021FE0022A4F8022184F8052184F80021D1
:1050A0002046FEF79DF9019BC0E700BFD420060013
:1050B00010B50446FFF70EFE0023A4F8023184F871
:1050C000053184F8003110BD10B50C4630B994F8A4
:1050D00074316FF3000384F8743110BD094A0A4932
:1050E0000A4840F289230EF0DFFD404080F311882A
:1050F0004FF0030002DF94F874316FF3000384F87B
:10510000743110BD0C21060054210600F81506006C
:1051100000B9704708B5074A0749084840F281239B
:105120000EF0C2FD404080F311884FF0030002DF13
:1051300008BD00BF0C210600B41B0600F8150600D0
:10514000012800D0704710B50C46F6F76FFE844278
:105150000CD0074A0749084840F279230EF0A4FD15
:10516000404080F311884FF0030002DF10BD00BF04
:105170000C21060068210600F81506002DE9F04113
:10518000079C9DF818800546208D4FF6FF718842D8
:1051900025D02946204617461E46FAF747FBF0B9A8
:1051A00021780131C9B2217049B31C491C4B0E81D1
:1051B00004F11C000022C860C1E9005781F80A8090
:1051C000996001201146F4F7D7FB50B9FF20FAF798
:1051D0005FFB2046FF21BDE8F041FAF731BCBDE896
:1051E000F081104A1049114840F233230EF05CFD63
:1051F000404080F311884FF0030002DFE6E7094AE0
:105200000B490A4840F226230EF04EFD404080F341
:1052100011884FF0030002DFC7E700BF7C91002038
:10522000D40E00200C21060054160600F8150600C6
:10523000881A0600038E23B190F8742112F001033E
:1052400000D0704710B542F0010288B0114C80F8D0
:10525000742105310122CDE902320690CAB2CDE9AE
:105260000434CDE9003303211846F5F7CFFE10F0E2
:10527000FD0F0CD0084A094909484FF4F6730EF0A7
:1052800013FD404080F311884FF0030002DF08B0A7
:1052900010BD00BFC95004000C210600201C0600F0
:1052A000F815060038B50C461546F9F773FF48B1F6
:1052B0001CB1BDE83840FCF72DBF2946BDE8384099
:1052C000FCF702BF022038BD38B50C461546F9F789
:1052D00061FF58B190F93930002B05DA2A46214692
:1052E000BDE83840FCF7CABD0C2038BD022038BDEF
:1052F000704700BF00B9704708B5074A074908481A
:1053000040F212430EF0D0FC404080F311884FF081
:10531000030002DF08BD00BF98210600B41B060091
:10532000F81506002DE9F041079C9DF81880054608
:10533000208D4FF6FF7188422CD029462046174613
:105340001E46FAF773FA28BB21780131C9B22170E1
:1053500081B30220FAF79CFA02212046FAF770FB8B
:105360001B491C4B0E8104F11C000022C860C1E9DE
:10537000005781F80A80996001201146F4F7FCFA81
:1053800050B9FF20FAF784FA2046FF21BDE8F0412A
:10539000FAF756BBBDE8F0810F4A1049104840F2B9
:1053A000C1330EF081FC404080F311884FF00300C0
:1053B00002DFE6E7084A0B49094840F2AE330EF037
:1053C00073FC404080F311884FF0030002DFC0E718
:1053D00094910020E40E0020982106005416060047
:1053E000F8150600881A06002DE9F8430646002045
:1053F000F9F7A8FC68B3036A044653B393F8202076
:1054000042F0020283F82020076A17B30146002009
:10541000F9F7DCFB0546C8B93F68D7F8548107F5B2
:10542000AA79B8F1000F18D04046F6F715FC1723FB
:1054300087F858314FF6FF73A7F85A311C3402230E
:10544000C7F85C4187F87031C6F800902846BDE87F
:10545000F8830C252846BDE8F883074A0749084821
:1054600040F209230EF020FC404080F311884FF0F9
:10547000030002DFD8E700BF98210600AC1B06003E
:10548000F815060070B50C4615461E46F9F782FE63
:10549000B8B190F88EC01CF0180C04D0BCF1180FF5
:1054A00008D00C2070BD33462A462146BDE8704026
:1054B000FCF730BD33462A462146BDE87040FCF774
:1054C00057BD022070BD00BF30B583B001A8FFF703
:1054D0008BFF044610B1204603B030BDF9F732FC13
:1054E000054650B195F8483000226FF3000320467E
:1054F00085F848302A6203B030BD074A074908489A
:1055000040F25D230EF0D0FB404080F311884FF055
:10551000030002DFE6E700BF98210600DC21060059
:10552000F815060070B583681D682C6A1CB300234B
:105530002B62E36E63B11E4A1E491F4840F2792375
:105540000EF0B2FB404080F311884FF0030002DF01
:1055500004F1600104F15C00F4F78CF90646C0B177
:105560002068E666F9F700FE95F848306FF300030F
:1055700085F8483070BD0E4A10490F4840F2762336
:105580000EF092FB404080F311884FF0030002DFE1
:10559000CDE7074A0A4908484FF41F730EF084FB11
:1055A000404080F311884FF0030002DFD8E700BFCE
:1055B00098210600D8160600F8150600CC1606003D
:1055C000AC1B060070B5042482B04FF6FF7620466F
:1055D000F9F7E0FD0546684655B195F93930002BDD
:1055E00006DB00F02BF869462846FCF72BFD20B9B6
:1055F000013CA4B2B442EAD1002002B070BD00BFA9
:1056000008607047053804288CBF002001207047CF
:1056100008B5084A0346006810601B79137105211C
:105620001046F4F7C1FA044B1870FFF7CBFF0020C7
:1056300008BD00BFF40E002045130020044A0549B0
:10564000034610681860127908781A71704700BF15
:10565000F40E00204513002030B5044600789DF874
:105660000C5002FB01111F4A014482FB01020A4453
:10567000521102EBC20002EB80028A1AD0B2C108BA
:105680002070595C02F0070241FA02F212F00102A6
:105690001FD1B0FBF5F405FB1404E4B25D1E104607
:1056A000043300F1080E15F8011F5FFA8EFE024662
:1056B00011F0010F02F1010C4FEA510102D04CB17F
:1056C000013CE4B25FFA8CF27245F1D110469D4282
:1056D000E7D130BDC11D891AC9B207291046F6D8D5
:1056E00030BD00BFA7C867DD4288008850407047C2
:1056F000F0B5344D344C48404FF0030C060A5FFAC5
:1057000080FE0EEB8E2E06EB862004EA401705EA9B
:10571000400605EA4E0004EA4E1E3E4340EA0E00F3
:1057200000EB002706EB062E06EB0E2600EB07200B
:10573000360CC0F3074040EA062000EB00100CF1E5
:10574000FF3C08441CF0FF0C80B2D7D141401F48F9
:10575000A0FB01400C1A00EB5400400900EBC00410
:1057600000EB8400081AC0F3C40400F00705145DC0
:105770002C41E407C0B21CD401FB03F3561EC3F353
:1057800007430432604600F1080516F801CFEDB278
:1057900001461CF0010F01F101044FEA5C0C02D03C
:1057A00043B1013BDBB2E1B2A942F2D108469642D5
:1057B000E9D1F0BD0730401AC0B207280846F6D834
:1057C000F0BD00BF10210200408408004D91CFBA07
:1057D0001A491B482DE9F0410023451EA1F1020C96
:1057E000012606E00133082B01F1060100F1280033
:1057F00022D003EB830215F83220D407F2D59CF8AF
:1058000000409CF801E0D0F80080C2F3801206FA54
:1058100003F79A4001333C434EEA020287888F80A7
:10582000082B8CF800408CF8012001F1060141F8AA
:10583000068C00F12800DCD1BDE8F081AA9100209F
:10584000959200202048214A2DE9F047204FDFF8AB
:1058500084800023951EA0F1020C012615F8331058
:10586000C90706FA03F926D53C7812F8011C4CB199
:10587000072901EB810405D818F834104C0701D52D
:10588000C90618D515F833109CF801E09CF80040C3
:10589000D2F800A0C1F3400199404EEA010144EA68
:1058A0000904B2F804E08CF800408CF80110A0F86C
:1058B00004E0C0F800A00133082B00F1060002F15B
:1058C0000802CBD1BDE8F08716940020D6930020C3
:1058D000C9AB0020949200200820704738B5002002
:1058E000F8F7FEFFF0B9F9F761FA10F0010019D1ED
:1058F0000D4C0E4D621E14F83030072B03EB830164
:1059000005D815F831306FF3451305F8313012F82A
:1059100030306FF3000302F8303001300828EAD14C
:10592000002038BD0C2038BDD59300209492002073
:105930002DE9F04F074683B00020F8F7D1FF00288B
:105940006DD1F9F733FA10F0010568D13B78FF2BE0
:1059500073D03F4E07F101094FF0FF0A2C46A6F124
:10596000020803F0010B06E059455CD00134082C15
:1059700006F108060FD018F83420C2F34001D20710
:10598000F2D4BAF1FF0F08BF5FFA84FA0134082C91
:1059900006F10806EFD1BAF1070F52D818F83A20ED
:1059A00063F3410208F83A20022314FB0A34D7F8C3
:1059B000013048F804304444B9F80430A38097F823
:1059C00000B0244C0BF0010B661E04E00135082DDD
:1059D00004F1280439D005EB8503DF0016F83330D5
:1059E000C3F38012DB07F1D55A45EFD120460622DA
:1059F000494617F0B7FD0028E8D1F35D43F02003D6
:105A0000F355EDB218F83A3008EBCA0243F001033F
:105A100008F83A305570002003B0BDE8F08F0C2034
:105A200003B0BDE8F08F304606224946019317F0D7
:105A300099FD019B002899D1EDE7284603B0BDE808
:105A4000F08F072003B0BDE8F08FFF25DAE700BF35
:105A5000D6930020959200202DE9F04106460020C3
:105A6000F8F73EFF00283AD1F9F7A0F910F0010449
:105A700035D196F80080B8F1FF0F36D01C4D0136B5
:105A8000AF1E08F0010804E00134082C05F10805F8
:105A900028D017F83430C3F34002DB07F4D5424571
:105AA000F2D106222846314617F05CFD0028EBD1E2
:105AB00007EBC4035B78072B08D80E4A03EB83037C
:105AC00012F8331060F3451102F8331017F8343030
:105AD0006FF3000307F834300020BDE8F0810C209C
:105AE000BDE8F0810220BDE8F0812046BDE8F081EC
:105AF000D69300209492002007282DE9F041044617
:105B00000F46154619D81B4E04EB84034FEA840850
:105B100016F83330DB071ED5A044012216F83830C2
:105B2000C3F380133B70282313FB0423F218F358AC
:105B30002B609388AB80BDE8F0810F4A0F49104875
:105B40004FF48C730EF0B0F8404080F311884FF0A2
:105B5000030002DFD7E7084A0A49094840F219134F
:105B60000EF0A2F8404080F311884FF0030002DFEE
:105B7000D2E700BF94920020382206007C22060063
:105B8000F8150600882206000820704710B500208E
:105B9000F8F79AFE08B10C2010BD0446F9F7ECF8AE
:105BA0000128F8D8194B1A48197893F8282004705E
:105BB00064F3000164F30002197083F8282093F85D
:105BC000501093F8782064F3000164F3000283F826
:105BD000501083F8782093F8A01093F8C82064F34D
:105BE000000164F3000283F8A01083F8C82093F842
:105BF000F01093F8182164F3000164F3000283F8B5
:105C0000F01083F81821204610BD00BF94920020A8
:105C1000C8AB00202DE9F04F83B083460020CDF8BB
:105C200000B0F8F751FE18B10C2003B0BDE8F08FBA
:105C30000446F9F7A1F80128F6D8DDF800B0DFF83E
:105C400028911BF8012B019202F0010309F1FF38A2
:105C50001E4604E00134082C09F1280971D004EB38
:105C6000840208EBC20518F83270FB074FEA840A79
:105C7000C7F38012EED5B242ECD14846062259460F
:105C800017F070FC0028E5D13E467607019A0746DA
:105C90002FD5DFF8D8C09CF80060013E16F0FF0653
:105CA00025D095F81790B14521D02C4A019002EBF0
:105CB000061302EB091215460FCBDFF8B4E085E8B6
:105CC0000F003D4605EB850308EBC30218F833309F
:105CD000D80705D5590703D59EF81730B34234D0FD
:105CE0000135082D0EF1280EECD1009B1A788CF8A6
:105CF00000601B4D02F00109AE1E04E00137082FC1
:105D000005F1080512D016F83730C3F34002DB075F
:105D1000F4D54A45F2D106222846594617F022FC0E
:105D20000028EBD106EBC706FF237370A2440020C6
:105D300018F83A306FF3000308F83A3003B0BDE8C2
:105D4000F08F022003B0BDE8F08F009B82F817901F
:105D50001A78044B03F80950C9E700BF14920020D9
:105D6000D69300200C92002095920020C8AB002012
:105D7000949200202DE9F8431D465B7903F0C0039F
:105D8000402B01D0BDE8F8830F46F1B1DFF8A890B1
:105D9000002400F0010609F1FF3804E00134082C6A
:105DA00009F12809EED004EB840318F83330D90741
:105DB000C3F38012F2D5B242F0D1062248463946EA
:105DC00017F0D0FB0028E9D1E2B2072ADAD8DFF8D1
:105DD0006C8002EB820318F83330DB07D2D502EB7C
:105DE0008202D40004F11803286848F8030008EB85
:105DF0000309AB88A9F80430002601E0052EC1D0C4
:105E0000B0B2F9F7C7F9013606224946054600F255
:105E1000A1170028F2D0384617F0A4FB0028EDD1D6
:105E2000013408EB040358F80420C5F8A1219B882D
:105E3000A5F8A531A6E700BF959200209492002016
:105E40002DE9F84F82461A4E1AF8018B8946002434
:105E500008F00108771E03E0082C06F128061BD085
:105E600004EB8402D50017F83230C3F38012DB074D
:105E700004F10104F0D54245EED1062251463046E8
:105E800017F070FB83460028E6D118357C190621EF
:105E90002046F3F7DFFC10B90220BDE8F88F7859EF
:105EA000C9F80000A388A9F804305846BDE8F88F67
:105EB000959200202DE9F0478246174E1AF8018B83
:105EC0008946002408F00108771E03E0082C06F13B
:105ED00028061DD004EB840207EBC20517F8323008
:105EE000C3F38012DB0704F10104EFD54245EDD185
:105EF00006225146304617F035FB0028E6D16B6A82
:105F00001A68C9F800209B88A9F80430BDE8F0871A
:105F10000220BDE8F08700BF9592002010B504462E
:105F20000020F8F7D1FC08B10C2010BDF8F724FFD1
:105F30000128F9D80CB1012C03D1034B1C700020AF
:105F400010BD122010BD00BFC9AB0020034B4FF4A1
:105F50007A7202FB00F01860704700BFA491002025
:105F60002DE9F047824600208846F8F7ADFC10B1D5
:105F70000C20BDE8F0870446F8F7FEFE0128F7D8AC
:105F80001B4E1AF8019B771E09F0010903E0082C4B
:105F900006F1280620D004EB8402D50017F8323031
:105FA000C3F38012DB0704F10104F0D54A45EED1BA
:105FB00030460622514617F0D5FA0028E7D1B8F14D
:105FC000000F0FD0B8F1010F09D17B5D43F0100332
:105FD0007B550020BDE8F0870220BDE8F087122045
:105FE000BDE8F0877B5D68F304137B550020F1E783
:105FF00095920020034A044B002814BF104618460F
:10600000704700BF14940020A8910020A8B110B5DB
:106010000B4A12684FF4004340F2E7300021E2FBE4
:1060200003014FF47A720023E0F76AF8BDE81040EC
:1060300002460B4603480AF09BBB024816F067BDB8
:10604000A4910020C04400200D4A08B5002313800D
:1060500070B90C4B0C4A1B780020108003B908BDA6
:10606000F8F78AFE0028FAD1BDE80840FFF7B0BB78
:106070001846F8F79BFEC307EBD4FFF7E3FBE8E70E
:1060800014940020C9AB0020A89100200E4A08B546
:1060900000231380C2070ED40C4B0D4A1B7800203E
:1060A000108003B908BDF8F70FFC0028FAD1BDE84D
:1060B0000840FFF78DBB1846F8F712FC0028EBD11B
:1060C000FFF7C0FBE8E700BF14940020C9AB002035
:1060D000A89100202DE9F04F834687B016F095FE79
:1060E0004A0143011B1A42EAD06262EB01029200AC
:1060F00042EA93729B001B1841EB02094FEAC9095F
:1061000049EA5379C3F3103343EA49434FEAD93993
:10611000BBF1000F16D1624AD2E90012B2F1FF3F83
:1061200008BFB1F1FF3F0DD05E480068591A69EB16
:106130000202814272F10002ACBF4FF0010A4FF03F
:10614000000A01E04FF0010A574ECDF804B0DFF825
:106150006C810024F71F9B460DE0254417F835306D
:1061600043F0020307F835300134082C08F1060823
:1061700006F1280625D004EB8403A50017F8333078
:10618000DA07F1D5BAF1000F01D19807ECD42B1939
:1061900017F83330590750D42B1917F833301A0732
:1061A000DBD502A930460FF03BFD00286AD1BDF8CF
:1061B0000C300298A8F80430C6F81D80C8F800001A
:1061C000CBE75B46DDF804B0BAF1000F02D0344AE9
:1061D000C2E90039BBF1000F08D00020F8F766FBD8
:1061E000044618B194F86A305B0702D407B0BDE8E2
:1061F000F08F94F82630072BF8D8FF238DF808305D
:1062000094F8293004EB830302A9DE6A04F1280024
:1062100001F0FCFB727805460232314616F0ACFF05
:1062200029462046F8F76CFB9DF80830FF2BDDD09F
:1062300084F8293007B0BDE8F08F317C1B4B0F226A
:1062400002EB01121A440DF117000DF1070312F8C9
:10625000011903F8011F8342F9D106F1170102A8C1
:106260000FF0DEFC002897D0114A1249124840F284
:10627000F3230DF019FD404080F311884FF0030027
:1062800002DF89E70A4A0B490B4840F201330DF05F
:106290000BFD404080F311884FF0030002DF86E7DA
:1062A000F0440020A49100209B9200201492002032
:1062B0003822060054160600F8150600DC9100206E
:1062C00010B50120FFF706FF0A4A12684FF4004399
:1062D00040F2E7300021E2FB03014FF47A72002321
:1062E000DFF70EFFBDE8104002460B4602480AF0F9
:1062F0003FBA00BFA4910020C0440020072813D853
:1063000070B500EB8003104D15F833301A070446C2
:106310004FEA8006C3F3C00005D59B0706D5264487
:1063200005EBC605686A70BD00207047074A08493A
:1063300008484FF44A730DF0B7FC404080F31188D1
:106340004FF0030002DFEAE79492002038220600B3
:106350009C220600F815060007280CD800EB8003E5
:10636000064A12F833104B0705D5282303FB0022F9
:1063700002F11E0070470020704700BF9492002079
:106380002DE9F047894616460AB1FF231370154DD3
:10639000002400F0010805F1FF3A09E01EB133784E
:1063A000FF2B08BF37700134082C05F1280514D0E5
:1063B00004EB8403E7B21AF83330C3F38012DB072F
:1063C000ECD54245EFD106222846494617F0CAF8D7
:1063D0000028E8D13846BDE8F087FF273846BDE8F9
:1063E000F08700BF959200202DE9F04F074685B059
:1063F00000200E469046F8F767FA18B10C2005B059
:10640000BDE8F08F0446F8F7B7FC0128F6D8BA4685
:106410000DF10F021AF8010B5146FFF7B1FF0728E3
:1064200040F2B6809DF80F90B9F1070F00F2AC80F2
:1064300009EB8902D200584DD7F801100192531C84
:1064400009EB890BE9502B44BAF8041099803B788A
:1064500015F83B10009263F38611A95430461021C1
:10646000F3F7F8F9009BE95C60F38201E9544046D8
:106470001021F3F7EFF9009B019AE95C00F00100AD
:1064800060F3C30111F0040FE95405EBCB0B4FEAA5
:1064900089031CD0DFF808E1DFF808C19EF800107E
:1064A0008BF817100CF80190DFF8FCB04FF0FF3CB0
:1064B0000CEB011C01318EF80010DC4406F10F01D9
:1064C000013E11F801E90CF801EFB142F9D10028C1
:1064D00041D118320021A9502A44304E918003EB5B
:1064E000090215F8321021F0120105F8321097F860
:1064F0000080B71E08F0010804E00134082C06F102
:10650000080616D017F8342012F0010BC2F3400130
:10651000F3D04145F1D1304606225146009317F0A1
:1065200021F8009B0028E8D107EBC40787F8019009
:1065300001E04FF0000B4B444FEA4B1215F83310BB
:1065400042F0010221F021010A43002005F8332026
:1065500005B0BDE8F08FD61DA81903EB0901D8F8E6
:1065600000B0D8F804E0D8F808C0D8F80C8045F896
:1065700006B005EBC101C0F804E0C0F808C0C0F8DF
:106580000C8000204862A4E7072005B0BDE8F08F2A
:10659000122005B0BDE8F08F94920020D693002021
:1065A000C8AB00200C92002014920020072807D8C6
:1065B000044B00EB800013F83000C0F3C0007047BC
:1065C0000020704794920020072812D800EB80002A
:1065D000094A12F8303013F0080F4FEAC001C3F334
:1065E000C00007D0C3F340009B0703D50A44506A9C
:1065F00070470020704700BF94920020024B1B7828
:1066000003700248704700BFC8AB002014920020FE
:1066100038B50C4650B1072913D82A4D15F8343037
:10662000DA0720D505EBC405687838BD07292BD8D3
:10663000254B04EB840213F83230DB0732D52046B9
:1066400038BD224A2249234840F269330DF02CFB21
:10665000404080F311884FF0030002DF194D15F818
:106660003430DA07DED4194A1B491A4840F26A333B
:106670000DF01AFB404080F311884FF0030002DF59
:1066800005EBC4056878D0E7104A1449114840F278
:106690006D330DF009FB404080F311884FF003008B
:1066A00002DFC5E7094A0E490A4840F26F330DF090
:1066B000FBFA404080F311884FF0030002DF2046D0
:1066C000BEE700BFD4930020949200203822060039
:1066D000B4220600F81506006023060078230600A1
:1066E0002024060010B5204B1B78834204460CD9A9
:1066F0001E4B1C5D072C19D81D4B04EB840213F8AC
:106700003230DB0720D5204610BD1A4A1A491B48F3
:1067100040F279330DF0C8FA404080F311884FF011
:10672000030002DF114B1C5D072CE5D9114A144907
:10673000124840F27B330DF0B7FA404080F31188E5
:106740004FF0030002DFD7E70A4A0E490B484FF427
:106750005F730DF0A9FA404080F311884FF00300F9
:1067600002DF204610BD00BFC8AB00200C92002005
:1067700094920020382206002C240600F81506000A
:106780004C24060020240600072823D870B500EB0F
:106790008003114E16F83330DB0704464FEA8005BC
:1067A00005D5254416F83500C0F3401070BD0B4ADE
:1067B0000B490C4840F287330DF076FA404080F3E5
:1067C00011884FF0030002DF254416F83500C0F3AE
:1067D000401070BD002070479492002038220600BF
:1067E00088220600F8150600144B1B789BB1072978
:1067F00070B50C460DD860B9114E01EB81038D00C8
:1068000016F83330DA070BD5254416F83500430760
:1068100003D4012070BD01207047C0F3001070BD8B
:10682000084A094909484FF468730DF03DFA4040A1
:1068300080F311884FF0030002DFE5E7C9AB0020C9
:10684000949200203822060088220600F8150600DF
:106850001378FF2B19D12DE9F047194D0446AE46A8
:10686000002303EB830C9E0015F83CC01CF00100D4
:1068700003D0CCF3801CA44509D00133082B0EF1C2
:10688000280EEED10120BDE8F0870120704701F10C
:10689000FF3877464FF0000C17F801AF18F8019F4A
:1068A000CA450CF1010CE8D1BCF1060FF4D11E442D
:1068B000137015F836305A07E5D5C3F30010E2E738
:1068C0009492002010B40F4B1C787CB1072A0DD88D
:1068D0000D4C02EB820C14F83CC01CF0080F05D0E4
:1068E00020B14B7903F0C003402B03D000205DF8AA
:1068F000044B7047282303FB024007305DF8044B2C
:106900000FF07BB9C9AB002094920020024B18789D
:10691000003818BF01207047C9AB002000F07CBBD5
:1069200008B5002302F0D2FB002008BD10B584B0EA
:10693000079BD3E900209047012812D004460DF1AF
:106940000F010DF10E00F5F721FA0021064B009121
:106950009DF80F209DF80E000121F4F76FFB034B0B
:10696000DC6004B010BD00BF7169040060940020B9
:1069700000B585B00DF10F010DF10E00F5F706FA27
:106980009DF80F20064B9DF80E000021013200916A
:10699000D2B20221F4F752FB05B05DF804FB00BF50
:1069A000416A0400F0B58DB00E4605460DF12F0189
:1069B0000DF12E001C461746F5F7E8F99DF82FC09B
:1069C00006940CF1010C0024CDE90744CDE9034401
:1069D000CDE901449DF82E00059700962B465FFAFD
:1069E0008CF20121F4F77EFA10F0FD0F0AD0064870
:1069F0000094064BC4609DF82F209DF82E000121C5
:106A0000F4F71CFB0DB0F0BD609400207169040028
:106A1000019B024A3121FFF7C5BF00BF216A040074
:106A200070B5059D0446F5F7B7F92B462046034A95
:106A3000BDE870400621FFF7B5BF00BF2D69040017
:106A4000014809F02BBD00BF4894002008B5012281
:106A50000021024815F086FF002008BD4894002060
:106A6000024BA0F2A462C3E90020704760940020AA
:106A70000020F4F711BA00BF08B5F4F7C9FB014BC9
:106A8000986008BD60940020684620F007018D469C
:106A900001B502F03FFBEAF7C1FEBDE801408546C3
:106AA000704700BF08B50A4BD3F840213AB901201E
:106AB000F2F7C0FFBDE808400220F2F7BBBF00209C
:106AC000C3F84001D3F84031F4F7F2F9EFE700BF23
:106AD00000B000400020F2F7ADBF00BF38B5F8B9F4
:106AE0001F4B204C1B7821789942DAB20DD01E4AF8
:106AF0001E491F484FF454730DF0D6F8404080F300
:106B000011884FF0030002DF22781A4B1A4D1978D2
:106B10002B7801329942227010D001332B7038BD8E
:106B2000114A1649124840F24B330DF0BDF840406F
:106B300080F311884FF0030002DFD1E70A4A1049C1
:106B40000B4840F256330DF0AFF8404080F3118807
:106B50004FF0030002DF2B7801332B7038BD00BFEC
:106B6000CAAB0020CBAB0020542406009C240600B6
:106B7000F8150600CFAB0020CEAB0020B41B0600FA
:106B8000B824060010B50E4B0E4C1A7823789A42A2
:106B900006D00D490D4A097811700133237010BDDC
:106BA0000B4A0C490C4840F242330DF07DF840404E
:106BB00080F311884FF0030002DF2378E9E700BF7C
:106BC000CDAB0020CCAB0020CAAB0020CBAB00206B
:106BD00054240600E0240600F815060002F0B0BBBD
:106BE00010B5184A184C127823789A421BD0217895
:106BF000164B0131C9B2002221700399996001201E
:106C00001146F2F7B9FE00B910BD114A11491248F8
:106C100040F2D6330DF048F8404080F311884FF031
:106C2000030002DF10BD0A4A0C490B484FF474738D
:106C30000DF03AF8404080F311884FF0030002DF76
:106C4000D5E700BFCBAB0020CAAB0020FC0E002074
:106C50005424060064170600F815060008250600EF
:106C60002DE9F047494E1446494A337812789A4242
:106C70008AB058D019B10A7F12F0020503D0002063
:106C80000AB0BDE8F087E368D4F800901B68DFF82D
:106C90002CA1DF68D3E9012191422CBFC7EB01078A
:106CA000C7EB020709EB070828F07F48DAF8001065
:106CB0004046F4F7AFFA0302E1D5364A364B117875
:106CC0001A7891422DD1354A354912780978914286
:106CD00027D000951A780132D2B21A702946314B6A
:106CE0002A462846F4F7AAF910F0FD0F19D02E4ACB
:106CF0002E492F4840F2C2330CF0D6FF404080F3BB
:106D000011884FF0030002DF274A2849284840F243
:106D10008A330CF0C9FF404080F311884FF0030024
:106D200002DFE36818E01D4B1D4A1B7812789A4277
:106D3000A0D1C368D0F800901A68DFF880A0D768A7
:106D4000D2E9011088422CBFC7EB0007C7EB01074F
:106D500009EB070828F07F48CAF800800693154B16
:106D60000022CDE90732144BCDE90222CDE90423FC
:106D7000CDE9007234780134E4B24B461146104636
:106D80003470F4F7AFF80AB0BDE8F087CFAB00205D
:106D9000CEAB0020CCAB0020CDAB0020CAAB002096
:106DA000CBAB0020856B0400542406009C19060020
:106DB000F8150600DD6A0400E16B040078940020F9
:106DC000F0B56E4EB36889B083B1336873B1FF23F9
:106DD00005468DF80A3002E0037F980708D00DF1D0
:106DE0000A00F5F785F904460028F5D109B0F0BD91
:106DF000E368AB4244D00DF10A00F5F779F9074694
:106E00000DF10A00002F00F0A1803B7F9907F4D11B
:106E1000FB689D421CD0F5F76BF903460DF10A00A3
:106E2000002B00F093801A7F9207F4D1DA68AA420F
:106E3000F1D19F420CD0524A5249534840F20B4381
:106E40000CF032FF404080F311884FF0030002DF66
:106E5000237FA269E16843F002032377204690472D
:106E6000FF238DF80A3002E0037F990707D00DF168
:106E70000A00F5F73DF904460028F5D1B6E7C568E4
:106E800073683168284603AA98470546002853D0FE
:106E9000B36831680020984715F10B0F0FD08C357F
:106EA000A4D0374A394938484FF489630CF0FCFEC6
:106EB000404080F311884FF0030002DF96E7FF2483
:106EC0000DF10B008DF80B40F5F712F960BB0123B3
:106ED000306800930021CDE90411069107903160DC
:106EE000039BD6E9010104AAF5F7BAF800287FF45C
:106EF0007DAF234A2649244840F246430CF0D4FE95
:106F0000404080F311884FF0030002DF6EE743F04A
:106F100002030377836998478DF80B400DF10B004E
:106F2000F5F7E6F80028D2D0037F9A07F6D4C268B6
:106F300031689142F2D1EAE7237FA269E16843F028
:106F4000020323772046904709B0F0BD2246002176
:106F50002046FFF785FE30F002033FF447AF084AB2
:106F60000C49094840F201430CF09EFE404080F37A
:106F700011884FF0030002DF38E700BF7C94002047
:106F80005424060024250600F815060044250600B2
:106F90003C2506009C19060010B5154815F045FB68
:106FA00010B3144B00249C6000F004FB00281ADB93
:106FB000214601202246EAF757FE22460B200121F6
:106FC000EAF752FE224621461820EAF74DFE01203C
:106FD000EAF71AFE0B20EAF717FE1820EAF714FE6C
:106FE00002F0C8F8204610BD6FF0120010BD00BFBF
:106FF000B0D805007C94002008B500F0EBFA00281A
:1070000009DB0120EAF70EFE0B20EAF70BFE182041
:10701000EAF708FE002008BD034603488AB2194675
:1070200083681B68184700BFB0D8050030B4074D0F
:10703000AB685C6834B18AB2A44601460023284696
:1070400030BC60476FF0850030BC7047B0D8050099
:1070500030B4074DAB685C6834B18AB2A4460146CF
:107060000023284630BC60476FF0850030BC704775
:10707000B0D805000020704730B5044683B078B31F
:10708000234B1A68824225D0FF250DF107008DF8A9
:107090000750F5F72DF838B91AE0A1420AD00DF1E2
:1070A0000700F5F725F898B1037F9B07F7D4C1686F
:1070B000002CF2D1037F826943F0020303779047EB
:1070C0000DF107008DF80750F5F712F80028EBD105
:1070D00003B030BD9B686BB1014600209847D3E7F1
:1070E0000B4A9368002BCFD011680029CCD0002028
:1070F0009847C9E7074A0849084840F215130CF0B9
:10710000D3FD404080F311884FF0030002DFBBE75E
:107110007C9400205424060050250600F815060033
:107120000020704738B50446F4F7D4FF54B110B3CB
:1071300024680020F4F7FCFF2046F5F76DF858B1FD
:10714000002038BD1A4DAB681BB32C680023AB6020
:107150002B60002CECD1ECE7164A174917484FF486
:10716000C3730CF0A1FD404080F311884FF0030081
:1071700002DF002038BD0F4A1149104840F24F137A
:107180000CF092FD404080F311884FF0030002DFC5
:10719000CEE7084A0B4909484FF4AA730CF084FD66
:1071A000404080F311884FF0030002DFCDE700BFBD
:1071B0007C940020542406007C250600F815060067
:1071C0005825060068250600054A136892681B1AB0
:1071D00018BF0123B2FA82F00B704009704700BF5C
:1071E0007C9400206FF08B00704700BFD0E9013223
:1071F000002A04DB9A4238BF1A4610467047C0681E
:10720000984238BF1846704710B51446F4F700F896
:107210002146F3F7FFFF034610F4000004D10333C7
:10722000092B88BF184610BD002010BD262810B5B8
:1072300004461CD0272812D0252808D00A281ED999
:10724000272821D80330400001F0E2FF02E00220AD
:1072500001F0DEFF2046BDE8104001F0DFBF502006
:1072600001F0D6FF2046BDE8104001F0D7BF1A203C
:1072700001F0CEFF2046BDE8104001F0CFBF023044
:10728000400001F0C5FFE5E7064A074907484FF40B
:10729000FC730CF009FD404080F311884FF00300AF
:1072A00002DFD7E75424060078160600F81506001A
:1072B00002F014B802F01AB808B502F041F8BDE8BF
:1072C000084002F0ABB900BF08B502F039F802F08F
:1072D000A5F9BDE8084002F049B900BF08B502F0C1
:1072E0002FF802F09BF902F07FF902F0B3FBBDE842
:1072F000084002F03BB900BF08B50146174801F04D
:1073000019FF02F043F860B102F04CFA01F06AFF95
:1073100000F09CF900280EDBBDE808400020FFF7D4
:1073200001BF01F0F7FF02F03DFA01F05BFF00F052
:107330008DF90028F0DA0A4A0A490B484FF41D7308
:107340000CF0B2FC404080F311884FF0030002DFE4
:107350000020BDE80840FFF7E5BE00BFDD6B04007C
:107360005424060084250600F815060010B50446CE
:1073700001F0E6FF02F052F902F036F902F06AFB82
:1073800002F0F4F82046BDE81040FFF7B5BF00BF9B
:1073900008B50146134801F0CDFE01F0F7FF40B1FA
:1073A00000F054F900280ADBBDE808400020FFF790
:1073B000B9BE01F0AFFF00F049F90028F4DA0A4A3B
:1073C0000A490B4840F283230CF06EFC404080F3E6
:1073D00011884FF0030002DF0020BDE80840FFF7EE
:1073E000A1BE00BFDD6B0400542406008425060006
:1073F000F81506002DE9F04784B01D46FF239DF8DF
:1074000030908DF80F3006460F46904604E090F815
:107410001CC01CF0030F3AD00DF10F00F4F768FE0A
:1074200004460028F3D1DFF82CA1DAF80830002B4D
:1074300045D1EB68CAF80030CAE901672846C04761
:10744000044603E0017F11F003010AD00DF10F00A3
:10745000F4F74EFE02460028F4D1204604B0BDE801
:10746000F087FFF7FDFB30F00203F6D0344A3549D0
:1074700035484FF43E730CF017FC404080F3118800
:107480004FF0030002DF204604B0BDE8F087DFF8CC
:10749000C4A0DAF8083093B9B9F1000F36D1AC4284
:1074A000C7D0274A294928484FF436730CF0FCFB13
:1074B000404080F311884FF0030002DFB9E72A460D
:1074C000CDF80090434639463046F4F7C9FD0246F0
:1074D00030B3B9F1000F16D1002C14BF204610466E
:1074E0002146FFF7BDFB30F002030CD0144A1549CA
:1074F000154840F2B3230CF0D7FB404080F31188CD
:107500004FF0030002DF6FF07604A6E7CDF800909D
:1075100043462A4639463046F4F7A2FD0028F2D108
:10752000074A0B49084840F2A6230CF0BDFB404037
:1075300080F311884FF0030002DF0022C9E700BF8B
:10754000542406009C190600F8150600982506002C
:10755000902506007C94002001F1100008F09EBFE9
:1075600070B505468AB00C460122002104A815F02A
:10757000F9F90F4B01930026032369462846039629
:1075800002930CF023FA002810DB4FF4004331463D
:1075900040F2E730E4FB03014FF47A720023DEF798
:1075A000AFFD02460B4604A808F09EFF0AB070BD6E
:1075B0005975040010B5012003F0FEFD04490023B5
:1075C00001244B608C60CB60BDE810400CF0FEB92C
:1075D0008C94002008B5012003F0EEFDBDE80840C2
:1075E0000CF04CBA0C4B1A780AB10020704710B559
:1075F0000120187003F0E0FD4FF4FA710446FFF724
:10760000AFFF38B920460CF039FA02280CBF002031
:107610006FF0040010BD00BFD0AB002008B50A4BCE
:10762000BFF35B8F53E8002F511C43E80010002884
:10763000F8D1BFF35B8F002A01DD002008BD03F005
:10764000C3FD002008BD00BF8894002008B50C4B86
:107650001A68002A11DDBFF35B8F53E8002F511E1B
:1076600043E800100028F8D1BFF35B8F012A01DD49
:10767000002008BD03F0BEFDFAE76FF0770008BDFB
:10768000889400200520704732207047014B33F862
:1076900010007047CC25060010B50446FFF71EFE0B
:1076A00001F098FF2046BDE81040FFF725BE00BF5F
:1076B00030B583B00546FFF7FFFD962001F0BEFF11
:1076C000002318461A46194601F0D0FE0120F4F7AF
:1076D0005FFC0446002843D004F11C0001F0F2FDD9
:1076E00001F040FEE0B92548294601F023FDFFF7EF
:1076F0000DF950BB02F0AAF800210446084601F03B
:10770000F7FD00210546084601F0EEFD2C44C33488
:10771000201A02F053F803B0BDE8304002F088B8F8
:10772000174A1849184840F29F430CF0BDFA4040F0
:1077300080F311884FF0030002DF1048294601F062
:10774000F9FCFFF7E3F80028D4D00DF10700FEF7AD
:1077500055FF002201469DF8070002F039F9C9E7FC
:10776000074A0A49084840F29B430CF09DFA404002
:1077700080F311884FF0030002DFADE72D7E040097
:10778000DC25060030260600F8150600282606002F
:10779000814208B50ED00B7ADB0702D46FF08B0064
:1077A00008BD124B1360FFF739FF00280FDB6FF0A5
:1077B0000A0008BD0B7B01EB83010B691B7803F00A
:1077C0000F03012B14BF6FF08B00002008BD084A87
:1077D0000849094840F254430CF066FA404080F3EF
:1077E00011884FF0030002DFE1E700BF3D7C040099
:1077F000DC25060084250600F815060010B50446B1
:10780000FFF76CFD01F0E6FE2046FFF775FD0B4B20
:107810000021012208469C60F2F7AEF800B910BDC5
:10782000074A084908484FF4B5630CF03DFA404058
:1078300080F311884FF0030002DF10BD0C0F002011
:10784000DC25060064170600F815060010B5D8B14F
:107850000C46FFF7FBFE002804DB2046BDE8104085
:10786000FFF760BC0C4A0D490D4840F27A430CF01A
:107870001BFA404080F311884FF0030002DF2046DE
:10788000BDE81040FFF74EBC064801F053FCBDE8D0
:10789000104001F03FBD00BFDC2506008425060036
:1078A000F815060099760400084B042210B59818C4
:1078B0002821F1F767FF064B00249C800222214615
:1078C000044815F04FF8204610BD00BFBC940020BE
:1078D0001C0F0020A4940020084B042210B5981817
:1078E0002821F1F74FFF064B00249C8002222146FD
:1078F000044815F037F8204610BD00BFBC940020A6
:107900001C0F0020A494002010B504460548F1F790
:107910005FFF20B1034600205870636010BD6FF018
:107920000B0010BDBC940020034600201870587056
:107930009860704738B52D4C22796179237891424F
:1079400003D002FB03439D6835B92948F1F740FF96
:10795000054688B1284638BD264808F0EDFD237954
:107960006279A1789A42F5D00133DBB2994208BF1F
:1079700000232371284638BD1E484FF420320023CF
:1079800008F0B2FDB0B91B4808F0D6FD2379617943
:107990002278A07899421BD013FB02F216490133DA
:1079A0008A58DBB2984208BF0023237182B1154682
:1079B000284638BD114A1249124840F2B9130CF05A
:1079C00073F9404080F311884FF0030002DFDAE7DB
:1079D0000A4A0D490B484FF4DF730CF065F940403B
:1079E00080F311884FF0030002DFB3E71C0F002083
:1079F000BC940020A4940020240F0020DC25060065
:107A000054160600F81506004426060010B5027844
:107A100043789A4214D0D4B244700278944204D08D
:107A20005A1C4370D3B2022B0ED01A4600EB8204CC
:107A30000B70606800B110BDFFF77CFF606010BD87
:107A40000133DBB2022BF0D100221346EEE700BF78
:107A5000F8B502784378934204462CD0D5B2184A40
:107A600092F805E000EB85070EF101039078DBB298
:107A7000984208BF0023107998420E4679680BD0CF
:107A800094461CF8080B10FB0EF04CF800105371D4
:107A90000C4808F003FD00216B1CDBB2022B0ABF6F
:107AA00000221A46134679602370012104EB8204F8
:107AB00031706068F8BD1A4604EB82046068F8BD56
:107AC0001C0F0020A494002070B5037AC3F30213A6
:107AD0000446002B93FAA3F0B0FA80F008BF4FF0F1
:107AE000FF3082B000F1010545D0217A5A1E1340C3
:107AF00063F3061105F124002172FFF797FB0023C1
:107B00000DF1070104F10C008DF80730FFF7A0FF1D
:107B10000546002840D0284601F0DAFB2B7803F018
:107B20000F03022B1ED00DF1070104F11800FFF71F
:107B30008FFF064600283DD09DF807302BB1D5F8C1
:107B40000230C6F80230EB88F3802146204801F06D
:107B5000F1FA962001F072FD002002B0BDE87040FD
:107B600001F03CBC1B48214601F0E4FA02B0BDE83C
:107B7000704001F0DBBC184A1849194840F2B35371
:107B80000CF092F8404080F311884FF0030002DFC0
:107B9000237AC3F30213A8E70F4A1249104840F2B0
:107BA000BC530CF081F8404080F311884FF0030083
:107BB00002DFB0E7084A0C49094840F2C6530CF00E
:107BC00073F8404080F311884FF0030002DFB3E701
:107BD000B1760400ED7B0400DC2506004826060093
:107BE000F8150600502606005426060010B5044677
:107BF000FFF774FB237A03F07102012A05D1C3F366
:107C0000420262F306132372DBB213F0700F05D049
:107C1000636853B193F820309B0706D501F0DAFC76
:107C20002046BDE81040FFF767BB2046FFF74CFF3A
:107C300001F06AFBBDE8104001F0FABD70B5C36801
:107C400004461E68F3F7E4FA05463046FFF7CEFA1D
:107C500000232D1AC4E9005323812046BDE870405B
:107C6000E0F78ABD10B582B00446FFF7D7FC0028C4
:107C70001ADB144A1449154800940023F4F7F6FC63
:107C800008B1773001D102B010BD114A1149124834
:107C900040F2B2230CF008F8404080F311884FF016
:107CA000030002DF02B010BD094A0C490A4840F245
:107CB000AF230BF0F9FF404080F311884FF0030031
:107CC00002DFD6E7798702004D780400917704003F
:107CD000DC250600B8170600F81506008425060006
:107CE0002DE9F0410D46417A9DF818801746CA07E4
:107CF0001E4609D5B8F1000F17D02B78B7EBD31F6C
:107D00001AD00020BDE8F0812946044611F8020B84
:107D1000079AC0F38010FEF79BFD0028EDD1637A2F
:107D2000DB07EED5B8F1000FE7D1079B1878FEF717
:107D30002BFD0028E1D1E4E7062205F108013046D9
:107D400015F010FCB0FA80F04009BDE8F08100BFEA
:107D50002DE9F84F1F460B9B9DF828909DF8305059
:107D600006460C4692466BB9437A03F00303012B97
:107D70002CD9002D3AD02378BAEBD31F4AD000205B
:107D8000BDE8F88F88460D9A18F8020BC0F38010F2
:107D90004146FEF75DFD0028F2D094F800B0BAEB42
:107DA000DB1FECD104F108013846062215F0DAFB9E
:107DB0000028E4D10D9B1B78FF2B1ED0B27AFF2A3E
:107DC0001BD0981AB0FA80F04009D9E711F8020BDD
:107DD0000D9AC0F38010FEF73BFD0028CBD1737ADB
:107DE00003F00303012BCAD9002DC4D10D9B1878D1
:107DF000FEF7CAFC0028BED1C1E7CBF3801BCB4500
:107E0000BDD10B980622414615F0ACFBB0FA80F0CC
:107E10004009B5E7062204F10801384615F0A2FB37
:107E2000B0FA80F04009BDE8F88F00BF2DE9F043BB
:107E30008BB0044601F0A0FAC0B250B9FFF74EFA79
:107E40007A48214601F076F90BB0BDE8F04301F025
:107E500061BA01F0B1FA054601F0D0FB814601F0AC
:107E6000D7FB01F00FFE064601F0EEFDEDB28046B5
:107E700001F086FBFFF732FA002DE1D016F0FF0685
:107E800077D1FF2301208DF82730F4F781F80546DC
:107E9000002800F09F80237B04EB830305F11C0185
:107EA0001F693B465FFA89F913F8020B00F00F0CCB
:107EB000BCF1010F08BF07F10808C0F380124FEAB8
:107EC000D017287F00F00F0018BF4FF000080328DC
:107ED00057D00528B4D1687F2228B1D16068002826
:107EE000AED090F820008007AAD40DF127000390AF
:107EF000CDE9018900972046FFF72AFF00289FD08F
:107F00000420F4F745F800289AD04948214601F0AA
:107F100011F901F0FFF901F025FA00284CD162684F
:107F200092F8203043F0010382F82030F4F752F841
:107F300017224FF6FF730271C3808460054601F07B
:107F40002BFC286101F07CFC00210446084601F06E
:107F5000CFF9241A6C6196B19DF827306B76F4F74F
:107F600039F82946E8602868F4F762F80BB0BDE8F4
:107F7000F0835FFA88F0FEF7B5FB034682E7FF2344
:107F8000ECE7687F0C287FF45BAFB8F1000F7FF45B
:107F900057AF0DF127000190CDF800902046CDE9B4
:107FA00006230591FFF79CFE10BB287F079BDDE9A8
:107FB000051200F00F008CE71E4A1F491F4840F2CF
:107FC00056630BF071FE404080F311884FF00300C0
:107FD00002DFA4E7174A1A49184840F2F6530BF09B
:107FE00063FE404080F311884FF0030002DF52E748
:107FF0000E48214601F09EF801F098FA237E04EB2A
:108000008303D86901F064F901F0ACF90028ADD020
:10801000084A0949094840F20F630BF045FE404009
:1080200080F311884FF0030002DF9FE7ED7B04002F
:10803000FD770400DC25060030260600F815060052
:10804000282606000021E0F74FBC00BF30B50446EB
:1080500083B0FFF743F9A37D6FF30003A3759B067D
:1080600001D46368B3B3962001F0E8FA00231A46FE
:108070001946184601F0FAF90120F3F789FF054681
:10808000D0B105F11C0001F01DF9FEF73FFC40B92D
:1080900001F05CFA1148214603B0BDE8304001F020
:1080A00049B80DF10700FEF7A9FA002201469DF834
:1080B000070001F08DFCEBE7094A0A490A4840F243
:1080C0005D330BF0F1FD404080F311884FF0030069
:1080D00002DFD6E701F02AFACEE700BF498C0200A2
:1080E0009826060028260600F815060010B5044656
:1080F000FFF7F4F801F06EFA2046BDE81040FFF7F4
:10810000FBB800BF08B5FFF7A1FF01F0F7F8BDE825
:10811000084001F08DBB00BF70B582B00546FFF787
:10812000CBF801F003FA0120F3F732FF04460028F0
:108130003FD004F11C0001F0C5F801F013F9E0B9DB
:10814000FEF7E4FB50BB01F081FB0021044608462A
:1081500001F0CEF800210646084601F0C5F8344487
:10816000C334201A01F02AFB01F0F0F9184829461F
:1081700002B0BDE8704000F0DDBF164A164917484E
:1081800040F21A330BF090FD404080F311884FF01D
:10819000030002DFFEF7BAFB0028D4D00DF1070080
:1081A000FEF72CFA002201469DF8070001F010FCB2
:1081B000C9E7084A0A49094840F216330BF074FD32
:1081C000404080F311884FF0030002DFB1E700BFA9
:1081D000498C02009826060030260600F815060095
:1081E0002826060070B5C36804461E68F3F710F829
:1081F00005463046FEF7FAFF00232D1AC4E9005366
:10820000238120460121BDE87040E0F76DBB00BF2F
:1082100000B9704708B5074A0749084840F28F235C
:108220000BF042FD404080F311884FF0030002DF65
:1082300008BD00BF98260600B41B0600F81506000E
:1082400008B54B6823B14B6893F82030DB0714D492
:1082500081420DD04B6A13B16FF08B0008BD0F4BFC
:108260001360FFF7DBF9002809DB6FF00A0008BD97
:108270000B4800F05FFF01F04DF8002008BD094AEF
:1082800009490A484FF40D730BF00EFD404080F38E
:1082900011884FF0030002DFE7E700BFE58104002B
:1082A000A98B02009826060084250600F815060012
:1082B00008B50C4B03989860002211460120F1F795
:1082C0005BFB00B908BD084A084909484FF422730E
:1082D0000BF0EAFC404080F311884FF0030002DF0E
:1082E00008BD00BF300F0020982606006417060066
:1082F000F815060030B5044685B0FEF7EFFF0DF126
:108300000F012046FEF760FFC0B9054601F062F993
:10831000A27D0095C2F34103013303F00303032B55
:1083200008BF002363F34202A2752B4603222946AD
:108330002846F2F783FE2046FEF7DEFF05B030BD8B
:108340002DE9F8439DF82090164680460D464A4692
:10835000194630461F46FEF7B5FA0446A0B91DB1CE
:1083600098F817309B071CD498F81650C5F3801363
:10837000B3420CD0C5F3C105012D05D926B17B79D7
:1083800003F0C003402B12D02046BDE8F88308F16B
:1083900019000622394615F0E5F80028EAD1012433
:1083A000F2E74846FEF710F90028EDD1DCE7099B1B
:1083B000002BF4D0099A01231370F0E710B5D8B15F
:1083C0000C46FFF743F9002804DB2046BDE81040C7
:1083D000FEF7A8BE0C4A0D490D484FF41E730BF072
:1083E00063FC404080F311884FF0030002DF204619
:1083F000BDE81040FEF796BE064800F09BFEBDE8C3
:10840000104000F087BF00BF9826060084250600B4
:10841000F8150600F5820400002070470020704720
:1084200010B582B00446FFF7F9F8002819DB134AAB
:108430001349144800940023F4F718F908B1773071
:1084400001D102B010BD104A1049114883230BF02E
:108450002BFC404080F311884FF0030002DF02B094
:1084600010BD094A0B490A4880230BF01DFC40400F
:1084700080F311884FF0030002DFD8E74580040045
:10848000BD8304004182040098260600B817060048
:10849000F81506008425060090F816C01CF0080F99
:1084A00002D132B901207047002AFBD11846FEF7ED
:1084B0006BB910B5044608461946FEF795F918B988
:1084C000A07DC0F3C00010BD012010BD2DE9F04F0C
:1084D00083B00C469DF838509DF83010D0F80490C9
:1084E000AD01984605F04005237845F0250545EA9D
:1084F000C11503F010031D4317460F9B2570222260
:1085000062701A68C4F802209B88E3800D9B19688A
:10851000A1609B88A381D9F80430C4F80E30B9F863
:10852000083099F80A102175012263826275B9F842
:108530000EA0064601F084F90546002F3CD007F056
:10854000030B0BF12B0B4FEACB0BC7F340032BFABA
:1085500003FB4146384600F0CBFE05F5AF683569B0
:10856000D844A8EB000283464DBB109B1A60A5754A
:10857000E575B9F80E302383B9F810306383B38AF8
:10858000A383D9F81830C4F81E3099F81C3084F849
:10859000223099F81E2094F8233062F3040384F803
:1085A0002330FFF76FF894F8233060F3471384F813
:1085B000233003B0BDE8F08F4FF4B07BC9E740F241
:1085C000E24338460121019203FB0AFA00F08EFED5
:1085D000019A2B18002B01DB934201D25344F9E797
:1085E000109AABEB080B1360044A5B44A2FB032315
:1085F000627D9B0A0132E3826275BAE75917B7D1EF
:10860000F8B50546FEF76AFEF3F7F6FD04460028C6
:1086100036D02249A2790878214B60F30002A2717A
:10862000204A1B881278A3800121217022721BB17D
:1086300095F91D30002B04DB2846BDE8F840FEF715
:108640005BBE95F85B3003F00703022B16D0042BBA
:108650000CBF4FF4BC77282701F0DEF8064601F086
:10866000E1F8361AE6602A6BC4E9042700232B637D
:10867000AB632846BDE8F840FEF73EBE1827EBE79F
:10868000094A0A490A484FF452730BF00DFB404067
:1086900080F311884FF0030002DFBAE7D2AB00206D
:1086A0009CA50020D1AB0020F8260600F81D06008E
:1086B000F815060008B500F089FE0278034601218E
:1086C00061F301021A70002008BD00BF002070474E
:1086D000704700BF10B40648064C0749074A0023FC
:1086E000238003700B7013705DF8044B704700BF5C
:1086F000D2AB00209CA50020D3AB0020D1AB002042
:1087000038B550B30D460446FEF7A0FF002817DB2E
:10871000E2682389518A01330B445382F3F76CFDDD
:10872000044608B3A279002363F3000201212170FB
:10873000A380A27123722846BDE83840FEF7F2BC40
:10874000104A11491148AC230BF0AEFA404080F3B7
:1087500011884FF0030002DFDAE70D4800F0EAFC71
:10876000BDE8384000F0D6BD064A0A490748B423A0
:108770000BF09AFA404080F311884FF0030002DFBB
:10878000D0E700BFF826060084250600F81506008D
:1087900001860400F81D0600F8B505460120F3F730
:1087A000F7FB044650B395F85B60B5F84E7006F0E1
:1087B00007060021304600F017FD95F87230B20030
:1087C0001B07F9B242F0010204F11C040ED504317A
:1087D000C9B2082000F04CFD2246314605F1730075
:1087E00001F03AF8BDE8F84000F06CBD082000F058
:1087F0003FFD2046BDE8F84000F064BD064A074949
:1088000007484FF421730BF04FFA404080F3118872
:108810004FF0030002DFC6E7F82606002826060010
:10882000F815060038B50446FEF746FD962000F020
:1088300005FF94F85A2094F85B00C2F3C00300F0DF
:10884000070002F00702002100F010FE2046FFF7AB
:10885000A3FF00F087FD58BB00F0F8FF054694F831
:108860005B00012100F0070000F042FD94F85B304E
:1088700003F007030544022B05F1A30516D0042BD2
:108880000CBF4FF4BC73282394F85A00C0F3C00106
:1088900000F007001D4400F027FD281A00F08EFFAD
:1088A00021460A48BDE8384000F044BC1823EBE7F5
:1088B000074A0849084840F239230BF0F5F94040CF
:1088C00080F311884FF0030002DFC5E7F18904004F
:1088D000F826060030260600F8150600F8B50F4603
:1088E00090F85A10B0F84C6001F007040546C1F347
:1088F000C001204600F078FC95F87230A200DB063B
:1089000042F00102F1B20DD50431C9B2082000F0E5
:10891000AFFC394605F1940000F0ECFFBDE8F840EB
:1089200000F0D6BC082000F0A3FC3846BDE8F840B3
:1089300000F0CEBCF0B5054683B001AAC06D0F466D
:10894000296EF0F7ABFF95F872305A07064638D417
:1089500048B3019C95F8713095F8702004341C449C
:1089600012B9627885F8702033B12378012262F35E
:108970000103237095F8713095F87020D31A637055
:108980002846F7F7A3F9637883422AD9607001215A
:10899000237803F00F03002243EA01132370A2702F
:1089A0003C6003B0F0BD43F0040385F8723000F082
:1089B0000DFD044623786FF3041323703C6003B06D
:1089C000F0BD43F0040385F8723000F0FFFC04466C
:1089D000002EEFD0037843F0100303703C6003B027
:1089E000F0BD32682B6E9A42D1D10021D0E700BF92
:1089F0002DE9F04383B0044600F0BEFCC0B250B98C
:108A0000FEF762FCB848214600F094FB03B0BDE8D5
:108A1000F04300F07FBC00F0CFFCC5B200F0B0FD29
:108A2000FEF752FCB14A1388012003441380F3F788
:108A3000AFFA0746002800F00181002D4DD1AC4A65
:108A40001378002B40F0BF80012301A9204613704A
:108A5000FFF770FF4FF00008019E4546962000F09A
:108A6000EDFD94F85B0000F0070000F0B7FCA148B2
:108A7000214600F05FFB00F0DBFE94F872203378B3
:108A800062F3C303337094F872303278C3F3400357
:108A900063F38202327031462046FFF71FFF00F079
:108AA00061FC002840F0008100F0B6FE00287DD077
:108AB000002D00F08280A0894FF6FF73984200F0ED
:108AC00003812946F7F766F8B8F1000F40F0998066
:108AD00003B0BDE8F043F3F7A3BA94F872303A7FDD
:108AE00003F00101C2F38000884200F0B78094F9DE
:108AF0001D2081F0010161F30003002A84F8723027
:108B000005DA94F8203043F0040384F8203094F818
:108B1000723013F0040640F0FD80D4E9170101AA79
:108B2000F0F7BCFE0546002800F00A81019B94F88E
:108B3000719003F1040808EB09035A7872B194F8B4
:108B40007230DB060AD5D4F8A4300133C4F8A4305F
:108B5000D4F8A83043F10003C4F8A83094F870307A
:108B60004A44D2B29A42C0F0F18000F01B81624ABE
:108B7000624963484FF475730BF096F8404080F3F8
:108B800011884FF0030002DF002594F91D30002BFF
:108B9000C0F2FD803A7F94F87230D0065EBF18F8BC
:108BA000096086F01006C6F3001659E000F028FEB2
:108BB00000F02CFE002D7FF47EAFB8F1000F20D125
:108BC00003B0BDE8F08303F1FF3894F872305FFA28
:108BD00088F801A9204682F80080C3F38009FFF7D6
:108BE000A9FEB8F1000F7FF435AF3F48214600F0F1
:108BF000A1FA94F91D30002B12DA00F097FC019EC7
:108C00003BE7F3F7E7F903233B71A3893868FB805F
:108C10003946F3F7F5F903B0BDE8F043F3F700BACE
:108C200000F078FB00F09EFB002840F0A28094F852
:108C3000723069F3820384F8723035E72E4A314985
:108C40002F48FF230BF030F8404080F311884FF09D
:108C5000030002DF002D3FF4F2AE3EE7002635466A
:108C6000C2F3C002C3F340018A4272D04FF0000841
:108C70001F4A0021C3F38009234B117020460122B3
:108C800001A91A70FFF756FE002EAED13B7F019E60
:108C9000DA063FF5E3AE3378DB063FF5DFAE7378F7
:108CA000002B7FF4DBAEA0E7134A1849144840F2CA
:108CB0008F130AF0F9FF404080F311884FF0030052
:108CC00002DFF1E64FF000080B4A11490C484FF45F
:108CD000CF730AF0E9FF404080F311884FF00300A2
:108CE00002DFA089EDE600BF018604009CA50020FC
:108CF000D3AB002025880400F8260600781606006D
:108D0000F815060028260600D2AB00203026060003
:108D10004C2706006FF3820384F8723000F056FB94
:108D200094F91D30002B0BDB3A7F12F0100508D1AF
:108D3000067894F8723086F01006C6F300168FE7B6
:108D40003A7F94F872300026354689E784F871201E
:108D50001AE70320F3F71CF994F87230002885D045
:108D600083F0020384F872307B7FA3B994F87230E9
:108D70007CE7514A514952484FF4AB730AF094FFD3
:108D8000404080F311884FF0030002DF4FE794F872
:108D900072303A7F64E794F87230190711D44FF0BB
:108DA000010865E70022206EA4F8702004F15C0140
:108DB000F0F77CFD019B1B682B60019B1D60019DF2
:108DC000E3E600F0D1FD002868D000F0F7FD0028B0
:108DD00052D1D4F88330D4F88720134304D13B7F99
:108DE00003F00303032B30D0364B374802222146D1
:108DF0001A7000F09FF900F08DFA00F0B3FA78B91C
:108E000000F00AFDD0B1002D3FF4DAAEA0894FF694
:108E1000FF7398423FF456AF2946F6F7BBFE57E67C
:108E2000254A264926484FF488730AF03DFF404002
:108E300080F311884FF0030002DFE1E700F0E0FC6F
:108E400000F0E4FC002DE1D1BAE600F0C3FA43786B
:108E5000272B0146C8D80333DAB207F11C0014F0FF
:108E60008BF9D4F88330013BC4F88330D4F88730D1
:108E700043F1FF33C4F88730D4F883300133C4F8AA
:108E80008330D4F8873004F1830243F10003536048
:108E90000C4B01221A7094F8723080E7064A0B4995
:108EA000074840F2EF330AF0FFFE404080F311889C
:108EB0004FF0030002DF88E7F826060030260600A0
:108EC000F8150600D1AB00200186040044270600F7
:108ED00010B582B00446FEF7A1FB002825DBE1684F
:108EE00020894B6ACA6A00FB0333886A13448342B1
:108EF00028BF0346CB62134A134914480094002349
:108F0000F3F7B4FB08B1773001D102B010BD104ABD
:108F1000104911485D230AF0C7FE404080F31188D4
:108F20004FF0030002DF02B010BD094A0B490A48A6
:108F30004C230AF0B9FE404080F311884FF0030043
:108F400002DFCCE7C191020001870400E571040053
:108F500064270600B8170600F815060084250600E9
:108F600010B582B00446FEF759FB002819DB134AFE
:108F70001349144800940023F3F778FB08B17730C5
:108F800001D102B010BD104A1049114850230AF017
:108F90008BFE404080F311884FF0030002DF02B0E7
:108FA00010BD094A0B490A484B230AF07DFE404098
:108FB00080F311884FF0030002DFD8E7F19302003D
:108FC00001870400E5710400C4270600B8170600F5
:108FD000F815060084250600054B4FF48032002169
:108FE000C3F80815C3F84423C3F80423704700BF2F
:108FF00000B00040054B1878421C1A7018B9044B99
:1090000001221A6070470120704700BFD4AB0020D6
:1090100000B0004010B50D4C207848B10138C0B206
:10902000207018B90A4B01225A6010BD012010BDF2
:10903000084A0949094828230AF036FE404080F3CF
:1090400011884FF0030002DF2078E7E7D4AB00205F
:1090500000B00040202806006C280600F815060025
:10906000014BD3F80405704700B00040024B00F5F7
:10907000A87043F82010704700B00040124B30B485
:109080000121044600205960C3F80445C3F80001DB
:10909000C3F80401196005E0D3F8042132B9D3F80C
:1090A00004251AB1D3F80021002AF5D05960D3F86D
:1090B0000421002AE7D1D3F80455002DE3D0C3F8EA
:1090C000042530BC704700BF00E0004070B58CB094
:1090D0000E4615460146102268461C46F0F7ACFBCA
:1090E00010220DEB02003146F0F7A6FB6846FFF7B1
:1090F000C5FF25B1102208A92846F0F79DFB3CB119
:109100000DF1200CBCE80F0020606160A260E360FC
:109110000CB070BD044BD3F8103123B1034A044B9B
:1091200010681B6818477047001000408C9700209B
:109130009097002038B5044601200D46E8F772FDEF
:10914000084B094A1C600949094B1560102002228E
:10915000C1F80403C3F88021BDE838400120E8F7D6
:1091600053BD00BF909700208C9700200010004056
:1091700000E100E04FF080434FF0FF320021C3F8E0
:10918000002EC3F8042EC3F8081EC3F80C2EC3F833
:10919000101EC3F8142EC3F8182EC3F81C2EC3F8E3
:1091A000202EC3F8242EC3F8282EC3F82C2EC3F883
:1091B000302EC3F8342E704710B50120E8F732FD89
:1091C000064B074800244FF490514FF41052C0F85A
:1091D0001845C3F80018C3F8042810BD00F001407A
:1091E00000100040704700BF054B02280CBF04214F
:1091F000032140F20122C3F81015C3F8502670472E
:1092000000100040014BC3F80C05704700100040EF
:10921000014BC3F80805704700100040074BC3F826
:109220005405D3F8182522F00072C3F81825D3F896
:10923000182542F00072C3F818257047001000404E
:109240000A4A00210123C2F82C15C2F83035C37830
:10925000C2F82435437890F802C001781B0443EA31
:109260000C6343EA0123C2F81C357047001000402C
:10927000C2F38203A3F1020302F00302B3FA83F301
:10928000013A5B091B06022A98BF43F4801300F0E1
:109290000F000A4A184340F48070C2F81405D2F84F
:1092A0001805074B0340C2F81835D2F81835194392
:1092B00041F44031C2F81815704700BF001000405B
:1092C0000000F8FE014BC3F8040570470010004091
:1092D000014BC3F8040570470010004002280CBF82
:1092E00028202920704700BF01207047292070479F
:1092F00002280CBF05200A20704700BF014B012245
:109300005A60704700100040014B01221A607047FC
:1093100000100040084A094910B401234FF41064BA
:109320000020C2F808455360D360C1F800020B6109
:109330005DF8044B704700BF00F001400010004092
:10934000074B0022C3F80021D3F80011C3F80C2109
:10935000D3F80C11C3F81021D3F81031704700BFB7
:1093600000100040034BD3F80001003818BF012063
:10937000704700BF00100040034BD3F80C010038C9
:1093800018BF0120704700BF00100040034BD3F806
:109390005005B0FA80F04009704700BF001000404F
:1093A000044B40F20312C3F83425C3F83805C3F860
:1093B0003C15704700100040034BD3F80004003800
:1093C00018BF0120704700BF0010004000487047E0
:1093D000889700200048704784960020F0B41D4B09
:1093E0001D4D1E4E1E4C1F4F0322C3F800222A782B
:1093F000C6F8687502F10C03DBB2D000DB00910007
:1094000003F1804300F1804003F5F83300F5F830B4
:1094100001F18041C6F86C0501F5104104EB8204AE
:109420001148C3F81045C3F81405D1F840352D2B69
:109430008ABFD1F8403501232D3BC1F840350132B8
:10944000064B4FF4106102F00102C3F804152A70B4
:10945000F0BC704700100040D5AB002000F0014088
:10946000409100400C110040041000402DE9F041F3
:10947000284E294C294FDFF8ACE0DFF8AC800323FD
:10948000C6F800322178CEF8688501F10C03DBB212
:10949000DB00CD0003F1804303F5F83305F180458F
:1094A00007EB810705F5F835CEF86C554FEA810CCE
:1094B000C3F8107549F63465C3F814654AF2B81359
:1094C000022A18BF1D460CF1804C42F2B84241F20C
:1094D0008833022818BF13460CF5104C104A2B4451
:1094E000A2FB0323DCF84025B2EB931F85BF98094C
:1094F000DCF8403501231B1ACCF840350131094B0B
:109500004FF4106201F00101C3F804252170BDE899
:10951000F08100BF00100040D5AB0020409100401A
:10952000D34D621000F001400C1100400449054B7E
:1095300003204FF41062C1F80002C3F808257047F9
:109540000010004000F0014000207047034AD2F8AC
:10955000003243F48873C2F80032704700100040B4
:10956000014BD3F84805704700100040034B002220
:10957000C3F81C21D3F81C31704700BF0010004015
:10958000034BD3F81C01003818BF0120704700BFFF
:109590000010004010B44FF0000C4FEA8C0303F1B0
:1095A000804303F580531468C3F800460CF1010CA6
:1095B0009488C3F82046BCF1080F02F10602ECD1F2
:1095C000034B40EA0120C3F840065DF8044B7047A6
:1095D00000100040034AD2F8403623F0FF03C2F8DF
:1095E0004036704700100040034B0022C3F814219E
:1095F000D3F81431704700BF00100040034BD3F87C
:109600001401003818BF0120704700BF001000404F
:10961000014BD3F810047047001000400449054B7B
:10962000054A4FF48020C1F84803C3F80825704765
:1096300000B0004000F00140C000700E034B044A2F
:109640001B7803F5A87342F823007047D5AB0020C0
:1096500000900040F0B4A2F574232F4DA3F51073D1
:10966000AB42044606D902F1E87202F5D432013960
:1096700002F5A572294B2A482A4D2B4E0127DF609F
:109680000027C3F80475A0FB02020427C3F8107575
:10969000900C0227C3F80875244AC3F84005C5F8A2
:1096A00048154FF48021C5F844134021C2F84065A5
:1096B000C2F84435C2F804154CB34FF48013C2F815
:1096C00004351B4A012100240423D160C2F804455B
:1096D000C2F81035154BC2F8084511601549C3F89A
:1096E00050150C32C3F8542502F5AF32124CC3F8B2
:1096F000584502F5FC7201F50041C3F85C2538318C
:109700000832C3F86015C3F86425F0BC70474FF405
:109710000013C2F80435D4E7BFBDF07F00800040DD
:1097200083DE1B4300B0004048B1004000F0014020
:10973000009000400C11004040910040134A30B4AA
:109740000123134C53604FF48025D360C2F8403599
:10975000104BC4F84815C4F84453402104F5A474D0
:10976000C3F84045C3F84425C3F8041530B14FF49D
:109770008012C3F80425012030BC70474FF400125A
:10978000C3F80425012030BC704700BF00800040B2
:1097900000B0004000F00140014BD3F8480570478D
:1097A00000B000400349044A01234B600B61536041
:1097B0001361704700800040009000400449054B51
:1097C000C1F844054FF08862C3F80425704700BF14
:1097D0000080004000F00140054B06480649074A5A
:1097E000C3F84805C3F84C15C3F80425704700BFFB
:1097F00000F0014000110040408000408000000463
:10980000014BD3F84405704700800040014B1860BD
:10981000704700BF80960020014B1868704700BF5A
:1098200080960020014BD3F840057047008000402F
:10983000024B4FF00062C3F80425704700F001406E
:10984000014BD3F84805704700800040014BD3F826
:1098500048057047008000401F4B30B40024C3F817
:1098600000450224A142C3F8004505462DD003F56A
:1098700080334FF00071194CC3F804151849164B8A
:10988000D1F818151748C9B20439C3F81815C3F828
:1098900004450021144CC3F80855C3F80C05C3F85F
:1098A0001025C3F81445C3F80012C3F80011D3F80B
:1098B0000021C3F80411D3F80421C3F808110122D0
:1098C000D3F808111A6030BC7047084B084C4FF0B1
:1098D0000071C3F80415D1E700F000400100000159
:1098E00000100040849600207495002000F0014094
:1098F0000100010130B4174B00240222C3F80045D7
:10990000C3F80025144AD2F81825D2B2043AC3F895
:1099100018250546114AC3F804251148C3F808550F
:109920000122C3F80C150F49C3F81005C3F814152C
:10993000C3F80022C3F80041D3F80011C3F8044172
:10994000D3F80411C3F80841D3F808111A6030BCE9
:10995000704700BF00F0004000100040000001010F
:10996000849600207495002010B5124C0223C4F890
:109970000433D4F804316BB94FF02003EFF31180B6
:1099800083F31288BFF36F8FE8F732FAD4F804310B
:10999000002BF1D0074B084A02204FF40041C3F8D6
:1099A0000803C2F88011D3F80801B0FA80F040092A
:1099B00010BD00BF00F0004000E100E0034BD3F811
:1099C0000004003818BF0120704700BF00F00040BD
:1099D000F0B4194A194BD2F80455194E0024013D30
:1099E0000327C3F80075C3F80405C3F80815C3F8C6
:1099F0001055C3F81465C3F80041D3F80011C3F83B
:109A00000441D3F80411C3F808414021D3F80831C8
:109A1000C2F86015D2F800320A4943F04003C2F898
:109A20000032C2F828414FF40003D2F82821C1F8CF
:109A30000435F0BC704700BF0010004000F000404B
:109A40007095002000F00140014BD3F800047047EE
:109A500000F0004010B4084A084C09490023C2F83D
:109A600028314FF40000D2F82821C4F80035C1F89D
:109A700008055DF8044B70470010004000F00040FE
:109A800000F00140174BD3F828314BB310B5164CFA
:109A90000123C4F80433D4F800316BB94FF020032C
:109AA000EFF3118083F31288BFF36F8FE8F7A0F90B
:109AB000D4F80031002BF1D00B4B0C4A01204FF4AD
:109AC0000041C3F80803C2F88011D3F804212AB179
:109AD000D3F80801B0FA80F0400910BD002010BD95
:109AE000002070470010004000F0004000E100E05E
:109AF0000139012905D80B200AB1E8F785B8E8F744
:109B000091B808B5064A074907482D230AF0CCF852
:109B1000404080F311884FF0030002DF08BD00BF12
:109B20007828060078160600F815060029B10139D4
:109B3000012905D80B20E8F789B81820E8F786B87E
:109B400008B5074A0749084841230AF0ADF84040E4
:109B500080F311884FF0030002DF002008BD00BF32
:109B60007828060078160600F815060088420FD0FF
:109B7000012807D002280DD1A1F10100B0FA80F030
:109B800040097047A1F10200B0FA80F04009704727
:109B90000120704700207047012908B50FD0022925
:109BA0000DD091B10C4A0D490D487B230AF07CF889
:109BB000404080F311884FF0030002DF08BD094BDD
:109BC0004FF40062C3F8002108BD064B4FF08072CD
:109BD000C3F8002108BD00BF7828060078160600EB
:109BE000F815060000E100E008B512F0DEFD08BD42
:109BF000032810B5044604D8114B1C5D8CB12046D7
:109C000010BD104A1049114829230AF04DF8404070
:109C100080F311884FF0030002DF094B1C5D002C1C
:109C2000EDD1084A0A4909482C230AF03DF8404082
:109C300080F311884FF0030002DF204610BD00BF03
:109C400048290600C828060018290600F81506004D
:109C500038290600013810B51C46042800F282801D
:109C6000DFE800F01221303F030004294AD0444AC3
:109C700044494548B8230AF017F8404080F311885A
:109C80004FF0030002DF10BD042943D03C4A3D4998
:109C90003D484C230AF008F8404080F311884FF00B
:109CA000030002DF10BD03293CD0354A3549364850
:109CB000632309F0F9FF404080F311884FF003005F
:109CC00002DF10BD042935D02D4A2E492E487A23B3
:109CD00009F0EAFF404080F311884FF0030002DFF3
:109CE00010BD032936D004292CD0254A2549264801
:109CF000A02309F0D9FF404080F311884FF0030002
:109D000002DF10BD214B9C60BDE810400221032002
:109D1000EFF732BE1E4B9C60BDE8104002210020D0
:109D2000EFF72ABE1B4B01219C60BDE8104008469E
:109D3000EFF722BE184B9C60BDE8104002210120C5
:109D4000EFF71ABE154B02219C60BDE81040084693
:109D5000EFF712BE124B9C60BDE8104001210220BB
:109D6000EFF70ABE064A07490748BE2309F09CFFE1
:109D7000404080F311884FF0030002DF10BD00BFA8
:109D8000C828060078160600F8150600500F0020B7
:109D9000A00F0020900F0020800F0020600F0020F7
:109DA000700F002001460020FFF760B94FF080538C
:109DB0000246D3F8A410013107D04FF08051D1F8FA
:109DC000A00010F0010009D17047D3F8A8304FF679
:109DD000FF719BB28B42F0D100207047D1F8A430C4
:109DE0001360D1F8A8301371C3F3072363F03F0366
:109DF0005371D1F8903001331CD0D1F89430013335
:109E000018D0D1F89830013314D0D1F89C300133F8
:109E100010D0D1F89030C2F80630D1F89430C2F8A2
:109E20000A30D1F89830C2F80E30D1F89C30C2F820
:109E3000123008E00023C2F80630C2F80A30C2F837
:109E40000E30C2F812300120704700BF00234FF0DF
:109E50008052036043608360C360D2F88030013376
:109E600018D0D2F88430013314D0D2F888300133BE
:109E700010D0D2F88C3001330CD0D2F880300B6087
:109E8000D2F884304B60D2F888308B60D2F88C30B6
:109E9000CB60704700230B604B608B60CB607047DA
:109EA000024B2C2202FB0030704700BF1C17002021
:109EB000827A064B2C2101FB02339A6A1B7F1B33EB
:109EC000801A23F00303B0FBF3F070471C17002047
:109ED00038B50A4B827A2C2404FB02330C685B6A87
:109EE0005B681A68944294BF0C600A60D3E900541E
:109EF000FFF7DEFF05FB004038BD00BF1C17002048
:109F00002DE9F04385B005466846039190461C460E
:109F100012F07DFFDDE900674FF02003EFF31189B8
:109F200083F31288BFF36F8F6B8B002B45D02A8B86
:109F30009A4229D900220023284606F07BFA0446DB
:109F400010B389F31188BFF36F8F039B002B45D0AB
:109F500032463B46684612F07EFF264DA37A2C26F9
:109F600006FB035303A95B6A1B6820461F68DDE9F3
:109F70000023B8476061002831D1A07A214600FB58
:109F8000065012F0E1FC24E0698B4B1E6B8389F3D1
:109F90001188BFF36F8F2B7F2A8BAC6A1B3323F0A2
:109FA0000303521A02FB0344124B134AEB1A9B1091
:109FB0005343A3722B7FE372C7E789F31188BFF382
:109FC0006F8F23464246284606F034FA044600289E
:109FD000BBD10024204605B0BDE8F08363610023B7
:109FE0000122636022812382039A63696282E360B3
:109FF000F0E700BF1C170020A38B2EBA2DE9F0411B
:10A00000164D044600262C270CB9BDE8F081237AB2
:10A01000D4F80480013BDBB22372002BF5D16169D7
:10A0200059B1637ADB0707D4A37A07FB03532046B1
:10A030005B6A1B689B6898476661A07AE66007FBCD
:10A04000005366601B6A1BB1204698474446DBE715
:10A05000214600FB075012F077FCF7E71C170020A1
:10A060002DE9F84F07460E469046054629466D688D
:10A07000002DFBD1DFF868B04FF02C0A01F10C0481
:10A08000204610F0A0F886421AD3204610F09BF824
:10A090001FFA80F941464A46204610F04DF8B6EBCB
:10A0A00009064D44C84417D00C9B63B1DDE90A0191
:10A0B0000D9A9847014678B1384610F010F8DDE760
:10A0C0001FFA86F9E6E7B87ADDE90A23314600FB94
:10A0D0000AB0FFF715FFEDE72846BDE8F88F00BF8F
:10A0E0001C170020020600F07F0312D5082B05D1B3
:10A0F000010700F00F0306D50E48704710F0780FE7
:10A1000012D100F00F034C2000EB43100A4B18440F
:10A110007047082B05D1020700F00F0306D507484A
:10A12000704710F0780FF6D000207047044800EB1D
:10A130004310704710990020C4970020309A0020E7
:10A14000309900200149024812F0BCBCEC97002075
:10A15000F84400200146014812F0EBBB0417002030
:10A1600002480022002306F065B900BF0417002052
:10A1700013B5124804F024FD114B98421AD111482E
:10A1800003F0B8FA0024104803F0FAFA0F49104817
:10A1900000944FF0FF334FF4806206F087FA0D49C8
:10A1A0000B4812F008FB0C480C4912F05EFC2046EC
:10A1B00002B010BD6FF00400FAE700BFC5A30400B1
:10A1C0000000AD0BDA4606005829060038E30020EF
:10A1D000F8440020CC460600EC970020E1A40400DF
:10A1E00010B50E49BFF35B8F002351E8002F012A01
:10A1F00003D141E800300028F7D1BFF35B8F0CD1C9
:10A2000051F8044C1439204609F05DFC783004D133
:10A210002046BDE8104009F031BC10BDE497002095
:10A2200038B5002464F07F00C0B2FFF75BFF013453
:10A230000FF0D1FF082CF5D10E4D0024E0B2FFF74E
:10A2400051FF036903B9056101340FF0C4FF082C05
:10A2500005F14005F2D108480FF0BDFF074BD3F8D8
:10A260007C2212B9064AC3F87C2206480FF0B3FFDD
:10A27000002038BD549E002010990020C497002073
:10A28000549A0020309A002010B5054CFFF768FF63
:10A2900020B14168204612F062FAF7E710BD00BF16
:10A2A000F814002007B500230E48002201A905F08C
:10A2B00077FE90B1FFF7E8FF0A480022002301A9CA
:10A2C00005F06EFE38B90198042340600374FFF76F
:10A2D00041FFFFF737FF002001E00198406003B025
:10A2E0005DF804FBF8140020022810B511D8094BC2
:10A2F0001C5CFFF7D7FF60B1002202740472FFF705
:10A3000029FF054B93F824301BB1BDE81040FFF73F
:10A3100019BF10BDD7460600C4970020F8B587784E
:10A3200006463846FFF7DEFE3B06F578044612D5B2
:10A33000002D43D1FFF7B6FF034600283ED001228F
:10A34000A5770274032202739C60FFF703FFBDE848
:10A35000F840FFF7F7BE4DB1012D2FD1FFF7A2FF57
:10A36000034658B3657705740573EDE7FFF79AFF69
:10A3700020B3B278124B12F0800F02F0080111D016
:10A3800041B1D3F8A836E3600123037402230373B9
:10A390008460DAE702F00F02142101FB0233D3F8E4
:10A3A0000836F0E711B1D3F8A837ECE702F00F0256
:10A3B000142101FB0233D3F80837E4E7F8BD00BFEE
:10A3C00000700240F0B5064689B01422002103A8AF
:10A3D00012F0FAFE3378013B052B21D8DFE803F0B9
:10A3E0007A0314146A1603238DF814300024FFF73F
:10A3F00059FF0346A0B1047400F10802DDE905012C
:10A4000082E8030018461DE00423EDE7B7783846DC
:10A41000FFF768FE837A044623B1013B022B43D940
:10A4200009B0F0BD3B06F57813D5002DF8D1FFF744
:10A4300039FF03460028F3D00122A57702740322D6
:10A4400002739C60FFF786FE09B0BDE8F040FFF79D
:10A4500079BE55B1012DE3D1FFF724FF0346002853
:10A46000DED0657705740573EBE7FFF71BFF074642
:10A470000028D5D00123037402230373846004F100
:10A480000C01B07811F0C4F8134AE168B2F88C32CC
:10A490008B4206D95B1AA2F88C3204F0E5FD3846EF
:10A4A000D0E7A2F88C52FAE7304609B0BDE8F04098
:10A4B000FFF734BF01A804F0B5FD9DF80530052B6A
:10A4C00004D19DF8043013F0600FA9D0034B05931D
:10A4D00001248CE702248AE7C497002030990020E9
:10A4E0002DE9F043A64CDFF89C9285B08046FFF73B
:10A4F00037FE074610B905B0BDE8F08394F8253063
:10A500003A7C3BB9002A00F0868079689D4812F0B9
:10A5100026F9ECE7042A42D8DFE812F07D000500B6
:10A520000001160140013B7BBD68032B37D8DFE8F3
:10A5300003F0023D5A5F6E69934B002232607260F5
:10A54000D3F880143170D3F884147170D3F8881460
:10A55000D3F88C0441EA00217180D3F89014D3F829
:10A56000940441EA0021B180D3F89814D3F89C34C4
:10A5700041EA0323F3800823EB6030687168834B62
:10A5800003C311462B68687A984796F90030002B70
:10A5900008DBF38833B1A4F88C3204F065FD7968E8
:10A5A0004846B4E70023A4F88C32F8E76B7F002B11
:10A5B000F5D02B7F002BF2D000266E774FF0FF32C4
:10A5C00073482E774FF0FF330FF018FE6B6901933D
:10A5D0006B68CDE9023601A9687A04F033FB6C4858
:10A5E0000FF00EFEDBE72B680121687A9847D6E76B
:10A5F000AB7A6BB9EB7F5BB965484FF0FF324FF038
:10A60000FF330FF0FBFD04F05FFD61480FF0F8FD34
:10A610002B680221E9E73A7A042AC0D8DFE802F081
:10A6200059032367730004F05BFA05460028B6D18E
:10A6300004F08CF9BFF35B8F5649012351E8002FDA
:10A64000002A03D141E800300028F7D1BFF35B8F27
:10A65000A5D141F8085C41F8105CE06963611439E8
:10A6600009F0B4F99BE7002565F07F00C0B2FFF761
:10A6700039FD037A13B1407A04F0EEFE0135082D5E
:10A68000F2D194F854311BB194F8550104F0E4FE72
:10A690000025E8B2FFF726FD037A13B1407A04F0F3
:10A6A000DBFE0135082DF4D194F874321BB194F817
:10A6B000750204F0D1FE002004F0F4F9012384F8BF
:10A6C00025302368002B3FF46AAF00210220984711
:10A6D00065E7002584F8255004F062FEFFF780FD51
:10A6E0002368002B3FF45BAF29460420EFE7002BE3
:10A6F0003FF455AF04F0FEF92368002B3FF44FAF51
:10A7000000210520E3E72268002A3FF448AF002B30
:10A710003FF445AF00210620904740E708F11005BF
:10A720004FF0FF334FF0FF3228460FF067FDFFF781
:10A7300077FD28460FF064FD58F8283C002B3FF4C5
:10A740002EAF00210120C2E794F874327BB10125BD
:10A7500084F8895284F88852FFF7A4FD38B10E4A74
:10A76000057405738260FFF7F5FCFFF7EBFC58F802
:10A77000283C002B3FF413AF00210A20A7E700BFBD
:10A78000C4970020F814002000700240C8970020F1
:10A79000FC970020E4970020309A002010F0C4FDC0
:10A7A00004F0FEFD04F0C8F8FFF76EFDFFF738FD7A
:10A7B00010F0B3FD014804F003FAF0E6C5A304006D
:10A7C00038B5164D95F824402CBB05F1380012F031
:10A7D0000BF8204600F0F0FC22460121E86127201A
:10A7E000E7F742FA10F099FDFFF71AFD044610B999
:10A7F000012385F824300A4B1B680BB1FFF7A2FC3C
:10A800004FF08043D3F83834DB0702D50020FFF740
:10A810006BFD204638BD0024FBE700BFC497002035
:10A8200004170020074B93F824203AB193F8253001
:10A83000002B14BF00206FF0120070476FF0120061
:10A84000704700BFC497002038B5104B93F82430F0
:10A850000446C3B105782846FFF744FC10B96FF0F1
:10A86000150038BD45722379837263884360207870
:10A87000618810F0080F02D14B1E0B42EFD110F08F
:10A88000C2FE0020EDE76FF01200EAE7C497002057
:10A8900038B5124B93F824200546CAB193F82530F9
:10A8A000B3B1FFF71FFC0446A8B1837A012B12D085
:10A8B00007D9023B012B07D96369A3610020E0603F
:10A8C00038BD04F009FCF7E7284604F07DFBF3E708
:10A8D0006FF01200F4E76FF01500F1E7C497002065
:10A8E00038B50E4B93F82420054682B193F82530F5
:10A8F0006BB1FFF7F7FB68B115F008040AD12846E1
:10A9000004F084FB284604F0FBFD204638BD6FF0C0
:10A910001200FBE76FF01500F8E700BFC4970020B6
:10A9200038B50C4B93F8242005460C4662B193F8D9
:10A9300025304BB1FFF7D6FB48B144B1284604F0AF
:10A940004BFB2070002038BD6FF01200FBE76FF06A
:10A950001500F8E7C497002070B5134E96F8243020
:10A960000446C3B1FFF7BEFB0546B8B1230705D4C3
:10A97000204604F04BFB204604F0C2FD2B7A83B93D
:10A9800001232B7296F825300BB9002070BD2046AC
:10A9900004F062FDF9E76FF01200F7E76FF01500C1
:10A9A000F4E76FF07700F1E7C49700202DE9F0435A
:10A9B000DFF8EC801E4698F8243085B007468946BB
:10A9C0001546002B61D098F82530002B5DD003068A
:10A9D0005ED5FFF787FB0446002859D0037A002B89
:10A9E00056D04FF0FF334FF0FF3208F138000FF030
:10A9F00005FCA37F4BB108F138000FF001FC6FF0AC
:10AA00000A04204605B0BDE8F083A37AC5B13BB384
:10AA10000123A3774FF0000801A93846CDE901953D
:10AA2000CDF80C8004F00EF91B4B984229D084F825
:10AA30001E801EBB6FF0040418480FF0E1FBE0E736
:10AA4000E27F02B1E577002BE2D104F04DFBB84282
:10AA5000DED004F039FB11480FF0D2FB0024D0E720
:10AA6000B8F80A30AB42F0D96268B5FBF2F302FBEA
:10AA70001353002BE9D10123E377E6E7C6F8008002
:10AA8000D8E706B135600024D6E76FF01204B8E7C6
:10AA90006FF01504B5E700BF0000AD0BFC97002078
:10AAA000C49700202DE9F0411D46204B174693F82E
:10AAB00024200E46002A33D093F8253083B30306B2
:10AAC00031D401B97FBBFFF70DFB044658B3037ABD
:10AAD0004BB34FF0FF3316484FF0FF320FF08EFBB1
:10AAE000E3689F42B84628BF984646B93FB905B1CA
:10AAF0002B600F480FF084FB0020BDE8F081A169B6
:10AB00004246304612F038FBA3694344A361E36830
:10AB1000A3EB0803E360002DEBD0C5F80080E8E765
:10AB20006FF01200E9E76FF01500E6E7C497002028
:10AB3000FC97002070B51E4D95F82420034682B383
:10AB400095F825206AB31B062ED4FFF7CBFA0446EE
:10AB500050B3037A43B34FF0FF334FF0FF3205F1A8
:10AB600038000FF04BFBE368B3B901266369267721
:10AB7000A361637F83B1FFF795FB30B905F138001E
:10AB80000FF03EFB6FF00B0070BD0674846006731F
:10AB9000FFF7E0FAFFF7D6FA06480FF031FB002086
:10ABA000F2E76FF01200EFE76FF01500ECE700BF7F
:10ABB000C4970020FC97002010B5084B93F8243070
:10ABC0000C462BB1FFF78EFA28B10460002010BDAF
:10ABD0006FF01200FBE76FF01500F8E7C497002054
:10ABE000014B1860704700BFC497002008B5074BA1
:10ABF00093F8243023B1FFF775FA20B1406808BDFF
:10AC00006FF01200FBE76FF01500F8E7C497002023
:10AC100013280ED8084A12F8103053B102EB400244
:10AC2000527832B108684343002093FBF2F30B6083
:10AC300070476FF015007047DB460600054B012298
:10AC4000C3F8002590F8861009B1DA6070471A60E1
:10AC50005A60704700700040087970B500F01F041A
:10AC6000072C20D80B780B2B1DD8DFE803F0070743
:10AC700007071C061C1C1F211C2304234A78032AD7
:10AC80001AD0042A0FD100254A8844F20A06B2429B
:10AC900046D013D844F20306B2423DD044F2050632
:10ACA000B2423BD0E2B36FF0150034E00523E5E794
:10ACB0000623E3E70723E1E70125E5E744F214066D
:10ACC000B2422FD044F22806B2422DD044F20F06F1
:10ACD000B242E8D10322C0F340101B0243EA005302
:10ACE00043EA053343EA0243220102F1804202F5BE
:10ACF000E0420020C2F81835230103F1804303F538
:10AD0000E0438A79C3F81425C3F81005074B4A7944
:10AD1000234483F8A02070BD0022DCE70122DAE79B
:10AD20000222D8E70422D6E70522D4E70803002050
:10AD3000F7B50D464FF0FF3357484FF0FF3205F09F
:10AD4000D3FB6E68731EFE2B3CD800235348544F30
:10AD50001A4626FA03F111F0010126D017F803C0B4
:10AD6000BCF1000F2ED000EB031E6C7CDEF8181532
:10AD7000003C18BF012421F0807141EA0461CEF843
:10AD8000181503F151010901013240F801C0D2B296
:10AD90000133082BDDD12B7C083B062B12D8DFE8D2
:10ADA00003F009111D1119111B0003F151042401B5
:10ADB0000151EDE700233949012AC1F8F0356B7CD8
:10ADC0000ED97BB16FF01504334805F067FB2046C0
:10ADD00003B0F0BD0223EEE70323ECE70123EAE72B
:10ADE000082BEFD8C1F8F4352968530011B18989CF
:10ADF00001FB0333E96899424AD3284BA968C3F899
:10AE00002C162F46C3F830260FCF264C04F17406BB
:10AE10000FC63B683360002626672B6827469BB326
:10AE20000FCB04F1880585E80F006567A4F89860EA
:10AE300050B3BFF35B8F57E8003F47E80062002A3A
:10AE4000F9D1BFF35B8F1849D4F88850174A4FF4F3
:10AE500000400F463146E5FB007100233846DBF722
:10AE60004FF90022CDE90001002304F1080006F0AB
:10AE7000F7F90F484FF0FF324FF0FF3305F034FB86
:10AE800000B12067246F9FE70648FFF7D7FEF0E781
:10AE90006FF00B0498E700BF4803002000700040EB
:10AEA000A8030020080300203F420F0040420F008B
:10AEB0006003002010B50E4B0024C3F80441D3F802
:10AEC0000421C3F81041D3F810211222C3F804233F
:10AED0000720E6F799FE224601210720E6F7C4FE87
:10AEE0000448836C13B9403005F0D8FA002010BD37
:10AEF000007000400803002038B52F4BD3F8042120
:10AF0000002A4CD00022C3F80421D3F804112B4CA2
:10AF100001219960C3F80025636F2546D3B3D4F8A7
:10AF20008C30B4F8982033B104F1740198470128AB
:10AF300014D0022828D0B4F89830B4F894209A425B
:10AF400022D90133A4F898301B4BD3F82C26D3F820
:10AF5000341689B202EB4102C3F82C26D4F88830AB
:10AF600023B9BDE838401548FFF768BEBFF35B8FD3
:10AF700055E8003F5A1E45E800210029F8D1BFF3EB
:10AF80005B8F012BEDDC38BDD4F8883013B10C4851
:10AF900011F082FF0B48BDE8384005F07FBAD3F8C6
:10AFA00010110029EFD0C3F81021D3F8102101228D
:10AFB0009A601A605A60E6E70070004008030020BB
:10AFC0001003002060030020084B70B5C31A0D4623
:10AFD00007499B1004465943064840220FF08DF95B
:10AFE0002B4601462046BDE87040184768A0002067
:10AFF000B76DDBB668D8050073B50C4C0C4A40231E
:10B00000041B00930D460B460A49A41061430646F3
:10B0100009480FF09FF9011E05DA30462B4602B0B1
:10B02000BDE87040184702B070BD00BF68A00020A6
:10B03000C1A30500B76DDBB668D80500002270B566
:10B04000012104461046E6F70FFE0F4801F058FEB6
:10B050000E4B984215D101F063FE26690C4930462B
:10B0600008F0A1FC00280BDB0125356424690849A0
:10B0700004F11C0008F097FC002801DBE5640020C7
:10B0800070BD6FF00400FBE7C9B004000000AD0B19
:10B090006829060070B501460C2309484B43C418C3
:10B0A000D4E90E56403300221844A2630FF012F97F
:10B0B0002DB132462B460348BDE87040184770BD9D
:10B0C00068A0002068D8050010B1012804D070479E
:10B0D000034B1B6C5B0701D1FFF7DCBF704700BF60
:10B0E00068A0002008B54FF02003EFF3118183F32F
:10B0F0001288BFF36F8F124A136843F0020010608A
:10B10000DA0708D481F31188BFF36F8F0120BDE8FF
:10B11000084001F01DBE4FF08043D3F80C24D3F853
:10B120000C34DB07EED507480FF0D4F881F3118813
:10B13000BFF36F8F0020BDE80840FFF7ABBF00BF33
:10B14000B8A00020A8A000207FB500220123CDE9EF
:10B15000022304ABCDE90433094ACDF800D06B4695
:10B16000CDF804D00FF025F9002805DB4FF480421C
:10B170000023684605F0B8F907B05DF804FB00BF8E
:10B18000E1A3050010B54FF02003EFF3118483F322
:10B190001288BFF36F8F074A136823F00201DB07A1
:10B1A000116002D4012010F02DF884F31188BFF350
:10B1B0006F8F10BDB8A00020024AC3B21C2003FB51
:10B1C0000020704768A00020094BBFF35B8F53E855
:10B1D000002F42F0010143E800100028F7D1BFF32F
:10B1E0005B8F930702D4012001F0B2BD704700BF0E
:10B1F000B8A0002010B54FF02003EFF3118483F3C3
:10B200001288BFF36F8F074A136823F001019B0771
:10B21000116002D401200FF0F5FF84F31188BFF311
:10B220006F8F10BDB8A000202DE9F0413849BFF361
:10B230005B8F0746012251E8003F41E800200028CB
:10B24000F9D1BFF35B8F33B9324933484B60CB60E0
:10B250008A6008F0BBFB7B1E012B2BD8012F07D186
:10B260004FF08043D3F81C3403F00303012B21D0AB
:10B2700011F09BFA0546F8B9284B1B78E3B14FF063
:10B2800080430222C3F808230646DFF894804FF07B
:10B290008044D4F81824D4F81834D20316D503F017
:10B2A0000303012B01D0012F10D15DB386F3118868
:10B2B000BFF36F8FBDE8F0814FF02003EFF31186ED
:10B2C00083F31288BFF36F8F0125DEE7ADB13046FF
:10B2D000E6F78EFDD4F81835002BDAD1D4F8042126
:10B2E000002AD6D0C4F80431D4F804310123C4F8BC
:10B2F0001835C8F88031A360CBE70021212005F084
:10B3000033FDE7E74FF080430222C3F80423D1E77F
:10B3100064A0002054A0002084A0002078B0002069
:10B3200000E100E04FF02003EFF3118283F3128875
:10B33000BFF36F8F094BD3F8001161B10021D3F82F
:10B340000805C3F80011D3F80031C0B282F31188A8
:10B35000BFF36F8F70476FF00A00F7E700D000402F
:10B36000F0B5034610469C7893F803C04FF02005D3
:10B37000EFF3118285F31288BFF36F8F1F7893F874
:10B3800001E0E41B04EA0C04A04288BFA0B23E180E
:10B390000CEA06063D461E7082F31188BFF36F8FDC
:10B3A0000A188A4217D177450DD14FF02001EFF3EB
:10B3B000118281F31288BFF36F8F1978597082F36D
:10B3C0001188BFF36F8F1B79241AA34222BF064B4B
:10B3D00001221A60F0BD5E190135767901F8016B22
:10B3E00005EA0C05DDE700BF00D00040DB432DE996
:10B3F000F04713F001050E46144604D02348FFF72A
:10B40000AFFFBDE8F087A2B34FF02003EFF3118840
:10B4100083F31288BFF36F8F0D20E6F717FC074602
:10B420000D20E6F7FFFB88F31188BFF36F8FDFF87D
:10B4300060A0DFF86080CAF80051DAF800314FF4FC
:10B4400000590123CAF800302546C8F88091DAF87F
:10B45000003183B1FFF766FF031EC8F88091F6DB69
:10B46000013DADB27355002DF1D117B10D20E6F7B6
:10B47000CBFB2046C5E74FF02003EFF3118083F3A9
:10B480001288BFF36F8FE6F7B3FCE0E7ECA0002073
:10B4900000D0004000E100E02DE9F041124F0D46E0
:10B4A000144607F1450814B92046BDE8F0814FF075
:10B4B000FF334FF0FF32384605F016F82246294692
:10B4C0004046FFF74DFF0646384604F0E7FF3EB919
:10B4D0004FF0FF324FF0FF33044805F005F8E6E780
:10B4E000A41BA4B23544DEE7BCA00020D4A00020F9
:10B4F00038B5194C01221146204611F033FA0122C9
:10B50000002104F1180011F02DFA40F20743A4F8CD
:10B5100048304FF0706323630C2384F834300025E7
:10B520000E4B84F84550A4F84650D3F8042542F059
:10B530000102C3F804250121C3F80051D3F800210A
:10B54000C3F804132A4619600D20E6F78DFB0D2081
:10B55000E6F75AFB284638BDBCA0002000D00040CA
:10B5600010B5FFF7DFFE002820DB174B93F83220E1
:10B5700093F8314093F83310141B31EA0404C0B23D
:10B580000DD193F8472093F8464093F84810141BC8
:10B5900031EA04040BD10D4B01225A600EE09C18D5
:10B5A0000132114084F8350083F8321010BD9C1828
:10B5B0000132114084F84A0083F847100448BDE87E
:10B5C000104004F06BBF00BFBCA0002000D00040C2
:10B5D000D4A00020024B0B6001231360704700BF12
:10B5E00010A10020004870470C2A060010B5012267
:10B5F00011460748074C11F0B5F9FBF727FA0FF091
:10B600007CFE20600FF075FE6060002010BD00BF62
:10B6100018A1002010A100204FF08042D2F8101590
:10B62000D2F8103501F01E0123F01F030B4343F045
:10B630000103C2F81035024B00221A70704700BF98
:10B64000D8AB00204FF08053D3F83031082B20D1F5
:10B650004FF08042D2F81015CB071AD5D2F810352A
:10B6600001F01E0123F01F030B43C2F81035D2F87E
:10B6700008315BB1D2F8103523F01F030B4343F0C0
:10B680000103C2F810356FF08B007047024B0122A6
:10B690001A700020704700BFD8AB0020F8B50446F0
:10B6A0000FF027FE237B05460BB1FBF7E5F9134F9F
:10B6B0000026FFF7C7FFE8B9606801F0EDFFA36857
:10B6C0005B1BA36063682B4463603B780BB1FFF79F
:10B6D000A3FF237B01363BB9A368002BE9D1A06807
:10B6E000003818BF0120F8BD3046DDF721F80028EA
:10B6F000F2D0F4E76FF08B00F5E700BFD8AB002085
:10B70000F0B587B00E4615460FF0F3FD2946074603
:10B7100030460FF074F8C8B3B6FBF7F307FB1363BA
:10B72000A3BBB5FBF7F407FB14547CBBBD4222D38B
:10B730004FF0FF324FF0FF33164804F0D5FEFBF711
:10B7400097F902AB01461022C0B12146184611F00C
:10B750003BFD01228DF814200F4ACDE900200F484F
:10B76000CDE90365FBF77CF96846DCF765FF044625
:10B77000084804F093FE204607B0F0BD184611F0CB
:10B7800023FDCDE90365FFF789FFF0E76FF01504AE
:10B79000F1E700BF18A100209DB60400645E01001F
:10B7A00070B5037B04460BB1FBF766F9194E012512
:10B7B000A368032B06D8184AD2F80034DB07FBD560
:10B7C000002070BDFFF73EFF08BB23686068196862
:10B7D00001F082FF33780BB1FFF71EFF636804337B
:10B7E0006360236804332360A368043BA360237B66
:10B7F0000135002BDCD02846DCF79AFF0028D7D093
:10B80000054AD2F80034D907FBD50120D9E76FF0FB
:10B810008B00D6E7D8AB002000E0014070B50D46A4
:10B8200086B01946284616461C460EF0E8FF60B35F
:10B8300045EA04039B0728D1FCB14FF0FF334FF0DA
:10B84000FF32134804F050FEFBF712F90346CDE92E
:10B85000026502A804949BB101238DF814300D4BAE
:10B86000CDE9003041F64C50FBF7FAF86846DCF7BA
:10B87000E3FE0446064804F011FE204606B070BD03
:10B880008DF81430FFF78CFFF3E76FF01504F4E741
:10B8900018A10020A1B7040030B54068057B01F075
:10B8A0001F04B2F5001F85B044EA451405D12046B7
:10B8B0000FF015FD002005B030BD0025B2F5800F5A
:10B8C000CDE9025514D1B3F1007F0CBF0423052349
:10B8D0008DF808300023194602AA204601F000FC2A
:10B8E000234B98423DD10121204601F095FDE1E72F
:10B8F000B3F1C06F27D0B3F1007F14BF012302233F
:10B900008DF80830836823FA01F111F00101E1D1CB
:10B91000B2F1A07FDED104F01F03620903F5E073EA
:10B9200013D0012A20D1134A52F82330DB07D1D497
:10B930000DF107052946204601F008FD0E4B9842FF
:10B9400006D00395C6E70323DAE74FF0A042EBE702
:10B95000284601F05BFD064B9842F2D06FF00B00D9
:10B96000A9E76FF01500A6E751F82330FFDE00BF0E
:10B970000000AD0B000300500400AD0B10B501F04A
:10B9800035FD044668B901F0F9FC084B98420AD12C
:10B990000748214601F0D4FC224605210620E6F79F
:10B9A00063F9002010BD6FF00400FBE70000AD0B51
:10B9B000B5B90400420970B5034602D0012A17D078
:10B9C00070BD0D4E326951680029F9D003F01F0394
:10B9D00001250C689D400029F2D08A682A4002D0D7
:10B9E0004B68304698472CB1236821461C46F2E745
:10B9F000024EE7E72346F8E798D8050080D805000F
:10BA00002DE9FF4147683B7B01F01F0545EA4315DF
:10BA10000E4628460DF10701144601F097FC14F478
:10BA2000403F80460DD128460FF057FC3D4B9845CE
:10BA300003D19DF8070001F0E3FC002004B0BDE84D
:10BA4000F0810023194602AA2846CDE9023301F00D
:10BA500047FB344B984214D1804503D19DF8070031
:10BA600001F0CEFCA3034ED540F206332340B3F5DC
:10BA7000837F1AD00DD8062B18D005D8B3B1022B6E
:10BA800033D06FF01500D9E7B3F5807FF9D10123EA
:10BA90000CE040F20222934229D0B3F5407F28D037
:10BAA000B3F5007FEDD1022300E007238DF80830C5
:10BAB00084F48033C3F30043E0068DF8093054BFAB
:10BAC000C4F34013032321038DF80A3013D57A6899
:10BAD0000123B340C2F80835002202A9284601F02C
:10BAE000B7FB104B9842A8D0CBE70423DEE7052331
:10BAF000DCE70323DAE7620341BF01237A68B3403E
:10BB0000C2F80C35E8E7E3064FF0000354BFC4F376
:10BB1000401403241A4602A928468DF8084001F073
:10BB2000DFFADEE70000AD0B73B5446823680DF162
:10BB30000701D3F80855D3F80C6508F08CFB9DF885
:10BB4000073013B9204602F075FA3146284603F053
:10BB5000F7FC9DF80710054629B9206A0EF05CFF36
:10BB6000204602F057FA044B9D4214BF6FF00F00BD
:10BB7000002002B070BD00BF0000AD0B38B54468B6
:10BB80000569E3699847206A00210EF045FF002807
:10BB90000DDB2B46084A04F10801204602F000FAAA
:10BBA000064B984204D1204602F034FA002038BDFA
:10BBB0006FF00400FBE700BFC1BB04000000AD0B49
:10BBC0000378012B08D0022B08D04BB9054B0B632F
:10BBD00001F1180004F062BC034BF8E7034BF6E7F1
:10BBE000034BF4E70000AD0B0100AE0B0200AE0BFF
:10BBF0000100AD0B2DE9F04FD0F804A006698BB021
:10BC0000934614221D468046BAF81830D6F8349070
:10BC100002930C460DEB0200002111F0D5FA8DF8CD
:10BC200015504FF0FF324FF0FF33304604F05CFC0C
:10BC300006F11803019300220198002304F054FC3C
:10BC400000273D465F4501D3002461E0207A0207CA
:10BC500000F1838001375F4521680AD2830708D449
:10BC6000237D80EA030202F0010203F004031A4379
:10BC700007D025B901F06043B3F1005F18D000236D
:10BC800000E00123D4F804E0029A05EB0E0C944581
:10BC900066D8C20706D4724609EB0500039311F07B
:10BCA0006BFA039B62682A4495B2002B3FD1FDB921
:10BCB0002368089363680025227A069302F0010145
:10BCC0008DF81410BAF8241099424CD382F0020275
:10BCD000C2F34002520105A9504602F0DFF9234B9E
:10BCE000984209D00B33984210D16FF00F040FE047
:10BCF000CDF820902B46DFE74FF4804201980023D7
:10BD000004F0F2FB58B14046FFF70EFF6FF0040459
:10BD1000304604F0C3FB20460BB0BDE8F08F336B18
:10BD2000124A9342F2D1237ADB0702D400250C3465
:10BD300088E7089B9945F9D1234608E0A91AD868F5
:10BD400003938DB219FA81F111F016FA039B5A6828
:10BD50009542A3F10C03F1D2E8E76FF08504D7E731
:10BD60006FF01B04D4E76FF01B04D4E70000AD0BA9
:10BD70000B680068C01A024BC0105843704700BFE0
:10BD8000ABAAAAAAD0E90001014B0C2211F068BAB3
:10BD900071BD040038B505690446284640F8044BD7
:10BDA000FFF7F0FF05F11000034910F0A2FE6369F0
:10BDB00001221A72002038BD17AD05002DE9F74F9A
:10BDC00005460C4631B1012918D06FF0850003B04B
:10BDD000BDE8F08F06690C27B368A34206D97068E6
:10BDE000002107FB04000EF05AFE28B1284603B0DC
:10BDF000BDE8F04F0EF093BF0134EDE70769D0F8CE
:10BE0000048000244FF00C09BB68A3420ED9D7F878
:10BE100004A098F81020019209FB04FB0AEB0B0622
:10BE20005AF80B0010F001FC019A28B9284603B01B
:10BE3000BDE8F04F0EF059BF2AB3F28812F0010F9F
:10BE40000CBF2021102141F4803130460EF027FE36
:10BE50000028EBD129690D4B096C220101EB04107C
:10BE60008D503679012202FA06F6C0E90236011D2C
:10BE70005AF80B008368DB69002BD7D0984700285D
:10BE8000D4D10134C0E74FF48031DEE753AB050075
:10BE900010B4074C844208D1064804680648A446FA
:10BEA00004325DF8044B053160475DF8044B704780
:10BEB000F8DB050058A1002070DC05002DE9F041F9
:10BEC0000C464668076991B1DFF828800025736841
:10BED000AB4203D83C600020BDE8F081336853F8E2
:10BEE0003500836841461B6898470135EFE76FF0DE
:10BEF0001500F1E791BE04002DE9F047DFF810C10D
:10BF0000424F0026F3B2994202D80020BDE8F087E4
:10BF100050F8265005F07F03C5F343242D0C7F2BEA
:10BF2000A5F1040508BF4FF0FF33082D61D8DFE805
:10BF300005F0050B11606060601846005D1CC2F8DA
:10BF400008353FD10136DDE75D1CC2F80C35F9D06C
:10BF5000012538E0C2F810355D1CF3D00025AE464F
:10BF600008E0C2F80835002CF6D15C1CEAD00025A8
:10BF7000AE46062450F826A00AF40058B8F1000F87
:10BF80001CBF01254FF0000E03F01F085B092DD0E8
:10BF9000012B35D13B4603EB8808CAF3C11AD8F808
:10BFA000003703EA0C09230243EA8A0343EA0E033B
:10BFB00043EA450343EA0903C8F80037C2E7C2F879
:10BFC0000C35D0E700255FEA531E0CD0BEF1010FFF
:10BFD00012D1B94603F01F084FF0010E0EFA08F80F
:10BFE000C9F80C85C6E74FF0A049F3E74FF0A0432E
:10BFF000D1E76FF0850089E70023C3F80C35FFDE39
:10C0000008F5E078002353F82830F8E700030050E3
:10C01000F0F8FCFF014B01221A60704700C000409D
:10C020000C2903690BD1DB6A064907484B4393FB94
:10C03000F0F100FB113311605360002070476FF086
:10C040008500704790D0030040420F00044B006908
:10C050000022C3F80021D3F8003104F01FBA00BF5A
:10C0600000C000407FB505692B6B63B33A2901D04E
:10C070000C292BD105F118064FF0FF324FF0FF339A
:10C08000304604F021F9134B0193286B032300245D
:10C0900069460394029307F099FC4FF0FF324FF08A
:10C0A000FF33284604F020FA286B07F0E7FC0A4B20
:10C0B000D3F80825EA6201225A60304604F07EF97E
:10C0C000204604B070BD6FF00A00FAE76FF08500FB
:10C0D000F7E700BF15C0040000C0004010B50469B8
:10C0E0000020FFF769F820634FF0FF32002120465F
:10C0F00010F038FC04F1180010F076FB002201214A
:10C100000C20E5F7B1FD0C20E5F77EFD024B012286
:10C11000C3F80423002010BD00C00040F0B504693E
:10C120004768A56D236E85B006463DB96BBB1946C1
:10C13000306905B0BDE8F0400EF0C1BF616D03BBD2
:10C1400031BB3A8F636D0091AA4228BF2A46A2668E
:10C150001BB1A36D002B18BF13460193E36D02932F
:10C160001BB1236E002B18BF1346002269463846C8
:10C17000039301F0B5FD0E4B984217D06FF0040108
:10C18000D6E79D4228BF1D46DAE7616D1D46D8E718
:10C1900001F06043B3F1005FD3D0082D28BF08251C
:10C1A000206F2A4610F0E8FF216FCAE705B0F0BD06
:10C1B0000000AD0B2DE9F04F8FB099464368019315
:10C1C0008B88046992469A0407460E4600F1248142
:10C1D0004FF0FF324FF0FF3304F1100004F084F908
:10C1E0006660D7F804B0D7F81080DBF80830039306
:10C1F00098F86D3023B1D8F800309E4200F08C8062
:10C20000B6F804E01EF4006F40F03C811EF0090F08
:10C2100040F03581CEF34513082B40F03081336870
:10C220000293029AAC4B9A4240F229810BF10C0C1A
:10C23000BCE80F0004AD0FC5BCE80F000FC5DDE979
:10C2400002329A4228BF1A469CE80300A34B9A4246
:10C2500085E803001BD2A24B9A4218D2A14B9A4206
:10C2600015D2A14B9A4200F2E080A04B9A4200F214
:10C27000DE809F4B9A4200F2DC809E4B9A4200F295
:10C28000DA809D489D4B9E49824288BF0B461EF036
:10C29000020F09930EF0040300F0CF80002B14BFAF
:10C2A000032302238DF82830CEF300138DF82930B4
:10C2B000DBF80030D3F80835002B15DB1EF0020F39
:10C2C00003F01F00CEF340014FEA53134FF0010279
:10C2D00040F0BA80002B00F0B480934240F0F5802B
:10C2E000884B8240C3F80C2598F86D302BB1584626
:10C2F00001F0A8FC002388F86D304346824A04A967
:10C30000584601F06BFC814B984240F0A880012315
:10C3100088F86D30C8F80060012384F86C30019B08
:10C32000186C431C01D00EF032FFBAF1000F40F040
:10C33000AC80C4F844A00023A36404F1580204F1C3
:10C34000480104F144000EF0EAFD6065B9F1000F08
:10C3500040F0A480C4F84C900023236504F16002EF
:10C3600004F1500104F14C000EF0D9FDE0652068A5
:10C370000023236448B183683BB1012108300EF0EB
:10C380000AFE2368186910F04BF93846FFF7C6FE1D
:10C390000022A06C1346834240F089800023256D63
:10C3A0001946A94240F08A809342264638BF134678
:10C3B0004FF4FA5202FB03F556F8283B4FF0000801
:10C3C0001B68B5FBF3F54FF4004CC835414640F20D
:10C3D000E7304FF47A720023E5FB0C01D9F790FEA9
:10C3E00002460B46304604F07FF818B9256C15F16B
:10C3F000740F36D10198C4F8688001F023FC84F8EA
:10C400006D8038696FF073010EF059FE304604F00C
:10C4100093F86FF0730524E0A369002B7FF4D8AE86
:10C42000636899427FF4D4AEDBE6394B2FE7394B92
:10C430002DE7394B2BE7394B29E7003B18BF012388
:10C4400030E74FF0A0434CE733B1012B40D12D4BE7
:10C450008240C3F8082547E74FF0A043F8E76FF0A4
:10C46000040523689B8813F4005304D1636004F12E
:10C47000100004F013F828460FB0BDE8F08F6FF0FD
:10C480001505EEE76FF08505EBE7DAF80030636439
:10C49000002B3FF450AFDAF804304DE7D9F8003004
:10C4A000E364002B3FF458AFD9F8043055E7616CD2
:10C4B00001EBC301013349680A446CE7E06C00EB0F
:10C4C000C1000131406803446BE7C1F80C15FFDE81
:10C4D0000023C3F80835FAE747E801000048E801FF
:10C4E0000024F40000127A00FF083D007F841E0043
:10C4F0003F420F001FA107008FD0030048E8010052
:10C5000090D0030000030050F7B005000000AD0B11
:10C5100000093D0080841E0040420F0020A107005A
:10C5200000F01F0240090DD001280ED10A4B03EB89
:10C5300082030A4AD3F80007024042EA8102C3F8A4
:10C54000002770474FF0A043F1E702F5E0720023A7
:10C5500053F82230FFDE00BF00030050F0F8FCFF6C
:10C5600030B585B001238DF80430054602230DF166
:10C5700007008DF80830039000F048FF0C4B9842FC
:10C5800004460FD1002302AA01A9284600F0A8FD05
:10C59000A0420AD09DF8070000F032FF6FF00400BF
:10C5A00005B030BD6FF01200FAE70020F8E700BFD9
:10C5B0000000AD0B70B5012383400E4ABFF35B8FC3
:10C5C000DC4352E8001F01EA040542E80056002E51
:10C5D000F7D1BFF35B8F4FF4803282400648C0F83A
:10C5E0000823BFF35F8FBFF36F8F0B4214BF01208F
:10C5F000002070BD98A100200010014070B40E49C9
:10C60000D1E90034D01AC31844F1000422F07F4667
:10C61000C1E90034A6F50013B3F5400F09D2074B6A
:10C620001B681A0A1B069C19054B42F10005C3E959
:10C63000004570BC04F01EBDF04500209CA1002008
:10C64000F845002011B3BFF35B8F0123104A8340EC
:10C6500052E800CF4CEA030C42E800C10029F7D1B0
:10C66000BFF35B8F0B4A4FF480338340C2F804332F
:10C67000094BBFF35B8F1B68BFF35B8FC340DB07C6
:10C6800042BF064B4FF40032C3F80021704700BF91
:10C6900098A100200010014094A1002000E100E0DA
:10C6A0000D4B1868010A0006BFF35F8F0B4BD3F8E0
:10C6B0000435181841F10001B3F5801F0AD2084B68
:10C6C000D3E90023904271EB030303D210F1807091
:10C6D00041F10001704700BF9CA100200010014003
:10C6E000F84500202DE9F04F85B016461F469DF80D
:10C6F00040A00446FFF75EFF0190FFF7D1FFB04274
:10C7000071EB070354D23E4B301A67EB010198429C
:10C7100071F100014FD23B4B03EB0413D3E9022329
:10C720009F4208BF96425ED037494FF4803804F1EB
:10C73000500508FA04F8AD00C1F848832046ADB2B0
:10C740000EF04DFD26F07F4B05F1804504F5A873F2
:10C7500005F58835DC464FF003090293029A2CF068
:10C760007F4341F82230C1F84483D1F80435274A89
:10C770006FF00200C01A604420F07F40904232D92E
:10C78000286868B1D1F804350393A3EB0B0020F0BF
:10C790007F40B0F5000F26D920460EF020FD039B08
:10C7A000BAF1000F07D109EB030C09F10109D5E734
:10C7B000BAF1000F09D06FF0150520460199FFF777
:10C7C00041FF284605B0BDE8F08F0123104ABFF3B2
:10C7D0005B8FA34052E8000F184342E80001002994
:10C7E000F8D1BFF35B8F07490E98230101EB0412C8
:10C7F000C8500F9B5360C2E902670025DDE700BF08
:10C8000001008000E045002000100140FDFF7F0096
:10C8100094A100207FB51C4C1C4BC4F80833C4F80D
:10C8200048331B4B00254FF0FF304FF0FF31C4F869
:10C830000855C3E902014FF48033C4F80433154BA3
:10C8400002264FF400320121C4F804631120C3F81A
:10C8500080212A46E5F708FA1120E5F7D5F90E4AB6
:10C860000123A360236013600C4B0D4A0093CDE9B4
:10C87000015500232846FFF735FF3046FEF7D4FC6C
:10C88000284604B070BD00BF0010014003000F0037
:10C89000E045002000E100E098A10020FDC5040073
:10C8A000FFFF7F002DE9F7432F4CD4F8043399079D
:10C8B0000BD5D4F8043143B12C4A0023C4F8043119
:10C8C000D4F80431136801331360D4F80433DA0365
:10C8D0002AD5BFF35B8F264B53E8002F22F00101CE
:10C8E00043E800100028F7D1BFF35B8FD30702D4D1
:10C8F000D4F84031C3B10025C4F84051D4F84031D8
:10C90000FFF7CEFE4FF02003EFF3118283F312887E
:10C91000BFF36F8F174BD3E90267B042B94106D21C
:10C9200082F31188BFF36F8F03B0BDE8F0834FF03F
:10C93000FF384FF0FF39C3E90289D3E900101D60C9
:10C940004FF48033C4F84833C4F84051D4F8403130
:10C9500082F31188BFF36F8F0029E5D00090324633
:10C960003B4628468847DFE7001001409CA1002095
:10C9700094A10020E045002030B5431C124C85B046
:10C9800005D08442A8BF0446012CB8BF0124FFF79C
:10C9900087FE0E4B0C4DD3E90013401AB0F5000F83
:10C9A00010D22218AA4228BF2A4652184FF000007F
:10C9B00007490091CDE9010043F10003FFF792FE22
:10C9C00005B030BD2A46F0E7FFFF7F00F0450020AC
:10C9D000FDC5040008B5FFF763FE024B1B68C01AD3
:10C9E00008BD00BFF045002010B5084C012363606E
:10C9F0001120E5F717F9064BC4F80833C4F848339B
:10CA0000044B4FF40032C3F8802110BD00100140E8
:10CA100003000F0000E100E04FF08053D3F8302115
:10CA2000082A06D1D3F83431052B02D8024AD05C4B
:10CA300070470020704700BFE347060008B54FF07D
:10CA40008053D3F83021082A4ED14FF08042002184
:10CA5000C2F80C11C2F81011C2F8381502F54042A4
:10CA6000D3F80414C2F82015D3F80814C2F824151A
:10CA7000D3F80C14C2F82815D3F81014C2F82C15EA
:10CA8000D3F81414C2F83015D3F81814C2F83415BA
:10CA9000D3F81C14C2F84015D3F82014C2F844157A
:10CAA000D3F82414C2F84815D3F82814C2F84C154A
:10CAB000D3F82C14C2F85015D3F83014C2F854151A
:10CAC000D3F83414C2F86015D3F83814C2F86415DA
:10CAD000D3F83C14C2F86815D3F84014C2F86C15AA
:10CAE000D3F84434C2F87035FFF796FF18B12B4BDA
:10CAF0002B4AC3F88C26FFF78FFF18B1294BFB2276
:10CB0000C3F81825FFF788FF70B14FF080414FF050
:10CB10008053D1F8E42ED3F8583222F00F0203F0FC
:10CB20000F031343C1F8E43EFFF776FF20B11E4B1D
:10CB30004FF40072C3F840264FF08053D3F83031E1
:10CB4000082B09D14FF08043D3F80024D20744BF0B
:10CB50006FF00102C3F80024144AD2F8883043F47D
:10CB60007003C2F88830BFF34F8FBFF36F8F4FF061
:10CB70008053D3F83021082A0ED1D3F83431052B55
:10CB800002D80B4AD35C3BB14FF01023D3F80822F4
:10CB90004FF08043C3F8582508BD00BF0050004047
:10CBA0004881030000F000400090024000ED00E0EA
:10CBB000DD47060030B50468CCB1BFF35B8FB4FA33
:10CBC00084F3C3F11F03DBB201229A4024EA02027C
:10CBD00050E8005FA54204D140E8002CBCF1000FF2
:10CBE000F6D1BFF35B8FE6D102480B7030BD02482F
:10CBF000FCE700BF0000AD0B0200AD0B10B50368F1
:10CC0000CB40DB0714D401238B400268BFF35B8F5A
:10CC100043EA020150E8004F944204D140E8001C6E
:10CC2000BCF1000FF6D1BFF35B8FEED1014810BD10
:10CC30000148FCE70000AD0B0400AD0BF7B504465E
:10CC400018B1012823D003B0F0BD4FF08043022279
:10CC5000C3F808230122DA60C3F80401D3F80431D1
:10CC6000064601238DF8073042F210754FF08047D9
:10CC7000D4B1012CE7D1D7F80C3403F48033AEBB28
:10CC800083B301200EF0BCFA013DF4D12AE04FF04D
:10CC900080430022C3F808035860C3F80021D3F88A
:10CCA00000310DF10706DCE7D7F8183403F48033C0
:10CCB0003EB9002BC7D001200EF0A2FA013DF3D1FE
:10CCC000C1E7D7F8182402F003023260002BBAD073
:10CCD0009DF80700012803D10EF092FA013DC7D15B
:10CCE000012CB0D1054B00225A71ACE7D7F80C24C7
:10CCF00002F001023270002BEAD1F3E7A0A100207C
:10CD0000044B1A7922B9012218609A8002487047B0
:10CD100002487047A0A100200000AD0B0C00AD0B35
:10CD200008B5094B1B682BB10020E4F78FFF08B949
:10CD3000E4F76AFF4FF080430022C3F81825034B45
:10CD400001221A7008BD00BFA0A1002071B0002010
:10CD500010B510B1012843D010BD4FF08043D3F877
:10CD60001814D3F81824C80321D502F00303012BAB
:10CD700004D013B10020FFF761FF00234FF0804281
:10CD80000220C2F8183508224FF4827303F1804361
:10CD90000021196002F180421C6801241460154AC8
:10CDA00012680AB34FF08043C3F80403D4E7D3F802
:10CDB0001424D107E1D5D3F81C249207DAD40D4A04
:10CDC00012681AB10222C3F80423C5E7D3F804217C
:10CDD000002AFBD00022C3F80421D3F80431BBE7BA
:10CDE00000224FF48073D1E71A68002AFCD0196042
:10CDF0001B68B1E7A0A1002010B54FF08043D3F825
:10CE000000216AB10022C3F80021D3F800210122D9
:10CE1000C3F80823114B587910B95A711B68984709
:10CE20004FF08043D3F8042172B10022C3F80421EB
:10CE3000D3F80421D3F81824D3F81824920704D186
:10CE40000122C3F818259A6010BD0222C3F80823F6
:10CE5000024BBDE810401B6801201847A0A100202C
:10CE6000036803F01F025B09026004D0012B034832
:10CE700018BF002070474FF0A040704700030050DB
:10CE8000034A430900F01F00D35C1844C0B2704746
:10CE9000E947060070B50546FFF7F2FF0C4C083075
:10CEA0000E4634F81030DA0508D5C3F3432304EBFB
:10CEB000C302284654F8333052689847A3682BB110
:10CEC000E26831462846BDE87040184770BD00BF93
:10CED000D010002010B5FFF7D3FF124A083032F807
:10CEE0001030D9051CD5C3F3432123F4F85322F89D
:10CEF000103002F10E04002034F8023F13F4807F5A
:10CF000003D0C3F3432399420AD001303028F3D130
:10CF1000002342F831300448BDE81040FFF76EBEF0
:10CF200010BD00BFD01000204811002008B5FFF749
:10CF3000A7FF034B083033F81000400B08BD00BFBB
:10CF4000D010002008B5FFF79BFF034B083033F8E3
:10CF50001000C0F3401008BDD0100020034611F0AF
:10CF6000010010B5CCB20DD1A207C4F3400012D518
:10CF7000094AD2F820055860C2F82005003818BFC9
:10CF8000012008E04FF0A041D1F820251A60C1F837
:10CF90002025002AE8D010BD00030050F0B505465A
:10CFA00000200446012607468C420BD1114BD3F8D2
:10CFB0007C2132B10022C3F87C21D3F87C3140F0CF
:10CFC0000040F0BDE3B29B0003F580729B0806FAB7
:10CFD00003F31D420BD002F1804202F5C042D2F8A9
:10CFE00000C0BCF1000F02D0176012681843013472
:10CFF000DAE700BF0060004008B5FFF741FF044BCF
:10D00000083033F8100080F00200C0F3400008BD83
:10D01000D010002010B50446FFF794FFC0B12046A1
:10D02000FFF7EAFFA0B12046FFF780FF0B4A01237C
:10D030008340C2F8083303B29B0003F1804303F539
:10D04000C043D3F8102522F00302C3F8102510BD09
:10D0500020460021BDE810400EF01FB900600040DE
:10D0600073B50446FFF70CFF184E00F1080536F8BB
:10D070001530DB0727D52046FFF7CCFF2046FFF70A
:10D0800061FF40B12046FFF751FF114B00F5A27040
:10D09000002243F820202046FFF71CFF002301A8B0
:10D0A00026F815300194FFF7DBFE019B00EB8300AF
:10D0B000084BD0F80027134043F00203C0F80037B4
:10D0C000054802B070BD0548FBE700BFD010002046
:10D0D00000600040F0F8FCFF0000AD0B0400AD0B59
:10D0E0002DE9F04385B0064615461F46FFF7C8FEFA
:10D0F000044611B3DFF8448100F1080938F819300B
:10D100009B0703D53046FFF71DFF18BB0023CDE971
:10D1100000338DF80E308DF80F300DF10F020B46F5
:10D1200030460DF10E010EF06FF838F8193023F08B
:10D13000020343F0010328F8193055B33F4B95F82B
:10D1400000C06A6804F1080033F8101011F0020FF3
:10D1500002D0B2B13A481EE021F02001C904C90C46
:10D1600023F810106AB1BCF1030FF3D86A6892F883
:10D1700000E0BCF1000F11D1324A0EF5A27E42F858
:10D180002EC033F8102022F01C0242EA8C0223F851
:10D1900010204FBB2C4805B0BDE8F0834FEA8E024B
:10D1A00002F1804202F5C04241EA4E31D2F81055F8
:10D1B00025F00305C2F81055D2F8105525F44F3567
:10D1C00025F44075C2F810553502D2F8108505F4E3
:10D1D0007C5545EA0C4545EA080541F0200123F855
:10D1E0001010C2F81055CCE7D7E900873046FFF79A
:10D1F00071FEB8F1000FCDD0104DD5E90023904558
:10D2000003D19F4201D1002209E010480DF10F0126
:10D21000FFF7D0FC0C4B9842BDD19DF80F2045F88C
:10D22000328005EBC20308345F6035F8143043EAFE
:10D23000422343F4807325F81430ABE7D01000206C
:10D240000400AD0B006000400000AD0B4811002051
:10D250002DE9FF4104461646FFF712FE054629B3A5
:10D260002046FFF7C9FE18B12046FFF76BFE18BB3A
:10D27000304F05F1080837F8183013F01C0F02D0B2
:10D280004B78012B18D001238DF80F300023CDE906
:10D2900000134A1C8B1C20460DF10F010DF0B4FF4A
:10D2A00037F8183043F0030327F81830002E3ED02B
:10D2B0002046FFF7A1FE18B11F4804B0BDE8F08179
:10D2C00096F800C01B4F6146890001F1804101F5CD
:10D2D000C041C1F8100505F1080037F8105025F0DD
:10D2E0002005ED04ED0C27F810507278FAB1D1F852
:10D2F0001035B67823F4991323F4F853C1F8103598
:10D3000012042302D1F810E502F4403203F47C53F6
:10D31000134345EA4C35320543EA0E0302F480120A
:10D3200045F02005134327F81050C1F81035034885
:10D33000C3E700BFD01000200400AD0B0000AD0B10
:10D34000014BC3E902017047D010002010B504461C
:10D35000FFF7F8FD50B12046FFF792FD044B08306F
:10D3600033F8103003485B0B0B7010BD0248FCE72C
:10D37000D01000200000AD0B0400AD0B38B5174DE8
:10D3800095F8804044BB2146602205F110000FF063
:10D390001BFF286F214688420ED1114B0022C3F893
:10D3A0007C210620D3F87C31E4F72EFC01230D48C4
:10D3B00085F88030AB6738BDCAB2920002F5807341
:10D3C0007C2A04BF03F1804303F5C04301F101014E
:10D3D00004BF1C601B68DEE70348ECE7D0100020A8
:10D3E000006000400000AD0B0500AD0B034B93F84F
:10D3F0008000003818BF0120704700BFD010002007
:10D4000001460148FFF7FABB4411002001460148DC
:10D41000FFF7D0BB4411002013B5284BD3F80423E9
:10D42000002AA4BF4FF00042C3F804230446FFF7CC
:10D4300089FD08B32046FFF7DFFDE8B12046FFF77E
:10D4400075FD03B29B0003F1804202F5C24203F175
:10D45000804303F5C043002414601268D3F81025FC
:10D4600042F00102C3F8102521B1144A0123834080
:10D47000C2F8043302B010BD2046FFF701FD104B87
:10D48000083033F81030C3F38203042B12D0052B7D
:10D4900012D001A80194FFF7E3FC019BD0F810150E
:10D4A000D94001F001010231204602B0BDE8104030
:10D4B0000DF0F3BE0321F7E70221F5E7006000401D
:10D4C000D01000202DE9F04F694BDFF8B081D3F880
:10D4D0000403D8F87010C0B289B040F00040FFF7E4
:10D4E0005DFD051E2FDAC24600235AF87C1F06A8F0
:10D4F000CDE90633FFF732FD5E4B01930DF11809BC
:10D500004FF0000B019A12F8013B0192DA0803F088
:10D5100007031AF8022022FA03F3DA071CD409F1F0
:10D520000409BBF1000F14D0D8F870104FF0004080
:10D53000FFF734FDD8F87C1006A8FFF70FFD002890
:10D54000DAD125F000450124002D79D109B0BDE8DC
:10D55000F08F4FF0010BD5E7474B5B440293D9F8AE
:10D5600000100029DBD0029B91FAA1F11C78B1FADE
:10D5700081F141EA44142046FFF782FC083005940B
:10D5800038F81070C808BB0819F80020039301F0A0
:10D590000701012303FA01F122EA010209F8002040
:10D5A00005A8FFF75DFC059A039B02F5E072C7F33F
:10D5B000820650F822205B073746C2F3014224D589
:10D5C00020463946D6B2FFF765FC05A80594FFF75B
:10D5D00047FC059B03F5E07350F82330C3F3014388
:10D5E0009E4207D1002120460DF057FE31462046CD
:10D5F0000DF053FE05A80594FFF732FC059B0122B0
:10D6000002FA03F3C0F82035A9E7022A0CD103215E
:10D6100020460DF042FE06F00503012BEAD1394603
:10D620002046FFF737FCE5E70221204603920DF084
:10D6300034FE032EF3D0039A032ADBD1022EEDE74A
:10D6400095FAA5F3B3FA83F304FA03F29B0003F10E
:10D65000804303F5C04325EA0205D3F81005D3F84B
:10D660001015C0F30520C1F30141FFF713FC6BE770
:10D6700000600040F9470600F9470600D01000207E
:10D68000044AD2F80034DB07FBD50160BFF35F8F9B
:10D69000704700BF00E001404FF080531A69B0FBB3
:10D6A000F2F302FB130373B9084B0222C3F80425FB
:10D6B000C3F80805D3F80024D207FBD5002204489C
:10D6C000C3F8042570470348704700BF00E00140DD
:10D6D0000000AD0B0A00AD0B10B5054C0123C4F8DA
:10D6E0000435FFF7CDFF0023C4F8043510BD00BF9B
:10D6F00000E0014010B5184C237853BB0278C2F308
:10D700004003920712D54FF08053D3F83021082AF6
:10D710000BD1D3F83431052B07D8104AD35C23B191
:10D720004FF080430122C3F8382601234FF0804296
:10D73000C2F88035037803F00103C2F87835002081
:10D74000E4F784FA08B9E4F75FFA01230448237088
:10D7500010BD0448FCE700BF72B00020FB47060084
:10D760000000AD0B0C00AD0B4FF080434FF4607226
:10D77000C3F80823014B00221A607047A8A10020BB
:10D7800008B5FFF7F1FF03680BB1014A136008BD4C
:10D79000A8A1002010B54FF08043D3F804436207DE
:10D7A00007D54FF484700DF0ACFD10B11E4B1B6813
:10D7B0009847A30608D54FF48A700DF0A2FD18B162
:10D7C0001A4B00201B689847600608D54FF48C70F0
:10D7D0000DF097FD18B1154B01201B6898472106E5
:10D7E00008D54FF48E700DF08CFD18B1104B002051
:10D7F0001B689847E20508D54FF490700DF081FD45
:10D8000018B10B4B01201B689847A3050AD54FF4AC
:10D8100092700DF076FD28B1054BBDE810401B68F5
:10D820000220184710BD00BFB0A10020ACA100200D
:10D83000A8A10020036803F01F025B09026004D066
:10D84000012B034818BF002070474FF0A0407047DD
:10D8500000030050012370B504460D464361642661
:10D860000022022120460DF082FD20B901200DF09A
:10D87000C7FC013EF4D100236B774FF08051D1E912
:10D880004C1208291AD1052A18D80E498A5CAAB167
:10D890004FF0FF32D4F80805D4F80C15C4F8003561
:10D8A000C4F80825C4F80C250922C4F80025C4F8DA
:10D8B0000035C4F80805C4F80C1570BD0023C4F881
:10D8C0000035FAE7014806000F4B984219D00DD8F1
:10D8D0000E4B984215D007D80D4B984211D00D4BE6
:10D8E000C31A5842584170470B4BF9E70B4B98420B
:10D8F00007D004D80A4B984203D00A4BF0E70A4BF2
:10D90000EEE70120704700BF80841E0020A10700C1
:10D9100048E8010090D0030040420F000024F400CA
:10D9200000093D0000127A000048E80173B5164670
:10D93000421C1C460546069B18D0012902D1BBB1EA
:10D940000DF053FD01A80195FFF774FF019B00EB5B
:10D9500083002402D0F80027074B44EA86040C43D6
:10D9600013401C4344EA4101C0F8001702B070BDE7
:10D970000DF048FDE6E700BFF0F8FCFF2DE9F04FA1
:10D98000814B4D6990F804909D4285B006460C4647
:10D9900000F0C78000F2B7807C4B9D4200F0C4804D
:10D9A00000F2A9807A4B9D4200F0C180794B9D42E4
:10D9B0000CBF4FF080654FF08045774F94F82300FF
:10D9C000242202FB0973997F60F300019977337970
:10D9D000217C02FB03739A7F61F341029A7794F8EA
:10D9E0002380B8F1000F34D162696C4B9A420CBFAE
:10D9F0004FF0030A4FF0000A237E012B94BF00234F
:10DA0000012300932068534642460121FFF78EFF11
:10DA1000CDF800806068534642460121FFF786FF3B
:10DA2000CDF80080A27EA06853464146FFF77EFFF6
:10DA3000237C83F001030093E068534642460121B2
:10DA4000FFF774FF01210091E06953464246FFF75A
:10DA50006DFF94F821202423002A71D003FB097361
:10DA60004FF0FF321A62D4E900BAE369D4F80890A3
:10DA7000A07C217E94F81980D4F80CE0227C94F8E4
:10DA800022C0029394F8203094F824400393336822
:10DA900074B9029CC3F808B5C3F80CA5C3F8109577
:10DAA000C3F86C45C3F814E5C3F86825C3F864C52A
:10DAB000B8F1000218BF01220229C3F8C005C3F85B
:10DAC000245558D0032959D0012901D142F002022E
:10DAD000C3F85425039AC3F86025337924225343AD
:10DAE000FB58002B4DD0306840F3073005B0BDE83F
:10DAF000F04FE4F789B82A4B9D420CBF4FF0805598
:10DB00004FF0804559E7274B9D4213D0234B9D4250
:10DB100013D0254B9D420CBF4FF000454FF0804580
:10DB20004BE74FF0005548E74FF0006545E74FF0F1
:10DB3000007542E74FF020653FE74FF0A0553CE706
:10DB400003FB0979E168C9F82010217C99F81E309F
:10DB500061F3410389F81E30E369D4F80890A07C92
:10DB6000217E94F819800293D4E900BA4FF0FF3E69
:10DB70004FF0020C86E742F00402A9E742F00602E9
:10DB8000A6E705B0BDE8F08F80841E0020A1070045
:10DB900048E8010090D00300B8A100200048E80147
:10DBA00040420F000024F40000127A00431C07B525
:10DBB0000ED0019001A8FFF73DFE019B00EB830012
:10DBC000054BD0F80027134043F00203C0F800379C
:10DBD00003B05DF804FB00BFF0F8FCFF2DE9F8434B
:10DBE0000746144C97F80480242505FB08F504EB40
:10DBF00005091E4699F81C30C3B999B14869FFF769
:10DC000063FEA8B138466251C9F80460FFF7B6FE5A
:10DC1000242303FB08440023637707480123237769
:10DC2000BDE8F8836251C9F80460F1E70348F7E7FB
:10DC30000348F5E7B8A100200000AD0B0500AD0BCF
:10DC40000400AD0B2DE9F041044606790068214D32
:10DC500040F30730E3F7E6FF24237343EB5853B157
:10DC600023681D4AC3F8082306EBC601206805EBAC
:10DC70008101FFF7EFFD2421236801FB0651D3F852
:10DC80000805D3F80C75D3F810858B7FDB0714D407
:10DC9000FFF78CFF4046FFF789FF3846FFF786FF06
:10DCA000086AFFF783FF2368D3F86C05D3F81415CF
:10DCB000FFF77CFF0846FFF779FF2368074A934286
:10DCC00004BF01225A60242303FB065500232B774F
:10DCD000BDE8F081B8A100205201080000F0024028
:10DCE0002DE9F0430779DFF8C48124237B431646EE
:10DCF00008EB03020D46517F85B08146002940F0B4
:10DD0000C68058F8033023B116F0140F04BF012366
:10DD1000537795E80F00242404FB078404F10C0CCE
:10DD20008CE80F00206A431C04D0A37F99071AD502
:10DD30000DF05BFB2968D9F8004021B101F0604388
:10DD4000B3F1005F06D1AB6883B103F06043B3F178
:10DD5000005F0BD0242303FB078300224D485A7732
:10DD600005B0BDE8F0830DF04DFBE3E74A4B9C4264
:10DD700024D14FF080436A68D3F8000E474B1860F7
:10DD8000E2B1474821F4FF5323F01F0383426ED8CA
:10DD90005018DFF81CC1C3F34F3101228A40002123
:10DDA00003F50053984241EA02014FEA420201D9C9
:10DDB0006345F5D34FF08043C3F8001E16F001030E
:10DDC00018BF0123C4F8503516F0020318BF012311
:10DDD000C4F8403595E80F00EC468CE80F00039B33
:10DDE000C4F84405C4F84815C4F83425C4F83835D7
:10DDF0000023C4F81831D4F8183116F008054FF094
:10DE00000703C4F800350FD124237B4358F80320BF
:10DE10000123236142B9D4F81831002BFBD06246AC
:10DE2000402120460DF0A3FA24237B4358F8033009
:10DE30001BBB194B9C4201BF184B1A684FF0804323
:10DE4000C3F8002E242303FB0783186A421C04D066
:10DE50009B7F9B070ED50DF0D5FA35B907EBC707A9
:10DE600008EB87012046FFF7F5FC0E4878E74FF4F2
:10DE700080719FE70DF0B9FAEFE716F0040F4FF04D
:10DE8000400314BFC4F80833C4F80433EDE7064870
:10DE900066E700BF0A00AD0B00F00240B4A100200D
:10DEA000FFFF00200000AD0B0B00AD0BB8A1002060
:10DEB0000020012010B5134A134840210DF057FAF5
:10DEC000F8B1124B124C1A684FF08043C3F8002E81
:10DED000206A421C04D0A37F9B070FD50DF092FA55
:10DEE000637F1BB10A490848FFF7B4FC0023237283
:10DEF0000848D4E90031BDE8104018470DF075FA24
:10DF0000EEE710BDC4A1002000F00240B4A1002043
:10DF1000B8A10020C0A1002030B500F01F044009C6
:10DF200011D0012812D10C4800EB84001B02D0F85C
:10DF300000570A4C43EA82022C4042EA4101214345
:10DF4000C0F8001730BD4FF0A040EDE704F5E074D5
:10DF5000002353F82430FFDE00030050F0F8FCFFEC
:10DF600010B4CC7B8A6803682CB9D1E90041C3F8AE
:10DF70000845C3F80C15C3F8242503792822534318
:10DF8000064AD35833B100685DF8044B40F30730BC
:10DF9000E3F73ABE5DF8044B704700BFDCA10020F8
:10DFA0002DE9F04190F80480164E0746282000FB2A
:10DFB00008F035180C4695F82210F1B9A9603250D6
:10DFC0006B6085F8251085F824106CB1A37B85F86B
:10DFD000273020460DF054FA88B1637B85F826304F
:10DFE00021463846FFF7BCFF282303FB0866064896
:10DFF000012386F82230BDE8F0810448FBE704489D
:10E00000F9E700BFDCA100200000AD0B0500AD0B5F
:10E010000400AD0B036802790621C3F80015044B18
:10E02000282101FB0233022283F82220704700BF1F
:10E03000DCA1002010B5164B0479282202FB043223
:10E040000021916002681349C2F80813D2F8001247
:10E0500021F4BC51C2F800124FF08051D1F83001C8
:10E06000082809D1D1F83411052905D80A48415C9E
:10E0700011B10921C2F800150021C2F800152822AB
:10E0800002FB0433012283F8222083F8241010BD00
:10E09000DCA1002002029C01074806002DE9F84F90
:10E0A000B04D90F804900468282303FB0953904670
:10E0B000002283F823204B680E4633B1CB6803F06F
:10E0C0006043B3F1005F40F085813378023B012B60
:10E0D00006D8336903F06043B3F1005F40F07A8102
:10E0E000A14BC4F80833282303FB095393F82410E9
:10E0F00001F0FF0239B19B68DFF878B2C4F804334D
:10E100005846BDE8F88F18F0140F0CBF012100210C
:10E1100083F82410317883F82010717883F8211067
:10E12000F168D9607168196131695961B1689961A3
:10E13000C8F3001183F82510C3F81C807378C4F865
:10E140008835C4F86021D4F86031C4F84821D4F887
:10E150004831C4F82421D4F82431C4F80421D4F877
:10E16000043118F0010318BF0123C4F8503518F02A
:10E17000020318BF0123C4F84035337809EB89073F
:10E1800005EBC707032B00F2A380DFE803F07998C3
:10E1900062024FF48073C4F80032D7E90323C4F855
:10E1A0004425C4F848350123A3604FF4801120466C
:10E1B0000DF089F90028F8D1D7E90523C4F84425E2
:10E1C000C4F84835282303FB09534FF480229A6092
:10E1D000DFF8A4B1282202FB09F218F0080AAB58B4
:10E1E00005EB020013D13178032910D0012940F04A
:10E1F00085802160002B6ED0282202FB09F2716815
:10E20000AA5821B9002A00F0BB80012262612822AD
:10E2100002FB09F2A918AA58002A00F0B18018F0F0
:10E22000040F1CBF00228A6018F0400F06D128227C
:10E2300002FB0952916841F002019160282202FB21
:10E240000952916841F4007191609268C4F8042306
:10E2500056E7D7E90323C4F84425C4F84835D7E97D
:10E260000523C4F83425C4F838354FF48453C4F872
:10E27000003201232362282303FB09530222A6E76D
:10E28000D7E9032318F0200FC4F84425C4F8483513
:10E290004FF0280315BF4FF480724FF4007203FB58
:10E2A000095303FB095315BFC4F80022C4F8002228
:10E2B0004FF4802202229A600123236288E7D7E983
:10E2C0000323C4F83425C4F838354FF48053CEE71F
:10E2D000DFF8A8B07EE7026902B961612349DFF87F
:10E2E00090A020460DF0EFF8012210F4007F18BF37
:10E2F000626110EA0A0F1D49F3D07DE70121A16098
:10E30000002B7FF479AF006918B3194B1AEA030F99
:10E310007FF472AF154920460DF0D5F810F4007F58
:10E320008246F2D04FF0807120460DF0CCF8D4F840
:10E33000001280B111F4007003D1012222628246E2
:10E340006261CB05E1D54FF4802120460DF0BBF88A
:10E3500004E06161D9E70122226262614FF0000AA4
:10E36000D3E700BFDCA1002002029C0102020400EE
:10E37000020004000B00AD0B0000AD0B0400AD0B60
:10E380002821D4F8C424C4F8C42401FB0955002171
:10E3900085F824108AB11149114B12F0010F14BFF6
:10E3A0008B469B46013112F0020F18BF8B4612F0CC
:10E3B000040F0C4A18BF9346A2E618F0400F7FF4F2
:10E3C0009FAE394620460DF02AF8054A002808BFBE
:10E3D000934695E6DFF810B092E600BF0000AE0B62
:10E3E0000100AD0B0200AE0B0A00AD0B70B55C4D29
:10E3F0005C4C86B0022128460DF065F84FF40071A0
:10E40000064628460DF05FF8D8B1E6B9A368C5F80E
:10E4100008330223A360A368C5F804334FF080716A
:10E4200028460DF050F818B1D5F800329B0503D4FA
:10E430004B4B01221A625A61012384F8233006B043
:10E4400070BD002E57D0E5696E060AD494F82330CB
:10E450003BB9444942480CF0E2FF80F0010084F8E7
:10E46000230015F0040524D13D4B94F82520C3F872
:10E470006051D3F86011C3F85C51D3F85C1112B14C
:10E4800094F8232052B10022C3F80022A260364A39
:10E49000C3F80823354B0822C3F88021238CADF83C
:10E4A0000430E36804932369029363690593A369C5
:10E4B00003932B4AD2F8C434C2F8C434980749D421
:10E4C000590749D4DA0749D494F823309B00DBB2CA
:10E4D0008DF8003094F825300BB984F82430E369C6
:10E4E0005B0703D594F82330002BA8D0D4E9003182
:10E4F00068469847A3E74FF4802128460CF0E3FFD5
:10E5000094F82030A3B994F825304BB9C5F80032FF
:10E51000A360154BC5F80833144B0822C3F88021BB
:10E5200000238DF8043094F821308DF80530B8E7D9
:10E530004FF40073C5F8003240F20223A36003F1E8
:10E54000CE73C5F80833A368C5F804330123AB6064
:10E550002B6274E70123BBE70223B9E70323B7E784
:10E5600000300040DCA1002002029C0100E100E03C
:10E570004FF08053D3F83021082A06D1D3F8343134
:10E58000052B04D8034AD05C704700207047012057
:10E59000704700BF0D480600054B10F0800FA3F137
:10E5A000900208BF134600F00F0003EB0010704705
:10E5B000ACA3002007B5074A00231370064A137066
:10E5C00001230193054B01A81B68984703B05DF830
:10E5D00004FB00BF76B0002075B0002044A40020EA
:10E5E00013B5194BD3F80044C3F80044E105D3F840
:10E5F000003408D5154B01221A7002230193144BE5
:10E6000001A81B689847A20508D5104B00221A7074
:10E61000032301930E4B01A81B689847630510D58F
:10E620000A4B1A786AB100221A70074B0122C3F80C
:10E6300008259A659B6D04230193054B01A81B686F
:10E64000984702B010BD00BF0070024076B00020B5
:10E6500044A400204FF02003EFF3118083F31288CD
:10E66000BFF36F8F0A4BD3F8001C032261B949F244
:10E670007531C3F8001CC3F8142DC3F8001C80F3D7
:10E680001188BFF36F8F7047C3F8142DF7E700BFF1
:10E6900000E006404FF02003EFF3118083F312886F
:10E6A000BFF36F8F0A4BD3F8001C61B949F2753282
:10E6B000C3F8002CC3F8141DC3F8002C80F3118894
:10E6C000BFF36F8F70470022C3F8142DF6E700BF29
:10E6D00000E00640F8B54B680B4F9A4228BF1A4637
:10E6E0000C46154606460968402338460EF009FFD9
:10E6F000C6E9007560682368401B2B446060236096
:10E70000003818BF0120F8BD04A2002070B54B6886
:10E710009A4228BF1A4606460D4614468AB140233F
:10E72000096809480EF0EDFE074BC6E900346B6836
:10E730001B1B6B602B682344201E2B6018BF01201D
:10E7400070BD1346F1E700BF04A2002007B5002307
:10E750008DF804300B4BD3F82025ADF80620D3F804
:10E76000C034094A002B136814BF4FF001214FF445
:10E7700080710B431360054B01A81B68984703B0D9
:10E780005DF804FB0070024040A4002044A4002077
:10E79000064BBFF35B8F53E8001F014043E80012B4
:10E7A000002AF8D1BFF35B8F704700BF3CA4002064
:10E7B0004FF08053D3F83031082B02BF034B0022B7
:10E7C000C3F81C2C024B00221A70704700700240E4
:10E7D00074B0002008B5FFF7EBFF084B93F89E20BC
:10E7E000032A05D1BDE808406FF00100FFF7D0BF54
:10E7F000D3F89030002BF5D008BD00BF1CA300203B
:10E8000073B5012202FA01F51C491D4E0B6810F088
:10E81000800F43EA050304460B6024D000F00F028A
:10E82000184B33F8123003F1804303F51C331A6898
:10E8300032B100221A6080281B6811D00CF0B4FE9F
:10E8400033682B400AD106228DF804208DF806404B
:10E850008DF807300C4B01A81B68984702B070BDBB
:10E86000FFF7B8FFECE733681D42F7D106238DF8B8
:10E8700004308DF806008DF80720EBE740A4002057
:10E880003CA400205431060044A4002008B5054BE8
:10E890001A7810460CF07FFEBDE80840014610468D
:10E8A000FFF7AEBF75B0002007B5FFF781FF0C4B37
:10E8B00093F88E20032A10D0D3F880306BB96FF014
:10E8C0008070FFF765FF06238DF804300823ADF84C
:10E8D0000630044B01A81B68984703B05DF804FBA1
:10E8E0001CA3002044A4002007B5FFF761FF104BD4
:10E8F00093F81E21032A06D16FF4807003B05DF8EF
:10E9000004EBFFF745BFD3F810316BB96FF480709B
:10E91000FFF73EFF06238DF804308823ADF806305C
:10E92000044B01A81B68984703B05DF804FB00BFC7
:10E930001CA3002044A40020024A00231360024AC2
:10E940001370704744A4002077B0002008B54E4BE8
:10E950004FF40062C3F80024D3F80034FFF708FE38
:10E9600008B1FFF777FE4FF08053D3F83031082B12
:10E9700019D14FF02003EFF3118083F31288BFF316
:10E980006F8F424BD3F8001CC022002973D149F28B
:10E990007531C3F8001CC3F8142CC3F8001C80F3B5
:10E9A0001188BFF36F8F384B0122C3F80025D3F8CD
:10E9B0000025D3F800241205FBD54FF40062C3F8FC
:10E9C0000024D3F800344FF08053D3F83031082BB3
:10E9D00018D14FF02003EFF3118083F31288BFF3B7
:10E9E0006F8F2A4BD3F8001C002947D149F27532AA
:10E9F000C3F8002CC3F8141CC3F8002C80F3118852
:10EA0000BFF36F8FFFF7B4FD30B1FFF743FEFFF7A1
:10EA1000AFFD08B1FFF71EFE4FF08053D3F8303141
:10EA2000082B194B0AD140F2E372C3F800284022A8
:10EA3000C3F80428BFF36F8FBFF34F8F8022C3F852
:10EA40001C250122C3F83025114B40F2FF121A6039
:10EA5000104B00211960104B1970FFF7A9FE0F4BE6
:10EA600019700F4B02221A70FFF782FD50B1BDE8FA
:10EA70000840FFF70FBEC3F8142C90E70022C3F83C
:10EA8000142CBBE708BD00BF0070024000E0064048
:10EA900040A400203CA4002073B0002075B00020EA
:10EAA00077B000200A4B002210B51A70094A0A4BB1
:10EAB0000A4C002808BF1346C4F804332720E3F7A4
:10EAC000A3F80123C4F80435D4F8043510BD00BF01
:10EAD00076B000200514C0010514E001007002406A
:10EAE000034B1878012894BF00200120704700BF15
:10EAF00077B0002010B54FF02003EFF3118183F3BE
:10EB00001288BFF36F8F0F4B1B7803F0FF0093B198
:10EB10000D4BD3F8002412F400720CD10124C3F879
:10EB20002C45D3F82C45D3F80044A40504D5C3F8EC
:10EB30002C25D3F82C35002081F31188BFF36F8F7B
:10EB400010BD00BF76B000200070024010B54FF03D
:10EB50002003EFF3118483F31288BFF36F8F154BFB
:10EB60001B7803F0FF00DBB1134BD3F82C25FAB16F
:10EB70000022C3F82C25D3F82C354FF08053D3F85E
:10EB80003031082B0CD10D4BD3F8001CC02261B9D9
:10EB900049F27531C3F8001CC3F8142CC3F8001CEB
:10EBA00084F31188BFF36F8F10BDC3F8142CF7E7FF
:10EBB0001046F5E776B000200070024000E0064005
:10EBC000F8B51C4B1C7894BB1B4A106001221A70CC
:10EBD00040F2FF17264664F07F0514F0080FEDB2EF
:10EBE00014BF3946402128460CF00DFD2846FFF79A
:10EBF000D3FC0134092C867306608660EBD10024B7
:10EC000040F2FF17254614F0080FE6B214BF39464C
:10EC1000402130460CF0F7FC3046FFF7BDFC0134D4
:10EC2000092C857305608560EDD10448F8BD044862
:10EC3000FCE700BF77B0002044A400200000AD0B2B
:10EC40000500AD0B2DE9F84304464FF02003EFF328
:10EC5000118683F31288BFF36F8F10F00F0903D171
:10EC6000274B1B78834247D1264B274F1A683B68B6
:10EC7000D24392B220461A430CF08DFC4FF00108AB
:10EC800008FA00F812EA080F38D12046FFF784FC92
:10EC90000C232206054603FB09F329D50A68886878
:10ECA00002F06042B2F1005F00F001001DD1174A8E
:10ECB000174C002808BF2246164803442A6007C99B
:10ECC00083E807006B600023AB60AB733B681248BE
:10ECD00043EA08033B60114B8022C3F8042186F30A
:10ECE0001188BFF36F8FBDE8F8830D4A0D4CE0E744
:10ECF0000D4A13440D4AE1E70D48F0E70D48EEE7F1
:10ED000075B0002040A400203CA400206FB5050091
:10ED10004DB50500B0A200200000AD0B00E100E001
:10ED20000DE70400D5E6040044A200201BB5050051
:10ED30000A00AD0B0B00AD0B10F0080F074B06D00F
:10ED4000D3F8C00410F4803F18BF0020704700F0D3
:10ED50000F0000F5947053F82000704700700240D7
:10ED60002DE9F04F664E337885B0002B7CD1DFF86B
:10ED7000AC81644DD8F800402B681C4074D014F06E
:10ED8000012314BF93FAA3F494FAA4F4B4FA84F41C
:10ED90004FF0010909FA04F90F2C6FEA090966D945
:10EDA000103CE4B22046FFF7F7FB82462046FFF70F
:10EDB000C3FFDAF80070BAF80C20DAF80410034642
:10EDC000834602A8B847029B002B5CD108B9CAF859
:10EDD00000004FF0805362B2D3F83031082B02BFED
:10EDE000494B8221C3F81C1C012333702B68039903
:10EDF00003EA09032B60DAF80830029D0B44002A6D
:10EE0000CAF8083004F008003F4B04F00F0457DA4A
:10EE100000284DD0C3F8A056C3F8A416042303EB72
:10EE2000840303F1804303F51C33012119601B683F
:10EE30003649374B13EA220338BF0B4633F81430F8
:10EE400003F1804303F51C3319680029FCD0002A24
:10EE50002D4B4ADA002842D0D3F8A8362D4A117833
:10EE600003F001034B40137005B0BDE8F08F44F090
:10EE700080042046FFF790FB036882894168824640
:10EE800002A89847A2E7039B9B459FD902274846C3
:10EE90008AF80E70FFF77CFC06238DF804301E4BB9
:10EEA0008DF806401B688DF8077001A8984761E748
:10EEB000142606FB0433C3F80056C3F80416ADE766
:10EEC00028B1C3F8A057C3F8A4172823A7E714262E
:10EED00006FB0433C3F80057C3F80417F5E7142200
:10EEE00002FB0433D3F80836B8E710B1D3F8A837DB
:10EEF000B4E7142202FB0433D3F80837AEE700BFAF
:10EF000074B0002040A4002000700240423106008E
:10EF10005431060073B0002044A400203CA400201B
:10EF200038B50F4BD3F86C44C3F86C4401251CB9B9
:10EF3000BDE83840FFF714BF94FAA4F3B3FA83F3A3
:10EF40000F2BC8BFA3F110001946D4BF43F08000B7
:10EF5000C0B205FA03F324EA0304FFF751FCE6E725
:10EF60000070024037B5FFF723FC0446FFF714FB9F
:10EF7000837B032B0DD120460CF00DFB012303FAFC
:10EF800000F0C043FFF704FC03B0BDE83040FFF7DA
:10EF9000E7BE0568002DF7D120460CF0FCFA0123EE
:10EFA00003FA00F0C043FFF7F3FB06238DF80430AB
:10EFB000044B8DF806401B688DF8075001A8984750
:10EFC000E2E700BF44A40020024B40F48070C3F885
:10EFD0001805704700700240020713D400F00F03B9
:10EFE00010F0800F084A0BBF03F5887303F5847394
:10EFF00002EB830252F8230008BF5068431E5842B8
:10F00000584170470020704700700240044BC3F81D
:10F010000C0540F48070C3F80C05D3F80C3570472C
:10F02000007002400023036043600E4BD3F880243D
:10F030000270D3F884244270D3F88824D3F88C1457
:10F0400042EA01224280D3F89024D3F8941442EA91
:10F0500001228280D3F89824D3F89C3442EA032317
:10F06000C380704700700240024B0122DA64DB6CFF
:10F07000704700BF0070024013B5FFF799FB104BBB
:10F080009A7B032A06D16FF4803002B0BDE81040AD
:10F09000FFF77EBB1C6874B96FF48030FFF778FB14
:10F0A00006238DF80430074BADF806401B6801A815
:10F0B000984702B010BD02B0BDE81040FFF7D4BFC2
:10F0C0001CA3002044A40020024B01221A651B6DE2
:10F0D000704700BF00700240024B01225A655B6D11
:10F0E000704700BF00700240014B1878704700BFA6
:10F0F00075B0002010B502464FF02003EFF31184E5
:10F1000083F31288BFF36F8F0CF045FA0D4901238A
:10F1100003FA00F00B6823EA00030B6012F0080109
:10F120000AD102F00F039B0003F1804303F51C3367
:10F13000C3F8A014D3F8A03484F31188BFF36F8F01
:10F1400010BD00BF40A40020F7B501464FF02003DA
:10F15000EFF3118583F31288BFF36F8FFFF71CFA6B
:10F16000064608460CF017FA012211F0800F02FA49
:10F1700000F22E4819D1036832EA03030AD0084688
:10F18000FFF7B8FF0323B37385F31188BFF36F8FC5
:10F1900003B0F0BD33600368254923EA020303602E
:10F1A0000B6823EA02030B60ECE70B0715D48029F8
:10F1B000204B2FD001F00F0404F2DA346400C3F8BE
:10F1C0000048D3F80448D3F80478E4B244F00204C9
:10F1D0003C43C3F80448D3F80438154F04683B682F
:10F1E00064EA030C1CEA020FCED0134324EA0204A3
:10F1F0003B600023046033600323B3738DF8073052
:10F200000D4B8DF8061006221B688DF8042001A80E
:10F210009847B9E740F2B474C3F80048D3F80448FB
:10F22000D3F80478E4B244F00404D1E73CA400200D
:10F2300040A400200070024044A4002073B5144B89
:10F24000144CD3F880542368134EDA43134B3178AF
:10F250001B6892B208461A430CF09DF901238340C3
:10F26000134202D00846FFF76FFF25F07F056FF0CD
:10F2700001103570FFF78CFA236843F00103236017
:10F2800005230193064B01A81B68984702B070BD87
:10F290000070024040A4002075B000203CA4002073
:10F2A00044A400202DE9F0411A4BD3F804030023B5
:10F2B00001241D4670B9184F03F4000623F400041E
:10F2C0004FF00108BCB9FFF74BFD06B3BDE8F041B4
:10F2D000FFF7B4BF90FAA0F2B2FA82F20F4996009B
:10F2E000314404FA02F20E6816B10D600968134346
:10F2F00020EA0200DEE794FAA4F5B5FA85F557F89E
:10F30000253008FA05F5984724EA0504DAE7BDE850
:10F31000F08100BF00700240C82B0600007102405F
:10F32000F8B51B4B8022C3F884212720E2F78EFC1E
:10F33000B8B1184E184B34681B68240C24041C43C5
:10F3400001277CB9154D40F2FF1333602720C5F823
:10F350000445D5F80435E2F765FC4FF0FF33C5F8F6
:10F360000833F8BD94FAA4F5B5FA85F50F2D2846B3
:10F37000C6BFA5F11000C0B240F08000030701D461
:10F38000FFF7E2FE07FA05F524EA0504D9E700BF16
:10F3900000E100E040A400203CA4002000700240F6
:10F3A00008B5FFF7BDFF134BD3F80423C3F80823B8
:10F3B000114A117889B10021C3F80811D3F8081156
:10F3C000C3F800260121C3F8041659605968D3F820
:10F3D00008110029FBD000231370064B0022C3F84C
:10F3E0000025D3F80035FFF7E3F9044B01221A702A
:10F3F00008BD00BF0070024073B0002077B000204D
:10F4000010B50446FFF7A0FE104A14F0800F04F078
:10F410000F004FF0010314BFD2F81015D2F81415E5
:10F4200003FA00F36FEA030315BF0B400B40C2F869
:10F430001035C2F8143514BF054B064B1A5C012376
:10F440009340024AC2F8083310BD00BF007002406A
:10F450001C4806001348060010F0800F70B52449C0
:10F46000044600F00F034FF0010512D0214AD25C90
:10F4700005FA02F2C1F80423D1F81025DA40D007CA
:10F4800006D4D1F8102505FA03F31343C1F810355B
:10F4900070BD194AD25C05FA02F2C1F80423D1F812
:10F4A0001425DA40D207F3D4D1F8146505FA03F233
:10F4B0003243C1F81425002BEAD00307E8D44FF0FB
:10F4C0002003EFF3118683F31288BFF36F8FFFF7EA
:10F4D00011FE20460CF05FF8084A136805FA00F0A8
:10F4E00023EA0003136086F31188BFF36F8FCFE721
:10F4F000007002401C480600134806003CA400208F
:10F50000030610B5044605D4FFF766FD10B120468A
:10F51000FFF7F0FD014BC3F8184510BD0070024025
:10F52000036803F01F025B09026004D0012B03484B
:10F5300018BF002070474FF0A040704700030050F4
:10F54000F7B506460CF092F808460CF08FF801A8C3
:10F550000196FFF7E5FF019B2E4D00EB83000C4663
:10F56000D0F80037019440F20D612B400B43C0F8F6
:10F57000003701A8FFF7D4FF019B00EB83000127B0
:10F58000D0F800372B400B43C0F8003704200BF0B5
:10F5900037FE092501A80194FFF7C2FF019AD0F8B0
:10F5A0001035D340DB0715D401A80196FFF7B8FF4B
:10F5B000019B07FA03F3C0F80C3504200BF020FE82
:10F5C00030460CF053F8013D04200BF019FE15F005
:10F5D000FF05DFD101A80194FFF7A2FF019A0123E3
:10F5E0009340C0F80C3504200BF00AFE20460CF0C6
:10F5F0003DF804200BF004FE01A80194FFF790FFF2
:10F60000019AD0F810350448D34003F00103C01A22
:10F6100003B0F0BDF0F8FCFF0100AD0B00B5837D39
:10F620003F2B8BB0014649D813F030001CD0202866
:10F6300002D10B6A188806E03028FAD0102806D1CB
:10F640000A6A22B11078B0FA80F040090CE00A682A
:10F65000906880B903F00F02052A0ED8CB694A8A58
:10F660001A44934203D101200BB05DF804FB13F858
:10F67000011B0029F5D00020F6E7062A01D1CB694D
:10F68000D8E7072A02D1CB691878DCE70B2A01D129
:10F69000488AD8E703F00E03082BE5D1CA69496A06
:10F6A00068460CF092F80028DDD06846FFF7B6FFF8
:10F6B0000028D9D068460CF0ABF8F4E703F0C0029C
:10F6C000802A01D1C069BEE7402AD4D103F00F03DC
:10F6D0000A2B02D1CB691868B5E70368024AD868DB
:10F6E0009042B0D1F6E700BFD3B8050038B5CB697A
:10F6F00005460C46002B00F085800CF0AFF908B9E8
:10F70000002038BDA07D00F00F030B2BF8D801A21C
:10F7100052F823F045F7040059F7040059F70400A4
:10F7200059F7040065F7040065F7040077F7040053
:10F7300099F70400CBF70400CBF7040001F70400AD
:10F74000FFF70400E36919780039284618BF012142
:10F75000BDE838400CF0EFB821462846BDE83840F7
:10F760000CF016B9638A042BCAD1E1692846BDE8BA
:10F7700038400CF06CB9E16909B90A4607E03F2846
:10F780000A8803D8638A023B9A42B9D802312846D4
:10F79000BDE838400CF07CB900F0C0008028638AD6
:10F7A000E1690CD0002BABD0013B0029E5D0002251
:10F7B0009A42885C06D00028E9D00132F8E74FF081
:10F7C000FF33F2E700289BD1E1E7626A002A97D075
:10F7D000092B06D0E269616A2846BDE838400CF082
:10F7E00067B9226A002AF5D052F8083C002BF1D004
:10F7F000043A2146284698470028EBD180E7628AE0
:10F80000E169C4E701207CE730B5044685B01546C0
:10F810003AB3A9B90268144B9A4211D0102D06D8F8
:10F820002A4669462046FFF7EFFF05B030BD10229B
:10F8300069462046FFF7E8FF0028F6D0103DEDE7C7
:10F84000A368AB4201D20020EFE723682A46204696
:10F8500098470028F7D0A368AB4234BF00235B1B56
:10F86000A3600120E1E700BF17BE0500F0B5937D5E
:10F8700013F0C00C8FB006460D46144604D0BCF100
:10F88000400F78D000255CE003F03007202F35D002
:10F890000ED847B1102FF5D1136A0BB101221A709F
:10F8A0002246294630460FB0BDE8F0400CF04CBB74
:10F8B000302FE7D103F00E03082B116A128A19D1F9
:10F8C0000B88934216D06146628AE0690DF07CFC99
:10F8D000616A8B6823B9CB6813B94B681B684BB15D
:10F8E000E26904A80BF071FF20B104A800F09CF8B5
:10F8F0000028C7D0236A228A1A80D1E7176A518A62
:10F90000B7F800C09269022D0CFB0122E2612BD1F5
:10F9100003F00F03052B27D804A90CF0C6FA0546FF
:10F920000028AFD0069B1BB13A88A38A9A420BD31A
:10F93000069B002BA6D104A930460CF0CEFA002875
:10F94000A0D028460FB0F0BD2246FF2104A80CF03D
:10F95000FBFA38B13B8801333B80E369628A134488
:10F96000E361DFE70546E3E73B885A1C3A80A28A59
:10F970009A4287D994E71368DB6823B90FB0BDE8D2
:10F98000F0400CF06ABA022919D104A90CF08DFAE2
:10F9900000283FF477AF2368069DDB6822460021EC
:10F9A00004A8984700283FF46DAF069B0BB19D4219
:10F9B000F1D804A930460CF090FA0546C1E70129B8
:10F9C00021D0052927D000297FF45CAF01AF013594
:10F9D0000B2D3FF457AF012239463046FFF714FF95
:10F9E00000283FF44FAF17F9013B002BEFDB0D4B25
:10F9F000049301ABCDE9053523682246DB6800217D
:10FA000004A89847D9E7082201A9FFF7FDFE0825B9
:10FA10000028ECD136E704220DEB0201FFF7F4FEDB
:10FA20000425F5E717BE050070B590B000230593D7
:10FA3000CDE9033302938DF8063003689B680446D2
:10FA400043BB0025A37D03F00F020A2A42D1E369DC
:10FA50001E68002E31D1029BABB1228A934212D193
:10FA60009DF80610224603A8FFF700FF10B30DF122
:10FA7000070302AA0DF1060103A80CF0DAF9C8B1D8
:10FA8000236A03B11D7020460BF0C2FE0028D9D1B5
:10FA9000012010E02A4ACDE903234FF0FF330593FC
:10FAA00002AA0DF107030DF1060103A80CF0C1F93C
:10FAB0000028C6D1002010B070BD314606A80BF05A
:10FAC00094FE28B1357306A8FFF7AEFF0028F1D0E9
:10FAD000B668BEE73F2B2AD803F03002102A1BD1AC
:10FAE000236A03B11D70A37D03F00E03082B18D108
:10FAF000616A8B6823B9CB6813B94B681B6883B103
:10FB0000E26906A80BF061FE0028A4D006A8FFF762
:10FB10008BFF00289FD1CDE79A06E4D5236A1D808C
:10FB200099E7628AE06900210DF04EFB93E703F04C
:10FB3000C002802A8FD1A2699B0615608BD5EDE7A4
:10FB400017BE0500F7B5283989B2122927D8154BF9
:10FB5000CB40DB0723D505691348866805F108010A
:10FB6000736898470023AB760446A8B9AB8B3289FB
:10FB700028782F7E534301A90193FBF749F80446E7
:10FB800050B90198384100EB800080B2E88300B2A0
:10FB90000CF000FC85F82000204603B0F0BD6FF0AB
:10FBA0008504F9E72100040068DB050070B50469ED
:10FBB000124D28460CF039FDE0B11422002104F169
:10FBC00008000DF001FB04F11C020D4922614FF405
:10FBD0005062C4E9001202220123626140F20C4229
:10FBE000E3602283A376AB68214628461B68BDE804
:10FBF000704018476FF0120070BD00BF68DB050051
:10FC00000504284010B50469406894F9013023299F
:10FC10001ED100216170018AA1B14FF4B474634315
:10FC200093FBF1F11160018A93FBF1F401FB1433B2
:10FC30002BB109494B435360018A93FBF1F35360A5
:10FC4000002010BD94F90230136094F90330F6E7F8
:10FC50006FF08500F5E700BF40420F0070B5046902
:10FC60004668E0613379154A012505FA03F3C4E9D2
:10FC7000022330688368DB69211D13B96FF004002B
:10FC800070BD2A4698470028F8DB337B0C4A05FAFA
:10FC900003F3C4E90523B0688368DB6904F110014C
:10FCA000002BEBD02A4698470028E7DB04F1280018
:10FCB00004490CF0DAFE0020E2E700BF2FC5050082
:10FCC00049C5050063C50500034A044B02609B1A41
:10FCD0001820B3FBF0F0704768D8050088DC0500F9
:10FCE00070B5054600B304783CB1104C104EB442D8
:10FCF00005D30E4CB4420BD30024204670BD2046E1
:10FD00000CF093FC10B12368AB42F6D01834EEE748
:10FD100020460CF08AFC28B121682846D6F75AFB09
:10FD20000028EAD01834E5E70446E6E768D805007D
:10FD300088DC050038B54FF02003EFF3118583F31D
:10FD40001288BFF36F8F064B9C680CF082FC85F322
:10FD50001188BFF36F8F2046BDE83840E1F7CABE77
:10FD6000A8A40020104B70B553F82040013053F880
:10FD70002060A64200D870BDD4E9003595B153B1DA
:10FD80002846984738B10028B8BF4042EB68FF28A2
:10FD9000A8BFFF201870EA68537843F0010353703E
:10FDA0000834E6E79847FBE77C2C060008B50A4BC9
:10FDB000012203201A70FFF7D5FF01F023FB042076
:10FDC000FFF7D0FF00F084F903F00BFA034A137B2E
:10FDD00023F00103137308BD78B00020C84600204B
:10FDE00008B50348034A0021121A0CF035FC08BD7F
:10FDF000281A00207CB0002070B51A4E1A4D1B49FD
:10FE0000C82386B003FB006601220023CDE904234A
:10FE10000F22CDE902320193182303FB00554FF462
:10FE2000A0720446124B009502FB0011304600F010
:10FE3000E5F8737B2C7423F0040373730D4BEE60B1
:10FE4000013403EBC4236B600B4BBFF35B8F53E8B0
:10FE5000001F013143E80012002AF8D1BFF35B8F85
:10FE600006B070BD00460020A8A4002038EF002096
:10FE7000C1C7050038E70020A4A4002080B50020F9
:10FE8000B8B0FFF76FFF2D4B83F308882C4D2D4E34
:10FE90006B692D4F43F400736B610024E02385F8F8
:10FEA0002230EC772C766C76AC7685F820406B6A45
:10FEB00043F4E0236B6285F82340E1F7E5FDE1F7C9
:10FEC00083FF4FF0FF33AB62EB62E1F7F1FFE1F745
:10FED000AFFF40F20113ADF8243006ABB360CDE9BB
:10FEE0001F4422940CF0A0FB0120FFF73BFF0220EF
:10FEF000164DFFF737FF00F0ADFE154BB5610593CA
:10FF0000012314490094CDE903434FF480623B463A
:10FF1000CDE90144284600F071F86A7B064622F0DC
:10FF2000040228466A730CF07AFE2046FFF764FF4D
:10FF30003A4631462846E1F723FF00BF38EF00205C
:10FF400000ED00E0A8A40020ADFD0400C84600209C
:10FF50003348060078F0002038B5064C064DAC4218
:10FF600001D3002038BDD4E9011220460CF078FB03
:10FF70001434F4E7301500203015002038B5064C55
:10FF8000064D0020AC4200D338BD20460CF0D1FB1A
:10FF90000028F9DB1C34F5E7C014002030150020E0
:10FFA00073B50C464FF02005EFF3118185F31288ED
:10FFB000BFF36F8FC5685DB125602B68C36083692F
:10FFC00001338361002081F31188BFF36F8F11E04B
:10FFD00052EA030603D125606FF00B00F3E7CDE989
:10FFE00000230246083000F03FFD18B9024B9B6821
:10FFF0005B69236002B070BDA8A400202DE9F04326
:020000025000AC
:1000000085B0984600F158030732C0E91633109BBB
:10001000037322F0070504230026437301EB05094F
:100020000F9B83730F46C0E9066649468660C67318
:100030000446E1F7C5FB07300E9B20F00700E066A1
:10004000C4E9197502930D9B0193A9EB00090C9B60
:1000500000934A46434639462046E1F74BFE054B9E
:1000600066659B6803B11B6F2367484605B0BDE812
:10007000F08300BFA8A40020F0B587B00025059547
:10008000109D04950F9D03950E9D0295DDE9127656
:100090000D9D01950C9D00950446FFF7AFFFB6F14D
:1000A000FF3F08BFB7F1FF3F05D056EA070305D170
:1000B000204600F04FFD204607B0F0BD03493A4608
:1000C000334604F1180000F05FFFF4E7A7CC050009
:1000D00070B5224C224D86B02646AE4204F1300463
:1000E0000AD300F087FD1D4C1E4EAC4220D306B053
:1000F000BDE8704000F092BD54F80C3C059354F8F4
:10010000103C049354F8143C039354F8183C0293A5
:1001100054F81C3C019354F8203C009354E90A2302
:1001200054E90C01FFF76AFF54F8303C5E65D3E7F1
:10013000D4E90A23B3F1FF3F08BFB2F1FF3F05D076
:1001400052EA0301206803D100F004FD3034CCE70B
:100150003146183000F018FFF8E700BF08DE050050
:1001600038DE0500A7CC05002DE9F34104460E4614
:1001700000F108084FF02001EFF3118781F3128896
:10018000BFF36F8F056AC1688D422FD20CF0A6FDB8
:10019000A2680546314678B1002440690CF0ECFFB6
:1001A0002846EC670CF03BFD4046394600F0C0FCA9
:1001B000204602B0BDE8F081E0690CF0DDFFE369A4
:1001C000A26813446269E361934204BF2369E36157
:1001D000236A013304F12400236210210CF0A5FFEF
:1001E000002087F31188BFF36F8FE2E752EA030123
:1001F0000AD0074989684E61CDE900233946024695
:10020000404600F031FCD4E76FF02200E9E700BF80
:10021000A8A40020F7B5044604F1080708464FF0EB
:100220002001EFF3118681F31288BFF36F8F216AEB
:10023000002931D0A268A1690CF09EFFA369A268D1
:1002400013446269A361934204BF2369A361236AD3
:10025000013B236220460CF041FD054660B3416935
:10026000A268E0690CF088FFE369A2681344626940
:10027000E361934204BF2369E361236A013323628C
:1002800000242846EC670CF0CAFC3846314600F0E2
:100290004FFC204603B0F0BD52EA03010AD00949E1
:1002A00089684861CDE9002331462246384600F08E
:1002B000DBFBEFE76FF0220086F31188BFF36F8F4F
:1002C000E8E700BFA8A400202DE9F3410446174643
:1002D0001E464FF02003EFF3118883F31288BFF31B
:1002E0006F8FC368334A7BB180689168884219D0A8
:1002F00057EA060318D188F31188BFF36F8F6FF0A8
:100300000F0002B0BDE8F081916891F90E102161F3
:100310000133E3609368A36088F31188BFF36F8FA4
:100320000020EEE72169F2E791F90E1090F90E3006
:100330009942A8BF19466FF07E029142B8BF11469C
:100340008B422EDD0CF048FA0546CDE900761A48BE
:100350002246414600F088FB0028E1D04FF0200300
:10036000EFF3118683F31288BFF36F8FA068D0B1CB
:10037000236821699C420AD04BB193F90E3099420F
:10038000A8BF19466FF07E039942B8BF19460CF01A
:1003900023FA40B10848314600F0CAFB6FF00A006A
:1003A000AFE70025D1E7002DF4D186F31188BFF324
:1003B0006F8FF3E7A8A4002079B0002038B58368D8
:1003C00004466BB3194A926893422CD1C368012B3F
:1003D00003D9013BC360002038BD4FF02003EFF389
:1003E000118583F31288BFF36F8F016980680CF069
:1003F000F3F920460CF072FCA06058B190F90E2081
:1004000022610022C2670CF00AFC0948294600F06C
:100410008FFBE0E7E06085F31188BFF36F8FDAE7C9
:100420006FF01500D8E74FF0FF30D5E7A8A4002003
:1004300079B0002037B511464FF02002EFF3118557
:1004400082F31288BFF36F8F04689CB123684268FF
:1004500023F003039442036008BF43600121204658
:100460000CF02FFA044685F31188BFF36F8F2046F6
:1004700003B030BD51EA0302F5D000F10802CDE926
:1004800000131046294600F0EFFA0028EFD1024B86
:100490009B685C69EBE700BFA8A4002038B5044660
:1004A0004FF02003EFF3118583F31288BFF36F8FB2
:1004B0000CF014FC48B10022C2670CF0B0FB2946D6
:1004C0000848BDE8384000F033BBD4E902329A4214
:1004D00018BF0133A360022104F110000CF025FEC7
:1004E000EDE700BF79B0002013B54FF02004EFF323
:1004F000118184F31288BFF36F8F846844B1013C8B
:10050000846081F31188BFF36F8F002002B010BDAB
:1005100052EA030406D181F31188BFF36F8F6FF0A5
:100520000F00F3E7CDE900230246024800F09CFAF1
:10053000ECE700BF79B0002070B504464FF020030F
:10054000EFF3118583F31288BFF36F8F6FF00A0604
:1005500020460CF0C3FB18B1C6670CF060FBF7E750
:10056000A060022104F110000CF0DFFD29460248D2
:10057000BDE8704000F0DCBA79B000201FB5094B2F
:10058000029302AB00240093074908488DF80C4001
:100590004FF0FF334FF4006200F088F8204604B0BB
:1005A00010BD00BF3848060078F4002090470020B6
:1005B00070B5C368C3F340069B0705460C460DD5CE
:1005C0000122002104F108000CF0CCF90023236083
:1005D000054B65605A681AB9C3E90044304670BDDE
:1005E00014605C60FAE700BFD0A40020F8B5C368CF
:1005F0009A0704460F46C3F340062CD45B071AD46F
:100600000B680BB983680B60E368DD0744BFA36820
:100610003B603D684CBF02260126002D3AD01F4B9F
:100620009B68AB420AD0D5F8E030D807C3F380020C
:1006300014D46FF0120600233B6025E00CF0B5F8EF
:10064000D5F8E0300028F0D1D907C3F3C002F0D5C7
:1006500052B15B0708D46FF00F06ECE7002AFAD11D
:10066000C3F3C003002BF6D100232360D5F8CC30B0
:1006700063B9C5E9324428460CF09EF9E36843F0BB
:100680000403E3603B68A3603046F8BD1C60C5F816
:10069000CC40F0E76FF01506CDE700BFA8A400201E
:1006A000014601480CF00EBA90470020F0B589B021
:1006B00004460020C4E932000E9D04F1D000C4E9D4
:1006C000340004F1D800C4E936001DB328790028AD
:1006D00040F2011008BF0120C4F8E00000204FF0F4
:1006E000FF364FF0FF37CDE90330CDE90100CDE90A
:1006F0000667094B00942046FFF7BEFC25B1296828
:1007000011B120460CF057F8204609B0BDE8F04082
:100710000CF054B80120DFE7A195020037B5019035
:1007200008464FF02001EFF3118481F31288BFF3E4
:100730006F8FC16811F00E0F16D153EA020508D170
:1007400001A9FFF753FF84F31188BFF36F8F03B044
:1007500030BD41F00801C160019981621030034948
:1007600000F012FC0120EEE70020ECE72DCA0500A6
:1007700001460148FFF7D2BF90470020F7B50C466D
:10078000019016461D464FF02003EFF3118783F3C7
:100790001288BFF36F8F08460CF0FFF855EA060386
:1007A00009D101A92046FFF721FF87F31188BFF384
:1007B0006F8F03B0F0BDE368064943F00803E360C0
:1007C000019BA36204F1100032462B4600F0DCFBD3
:1007D0000120EAE72DCA050001460148FFF7CEBF18
:1007E00090470020C3897F2B12D80A4B1B6863B146
:1007F000094B90F90E201B689A4209DB437BDB060C
:1008000006D1064BC31A18BF012303F0010070473D
:100810000023FAE7E0A40020DCA40020004600202A
:10082000044BC01A044BC0105843044B01221A5405
:10083000704700BF78480020ABAAAAAA79B0002070
:1008400070B50E4B0E4C1E7C06EB460304EBC30446
:10085000054620460CF0BFFA0A4B002228469A555E
:10086000FFF7C0FF48B1084B08491A68013A204613
:10087000D317BDE8704000F087BB70BDA8A400206E
:100880007848002079B00020E0A40020210805006D
:1008900038B50D4D2B4653F81C4F9C4200D004B97F
:1008A000EC68AB6838B95A7BD20604D1A26912B998
:1008B000DA897F2A05D89C4202D02046FFF7C0FF84
:1008C0002346AB6138BD00BFA8A4002070B590F9E5
:1008D0000D20437B002A014604DA03F07F034373B3
:1008E0000CF05AF94B7B154A63F07F0310464B73AB
:1008F00050F81C3F146A834208BF002323B9C1E9A2
:100900000004216011620CE091F90E5093F90E6021
:10091000B5420ED0AE420CDD5868C1E9003001602E
:1009200059609068431A5842BDE870405841FFF73B
:10093000AFBF9C42E3D01B68E0E700BFA8A4002043
:1009400070B490F90D30427B002B29DBD30627D100
:1009500083692BBB134962F07F0242730A4652F847
:100960001C4F944218BF23460C6A23B9C0E90024E7
:10097000206008620CE090F90E5093F90E60B542C9
:100980000AD0AE4208DD5A68C0E9003210605860F3
:1009900070BC0020FFF77CBFA342E7D01B68E4E7F0
:1009A00070BC7047A8A4002008B590F90D20437BC7
:1009B000002A014604DA03F07F0343730CF0ECF8DD
:1009C000044B9868431A58425841BDE80840FFF765
:1009D0005FBF00BFA8A4002070B515461C460646A0
:1009E0000CF0F5F8B4F1FF3F08BFB5F1FF3F08D0B8
:1009F0002A46234606F118000249BDE8704000F07F
:100A0000C3BA70BDA7CC050038B54FF02003EFF393
:100A1000118583F31288BFF36F8F104B104A9C68C7
:100A20001068A04206D1FFF70BFF85F31188BFF3D2
:100A30006F8F38BD00211B7C11600A4AD35C002BEC
:100A4000F3D02046FFF7CEFE0028EED0637BDB0616
:100A500002D12046FFF73AFF2046E4E7A8A4002091
:100A6000D8A4002079B0002070B50C480C4D8668E1
:100A70002E600C461146DDE904234FF02006EFF30B
:100A8000118586F31288BFF36F8F8068FFF7A4FF8C
:100A90002046BDE87040E1F743B800BFA8A400209D
:100AA000D8A40020F8B504464FF02003EFF31186D8
:100AB00083F31288BFF36F8F437BDA0649B219D1F3
:100AC0008569BDB903F07F0343730CF065F8437B80
:100AD000164A817363F07F034373134653F81C0F68
:100AE000984218BF0546106A5DB9C4E90030046039
:100AF000146211E0A173002086F31188BFF36F8F99
:100B0000F8BD95F90E70B9420BD08F4209DD6B68C4
:100B1000C4E900531C606C600120FFF7B9FE01209E
:100B2000EAE7A842E1D02D68DEE700BFA8A40020D4
:100B300049B9EFF3058030B9054B9A699B689A4231
:100B400001D0E0F7EDBF81F31188BFF36F8F7047DD
:100B5000A8A4002010B54FF02002EFF3118482F317
:100B60001288BFF36F8F427B510704D484F311883E
:100B7000BFF36F8F10BD22F004024273FFF7E0FE57
:100B800021460248BDE81040FFF7D2BF7AB00020EE
:100B900070B5044618300CF01EF94FF02003EFF347
:100BA000118683F31288BFF36F8F94F90D20637B56
:100BB000002A05DA03F07F03637320460BF0ECFF95
:100BC0000B4D637BA86843F010036373031B58420B
:100BD0005841FFF75DFE86F31188BFF36F8FAB6856
:100BE000A34203D1BDE870400CF0B8B870BD00BF9F
:100BF000A8A400204FF02003EFF3118183F31288A3
:100C0000BFF36F8F044B9A68D37B013BD37381F39F
:100C10001188BFF36F8F7047A8A4002010B54FF064
:100C20002003EFF3118483F31288BFF36F8F084B17
:100C30009A68D37B0133D3730020FFF729FE84F336
:100C40001188BFF36F8FBDE810400CF087B800BF6C
:100C5000A8A40020024B03F11C02C3E9072270473D
:100C6000A8A40020F8B54FF02003EFF3118583F31B
:100C70001288BFF36F8F19498868437B03F07F03A5
:100C800043730BF089FF8B685A7B084662F07F0242
:100C90005A7350F81C2F0C6A824208BF002222B9F6
:100CA000C3E9000423600B620CE093F90E6092F933
:100CB0000E70BE420ED0B7420CDD5168C3E9002170
:100CC0000B6053600120FFF7E3FD2846BDE8F840C4
:100CD000E0F726BFA242E3D01268E0E7A8A4002014
:100CE00050EA01032DE9F04105460E4603D1FFF716
:100CF000B9FF00202CE0831C71F1FF332ADB0CF0DC
:100D000080F82C184FF02003EFF3118883F312883A
:100D1000BFF36F8F114F124BB8681860FFF744FE96
:100D2000B86810492A463346183000F02DF9BA68E1
:100D3000537B43F0100353734046E0F7F1FE0CF091
:100D400060F8201A63EB0303012873F10003D0DB82
:100D5000BDE8F0816FF00104241AD3E7A8A40020B5
:100D6000D8A40020A7CC0500B1F1FF3F08BFB0F127
:100D7000FF3F08B506D1084B9868FFF709FF4FF011
:100D8000FF3008BDFFF7ACFF4FF47A7380FB03031D
:100D9000C00B40EA4340F4E7A8A4002038B50A4C51
:100DA0000A4A4FF400450021C0FB054100232046BC
:100DB000D5F7A6F9C117FFF793FF044B80FB030398
:100DC000C00B40EA434038BD3F420F0040420F0095
:100DD000014B9868704700BFA8A400202DE9F0419E
:100DE00004464FF02003EFF3118683F31288BFF31C
:100DF0006F8F037BD9070BD586F31188BFF36F8FF5
:100E0000404080F311884FF0040002DFBDE8F0811C
:100E1000437B1A0704D586F31188BFF36F8FF5E77C
:100E200023F0200242F00801D20923D14173A368C4
:100E300013B120460BF0B8FE04F118000BF0CBFF05
:100E400004F158074FF00008A56DBD4200D0CDB9A0
:100E50000120FFF71DFD2046E0F76CFF104B9B685B
:100E6000A342D8D1EFF30583002BD4D13046E0F76D
:100E700057FED0E703F05F0343F0080343730BF022
:100E80008BFED4E728460BF08FFE05F118000BF01F
:100E9000A2FFC5F87C802846FFF752FDD4E700BFCB
:100EA000A8A40020D3B5DDE90667089CCDE900675A
:100EB000FFF7DAFD1CB1034B9B685B69236002B04E
:100EC000D0BD00BFA8A4002008B50648064A0749BF
:100ED000121A0BF0C3FBBDE80840054A0549064855
:100EE0000BF0BCBB00000020241A0020684906005B
:100EF000000000006849060000000020034B1B684A
:100F00000BB9FBF767BD0020704700BFE4A40020C9
:100F100010B50E4B1C689C4204D1FFF7EFFF6FF039
:100F2000004010BDFFF7EAFF002CF8D0D4E90432EE
:100F30001B1A62EBE072B3F1004F72F10001EEDABE
:100F4000002AACBF18460020EBE700BF5411002078
:100F500030B570B10B4B5B6898420AD0036843B15F
:100F6000D3E90421D0E90445121941EB0501C3E995
:100F70000421D0E9003213605A600023C0E9003335
:100F800030BD00BF54110020B3F1FF3F08BFB2F1E4
:100F9000FF3FF8B504461D4616465CD081604FF011
:100FA0002003EFF3118783F31288BFF36F8F0132B1
:100FB00075F1FF3324DA2D49D1E900206FF00103E8
:100FC0009B1A4FF0FF3262EB00009E1B60EB0500A6
:100FD000012E70F1000301DA01260020C4E904604B
:100FE000234ED6F800C07568B44508BF4FF0000C1A
:100FF000BCF1000F0DD1C4E900652C6074601CE0E9
:10100000FFF77CFF013645F10005361845EBE0702F
:10101000E4E7DCE90420D4E90431934271EB000EEB
:101020001ADAD21ADCF8043060EB0100CCE90420B3
:10103000C4E900C31C60CCF804403368B34206D056
:101040009C4204D1FFF764FF0021FBF795FC87F376
:101050001188BFF36F8FF8BD9B1A61EB0001AC459F
:10106000C4E90431C7D0DCF800C0C1E790480020D3
:10107000541100202DE9F84F4FF02003EFF31187B2
:1010800083F31288BFF36F8FDFF8B8902B4E2C4C90
:101090003060D9F800004FF0000A484508BF002032
:1010A0004FF0000BD4E9001E33683D4688B3D0E909
:1010B00004874FEAE37C43457CEB070206DAB8EB92
:1010C000030267EB0C07C0E9042722E018EB0101DB
:1010D0004EEBE873C0E904ABC4E90013FFF738FF37
:1010E00085F31188BFF36F8F836898474FF0200313
:1010F000EFF3118583F31288BFF36F8F3368D9F84C
:101100000000A3EB080348452F463360CAD1D4E959
:10111000001E59184EEBE373C4E900130024346039
:10112000FFF7F6FE2146FBF727FC85F31188BFF396
:101130006F8FBDE8F84FFFF767BC00BFE4A4002045
:10114000904800205411002010B54FF02003EFF319
:10115000118483F31288BFF36F8FFFF7CFFE064A27
:101160000346D2E90001181841EBE37184F31188BA
:10117000BFF36F8F10BD00BF90480020F8B5044644
:101180004FF02003EFF3118783F31288BFF36F8FC3
:10119000026822B187F31188BFF36F8FF8BDD0E9E1
:1011A0000A36581C46F10001022871F1000127D3CC
:1011B000012B76F10001BCBF012316465D1E46F1EE
:1011C000FF360BF022FE013041F10001401946EBE1
:1011D0000101012871F100013ADB0BF016FE01302C
:1011E00041F100016FF00102401946EB0103121AB0
:1011F0004FF0FF3161EB030318492046FFF7C4FEAF
:10120000236B01332363236A73B187F31188BFF320
:101210006F8F236A204698474FF02003EFF3118722
:1012200083F31288BFF36F8F54F8185FA542B1D0D3
:10123000002DAFD028460BF002FD0023EB6787F3AB
:101240001188BFF36F8F2846BDE8F8400BF0E7BC6C
:101250006FF001024FF0FF33CEE700BF7D110500B4
:101260002DE9F047B3F1FF3F08BFB2F1FF3FDDE9E1
:10127000088905461C4617461E461BD0531C74F1B0
:10128000FF3308DB012A74F10003BCBF01220024F4
:10129000571E44F1FF3628460BF09DFDC5E90A892B
:1012A00000232B633A46334628460349BDE8F047FE
:1012B000FFF76ABEBDE8F0877D1105002DE9F34711
:1012C0001D46294B9F68012387F8603087F86130FD
:1012D00052EA050316460CBF0123002307F1600202
:1012E00080460BF056FE81464FF02003EFF3118A43
:1012F00083F31288BFF36F8F97F8604064B901469B
:10130000524640460BF0E5FD8AF31188BFF36F8F1C
:10131000204602B0BDE8F087002387F8603056EA27
:10132000050306D18AF31188BFF36F8F6FF00A04AB
:10133000EEE7CDE900650D4A0D485146FFF794FBF5
:1013400004464FF02003EFF3118583F31288BFF3B7
:101350006F8F2A46494640460BF0BBFD85F3118846
:10136000BFF36F8FD4E700BFA8A400205C1100205A
:101370007AB0002038B503464FF02002EFF3118514
:1013800082F31288BFF36F8FC16001218160006812
:10139000834206D185F31188BFF36F8F0024204666
:1013A00038BDD0E9003213605A600023C0E9003331
:1013B0000BF066FE294604460148FFF7B9FBEEE74D
:1013C0007AB0002073B506460D460BF0EEF978B9F9
:1013D0000B4B9B681C6F7CB12A1D09D20020002199
:1013E000CDE9000146F0040120460BF042F908B9AE
:1013F000002401E00460041D204602B070BD00BF5F
:10140000A8A40020014802F08AB800BF41480600A5
:101410000CB430B589B005460C461C22002101A849
:101420000BF0D2FE02238DF806300E4B0293059589
:1014300023462CB1B4F1004F28BF4FF00043013BCD
:101440001D440DAA0C99069501A8009200F0E8F839
:1014500014B1059B00221A7009B0BDE8304002B0FB
:10146000704700BFF5D50500242A2DE9F041044658
:1014700001D8012A4CD10CF0C5F8354B16221A5070
:1014800001B10C6000273846BDE8F08135462E4694
:1014900016F8010B2028F9D0A0F10907042F034604
:1014A000F4D92B2836D02D2837D14FF0010C6B788A
:1014B000AE1C302B38D1307840F0200078282FD166
:1014C00032F010002CD173783446102202360CF121
:1014D000004001380027B0FBF2FE02FB1E08392B4A
:1014E00082BF03F1FF3343F02003263B303B9A4297
:1014F0001ED9774502DC03D1984501D24CF0020C8D
:10150000354607FB023715F8013B34462E46E6E721
:101510000546BCE74FF0000CC9E74FF0000CC8E7E8
:10152000002A08BF0822D2E7002A08BF0A22CEE715
:1015300001B10C601CF0010F18BF7F421CF0020FBC
:10154000A1D007460CF05EF8014B22221A509AE710
:101550000C000000242AF0B5044601D8012A40D12D
:101560000CF050F82D4B16221A5001B10C600020DF
:10157000F0BD2F463D4615F8010B2028F9D0A0F10B
:101580000906042E0346F4D92B282CD02D282CD163
:1015900001267B78BD1C302B2DD1287840F020000F
:1015A000782824D132F0100021D16B782C461022FB
:1015B00002350020392B82BF03F1FF3343F02003B3
:1015C000263B303B9A421AD9A0FB02040CB9C01842
:1015D00001D346F002062F462C4617F8013B3D4644
:1015E000E8E70746C6E70026D3E70026D3E7002A48
:1015F00008BF0822DDE7002A08BF0A22D9E701B1A7
:101600000C60F20748BF4042B307B1D50BF0FAFFB8
:10161000024B22221A504FF0FF30A9E70C000000C5
:101620002DE9F04F8BB0436801938378814698078A
:10163000144640F1098100250F78002F00F0068143
:10164000252F0BD04B1C02930135019B4946384690
:1016500098470028C0F2F2800299EDE74F788B1C82
:10166000252F0293F0D000239A469846B8F11F0F19
:1016700037D8A7F12002102A0AD8DFE802F029099A
:10168000092F0909092009090927092C09091E0040
:10169000A7F13002092A32D92A2F36D118F0400F8B
:1016A00054F8042B7ED1002AA7BF48F020089246A8
:1016B000C2F1000A48F0280801E048F00108029A47
:1016C00012F8017B0292002FD0D130E048F00208DE
:1016D00048F00408F3E748F00808F0E748F010087D
:1016E000EDE7B8F17F0F19D8A7F13002092AD3D856
:1016F00018F0400F03D00A2101FB0323DFE70A2182
:1017000001FB0A2A48F02008D9E72E2F06D118F04D
:10171000400F40F09B8048F04008D0E76C2F2ED05F
:1017200028D8682F33D06A2F39D04C2F37D0002BD0
:1017300047F02002B8BF28F04008A2F16501BCBF05
:101740001FFA88F80023022901D9612A2CD1073415
:1017500024F00704A24E0834072718F0080F64D0BD
:1017600006EB070BB046D84561D1AE1BB044AAEBDF
:10177000070A62E1742FA2D07A2FA0D0D7E718F021
:10178000800F18BF48F4007848F0800897E718F4F5
:10179000807F18BF48F4007848F480788FE748F4D9
:1017A00020788CE713468AE7A7F16301122900F23B
:1017B000E080DFE811F013004F00DE00DE00DE0005
:1017C000DE004F00DE00DE00DE00DE00DE00EE00A8
:1017D000D900DE00DE001A00DE00A30054F8043B4E
:1017E0008DF81C30012707AEB7E754F8046B7D4A2B
:1017F000002E08BF164618F0400F14BF19464FF0D0
:10180000FF3130460BF0EAFE0746A6E7019B49464A
:1018100020209847002811DB08F1FF384745F5D311
:101820005544A5EB0805C2469AE7D046F6E718F8F6
:10183000010B019B49469847002894DA99F8023039
:1018400043F0040389F802304FF0FF3528460BB00F
:10185000BDE8F08F18F0800F2ED018F4007F1BBF6A
:10186000073424F0070454F8040B54F8080B28F04C
:1018700010060028B6B22ADA404246F48066039386
:101880000DF11C080A2241460BF08EFE7206039BE6
:10189000A0EB080853D526F00101434589B240F377
:1018A0009380002F00F08B8016F01002039240F01E
:1018B0008D809B460E4616E018F4807F54F8040B8A
:1018C000D5D018F4007F14BF40B200B2CFE7D6D114
:1018D00018F0400FD3D0002BD1D128F011081FFAF7
:1018E00088F69B46984640F2064116EA01020392AA
:1018F0001EBF00220BF1010B039228E028F0100814
:101900001FFA88F80A2218F0800F45D018F4007FDB
:101910001BBF073424F0070454F8040B54F8080BD9
:10192000002844D128F0160618F0400FB6B242D075
:10193000002B40D128F017081FFA88F6984616F0B9
:101940001002039249D0002F45D108F1010B310755
:101950005CD4F20706D5DA4572DDAAEB0B0202EB86
:101960000803D3465A464BE048F010081022782767
:10197000C9E7782A04D1C7F1780242F01002C2E721
:10198000019B4946252098470028FFF657AF0235AE
:101990005BE608220027B6E718F4807F54F8040BB2
:1019A000BED018F4007F14BFC0B280B2B8E728F0F0
:1019B00006081FFA88F603930DF11C0863E726F06A
:1019C0001106B6B29B468EE70E46B8E71A460E469B
:1019D00002F1020BBBE74246FAE7C34683E700BFCA
:1019E000764806006F480600CDE904324946019B5F
:1019F000202098470028FFF621AF059A049B01326A
:101A00009245F1DCA5EB0B018D189346039A1AB3AE
:101A100003934946019B302098470028FFF60EAFFC
:101A2000039B7FB901355E19711B414526DC464693
:101A300007AF66BBA844AAEB0B0A4546C24437E091
:101A400043468FE70393023549463846019B984742
:101A50000028039BE7DAF1E640F206410E42E2D0AD
:101A600016F0020F14BF2B20202016F4806F039372
:101A700005F10105494618BF2D20E7E7019B4946BE
:101A800030209847002805F10105CDDAD6E6013E61
:101A9000019BB85D494698470028CADACEE6019B0B
:101AA000494620209847002805F10105FFF6C6AEFB
:101AB000AAEB0503002BF2DCCEE500BFF0B589B040
:101AC00005460C46164600211C2201A81F460BF0B5
:101AD0007BFB02238DF806300B4B029305952046C5
:101AE0002CB1B4F1004F28BF4FF00040013805443D
:101AF0003A46314601A80695FFF792FD14B1059BC1
:101B000000221A7009B0F0BDF5D5050070B588B097
:101B100004460D46164600211C2201A80BF054FB7A
:101B200002238DF80630094B029304F10043013B78
:101B30003246294601A806930594FFF771FD002857
:101B4000A4BF0023235408B070BD00BFF5D5050025
:101B50007047F8B5064608460F461446D4F74CFCC5
:101B6000054654B1013C84422246394628BF02460C
:101B700030460BF001FB002333552846F8BDD7F75C
:101B8000C1BE82B02DE9F0418CB012A981E80C00F1
:101B90009DF8603007460DF118082BB30D460FCDA8
:101BA0006C460FC495E8030084E803006E460FCE30
:101BB00045460FC594E8030085E803007868D7F729
:101BC000A1FE40B383689D6865B30CAB13E90F00B9
:101BD00014AC84E80F0098E80C00384629460CB095
:101BE000BDE8F04102B0084712AC0FCC6D460FC5FE
:101BF00094E8030085E803006C460FCC46460FC608
:101C000095E8030086E803007868D7F77BFE10B1FB
:101C10008368DD68D8E76FF015000CB0BDE8F041CF
:101C200002B070476FF08500F7E782B02DE9F04110
:101C300096B01CA981E80C000FC806AD85E80F001E
:101C40009DF888709DF880600846D7F75BFE804657
:101C5000002874D00DF1700CBCE80F000AAC0FC462
:101C60008DF880609CE8030084E803008DF83860FC
:101C70000DF1280EBEE80F000DF1400CACE80F008E
:101C800094E803008CE803000798D7F73BFE8368CD
:101C90005C680DF1400C4CB116AB13E90F008DE8F8
:101CA0000F0028469CE80C00A04748B9D8F8083037
:101CB0001B78012B33D0022B07D053B36FF0850074
:101CC00016B0BDE8F04102B0704704971EAC8DF825
:101CD000806094E80F008DE80F001CAB0CCB294608
:101CE0000020DBF725FC049794E80F008DE80F0037
:101CF0001CAB0CCB29460120DBF71AFC049794E8B7
:101D00000F008DE80F001CAB0CCB2846FFF739FF06
:101D1000D6E78DF8806004971EAB0FCBF1E70497F0
:101D20001EAB8DF880600FCB8DE80F00FF2E1CAB33
:101D30000CCBEAD029463046DBF7FAFBC0E701209E
:101D4000BEE7002008607047F0B559B3C2F30744FE
:101D5000002395B2067B042E05D8DFE806F00319B0
:101D60001D0C170082B101338B4200F11000F1D13C
:101D70006FF01500F0BD072C04D00C2CF3D1FF2D13
:101D800002D9F0E7002DEED00020F3E7542AF7E760
:101D90004668B242F8D0E6E74668B242E3D38668C6
:101DA000B242EDE76FF01200E4E72DE9F0410E4694
:101DB000144608B1076837B9344314BF6FF01200F6
:101DC0000020BDE8F08145684FF00008D5E900101B
:101DD0003246FFF7B9FF002802DA13300AD14EB9B4
:101DE000D5E902102246FFF7AFFF00280BDA1330C7
:101DF00000D154B108F10108B84505F11005E5D14D
:101E00006FF01500DDE70020DBE72046D9E713B5CA
:101E100004464068D7F776FD18B96FF0120002B09B
:101E200010BD83689A694AB1694690470028F6DB7D
:101E3000D4E902126846FFF7B8FFF0E7DB69002B30
:101E4000EBD093E8030002AB03E90300F0E710B521
:101E5000837A04681A44C37A1944437A14B901FB9B
:101E6000032010BD13FB01F3134442689BB293425D
:101E700004D254F8230008B10138F2E76FF01500DE
:101E8000EFE7084307D1824201D10020704743F8B1
:101E900020000130F7E76FF015007047D7F7B2BEAA
:101EA0000021D7F765BF012303FA01F103691B681D
:101EB000194218BF82F0010212B18368DB6818472B
:101EC00083681B69FBE703691878704770B506697A
:101ED000456800246B689C4205D301233370BDE83C
:101EE0007040D8F779B82B6803EBC40153F834007D
:101EF00009790122FFF7D7FF08B90134EAE76FF04B
:101F0000040070BD70B50669456800246B689C428A
:101F100005D300233370BDE87040D8F75DB82B6857
:101F200003EBC40153F8340009790022FFF7BBFF2B
:101F300008B90134EAE76FF0040070BD08B529B1B3
:101F4000012906D1FFF7C2FF002008BDFFF7DAFF25
:101F5000FAE76FF08500F8E770B5A1F108040646CE
:101F600005460FCC0FC594E80F0085E80F003046FA
:101F700070BD82B008B502A9406881E80C00FFF787
:101F8000FEFD43681868DDF73BFA83681B6803B100
:101F900018476FF08500704783685B6803B1184786
:101FA0006FF08500704783689B6803B118476FF036
:101FB0008500704782B08DE80C00002002B07047A9
:101FC00070B500240646254646FA04F3DB0703D520
:101FD000E0B2D8F701F905440134082CF4D12846C1
:101FE00070BD70B500240646254646FA04F3DB07AB
:101FF00003D5E0B2D8F716F905440134082CF4D122
:10200000284670BDC0F30743072B04D00C2B05D026
:102010006FF01500704780B2D8F7A0B980B2D8F73A
:10202000F1B9C0F30743072B04D00C2B05D06FF098
:102030001500704780B2D8F7A9B980B2D8F7F8B9BF
:10204000C0F30743072B03D00C2B04D000207047AC
:1020500080B2D8F7B7B980B2D8F702BA70B510F429
:102060007F0F86B2C0F3074488B0A6F1E0054FEABF
:1020700010601AD1072D1CD90724C5B20020CDE964
:10208000062308AB8DF811008DF8121013E9030038
:102090008DE80300ADF8084003968DF8105002ABB0
:1020A0000FCBD9F701FE08B070BD072DE5D8072C7E
:1020B000E3D1C0B207240025E1E782B08DE80C002F
:1020C0008068DDE90223002102B0FFF7C7BF82B0BC
:1020D0008DE80C008068DDE90223012102B0FFF7E2
:1020E000BDBF82B08DE80C00002002B0704770B513
:1020F00010F47F0F86B2C0F3074488B0A6F1E00564
:102100004FEA10601AD1072D1CD90724C5B2002050
:10211000CDE9062308AB8DF811008DF8121013E9F4
:1021200003008DE80300ADF8084003968DF81050C9
:1021300002AB0FCBD9F7B8FD08B070BD072DE5D8BD
:10214000072CE3D1C0B207240025E1E782B0D0B567
:10215000044604A9406881E80C00DDE90667FFF742
:102160000EFD43681B78012B0BD0022B0DD0ABB9B1
:1021700032463B460121A068BDE8D04002B0FFF7DF
:10218000B6BF32463B460021F5E7A068FFF758FF8F
:1021900080F0010132463B46C9B2ECE7BDE8D040D1
:1021A0006FF0850002B0704710B40A4670B18468C1
:1021B000A36913B15DF8044B1847E16949B103C93C
:1021C00082E8030018465DF8044B70476FF0150075
:1021D000F9E76FF01200F6E730B591B004460AADAA
:1021E0001822002128460AF0EFFF23680B93D4E958
:1021F00004230021CDE90C2306A823798DF838307B
:1022000010220AF0E1FFE3695B680793A368089373
:102210000023049310AB13E90F008DE80F0006A80C
:1022200095E80C00FFF701FD11B030BD70B5C6692F
:10223000037EF27D90B004460AB1032B2CD0023B02
:10224000012B05D8204610B0BDE87040FFF7C4BF91
:102250000AAD1822002128460AF0B6FF23680B9326
:10226000D4E904230021CDE90C2306A823798DF8B5
:10227000383010220AF0A8FFB3680793E368089388
:102280000023049310AB13E90F008DE80F0006A89C
:1022900095E80C00FFF7C9FC10B070BD30B591B0E7
:1022A00004460AAD1822002128460AF08DFF236853
:1022B0000B93D4E904230021CDE90C2306A823794C
:1022C0008DF8383010220AF07FFFE3695B680793CE
:1022D000A36808930123049310AB13E90F008DE862
:1022E0000F0006A895E80C00FFF79FFC11B030BD69
:1022F00090F830304BB142F20F7340F8203C00238D
:1023000000F8083C80F83030704704212038D8F7B6
:1023100045B973B54668046970680D46FFF72FFC30
:102320006946FFF741FF00281ADB009B2BB1019B98
:102330005B686360019B1B682360B068FFF71FFC4C
:102340006946FFF731FF00280ADB009B23B1019BA0
:102350005A68E2601B68A36001236C602B60002058
:1023600002B070BDF0B5044691B0174600211022AE
:1023700006A81E460AF028FFE3680AADDB6807934B
:102380001822A3680893002128460AF01DFF23683D
:102390000D96CDE90B3723798DF838304FF0FF33A8
:1023A00023600023049310AB13E90F008DE80F00A6
:1023B00006A895E80C00FFF738FC11B0F0BD13B586
:1023C0004368D8680C46FFF7DAFB08B383689A695C
:1023D0008AB16946904700280BDB019A00990023D7
:1023E00008328B420FD102AB13E9030084E80300EB
:1023F000002002B010BDDB696BB193E8030002ABB3
:1024000003E90300E9E71801105838B90133E8E798
:102410006FF01500EDE76FF01200EAE76FF085004E
:10242000E7E7C26852791AB14FF0FF320260704795
:10243000D0E90623FFF796BF50F8203C013309D0BE
:1024400010F80F3C1BB1002300F80F3C70472038F8
:10245000FFF7E7BF704710B5044620300AF057FB7E
:10246000773004BF0123637410BDF0B5044691B00A
:1024700017460021102206A81E460AF0A5FEE368B2
:102480000AADDB6807931822A36808930021284649
:102490000AF09AFE23680D96CDE90B3723798DF863
:1024A00038300123049310AB13E90F008DE80F00BF
:1024B00006A895E80C00FFF7B8FB11B0F0BD82B09C
:1024C0008DE80C00002002B0704782B008B502A968
:1024D000406881E80C00FFF752FB0269137883F033
:1024E00001031370BDE80840002002B0704782B0BD
:1024F00037B506A9406881E80C00FFF740FB056985
:102500002B88EBB105F118032C461A4654F8041B2E
:1025100042F8041B9C42F9D10AF077FC4FF47A721E
:10252000A0FB020302FB0131C00B40EA4140C90B92
:10253000C5E90A018DE8030094E80F00D9F7B4FB60
:10254000002003B0BDE8304002B0704782B013B540
:1025500004A9406881E80C00FFF711FB0469238B94
:10256000BBB10AF052FC4FF47A72A0FB020302FBEB
:102570000131C00B40EA41400023C90BC4E90A0104
:1025800084F822308DE80300183494E80F00D9F75E
:102590008BFB002002B0BDE8104002B070472DE96F
:1025A000F04F102289B0D0F804B004690E460DEB4C
:1025B000020000210AF008FE0BF10C074FF00008A2
:1025C0000DF10809DBF80830434503D9636933B1DD
:1025D000E36923B101231034336074602EE039467F
:1025E00004A8D8F721FC00283AD1BDF81E30002BF2
:1025F00036D07868FFF7C3FA30B183689A6942B180
:102600004946904700280BDA6FF0850009B0BDE815
:10261000F08FDB69002BF7D093E8030089E8030013
:10262000029A002AF0D09DF81E509DF81FA085B197
:10263000039BBAF1000F03D0C6E900230020E5E7B1
:10264000D3E90032012D0CBFC4E90432C4E90632DB
:1026500002E0BAF1000F08D14FF00003ADF81E30D0
:1026600008F101081037ADE70135029B9D42F3D216
:102670000399BA682B0101EB0510C9584068019312
:10268000FFF762FB0028019BEEDB039A1344D3E9BA
:102690000232BAF1010FD6E782B02DE9F04F89B0CE
:1026A000064612A8BDF852A0DDF8588080E80C005C
:1026B00001EB0A15D14604AC4FF0000BBDF85430C5
:1026C0005344994504DB09B0BDE8F04F02B07047B0
:1026D000294612A8D8F7A8FB70BB95E80F0084E83C
:1026E0000F009DF8561001292AD002292BD09DF801
:1026F000571001292AD002292BD09DF85070ADF82F
:1027000056B0012F28D0022F2CD0AFB9CDE9062327
:10271000139A02920122CDE90032304694E80E006D
:10272000D8F7A4FC129BCDE90173079B009394E8B2
:102730000E003046D8F79AFC09F101091035BDE7C3
:10274000D8F80820D3E7D8F80C20D0E7D8F808301C
:10275000D3E7D8F80C30D0E7CDE90623129ACDE9BB
:102760000172E3E7CDE90623129ACDE901B2DDE774
:1027700082B030B585B008A90446406881E80C00F5
:10278000FFF7FDF9036945680294D3E902018DE87A
:10279000030008A80CCB05F10C01FFF77DFF00201A
:1027A00005B0BDE8304002B0704782B070B588B067
:1027B0000CA90446406881E80C00FFF7E0F9002509
:1027C000466802693168126A0491CDE9065571685C
:1027D000ADF81C2006AB0294059193E80300DDE9F7
:1027E00004238DE803000CA806F10C01FFF754FF49
:1027F000284608B0BDE8704002B0704782B08DE84E
:102800000C00007A02B000F0D6B982B08DE80C005E
:10281000007A02B000F0CCB982B010B586B008A939
:10282000406881E80C00FFF7AAF902691468A4B1B6
:102830000023136004930AAB0FCB8DE80F0008ABA5
:1028400020460CCBFFF7F1F90446D7F76FFD204681
:1028500006B0BDE8104002B070476FF08504F6E79F
:1028600082B030B587B00AA9406881E80C00FFF754
:1028700086F9056944682B68DBB9D7F7A7FC94F89B
:102880002030184204D094F82100D7F737FD1034D7
:1028900001232C6004930CAB0FCB8DE80F000AAB27
:1028A0000CCB2046FFF7C1F907B0BDE8304002B0BD
:1028B00070476FF08500F7E782B08DE80C00836801
:1028C000012B05D0022B07D043B902B0D8F7CEBCFC
:1028D000002002B0D8F7B6BC0120FAE76FF08500FF
:1028E00002B0704782B08DE80C00002002B0704743
:1028F00082B010B5044602A9406881E80C00FFF7D9
:102900003EF943681B78012B08D0022B0CD08BB901
:10291000207ABDE8104002B000F04AB9207ABDE844
:10292000104002B000F047B9207ABDE8104002B074
:1029300000F044B9BDE810406FF0850002B0704768
:1029400082B08DE80C00002002B0704782B008B55C
:1029500002A9007A81E80C0000F03FF9BDE80840C8
:10296000002002B0704782B08DE80C00012002B058
:10297000704782B08DE80C00012002B0704782B031
:102980008DE80C00002002B0704782B08DE80C008A
:10299000002002B0704782B02DE9F04389B010A941
:1029A000054640689DF8586081E80C00FFF7E7F89D
:1029B000119A446801691098553A930013440344EE
:1029C0000A3326B1002241F8232001202CE051F8DF
:1029D0002360002E2DDD94E80F0008AF07E90F00FB
:1029E00094F824300BB1AB680693FF2300278DF8D1
:1029F00050304FF0010904ADB846236ACDE9019388
:102A0000079B009395E80E0010A8D8F72FFBCDE99F
:102A10000188079B009395E80E0010A80137D8F7AE
:102A200025FBB742E9D1002009B0BDE8F04302B070
:102A30007047CAD004F110030FCB08AF07E90F00AD
:102A400094F824300BB97642CFE7EB680693FAE7A7
:102A500082B08DE80C00002002B0704782B008B54B
:102A600002A981E80C00DBF7D3FCBDE80840002098
:102A700002B0704784B00DF1100C0CE903006946F8
:102A800081E80C009DF808209DF8003093420BD19E
:102A900043B1012B08D10398019BC31A58425841F6
:102AA00004B070470120FBE70020F9E782B002ABD9
:102AB00003E903009DF80030012B06BF08460130F2
:102AC000002002B07047072804D00C2804D06FF013
:102AD00085007047D8F71CBBD8F730BB08B5D7F7CF
:102AE00089FCD7F7B5FCD8F713FBBDE80840D8F749
:102AF00025BB08B5D8F782FB002008BD38B5D9F74B
:102B0000EFF80446002835D003884268A17A42EAEB
:102B1000034089B3E03A072A02D8DBB2072B0DD075
:102B2000FFF78EFA50B12088636843EA0040FFF750
:102B300078FA00281EDB2088FFF7C5FF208863682D
:102B400043EA0040FFF75EFA002813DB607AFFF7E4
:102B500037FA0546207AD7F79FFB2388072B06D044
:102B6000002D01DC002802DD0720FFF7ACFF2088E4
:102B7000FFF7A9FF002038BDFFF753FA0028F9DB63
:102B8000607AFFF72EFA0546D7F7A0FBE5E708B510
:102B9000D8F7B4FBD8F7C8FB002008BD03460120D6
:102BA00000FA03F28A431CBFB3FA83F0400970476E
:102BB0000121D8F7C5BB0021D8F7C2BB10B5044628
:102BC000D8F7F0FC20B12046BDE81040FFF7F3BF76
:102BD0002046BDE81040FFF7EBBF10B504460420C7
:102BE000FFF7E9FF0320FFF7E6FF0220FFF7E3FF0F
:102BF0000120FFF7E0FF0020FFF7DDFF2046FFF791
:102C0000D7FF002010BDF0B50D468DB00746D1B2FC
:102C1000284614461E46D8F7F3FCDDE91223CDE919
:102C200008238DF8287004960CAB844613E90F0036
:102C3000CDE906548DE80F0023462A466046FEF78C
:102C4000F4FF0DB0F0BD37B50446D7F733FA0346AD
:102C500050B1D3E90445027A0078CDE900455968BE
:102C6000D8F70AFF03B030BD2046D7F749FA01462E
:102C700050B1D1E90423007ECDE90023043151F89D
:102C8000042CD8F739FFEDE76FF08500EAE770B55F
:102C9000A1F10804064605460FCC0FC594E80F00C5
:102CA00085E80F00304670BD13B56C462046D8F756
:102CB0009BFA94E8030002B0BDE81040D9F71AB8B7
:102CC00010B5FFF7F1FF0446D9F7FCFC2046BDE83C
:102CD0001040DAF77DBC08B50020FFF7F1FF0020B7
:102CE00008BD82B06B4683E8060093E806000078D2
:102CF00002B0D9F70FB882B08DE80C00002002B006
:102D0000704782B008B502A981E80C008368052BE2
:102D100024D8DFE803F0030A0F141A1DD9F782FA4A
:102D20000020BDE8084002B07047BDE8084002B08E
:102D3000D9F7BABABDE8084002B0D9F7C3BABDE8BE
:102D40000840007B02B0D9F793BA00F043F8E7E7F8
:102D5000BDE80840007B02B0D9F7C2BA6FF0850029
:102D6000DFE7D9F703B807220AF0FCBB00B589B04A
:102D700004F073F86946D9F72FF809B05DF804FB41
:102D800000B589B004F069F86946D9F725F809B0AB
:102D90005DF804FB00B589B004F05FF86946D9F727
:102DA0001BF809B05DF804FB00B58BB06946E2F78B
:102DB000C3FA9DF80130012B08D1D9F7F1F80028AA
:102DC00014BF002006200BB05DF804FB0020FAE7DA
:102DD000D9F768B908B50020D9F718F90120D9F753
:102DE00015F90220D9F712F90020D9F741FABDE808
:102DF0000840D9F757B9704737B51C46BDF81830A9
:102E000015469BB9012C14D104F027F8D9F71CFA08
:102E1000002811DB01908DF8004002AB284613E931
:102E20000600FFF75EFF204603B030BD6FF00600DE
:102E3000FAE76FF00C00F7E76FF00D00F4E7F0B57C
:102E400085B01F4604460D461646D7F71BFB0623E2
:102E500002930130BDF828300190009332463B4682
:102E60002946204605F045FC05B0F0BD1FB50224FB
:102E70000294CC680194BDF81840009405F039FC28
:102E800004B010BD1FB504240294CC680194BDF8B1
:102E90001840009405F02DFC04B010BDF0B585B0CD
:102EA0001F4604460D461646D7F7E8FA0823029354
:102EB0000130BDF828300190009332463B46294648
:102EC000204605F016FC05B0F0BD38B50C46BDF83F
:102ED0001000E5681C46C318012B114605DC22468C
:102EE00028440AF049F9204638BD6FF00604FAE795
:102EF00082B08DE80C00002002B0704782B082B032
:102F000002A981E80C0083680E2B4ED8DFE803F09D
:102F1000080C1014191C2124292C31393E3441008D
:102F200002B002B0DAF7FABE02B002B0DAF76ABE57
:102F300002B002B0DAF78ABE012002B002B0DAF7BE
:102F400063BF4FF0FF30F8E7012002B002B0DAF7BC
:102F500071BF4FF0FF30F8E7012002B002B0DAF79E
:102F60007FBF4FF0FF30F8E7012002B002B0DAF780
:102F70008DBF4FF0FF30F8E7C06802B002B0DAF75B
:102F8000B7BE012002B002B000F024B94FF0FF300C
:102F9000F8E78389C289ADF804205BBAADF8063042
:102FA000019802B002B0DAF7C3BE6FF0850002B03C
:102FB00002B0704782B013B504A981E80C008368A1
:102FC00004460C2B10D8DFE803F0070F0F262A2D3C
:102FD0003115230F0F3B340001A8DAF703FE20B9A7
:102FE0009DF804300133A360002002B0BDE810401A
:102FF00002B070470120DAF7EBFE0E23A360C0F3A6
:1030000007431B0203EB004303EB1060E060EBE7B8
:103010004FF0FF30EFE70120DAF7A2FEEDE74FF0C7
:10302000FF30F9E70120DAF7B7FEE6E74FF0FF30AF
:10303000F9E70D2383604FF0FF30DAF74BFEE5E749
:103040000D2383600120F8E700207047FDF78CB85E
:1030500030B401F11C030122BFF35B8F53E8004F32
:1030600043E80025002DF9D1BFF35B8F30BCE4F7B6
:1030700083BE10B5037886B0022B04468DF8171076
:1030800013D1B0F8BA3083B1406803F093FE012841
:103090000BD90023CDE9013301230093B4F8BA1012
:1030A00060680DF1170205F002FF06B010BD84B094
:1030B00030B48AB00DAC84E80E0001289DF834309D
:1030C0001FD8013B022B22D88DF804000DF1050317
:1030D00015AD224603CAAA4218605960144603F18E
:1030E0000803F6D112781A7005AD0FCD10AC0FC4DD
:1030F0002B68238001AB0FCB0AB030BC04B0D9F7EA
:10310000CFBC6FF015000AB030BC04B070476FF050
:103110008500F8E708B5D9F7F7FC002803DBBDE820
:103120000840D9F789BF08BD08B5DAF7B7FABDE896
:103130000840D6F7EFBF38B549881D4601F47F43F4
:10314000B3F5807F144612D1C9B2012904D00229F7
:1031500009D06FF0150038BDD7F790F90923286022
:1031600023600020F7E7D7F78DF90723F7E76FF023
:103170008500F0E713B5498801F47F40B0F5007F82
:1031800012D1C9B2012912D11268022A0FD11868CE
:103190006B46002400945C60013093E80600FFF762
:1031A000A0FD204602B010BD6FF08500FAE76FF079
:1031B0001500F7E708B5D7F761F9BDE80840092120
:1031C000DAF7CABA08B5D7F75DF9BDE808400721B4
:1031D000DAF7C2BA08B5DAF77DFDBDE80840DAF7DC
:1031E00087BD08B5DEF706F901F03CFA002008BDFE
:1031F0000378042B0AD8DFE803F00B0F1B030B0046
:10320000AB2907D0AD2901D10023037000207047FE
:10321000AB29FBD10123F8E7AC2905D0AD2905D0B6
:10322000AB2907D10323F0E70223EEE70423ECE701
:103230000123037001207047DBF7FAB810B504468C
:10324000137ADBF76FF8204610BD38B515682B6888
:1032500004466BB108F002FC58B12D682846D3F73C
:10326000CBF8294602462046BDE8384008F010BC9D
:10327000012038BD38B50446156808F0EFFB50B1A1
:103280006D682846D3F7B8F8294602462046BDE8BF
:10329000384008F0FDBB38BD10B50446137ADBF7A3
:1032A00041F8204610BD38B50446DBF7A3F82E22BE
:1032B00005460021A01C09F087FF0123238003237A
:1032C00023810223A3812574204638BD10B50C4606
:1032D000DBF786F838B1022203782280012262806F
:1032E0002371002010BD6FF08500FBE770B5044628
:1032F00088B00E462021684607F05EFB051E0BDDF8
:103300003146204608F0AAFB20B12A4669462046ED
:1033100008F0BEFB08B070BD0120FBE7002070473D
:1033200010B50446137ADAF7FDFF204610BD70B5DC
:103330001368054618780E46D8F756F9044670B15A
:103340003146284608F08AFB50B12046D3F754F89E
:10335000214602462846BDE8704008F099BB01208E
:1033600070BD38B515682B6804465BB108F076FB74
:1033700048B12D682846D3F73FF829460246204633
:1033800008F086FB012038BD38B50446D6F7A4FB0B
:103390000546D8F739FA002D11DC0028D4BF0025E6
:1033A00001252E220021A01C09F00EFF01232380FD
:1033B000052323810323A3812574204638BD0125DD
:1033C000EFE7D8F7FBBA38B500241423C0E902436D
:1033D0000546E0B2D8F7DEF8FF2803D1C4F10504B2
:1033E000AC6038BD0134052CF3D1FAE700207047FA
:1033F00000B58BB018B917200BB05DF804FB694617
:10340000E1F79AFF0028F6DB089B1888F4E708B577
:10341000DBF718FED8F78CFF18B9DBF709F80020A6
:1034200008BD03F0FCFBFAE7F0B56423054604266B
:1034300000200A2769B9F0BD9A42B2FBF3F40CD21E
:10344000012B0AD048B903FB1422D2B20A24B3FBE1
:10345000F4F3013EF0D12E70EDE7303405F8014B66
:10346000B2FBF3F4013903FB14220130B3FBF7F391
:10347000C9B2C0B2D2B2DBB2DCE7A0F13003DBB23A
:10348000092B02D80B7000207047A0F16103052BB7
:1034900002D85738C3B2F5E7A0F14103052B01D894
:1034A0003738F7E76FF015007047F7B5054601F0BC
:1034B000010000EB51069E424FEA510703D9002656
:1034C000304603B0F0BD58B128780DF10701FFF781
:1034D000D4FF0028F3DB9DF8073002F8013B0135EB
:1034E00001351744BA42EBD015F8010C0DF1070174
:1034F000FFF7C3FF0028E2DB9DF807402401E4B298
:10350000147015F8020BFFF7B8FF0028D7DB9DF801
:1035100007301C4402F8014BE4E7002070470FB469
:1035200007B504A951F8040B0191DBF729FE03B09C
:103530005DF804EB04B0704700EBC1004088400820
:103540007047F8B50346FFF7F7FFB0FA80F0C0F117
:103550001F0003EB800CCA00DCF81060171D0C463E
:1035600006328DB256B9012101FA00F0D968014343
:10357000D960CCF81040DD539D52F8BDF100043104
:10358000585AD85303EBC0009E52C5805D52F4E7F1
:1035900010B500EBC104E388994202F104010AD19D
:1035A000012303FA02F2C36823EA0203C360002383
:1035B00040F8213010BDA28840F8213000EBC20154
:1035C00000EBC300CB808280F4E708B50346FFF729
:1035D000B3FFB0FA80F2C2F11F021846BDE80840FE
:1035E000FFF7D6BF2DE9F843B1FA81F5C5F11F0900
:1035F00000EB89080346D8F810200E46C2B1032715
:10360000D8F8104018462146FFF796FFB04206D37F
:103610004A461846FFF7BCFF2046BDE8F88303EB97
:10362000C404013FE088C8F8100001D08242E7D10D
:10363000C5F120024FF0FF349440DA681440EBD01B
:1036400094FAA4F2B2FA82F2111D53F821402146F5
:10365000DFE738B50346FFF76FFF0D460446114616
:103660001846FFF769FF03EBC50504446000688056
:103670001846FFF761FF014423F8314038BD38B5E3
:103680000346FFF759FF0C46A51A511A03EBC40471
:1036900005444800608003EBC2006C00448023F8BE
:1036A000321018461146FFF747FF014423F8315006
:1036B00038BD38B50546FFF73FFF0C46014405EB22
:1036C000C1035B88DA070AD42846FFF77EFF21464C
:1036D0002846FFF731FF22182846FFF7BAFF35F8D2
:1036E0003410611A05EBC1035B88DB070CD4284654
:1036F000FFF76BFF35F834102246611A2846FFF7B2
:10370000A8FF35F83430E41A21462846BDE8384091
:10371000FFF717BF61B100680439091A21F00703E8
:103720000344C9085A8822F001025A80FFF7C1BF3A
:10373000704770B5056809B9002070BDAB68B3EB80
:10374000D10FF9D90B31CC0821462846FFF74AFFA3
:1037500006460028F0D001462846FFF7EDFEA042BD
:1037600007D932192846FFF78AFF11462846FFF786
:10377000E8FE05EBC6021046538843F00103538070
:103780000430DAE72DE9F84301F1FF3919EA0109BC
:1037900006680F4614460CD04B420B40042B1A46C9
:1037A0004F4628BF0422994664B900252846BDE843
:1037B000F883042904D8BDE8F8431146FFF7B9BFE0
:1037C0000422F1E7B368B3EBD40FEED904F10B0197
:1037D0003944891AC9083046FFF704FF804600289B
:1037E000E3D009F1040505EBC0057B1E35441D44FB
:1037F000B5FBF7F57D43A5EB09052C442B1F0734DA
:103800009B1B24F00704A41BB0EBD30F4FEAD30794
:103810004FEAE40408D201463A463046FFF72FFF4C
:1038200041463046FFF78DFE39463046FFF784FEAD
:103830003844844207D230462246FFF720FF214613
:103840003046FFF77EFE06EBC706738843F00103A0
:103850007380ABE7043A2DE9F041CC1D114424F00C
:10386000070421F007010E1BF708B7FA87F2C2F12F
:103870002405AD004FF000080735C2F12002ED0825
:1038800004604146A760C4F80C80920004F1100067
:1038900009F09AFC6B0043F00103638004EBC5025E
:1038A0007B1B5900A4F800805180A21924F83550E0
:1038B000A2F80280A35304EBC70329465A8842F0BA
:1038C00001025A802046BDE8F041FFF73ABE036886
:1038D00000220BB9184670478B4210D10B6842B9D1
:1038E00042680360914200D1436000230B600120D5
:1038F000704713604368994208BF4260F5E71A4673
:103900001B68E6E7038B13F0070305D10368002B60
:103910000CBF002003207047022B05D1408BB0FA6A
:1039200080F0400980007047012B05D10368002B0F
:103930000CBF0020052070470020704710B50C46D2
:1039400000B111B96FF0150010BD081D00F0D7F8D7
:103950000028F9D1A368032BF6D9F3E72DE9F0414C
:103960000D4607461946281D90461E4600F0DBF816
:10397000044638B13346424629463846A446BDE897
:10398000F0416047BDE8F08110B44FF02004EFF340
:10399000118284F31288BFF36F8F41615DF8044B8D
:1039A0000121DBF71FBC38B50C46054658B151B1B3
:1039B0000B6843B14B6833B11C22002109F004FCB1
:1039C0002C61002038BD6FF01500FBE770B505468F
:1039D0000E46FFF7B3FF041E15DB4FF02003EFF395
:1039E000118283F31288BFF36F8F6B8B2C8B4FF692
:1039F000FF718B4204F0070407D182F31188BFF3F3
:103A00006F8F6FF00A04204670BD022C0CD1013379
:103A10006B8382F31188BFF36F8F002322463146F8
:103A20002846FFF79BFFEEE7062C14D8DFE804F0EA
:103A300004131313041A0400002333606B683BB9AA
:103A4000C5E90066ACB902212846DBF7CBFBDAE713
:103A50001E606E60F6E782F31188BFF36F8F6FF020
:103A60000404D0E782F31188BFF36F8F6FF08504F1
:103A7000C9E782F31188BFF36F8FC4E710B54FF029
:103A80002003EFF3118283F31288BFF36F8F048B4F
:103A900004F00704022C0AD0012C0CBF6FF00400C4
:103AA0006FF0850082F31188BFF36F8F08E0438BBE
:103AB000013B9BB2438323B92146DBF793FB2046AE
:103AC00010BD2046EEE738B5B0B1A9B14FF02002E5
:103AD000EFF3118582F31288BFF36F8F048BFFF72A
:103AE000F6FE30B104F0070085F31188BFF36F8F45
:103AF00038BD6FF07700F7E76FF01500F8E7034681
:103B000040B1426802F00302022A06D0032A04D020
:103B1000012A05D06FF0150070471A68002AF9D005
:103B200000209860704710B54268816002F003027F
:103B3000022A03464FF0000407D0032A02D05C603B
:103B4000002001E018685C6010BD18685C60002807
:103B5000F6D0FDF70FFCF3E7F0B5C6684568C3691A
:103B6000AF1B04464069BB4298BFFF1AA5EB00009B
:103B7000944698BFF6181A1AD81B2368AD1B6245E5
:103B80002B4428BF62460B606368904228BF1046F2
:103B900003446360F0BDD0E90123D21A8A420CD3FA
:103BA0001944C368C269C0E90111C91A8A4201D91E
:103BB000002070471344C360FAE76FF015007047A8
:103BC0002DE9F34180460E46154600272A4601A9F5
:103BD0004046FFF7C1FF314604460246019809F00E
:103BE000CBFA2D1B2744264401D0002CEED13946B8
:103BF0004046FFF7D0FF384602B0BDE8F081F0B58F
:103C0000044686690569C069A368AF1BB84294463B
:103C100098BF3618A3EB05022368A5EB060598BFED
:103C20003F1A2B446245A0EB070028BF62460B6099
:103C30002369904228BF104603442361F0BDD0E9B8
:103C40000423D21A8A420CD31944D0E90632C0E9BF
:103C50000411C91A8A4201D90020704713448361B4
:103C6000FAE76FF0150070472DE9F34180460D46E5
:103C700016460027324601A94046FFF7C0FF04461A
:103C80002DB102460199284609F076FA2544361BE3
:103C9000274401D0002CEDD139464046FFF7CFFF35
:103CA000384602B0BDE8F0810FB407B504A951F859
:103CB000040B0191DBF764FA03B05DF804EB04B088
:103CC000704708B54FF02002EFF3118382F312889A
:103CD000BFF36F8F00F001F870474FF0804301226F
:103CE000C3F80025BFF34F8F20BFFDE7D9F78ABF88
:103CF00070B406688489806A0D0C16FA81F105FBA0
:103D0000041184682468A44670BC60470B6803F5FE
:103D100080330B60C0891A0CB0EB134F04BFA3EBC8
:103D200002430B6070472DE9F0431C46C36A1D68CF
:103D30006D4289B081460E46174605F020051CB934
:103D4000204609B0BDE8F083AC42A04628BFA84693
:103D500043466A4631464846FFF7CAFF0028F0D17D
:103D600042466946384609F0FDFB20B9A4EB080439
:103D700046444744E3E70120E3E710B50146044623
:103D80000722FF20DBF7E0F9E07110BD2DE9F041DB
:103D90001C46C36A1D686D4288B005F020050746C1
:103DA0000E46684611462A4609F00EFA1CB920460E
:103DB00008B0BDE8F081AC42A04628BFA846434603
:103DC0006A4631463846FFF7AEFF0028F0D1A4EB33
:103DD00008044644EAE738B5828903680D0C090CEB
:103DE00004462D04806A02FB013183689B68984772
:103DF00050B9E26AA389127929462046FFF7C6FF27
:103E0000002818BF6FF0050038BD0378012B81BF73
:103E100001F1FF31C9185B4219400846704770B57F
:103E20000C4605460821C06AFFF7EFFF0722064649
:103E30002146FF20DBF788F9E379834207D1AA897D
:103E40006388901B83422CBF0020012070BD00209E
:103E5000FCE738B505460C46FFF7E1FFA0B1A088A6
:103E600098B922884FF6FF739A420DD1E86A08216B
:103E7000FFF7CBFF6288AB899B1AB3FBF0F202FB22
:103E80001030B0FA80F0400938BD0020FCE7F7B5EB
:103E900004460D46C06A0821FFF7B7FF29680746A8
:103EA00008232046FFF724FF0646002836D12B685A
:103EB0003B442B60A28999B2D21B91422ED11A0C9D
:103EC00003BFE28902F1FF3203EB0241A3F5803127
:103ED000296008236A462046FFF70AFFE8B9E36A2B
:103EE0001A796B4613F8011B8A420CD1013008285D
:103EF000F8D1636805E02B68BDF802201B0C1B0499
:103F000013442B600AE069462046FFF7A2FF002811
:103F1000F1D129462046DBF7A3FC0646304603B024
:103F2000F0BD2DE9F043074689B090461E461BB907
:103F3000002009B0BDE8F0833C688389080C14FABE
:103F400081F100FB0314FB6A1D686D4235400CD003
:103F5000B86A83682146D3F804902B46C8470028E6
:103F6000E7D1761BE4D02C44A844202332464146B6
:103F7000684609F0C6FAFD6A2A682979921B0DEB9A
:103F8000060009F021F9B86A2B6882682146556855
:103F90006A46A847CDE710B50A460823416804469B
:103FA000FFF7BFFF08210246E06AFFF72EFF6368B4
:103FB0001B1A6360104610BD13B54FF6FF73002245
:103FC0000446ADF800308DF806308368ADF8042063
:103FD0006846ADF80230FFF7D0FE69462046FFF78D
:103FE000DAFF02B010BD2DE9F04F044695B0C06A6B
:103FF0000821FFF70AFF63681B0C1B04054603A991
:1040000020460393FFF782FEDDF80CB0A6895E44DC
:10401000761B06AA0823314620460496FFF768FE61
:10402000021EC0F2A980E36A06AA1979002312F8D9
:10403000010B814240F08F800133082BF7D1A36838
:1040400062682B449A427ED259462046FFF7C3FE4F
:10405000024691E0BDF81A30360C36041E44049630
:1040600008AA04A92046DDF810A0FFF710FF0246B9
:10407000002840F0818008A92046FFF7D0FE18B93B
:10408000019B9A45ECD1DAE7636805930AAA05A972
:104090002046059EFFF7FBFE024600286CD1BDF8C6
:1040A0002820BDF820309A4227D06268059B9A42AA
:1040B000ECD15645E4D1BDF82430002BE0D0BDF85A
:1040C00022704FEA1A431B041F4408A8A368ADF8E6
:1040D0002230FFF752FEE36ABDF824901E68764254
:1040E00006F02006B9F1000F0ED108A92046FFF70F
:1040F00052FF02460028C3D03EE00AA92046FFF73F
:104100008EFE0028D1D0D4E74E45B04628BFC84621
:104110000CAA434639462046FFF7EAFD024658BB43
:104120004346A1680CAA2046FFF7FBFE4146024623
:10413000E06AFFF76AFEA3680344A360E2B9A9EB53
:1041400008094744CEE72046FFF736FF024600281D
:104150003FF47AAF10E0731B06A920460193FFF7E6
:1041600078FE00287FF476AF04A92046DBF778FBC1
:10417000024600283FF474AF104615B0BDE8F08F3A
:1041800000231A46DBF7FEBC2DE9FF471E46037CE1
:10419000BDF8309004460F469046002B4ED0C06AC2
:1041A0000821FFF732FEA389A3EB40039E4248D8C3
:1041B000D4F804A0CDF804A00025A9455146DDF8A7
:1041C00004A00BD26368534520D1BDF80830BB4230
:1041D0001CD06FF0010004B0BDE8F08702AA01A96D
:1041E0002046FFF754FE0028F5D1BDF80830BB4249
:1041F00006D102A92046FFF712FE08B10135ADB283
:104200006268019B9A42D8D15146DEE7BDF80C3076
:10421000002BDED0A945DCD8BDF80A00090CB3425A
:104220004FEA014128BF3346014442462046FFF78A
:104230005FFD0028CFD1BDF80C00CCE76FF00C007B
:10424000C9E76FF01500C6E713B500240094FFF727
:104250009BFF02B010BD43691BB11B7A0B7000209D
:1042600070476FF057007047406930B1BFF35B8F04
:104270004068BFF35B8F00F00100704743690BB9E2
:1042800000207047BFF35B8F1A1D5B68BFF35B8F25
:104290001807F5D591B143F01001BFF35B8F52E8D9
:1042A000000F984204D142E8001CBCF1000FF6D187
:1042B000BFF35B8F0CBF01200020704723F010017B
:1042C000EBE7406930B1BFF35B8F4068BFF35B8FB2
:1042D000C0F300107047406930B1BFF35B8F406896
:1042E000BFF35B8FC0F3C0007047406930B1BFF3CC
:1042F0005B8F4068BFF35B8FC0F3801070477047DF
:1043000070B54C680368A34201D2012070BD8A6871
:104310002244934201D30020F8E7D1E903254E69F6
:10432000B54203D36FF00B038B61F4E71B1B42F81C
:1043300035304368086902EBC00253600B690133F2
:104340000B61E2E710F0700F08D100F07F0310F06E
:10435000800F18BF1033012098407047002070472D
:104360002DE9F84306460F46904699460B254B46E5
:10437000424639463046F6F719FB10F10B0F04465A
:1043800003D1FCF76FFC013DF1D12046BDE8F88375
:10439000006840B150F8043C5B688B42A0F1040017
:1043A00001D04068F5E77047006850B150F8043C10
:1043B0005B685B689B788B42A0F1040001D0406889
:1043C000F3E7704730B5006888B150F8043C5B688B
:1043D0001A6A1D7F04380023043ADCB2A54201D8D2
:1043E0004068F1E7013312F833408C42F5D130BD1B
:1043F00008B5DCF7D3FA28B1406810F1100F14BFEC
:104400000020012008BD4B1CDBB28170817680F852
:104410002530C37600F8061C704750E90231D0F809
:104420009C0018470369002283F84A2070470369FB
:1044300093F84A0008B193F84800704703690022D6
:1044400083F84B207047036993F84900704703696C
:1044500093F8482012B193F84A202AB993F84900FA
:1044600018B193F84B007047012070470120704746
:104470000369C3E9001270470229036908D00429BF
:104480000BD001290ED1D3F894301360002070476F
:1044900093F89B30C3F34003F7E793F89B3003F0A6
:1044A0000103F2E76FF0850070470020704710B5F8
:1044B0000369D3F894200A6093F898206AB1012A1E
:1044C0000CBF022203224A7193F89920501E032840
:1044D00005D8DFE800F0050505050122F3E7002215
:1044E0000A7193F89A30062B09D0072B09D0052BB7
:1044F0000CBF0023032300208B71C87110BD012362
:10450000F9E70223F7E708B5402903693FD013D83C
:10451000102932D006D801291ED0082920D06FF0EA
:10452000120008BD2029FAD193F89C1001F0FB017C
:1045300052B341F0040127E0B1F5807F30D0B1F5EE
:10454000007F36D08029EAD193F89C1001F0EF016A
:10455000D2B141F0100117E0C3F894200020E0E749
:1045600093F89C1001F0FE010AB141F0010183F8BB
:104570009C100121DCF7E4FCF0E793F89C1001F0BB
:10458000FD010AB141F0020183F89C10F2E793F8B3
:104590009C1001F0F701002AF6D041F00801F3E782
:1045A00093F89C1001F0DF01002AEDD041F02001CA
:1045B000EAE793F89C1001F0BF01002AE4D041F033
:1045C0004001E1E770B504690546D4F88C00FFF7B7
:1045D0004BFBD4F88C309A681969914204BF0022D1
:1045E00084F8492094F8A02006469AB15A6859697F
:1045F000DB69521A9B1A3F2B0CD994F89E3033B1C9
:104600006B681B6A2246187B0021DCF7BBFC002389
:1046100084F8A030304670BD08B50122FFF7D2FF04
:10462000013818BF4FF0FF3008BD2DE9FF41D1F828
:104630000C80054640461F460C461646D1F7DCFE68
:10464000BDF82830009380B2CDE901803B46324668
:104650002146284604F04DF804B0BDE8F0817047CB
:10466000002070470020DCF7ABBD00221146DCF7CC
:104670006DBD034610B508460AB10021116053B163
:10468000D0B1411E11F8010F80B113F8014BA042C7
:1046900001D13D28F6D100200EE0013313600AE07D
:1046A0003D2808D0B0FA80F0400905E018782F289E
:1046B000F6D1002AF1D1012010BD10B509B10023B7
:1046C0000B6058B103461A781C4601332AB13D2AC3
:1046D00003D02F2AF7D101B10B60201A10BD2DE9AC
:1046E000F341DDF82080019007460C4615461E4632
:1046F000B8F1000F07D0D8F8001081B9D8F804E05D
:10470000BEF1000F14D101A93846DCF7EFFD58B116
:104710008768019833462A462146B84704E001AA33
:10472000FFF7A7FF0028E9D1002002B0BDE8F08123
:10473000D8F80830019808932A4633462146F446B3
:1047400002B0BDE8F04160470830704710B513462D
:1047500014460A4681880068FFF776FDA042A8BF8C
:10476000204610BD2DE9F04F97B0044601929A46BD
:10477000894600297ED0DAB1BAFA8AF77F09258FF7
:104780000135ADB2A84604F1080B6E1EB6B2B6F5FF
:10479000004F29D04A2303AA31465846FFF754FD5B
:1047A000002807DA10F1020F08BFB0463546ECE7E3
:1047B0000127E4E700F158030DEB0300002300F8A4
:1047C0004C3C03A94846D1F705FE0028EED12FB393
:1047D000238FB3420BD031465846FFF7D1FC002857
:1047E00012DA17B0BDE8F08FB7B30020F9E7224620
:1047F000731E22F8383F4FF4004102235846DBF77E
:10480000C1F90028E7DAECE705F57F513F3189B2BD
:104810005846FFF7B5FC00EAE070E2E7B046B8F5AD
:10482000404F2AD004F1080508F58041019A53460B
:1048300089B22846DBF7A6F90028D2DB77B9238FA7
:104840004345D2D22246022322F8388F4FF400414A
:104850002846DBF797F9DEE70127E0E74846D1F77E
:10486000CBFD4A46034641462846DBF78BF9002834
:10487000E5DAB6E76FF01500B3E76FF00B00B0E7CD
:1048800073B5C36B03630446C3B100F10806304639
:10489000DBF718F8054670B902230DF106024FF454
:1048A00000413046FFF7D0FC0028ACBFBDF8063011
:1048B0004FF400432387284602B070BD6FF0120505
:1048C000F9E738B50D46AB4211461C4604D81A46E6
:1048D00008F052FC204638BD0024FBE708F074BC09
:1048E000C30903EB430303EBC30383EA4000C0B2F5
:1048F000704710B50A460021044608F065FC10BD5B
:104900002DE9F0410546A8B00F461446402602F1B5
:104910002408DCF72DFE034600283CD0402108A8DF
:104920009847C0B3B4F9022012F11F0348BF02F147
:104930003E0308A94246684643F3471300F0F1F9E5
:104940002246694618A800F008FE10B3B4F90230F8
:10495000D91D48BF03F10E016A46C910384600F060
:1049600024FE94F9011018AA284600F01EFE94F9BE
:10497000011094F9002018AB681803EB820200F0D4
:1049800014FE68462021FFF7B4FF012028B0BDE8DF
:10499000F081013EBDD10020F8E72DE9F0471C462B
:1049A00093F9016093F900A0B3F90230A4B09046E6
:1049B000DA1D48BF03F10E0204AD81460CAF284654
:1049C000D2100295039700F004FE3246494614A81F
:1049D00000F0FFFD14AB03EB8A00324609EB060141
:1049E00000F0F7FD23463A462946284600F089FDA7
:1049F000B0FA80F3019424AA5B0902EB8301638877
:104A000001331BB2009351F8882C14A900230846E7
:104A100000F0AFFC14AA3146404600F0C6FD214626
:104A200014A800F01BFC082104460DEB0100FFF761
:104A300060FF38462021FFF75CFF28462021FFF762
:104A400058FFB4FA84F0400924B0BDE8F087F0B50F
:104A500000240646204665B2AB4200DCF0BD51F8AA
:104A6000247052F824503D440544AF4200F0010048
:104A700018BF002046F8245088BF40F001000134E0
:104A8000E9E700EB81010023884200D3704751F829
:104A9000042D43EA52030B60D307F5E770B50368B2
:104AA000DB070546144604D4BDE870401146FFF705
:104AB000E8BF13460A460146FFF7C9FF21460646EE
:104AC0002846FFF7DEFF46B104F18044013C55F86B
:104AD000243043F0004345F8243070BD2DE9F74FF2
:104AE0004FF0000C0092654664464FFA8CF94B4536
:104AF00016DC4FF0FF3606EB430601964FF0000838
:104B0000019A53FA88FE4FFA8EFE96455FFA88F6B0
:104B100029DB00EBC30040F8044C03B0BDE8F08F84
:104B2000009A4FF0000E02EB8C0AF04651F82E70FE
:104B30005AF80469A6FB076736190EF1010E6F419A
:104B400034464FFA8EF64FF0000B28BF4FF0010BA2
:104B50004E45D8443D46E9DD40F82C4045460CF131
:104B6000010C3C46C1E7009A0136A94676B202EB39
:104B70008E0A002577B2BB4205DC40F82E4008F1D2
:104B800001084C46BCE76FF0030202FB06F751F840
:104B900026205AF80770A7FB027C3F195CEB090C32
:104BA0004FF0000B28BF4FF0010B5D44E1463C463F
:104BB0000136DFE721EAE1729200002108F004BB30
:104BC00010B500231A465CB2A14203DCB2FA82F0AF
:104BD000400910BD50F8234001332243F3E74A1146
:104BE000012350F8220001F01F018B40184070474C
:104BF0004B1E10B55BB2041D1A0603D45A1E54F89E
:104C0000221071B101335BB283B103F18042013AEA
:104C100050F82210002231B9013B02EB431210B2CE
:104C200010BD1346E8E749080132F4E71846F7E7F4
:104C300010B500235CB2A24200DC10BD51F8234045
:104C400040F823400133F5E710B5013A52B213069C
:104C500001D5002010BD50F8224051F822309C426E
:104C600005D802F1FF32F2D24FF0FF30F2E7012017
:104C7000F0E730B5013A52B20023140603D5181EEE
:104C800018BF012030BD50F8224051F822506C402E
:104C90002343013AF1E7F0B5002406469C4620463E
:104CA00065B2654500DBF0BD51F8247052F8243040
:104CB0003D1AED1AAF4200F0010018BF002046F87F
:104CC000245038BF40F001000134E9E770B59DF988
:104CD00010601D4633460446FFF7B9FE30B9324630
:104CE00021462846FFF7B0FF012807D033462A4661
:104CF00021462046BDE87040FFF7CDBF70BD70B5BE
:104D00009DF910601D4633460446FFF7C4FF38B1D5
:104D100033462A4621462046BDE87040FFF797BE3D
:104D200070BD2DE9F04FA5B01D4614ABCDE90231A1
:104D30000190294610461746FFF75AFFC0EB85142D
:104D400024B2002C2646B8BF04F11F06634246F386
:104D5000471603F01F0304F01F09314658BFC3F183
:104D6000000904A8FFF726FFB9F1000F4FEA8606F5
:104D70002DDD04AB00221E44C9F1200C13469D42D8
:104D80001AD804AB03EB850300936F1E24AB4FEAE4
:104D900045084FEA8509012603EB8707002C53DA03
:104DA00024AB03EB8606019856F8881C2A46FFF7C9
:104DB0003FFF25B0BDE8F08F57F8230000FA09F156
:104DC0000A4346F8042B013320FA0CF2D7E704AB70
:104DD0002A4639469819FFF72BFFD2E75AF8883C44
:104DE00053F8202024AB03EB80030CF1010C53F8A3
:104DF000803C0B44D31A34BF4FF0010B4FF0000B33
:104E00009A425EF8882C42F8203018BF59464FFA73
:104E10008CF04045E2DB731A5E42294604A85E41ED
:104E2000FFF72FFE09F190036B44009853F8802C94
:104E300057F8803C294643EAC273013C47F8803C5E
:104E400024B2FFF71EFEA9E724AB4FF0000CC6F119
:104E5000010E614603EB860A03EB8E0ED7E730B5F1
:104E60001C4691B0054693F900306846FFF736FEC0
:104E7000D4F8AC3069462846984711B030BD134687
:104E80000A46FFF7ECBF2DE9F04793F9006092B0B6
:104E9000044689461046314615461F46FFF790FEE8
:104EA000002840F091803A46494602A8FFF7E7FF04
:104EB0003B4602AA21460AA8FFF7D1FF02A90846ED
:104EC0003A46FFF7DCFF3B462A4649464846FFF78D
:104ED000C6FF07F104083A4629462846FFF7CFFFE8
:104EE00043462A46214620460096FFF7EFFE4346FA
:104EF0002A46294628460096FFF7E8FE43462A46FA
:104F0000214628460096FFF7FAFE3B462A462146F0
:104F10002046FFF7A4FF4346224621462846009636
:104F2000FFF7D4FE434600962A4621462046FFF767
:104F3000CDFE2368DB074AD533464246214620464C
:104F4000FFF785FD314682462046FFF79AFD06F1C0
:104F50008043013B54F8232042EACA7244F82320DC
:104F60003A4621462846FFF78AFF43460AAA2946C1
:104F700028460096FFF7C3FE43460AAA294628465C
:104F80000096FFF7BCFE0AA9084643462A4600964B
:104F9000FFF7B5FE3B460AAA21462046FFF75FFF12
:104FA00002AA4346104621460096FFF7A8FE324665
:104FB00029462046FFF73CFE49462846FFF738FEC3
:104FC00002A94846FFF734FE12B0BDE8F08731462B
:104FD0002046FFF756FDC3E72DE9F04115468AB09C
:104FE00004460E461C22002103A808F0EDF82F1DF0
:104FF00095F9008003232A46314620460293FFF7A5
:105000003EFF3B4602AA21462046CDF80080FFF72E
:1050100076FE2B46324621462046FFF720FFCDF88C
:1050200000803B4605F1840221462046FFF74EFEF4
:105030000AB0BDE8F0812DE9F0479AB01646DDF8D8
:1050400088804446994614F9045B009507468A46D1
:1050500023460246314602A8FFF751FE02A9424606
:105060000846FFF70CFF434602AA39463846FFF7C9
:10507000F6FE434602AA31463046FFF7F0FE2346CD
:105080005246494602A80095FFF720FE23465246A5
:10509000494648460095FFF732FE23463A463146D8
:1050A0000AA80095FFF72BFE43460AAA5146504630
:1050B000FFF7D5FE2346324639460AA80095FFF78A
:1050C00005FE424649463046FFF7D9FE23460AAA66
:1050D000314630460095FFF712FE234632463946E8
:1050E00012A80095FFF70BFE434612AA4946484610
:1050F000FFF7B5FE23465246494648460095FFF75E
:10510000FEFD424602A912A8FFF7B9FE12A92346E6
:105110000AAA08460095FFF7F2FD23463A4612A96F
:105120000AA80095FFF7EBFD0AA9434602AA084624
:10513000FFF795FE234652460AA950460095FFF711
:10514000DEFD2A4612A93846FFF772FD1AB0BDE807
:10515000F087F0B50F46A1B0064619463846154609
:105160001C46FFF72DFD28B1304621B0BDE8F040C8
:10517000FFF720BD224639466846FFF759FD29460C
:1051800008A8FFF755FD214610A8FFF713FD0123DE
:10519000214618A81093FFF70DFD224608A968467E
:1051A000FFF752FD30B9224610A93046FFF740FD07
:1051B00021B0F0BD009BDA0709D421466846FFF70D
:1051C00060FC2246294610A8FFF768FCE5E7089B2B
:1051D000DB0707D4214608A8FFF753FC22462946DF
:1051E00018A8F1E7002823461CDD08AA694668468E
:1051F000FFF751FD21466846FFF743FC224618A9F8
:1052000010A8FFF721FD002805DA10A923462A4639
:105210000846FFF71CFC10A9234618AA0846FFF70A
:105220003AFDCEE76A4608A8FFF735FD214608A8F3
:10523000FFF727FC224610A918A8FFF705FD002854
:1052400005DA18A923462A460846FFF700FC18A9E4
:10525000234610AA0846FFF71EFDBFE7097849005C
:1052600049B2FFF7ADBCF0B5154689B01C460746FC
:105270000E461A4629466846FFF701FE23466A464F
:1052800039463846FFF7EBFD23462A46694668460D
:10529000FFF7E5FD23466A4631463046FFF7DFFD5E
:1052A00009B0F0BD2DE9F0478AB01446DDF848A0FA
:1052B00055461F4615F9046B0096804689462B46D5
:1052C0000246214602A8FFF71AFD02A952460846E7
:1052D000FFF7D5FD534602AA41464046FFF7BFFD02
:1052E000534602AA21462046FFF7B9FD2B464A46FF
:1052F000394638460096FFF702FD5246394602A865
:10530000FFF7BDFD02A92B46424608460096FFF76F
:10531000F6FC02A92B46224608460096FFF7EFFC52
:105320002B464246214620460096FFF7E8FC5346AE
:10533000224649464846FFF792FD2B4602AA4146BF
:1053400020460096FFF7DBFC534622463946384696
:10535000FFF785FD2B464A46394638460096FFF74B
:10536000CEFC324602A92046FFF762FC0AB0BDE837
:10537000F0872DE9F04FAFB09146399C039094F936
:10538000006016A832461D46FFF752FCB300049396
:1053900001EB8603884626A819460293FFF748FCCE
:1053A000002D00F08180294606A8FFF741FC324617
:1053B00016A90EA8FFF73CFC26A91EA8FFF738FC8B
:1053C000234606AA16A8FFF74EFFD4F8A45023469A
:1053D00006AA26A916A8A847234606AA1EA90EA80B
:1053E000FFF741FFBDF9E050023D2DB2002D62DC18
:1053F000D9F80050009405F001070EAB03EB4719F4
:10540000ED431EAB03EB471705F001050EAB03EBB5
:10541000451A1EAB03EB45152B4652463946484606
:1054200004F1040BFFF707FE5B460EAA16A906A8B7
:105430000096FFF764FC06A923463A460846FFF7A4
:105440000EFD06A9234642460846FFF708FD06A9B9
:1054500033465A460846FFF77CFE06A9029A2346C1
:105460000846FFF7FCFC06A923464A460846FFF714
:10547000F6FC3B464A46294650460094FFF712FF89
:10548000234606AA1EA90EA8FFF7EDFE0398324692
:105490000EA9FFF7CDFBDDE903031EA91844FFF7B2
:1054A000C7FB2FB0BDE8F08F314606A8FFF782FB9F
:1054B000012306937BE729464846FFF790FBB0FAA5
:1054C00080F77F09C7F101010EAB03EB411B1EAB57
:1054D00003EB41110EAB03EB471A1EAB03EB47176F
:1054E0003B465246584600940591FFF7A4FD0599A6
:1054F00000940B465A4639465046FFF7D3FE013D0D
:1055000073E72DE9F843B3F9029019F11F0648BF7C
:1055100009F13E060F4603F1240546F347160146FE
:10552000904633462A463846FFF791FA044690B92A
:10553000B9EB461F06DA49463846FFF750FB041E12
:1055400018BF012433462A4639464046FFF77FFA02
:105550002046BDE8F8830124F4E730B5144695B041
:1055600005460CAA2346084604A902910392FFF7B8
:10557000C8FFB0FA80F301945B0914AA02EB83021E
:10558000638801331BB2009352F8482C002304F1C6
:1055900044012846FFF7EDFE21462846FFF75EFE50
:1055A000B0FA80F0400915B030BDF0B500254F1EAF
:1055B0006CB28C4205F1010500DBF0BD3B1B23F012
:1055C000030603F003039659DB0026FA03F30355A1
:1055D000EEE7F8B50E46D11C48BF911D144641F3C5
:1055E00087010546671EFFF7E5FA002042B2A24296
:1055F00000F1010000DBF8BDBB1A23F00301B25C2F
:1056000003F00303DB009A406B5813436B50EDE744
:10561000F0B591B091F9006005460C46FFF71EFE0B
:1056200028BB271D324629463846FFF70DFB0128C7
:1056300020D1324605EB86013846FFF705FB0128ED
:1056400018D122466846FFF71AFCD4F8A830224643
:10565000294608A89847324608A96846FFF709FB7B
:10566000002814BF6FF00200002011B0F0BD4FF011
:10567000FF30FAE76FF00100F7E7F0B50C4691F95B
:10568000017091B02646014605463A466846FFF746
:10569000A0FF16F9440B3A46E9190DEB8000FFF71D
:1056A00098FF102231466846FFF7CEFA28B121460E
:1056B0006846FFF7ADFF11B0F0BD6FF00300FAE7E9
:1056C000CB780278534003704B8842785340437044
:1056D0000A68837883EA122383700A68C378534088
:1056E000C370CB79027953400371CB884279534020
:1056F00043714A68837983EA122383714A68C379C4
:105700005340C371CB7A027A53400372427A4B8979
:10571000534043728A68837A83EA122383728A68C9
:10572000C37A5340C372CB7B027B53400373CB8954
:10573000427B53404373CA68837B83EA122383739B
:10574000CA68C37B5340C37370471FB502788DF896
:10575000002042798DF80120827A8DF80220C27BE8
:105760008DF8032002798DF80420427A8DF8052007
:10577000827B8DF80620C2788DF80720027A8DF89A
:105780000820427B8DF8092082788DF80A20C279A2
:105790008DF80B20027B8DF80C204278C37A8DF8AF
:1057A0000D2082798DF80E208DF80F3010236A4677
:1057B0001946FFF786F805B05DF804FBF8B5064614
:1057C00008780C46FFF78CF805466078FFF788F8F4
:1057D000A27863785340E27853405D40684030706F
:1057E00060782778FFF77CF80546A078FFF778F80F
:1057F000A3785F40E3785F407D40684070706378D5
:105800002778A0785F40FFF76BF80546E078FFF750
:1058100067F8E3785F407D406840B0702078FFF71C
:105820005FF8627823785340A278534080EA0305FA
:10583000E078FFF755F8EDB24540F570F8BD70B56A
:10584000144688B00546002849D0002949D0002ACE
:1058500049D010230A4668461946FFF732F8214618
:105860006846FFF72DFF103401F1A0066846DBF70C
:1058700045FF6846FFF769FF694604A8FFF79EFFEA
:1058800001A905A8FFF79AFF02A906A8FFF796FF4E
:1058900003A907A8FFF792FF102319460DEB030297
:1058A0006846FFF70EF8214668461034FFF708FFF8
:1058B000B442DBD1DBF722FF6846FFF746FF214603
:1058C0006846FFF7FDFE102319466A462846FEF794
:1058D000F8FF684610220021FFF700F8012008B009
:1058E00070BD0846FBE71046F9E710B50A460F30D1
:1058F00012F9103B002BACBF0023872312F8014D97
:1059000083EA44038A4200F8013902D01378DB09A4
:10591000F4E710BD08B520B158220021FEF7DEFFE4
:10592000012008BD10B5044688B110220021FEF701
:10593000D5FF102204F130000021FEF7CFFF002335
:10594000636400224FF48033C4E91423012010BDA6
:1059500070B504460D46164610B311B35822002107
:10596000FEF7BCFF2946A6643046DBF7D3FE1022C3
:1059700000212046FEF7B2FF04F11005A26C21467B
:105980002046FFF75CFF21462846FFF7AEFF294679
:1059900004F12000FFF7A9FF2046FFF7C3FF012015
:1059A00070BD0846FCE72DE9F0410E461546044659
:1059B000002860D0FAB100295DD0D0E9143253EA52
:1059C000020158D0013BD0F8448042F1FF32C0E9D7
:1059D0001432B8F1000F2CD0C8F1100708F13000D4
:1059E000BD4220440AD22B4632462946FEF769FFC3
:1059F000636C2B4463640120BDE8F0813B46324672
:105A00003946FEF75EFF103D0023636445443E4483
:105A1000631E04F10F0113F8012F93F830008B423D
:105A200082EA00021A70F6D1A26C21462046FFF7E6
:105A300006FF04F10F07102D0AD8002DDBD02B46EE
:105A40003246294604F13000FEF73BFF6564D2E799
:105A5000631E711E13F8012F11F8010FBB4282EA79
:105A600000021A70F6D1A26C21462046FFF7E7FE2D
:105A70001036103DDFE70020BEE770B50C46054646
:105A8000E8B169B34A6C102A1AD11031631E01398A
:105A900004F10F0013F8012F93F83060724011F8F1
:105AA000016F984282EA06021A70F3D1A26C214675
:105AB0002846FFF7C4FE2046FFF72CFF012070BDEB
:105AC00002F130000021C2F110022044FEF706FF6F
:105AD000636C2344802283F8302004F12001D5E751
:105AE0000846ECE7FAF726B901460068FAF722B94A
:105AF00008B5DBF761FEBDE80840DBF78FBE00218B
:105B00000120FFF7EFBF202809D9B0F1004F08D8D6
:105B10000138B0FA80F0C0F11F0040007047082043
:105B200070473E2070472DE9FF410E4698461446C7
:105B300005460027B74220DA6868C8B1B8F1000FFF
:105B400007D0431E184216D11F2814D92A681342C1
:105B500011D12B680193FFF7D6FFAB680343039382
:105B6000E3B2072B07D8204601A9DCF76DF9013411
:105B700001370C35DEE76FF01504204604B0BDE8B0
:105B8000F0818170704700207047036942685B684C
:105B900052681374C3F3072353740020704730B462
:105BA00044680069057B35B1407B20B9206A30BC70
:105BB0000079FEF7D5BB6FF00A0030BC704730B5F6
:105BC00085B014460A888B78ADF8002005460D2272
:105BD00000210DF103008DF8023007F0F5FA6A4656
:105BE00069462846F0F79CFE28B9BDF800209DF8CC
:105BF00002302280A37005B030BD13B50C4601AA57
:105C00000331FFF7DCFF48B9032201A9204607F062
:105C1000A9FCB0FA80F0400902B010BD0020FBE7FB
:105C200070B5CE1C05460C4630460321F0F776FED3
:105C300060B9637903F03F0343F040036371224688
:105C400031462846BDE87040FFF7B9BF70BD2DE969
:105C5000F0414FF0FF3206460D464FF0FF33002172
:105C60000F20DCF7A5FE012700F10C08044607769B
:105C70000221404604F05AFA0F23042103704170B8
:105C8000404604F053FA4770468005702046BDE850
:105C9000F041DDF72DBC01F12003013813F8012D8F
:105CA00000F8012F8B42F9D1704790F8223043F071
:105CB000060380F8223090F8293043F0040380F87E
:105CC0002930704708B5F0F729FEB0FA80F0400996
:105CD00008BD70B50D4600210446FEF7EEFC0D2808
:105CE00018D1237B302B13D0312B13D1012305F88E
:105CF000063B04F10C062A46204601230221023409
:105D0000FDF7D3FBB44205F1FF35F4D1002070BD9F
:105D10000023ECE76FF01500F9E7DBF76BBB002021
:105D2000704710B50C46017822788A428AB00FD0AD
:105D30006946DCF799FD05A92046DCF795FD1022A0
:105D40000DF115010DF1010007F00CFC0AB010BDBA
:105D5000012A06D0022A07D072B940886388C01A87
:105D6000F4E740686368FAE71022611C01300AB06A
:105D7000BDE8104007F0F6BB6FF01500E6E7042A17
:105D80000AD0102A0DD0022A4FF0000315D103705B
:105D90000B88438001207047012303700B68436028
:105DA000F8E7022300F8013B01F1100351F8042B3E
:105DB00040F8042B9942F9D1ECE7184670470123CB
:105DC00010B50621044600F8013BF0F7A7FD18B90D
:105DD000A37963F03F03A37110BD0B6803608B8848
:105DE00083808B798371037823F0020303707047FB
:105DF0000078C0F340007047F7B504460E461746DA
:105E0000A388012B01D803B0F0BD204604F0C7F9E8
:105E100005460028F7D0A3888342F4D3204604F037
:105E2000BEF9013D23688DF80000394668468DF8BB
:105E300001500193B0470028E5D02946204604F0E0
:105E40009EF9DDE70F2807D80D280BD8052808BFD5
:105E5000032018BF02207047132803D01A2808BF58
:105E60000120F6E7012070477047D0F8B83083B1C1
:105E70005A7BD1070DD5D2060DD51B7B102B14BF35
:105E8000032304234372807A98428CBF00200120B0
:105E900070470223F6E70323F4E710B50346BFF388
:105EA0005B8F53E8000F40EA010243E80024002C16
:105EB000F7D1BFF35B8F10BD0B4601461878DCF7B6
:105EC000A3BD70B5C6683578B6F8010005BB0F21D3
:105ED000DFF726F80446D8B1F37803732946DEF7D6
:105EE00041FFA378012B04D02046BDE8704000F0AC
:105EF00096BEBFF35B8F6368BFF35B8FDB07F3D5A1
:105F000020460221DEF72EFF2846DEF753FAEBE7A4
:105F100070BD01210C3004F03AB970B5C56801219B
:105F20002888DEF7FDFF044690B16E88EA88A988CC
:105F30002B89A0F8C430A0F8BE60A0F8C010A0F86B
:105F4000C220DFF781F82046BDE8704000F067BE50
:105F500070BD0B6803608B8883808B798371704779
:105F60000B6803608B888380704738B5C568012152
:105F7000B5F80100DEF7D4FF044698B12B783BB9A1
:105F8000D5F80330C0F8AD30D5F80730C0F8B130DF
:105F9000201D4FF40051FFF780FF2046BDE8384038
:105FA00000F03DBE38BD30B402EBC30304460846E2
:105FB0009A4201D130BC7047114611F8085BA542E6
:105FC00006D1018A53789942F4D330BC53681847FC
:105FD0000A46EDE7BFF35B8F50E8003F0B4040E817
:105FE0000032002AF8D1BFF35B8F70477047C0F3CF
:105FF00007231070000E5370D0700023C1F30720E8
:10600000090E9370137150719371D17170472DE91E
:10601000F843C7683A78012303EB8203028A93426C
:106020005FD9BDE8F8836369002B33D182F311880F
:10603000BFF36F8F204600F0F2FD01353B789D42A3
:10604000EFDA07EB85030F21B3F80100B3F8036023
:10605000DEF766FF04460028EFD000F12809002E85
:10606000E8D04FF02003EFF3118283F31288BFF3DF
:106070006F8FE369002BD6D0013BE36182F3118877
:10608000BFF36F8F2046DEF795FD013EFAF706FA63
:10609000B6B2E4E7A169186860618B4208BFA061ED
:1060A00082F31188BFF36F8F4FF02002EFF311815D
:1060B00082F31288BFF36F8FDA68E261C3F80C8055
:1060C000C3F80080626A4AB9C4E9083381F31188D1
:1060D000BFF36F8F4846FAF7E3FAD3E713606362C2
:1060E000F4E70025A846A9E773B5C5680121B5F80E
:1060F0000100DEF715FF044600284ED02B781A2B3E
:1061000000F1040619D1C378012B2AD14FF4806124
:106110003046FFF7C2FE42050FD4D4F8A0300093FA
:106120006946D4F8A83001932046DFF72DFC2046BD
:1061300002B0BDE8704000F072BD2B788BB9B5F8A5
:106140000330A4F89E30B5F80530A4F8A430B5F8B3
:106150000730A4F8A6306FF480713046FFF73AFF9D
:1061600017E0BFF35B8F6368BFF35B8FDB05F2D58E
:106170002B78202BEFD194F8AC30002BEBD0013BE7
:1061800084F8AC304FF42032002304F15800FAF7C1
:10619000EFFA2046DEF716FFC9E702B070BDF0B592
:1061A000C5682F8887B00121B8B2DEF7B9FE064670
:1061B00058B302ACD5F80220D5F8063001946989AD
:1061C000009103F0A8FB10B3122142F21A00DCF791
:1061D000D7FD0546B0B112210C3003F0A7FF0346EE
:1061E000224623F8027B06AF144603CCBC4218605B
:1061F0005960224603F10803F6D1294642F21A00FB
:10620000DCF7F8FD304600F00AFD07B0F0BD0221D2
:1062100042F21B00DCF7B4FD04460028F2D0022154
:106220000C3003F083FF2146078042F21B00E7E7B2
:1062300070B506460D4642F221000321DCF7A0FDB1
:10624000044660B103210C3003F070FF06808570B6
:10625000214642F22100BDE87040DCF7CBBD70BDA5
:1062600073B5C368D9789A781E8842EA0122ADF8DE
:10627000002059791A7942EA0122ADF80220D97931
:106280009A7942EA0122ADF804201A7A5B7AB4B214
:1062900042EA032301212046ADF80630DEF740FE36
:1062A000054628B902212046FFF7C2FF02B070BDA3
:1062B0006946DEF70DFF38B91E212046FFF7B8FF0B
:1062C000284600F0ACFCF1E70E2142F22000DCF79A
:1062D00057FD04460028F3D00E210C3003F026FFB2
:1062E00000230680C0F80A30BDF800304380BDF8B6
:1062F00002308380BDF80430C380BDF806300381CE
:10630000214642F22000DCF775FDD9E738B5C568B3
:106310000121B5F80100DEF703FE044688B1E878F4
:10632000DCF722FE84F8BC002879DCF71DFE84F837
:10633000BD002046DEF7AAFE2046BDE8384000F04A
:106340006EBC38BD70B506460D4640F206400321CE
:10635000DCF716FD044668B103210C3003F0E6FEBD
:106360000680857021460022BDE8704040F206405C
:10637000DCF762BD6FF0680070BD2DE9F047814623
:10638000884642F2320007219DF820A017461E469B
:10639000DCF7F6FC0546A0B107210C3003F0C6FE81
:1063A000B9F80030038080F80280C7700671A0F849
:1063B00005A029460022BDE8F04742F23200DCF792
:1063C0003BBD6FF06800BDE8F087C068DCF74CBEED
:1063D00010B503884288934219D8052B17D9B2F516
:1063E000486F14D88388B3F5FA7F10D2C088A0F123
:1063F0000A0189B240F67644A14208D801339BB223
:106400005343B3EB800F34BF0120002010BD0020A8
:10641000FCE738B5C3680F21B3F801001D78DEF73B
:106420007FFD044620B365B12846DCF7B1FF29465D
:1064300002462046DEF7B4FE2046BDE8384000F0B4
:10644000EEBB8378012BEFD103F07EFC2046FFF7F3
:106450000CFD0028E8D10520DCF79AFF0521024653
:106460002046DEF79DFE0521204600F0F8FCE3E71C
:1064700038BD70B5C6680F21B6F801003578DEF773
:106480004FFD044668B365B12846DCF781FF294615
:1064900002462046DEF784FE2046BDE8704000F04C
:1064A000BEBB8278F378C372012A05D00020DCF7E6
:1064B0006FFF00210246ECE70BB103F045FC2046DC
:1064C000FFF7D3FC0028F1D10520DCF761FF05219F
:1064D00002462046DEF764FE0521204600F0BFFCA0
:1064E000DAE770BDDBF792BF40F2C130704708B504
:1064F000E3F794F818B1C089003818BF012008BD2F
:1065000070B54FF0FF320D464FF0FF3300210646C5
:10651000DCF74EFA022104460C3003F007FE067049
:106520004570204670BD033138B5C9B205460E200E
:10653000FFF7E6FF032104460C3003F0F7FD0123CB
:106540000370A0F80150204638BD70B505460E46D0
:106550000F200421FFF7D4FF042104460C3003F080
:10656000E5FD0122067042704580204670BD08B5E9
:10657000072206F0F7FFB0FA80F0400908BDBFF32C
:106580005B8F0068BFF35B8F70470B6803608B887D
:10659000838070470B6803608B8883808B7983715D
:1065A0007047F8B50F46144630BB272142F227004A
:1065B000DCF7E6FB054610B327210C3003F0B6FDEF
:1065C0003946FFF7E7FF06462246C31D04F11001D6
:1065D00052F8040B43F8040B8A42F9D1102200212F
:1065E00006F1170006F0F0FD29460022BDE8F8404C
:1065F00042F22700DCF720BC6FF01500F8BD6FF009
:106600006800FBE7037A5B07024605D501462A329C
:1066100011F8010BFFF7C5BF704738B501210546DA
:1066200042F22D00DCF7ACFB044658B129460C3091
:1066300003F08BFD21460022BDE8384042F22D00D8
:10664000DCF7FABB6FF0680038BD10B400F110033E
:10665000BFF35B8F53E8002F22F4004143E800149E
:10666000002CF7D1BFF35B8F130404D55DF8044B06
:10667000012100F0DFB95DF8044B70472DE9F041CE
:10668000D1F8048086B004460D46B8F1000F1DD144
:10669000037A5B071AD50E68411C701CFFF767FF71
:1066A0002A36162241460746684606F08DFD10221E
:1066B0006946304606F056FF30B1102204F12A0137
:1066C000304606F04FFF00B107B16C6006B0BDE880
:1066D000F08100F1100208B503461046FFF74FFFA6
:1066E000010611D5BFF35B8F52E8000F40F4004064
:1066F00042E800010029F7D1BFF35B8F1846002163
:10670000BDE8084000F096B908BD10B50C4630B998
:1067100019B1E2F72FFF00B1441C204610BD002440
:10672000FBE718B111B10846DDF70EB86FF01500A0
:10673000704713B5044680B106216846F0F7EEF8BD
:1067400048B99DF80530694603F03F0320468DF8AF
:106750000530FFF7E6FF02B010BD6FF01500FAE755
:1067600008B5DDF7A3FB10B11030FFF708FF0120DB
:1067700008BD037AD90704D523F001030372DDF7BE
:1067800067B8990704D523F002030372DDF708B94F
:10679000704700207047034610F4004F0CBF0720DD
:1067A0000620DA0348BF00F005009B0348BF00F055
:1067B000FB007047BFF35B8F0068BFF35B8F7047D0
:1067C00010B50346BFF35B8F53E8000F00EA0102E8
:1067D00043E80024002CF7D1BFF35B8F10BD0B689A
:1067E00003608B8883808B79837170472DE9F74F25
:1067F0000C46202100909246DCF7C2FA054600289C
:1068000050D020210C3003F091FC20220021814641
:1068100006F0DAFC09F1010B04EBCA0A0026D4F8F1
:1068200000800023626893420CD30834A245F6D15D
:10683000009889F800600022294603B0BDE8F04FB7
:10684000DCF7FABA98F8012098F800C0B01C1118CB
:106850001F2908D9BCF1090FC0F11F021AD1002A63
:1068600018DD4FF0080CD7B2791C0BF80610711C1C
:10687000C9B25BFA80F00BF801C0D8F8041001939C
:10688000023706F079FC019B3744FEB2013308F170
:106890000808C7E72846F3F7B1FB6FF0150003B00F
:1068A000BDE8F08F6FF06800F9E7012310B403FA38
:1068B00001F104466AB1BFF35B8F54E8003F0B431C
:1068C00044E80032002AF8D1BFF35B8F5DF8044B37
:1068D00070475DF8044BC943FFF772BF2DE9F04FD5
:1068E00087B005469DF84860DDF840909DF844A0CB
:1068F0000C4690460021102202A81F4606F064FCB8
:10690000EEB9CDE90248012202A942F20800FFF7E0
:106910006DFF044678B9BAF1000F3ED11035BFF3D0
:106920005B8F55E8003F43F0040345E80032002A3E
:10693000F7D1BFF35B8F204607B0BDE8F08FDCF7DF
:10694000AFFE8346E4B937BB5846CFF755FD092360
:10695000012ECDE901B48DF800308DF80100CDF89D
:106960000C80D0D1CDF810D005960222CCE714F8D7
:106970003320083A012A25D901339845F7D1E2E7B7
:106980000023FAE717F83320083A012A1AD901330D
:106990009945F7D1D8E70023FAE7022E4FF001021C
:1069A00008BF059202A908BF324642F2090008BF9B
:1069B000CDF810D0CDE90279FFF718FF0028ADD04F
:1069C0000446B8E76FF01504B5E7436813F0080014
:1069D0000AD05A0307D403F4C063B3F5806F14BF21
:1069E0000220012070470120704770B5064686B02E
:1069F0000D4642F20A000121DCF7C2F90446B0B1AB
:106A00000C3095B1012103F0A0FB06F1100203A99F
:106A1000204600950723DCF7A1F90022214642F227
:106A20000A00DCF709FA06B070BD2946EBE76FF003
:106A30006800F8E7FFF7D9BF183006F068B8DDF74F
:106A40008FBB10B50346BFF35B8F53E8000F00EA1E
:106A5000010243E80024002CF7D1BFF35B8F10BD87
:106A60000B6803608B8883808B7983717047DDF7B7
:106A70001DBC036800220BB9184670478B4210D129
:106A80000B6842B942680360914200D14360002321
:106A90000B600120704713604368994208BF426051
:106AA000F5E71A461B68E6E710B50346BFF35B8FB0
:106AB00053E8000F00EA010243E80024002CF7D15C
:106AC000BFF35B8F10BDBFF35B8F0068BFF35B8FBD
:106AD000704710B50346BFF35B8F53E8000F40EAE1
:106AE000010243E80024002CF7D1BFF35B8F10BDF7
:106AF0002838DDF767BF10B50446006918B1F3F711
:106B00007DFA0023236110BD2DE9F04104460027E2
:106B100004F1380600230022304603F0C7FA03468A
:106B200050B92046FFF7E7FF04F158000022BDE806
:106B3000F0410023F9F750BE9D699F61F3F75EFABB
:106B4000002DE7D029462046DDF76CFFE0E770B561
:106B5000164604460D46DDF735FF012E17D0022EEE
:106B600017D1236913B12046FFF7C5FF25612169BD
:106B70000A8A012A37D9CB681B8804339BB29A4210
:106B800031D328D92046BDE87040FFF7B4BF206953
:106B900018B92046FFF7AFFF01E02E8A26B9284634
:106BA000BDE87040F3F72ABA0C3003F00CFB8642C4
:106BB00007D921690022204600F0F5FA002323615D
:106BC000EDE720692A8AE9680C3003F0B5FA284617
:106BD000F3F714FACBE70023236120460122BDE836
:106BE000704000F0E0BA70BD10B5034600F1C80275
:106BF0001046FFF768FF80B1BFF35B8F411C52E87E
:106C0000004F844204D142E8001CBCF1000FF6D1D1
:106C1000BFF35B8FECD1184610BD0346FBE708B508
:106C20000346C830BFF35B8F50E8002F013A40E8BD
:106C300000210029F8D1BFF35B8F5A8840F201137D
:106C40009A4206D1FFF73FFF18B9BDE80840DDF7CB
:106C5000C3BA08BD2DE9F84307460E469046002406
:106C60004FF0D009B44203D100231846BDE8F883A1
:106C700009FB0470FFF7B8FF034658B1457B012DAF
:106C800002D0073D012D03D81A884245EDD01846A1
:106C9000FFF7C5FF0134E5E710B50446DEF726FE31
:106CA0002046BDE81040DDF76FBE10B50446D0F8B1
:106CB000B80028B9207A04F18801E2F7AFFC38B1B6
:106CC000E278C3892AB913F0210F14BF01200020F4
:106CD00010BD13F0240FF8E72DE9F843089E102E9D
:106CE00081460C4690461F462ED81C2142F21900C0
:106CF000DCF746F8054658B31C210C3003F016FAB1
:106D00000346B9F8002023F8022B2268C0F80220BD
:106D100062685A60B8F80030438100F10C043246D2
:106D20003946204606F028FA102E05D0C6F110028A
:106D30000021A01906F048FA29460022BDE8F843D0
:106D400042F21900DCF778B86FF01500BDE8F8835F
:106D50006FF06800FAE70346C07A18B1D3F8B800BC
:106D600000B1007B704738B5437B072B04461ED12A
:106D70000B0601F07F050BD54FF400610430FFF7DF
:106D8000A8FEA572204602F03BFE68B9002038BD7F
:106D9000437AAB42FAD2837AAB42F7D26FF4006106
:106DA0000430FFF781FEECE7637AA372EFE76FF040
:106DB0007F00ECE7407A704737B505460C46FFF791
:106DC00017F82946A8B16846FFF707F8694600207A
:106DD000DEF714FA58B12388A0F8A0306388A0F831
:106DE000A230A388A0F8A430E388A0F8A63003B0AE
:106DF00030BDFFF78AFC0346006800909A889B79B3
:106E00008DF80630ADF80420E0E738B5037A8B4200
:106E10000446154615D100F188010722284606F0E0
:106E2000A1FB80B1E378072243B904F1960128461B
:106E300006F098FBB0FA80F0400938BD04F18F01EC
:106E4000F5E70020F9E70120F7E708B5DEF7F4F9E8
:106E500010B1FFF7E4FE012008BD8830704738B557
:106E60008378012B04460D4603D100218830DEF7DC
:106E700029FB637B023B062B28D8DFE803F00427BD
:106E800027270E190C00204625730021DDF76AFF25
:106E90000020DDF78FFA002038BDA378012BFAD14E
:106EA00004F1580005F033FEBDE83840DCF7C2B805
:106EB00020882946FFF746FA0028EDD1637B072B8F
:106EC000E9D108212046DDF74DFFE4E76FF07F00B0
:106ED000E2E7F8B507460D4642F213000E21DBF754
:106EE0004FFF0646D0B10E210C3003F01FF90E22E1
:106EF0000446002106F068F93B8823802B886380D4
:106F00006B88A380AB88E380EB8823813146002225
:106F1000BDE8F84042F21300DBF78EBF6FF0680067
:106F2000F8BD10B50346B0F89E200888904214D8EA
:106F30004888904211D3B3F8A4008A8890420CD1BB
:106F4000B3F8A600CA88904207D16FF40071181DEB
:106F5000FFF7AAFD6FF0770010BDDA7822B9BDE81F
:106F600010401846DEF712BB1A1D1046FFF7ABFDA6
:106F7000C0F3C0140006F2D40888A3F8A000488823
:106F8000A3F8A2008888A3F8A800C988A3F8AA10CB
:106F900010464FF40071FFF79CFD2046DCE7704778
:106FA000F8B507460E46154600234FF480320421FB
:106FB0000020DDF7F5FF044630B104210C3003F06A
:106FC000B5F80770467045802046F8BD704770B52B
:106FD000D0E90035044623B16B6803B1984700231C
:106FE0002360E3680BB1204698472B6A1BB120460B
:106FF000BDE87040184770BD38B5006D30B150F82D
:10700000084904B1083CFFF7E2FF04B938BDA568A0
:107010002DB12046083DFFF7DAFF2C46F7E7204662
:10702000BDE83840FFF7D3BF38B5036D0D46BBB19F
:10703000184650F8084904B1083C53F8043C9B68D2
:107040000BB1294698475CB12046A468436824B137
:107050009B68083C002BF4D1F6E79B68002BF0D12D
:1070600038BD0431DDF79CBF2DE9F04114460546DB
:107070000F4602F10C0004211E46DDF8188003F0D3
:1070800076F8228A4780043A0280434632462146F7
:107090002846BDE8F041DDF7CBBD37B505460222F5
:1070A0000120FFF77DFF044698B102210C3003F068
:1070B0003DF80023037043702246009305212846C3
:1070C000FFF7D2FF28B1204603B0BDE83040F2F709
:1070D00095BF03B030BDF0B50B8A032B85B00446D5
:1070E0000D4611D9042105F10C0003F050F82B8A4C
:1070F00046889E4208D1417831B10378122B06D0E0
:10710000132B01D0012B42D1002005B0F0BD072E7A
:107110002468EA68F8D9637B072BF5D1E7781FB1BB
:107120002046FFF7BAFFEFE71388ADF80830538821
:10713000ADF80A309388ADF80C30D388ADF80E3036
:1071400002221320FFF72CFF05460028DCD002A9FD
:107150002046DDF7BDFF0221064605F10C0002F0D6
:10716000E5FF86F00103DBB203802A4600973B4629
:1071700005212046FFF778FF10B12846F2F73EFFC1
:10718000002EC1D002A92046FFF7A3FEBCE720686D
:10719000C7E7006D30B183898B42A0F1080001D0B0
:1071A0008068F7E7704738B50B8A032B05460C4615
:1071B00004D82046BDE83840F2F720BF042104F18E
:1071C0000C0002F0E4FF41882846FFF7E2FF0028A8
:1071D000EFD0436821465B699847EAE7704703466A
:1071E000006828B1596802681A60884208BF5A606E
:1071F00070470346002003B970471A8A5B68104441
:10720000F9E710B5D4682378023113B92170012051
:1072100010BD8B42FBD0038A023B03820020106129
:10722000F6E70620704708B5437B072B01D0002006
:1072300008BD0421FFF7ADFF0028F8D0BFF35B8F36
:10724000036BBFF35B8F5B07F1D550F8040CEFE7DE
:1072500008B503680A8A1868C96801F0E9FE0020C9
:1072600008BD38B5054601F10C000C4602F09FFF41
:107270002D68238AE2680146286801F0A6FE0020F6
:1072800038BD70B405686A6A52B3136803B1A03B95
:10729000A2F1A0040022114600E0A03B844207D0E6
:1072A000668D648BB14238BF3146A24238BF224658
:1072B0001C462BB1D3F8A030002BEED18442EFD185
:1072C000438D408B8B4201D890420BD9824238BF0C
:1072D00002469942286838BF194670BCE0F76EBE76
:1072E0001146EDE770BC704773B51446014605467C
:1072F0004FF49572206801F085FA207500BB237A5F
:10730000B3B1A3F11802534253419B000193638A26
:107310000093AE68238AE26820682946B0470028B7
:1073200008DB238A98420ED100232375012008E050
:107330000223EBE710F1FF0F05D34042C0B22075E6
:10734000002002B070BD0E20F9E71FB5CDE9012382
:10735000002300931A46DFF7C1FE05B05DF804FB79
:107360002DE9F04F91B0166880460F46002542F691
:1073700001030068D6F804908DF82C500BA9144630
:10738000ADF82E30FEF7CDFC002800F089804FF4D8
:107390002053D8F800008DF82C500BA9ADF82E30F2
:1073A000FEF7BFFC38B1A3681BB15A88BA4200D2BD
:1073B0005F8001200EE061680846FFF71AFF728BBC
:1073C000738D9A4294BFC0EB0200C0EB0300032808
:1073D00003D8002011B0BDE8F08F084602F06EFE21
:1073E00005466068FFF705FF728B738D05F10C0B86
:1073F0009A4294BFC0EB020AC0EB030A584602F05F
:10740000E2FE824544D26068FFF7F3FE728D738B13
:107410009A4294BFC0EB0200C0EB030070B96368EE
:10742000987AF2F73DFD0022002302F03AFE05466D
:107430000028CED00146606802F051FE0023009380
:10744000D8F80460102302AA41464846B047061EF9
:1074500026DB227CE068B2421ED001460BA8FEF774
:107460008EFCE8B1F2B202A906A8FEF788FCB8B11A
:1074700006A90BA8FEF755FC90B9002363740421FC
:1074800005F10C0002F052FEA0600780A3688FE7B0
:10749000584602F098FEC1E702A906F063F8EBE750
:1074A0000023A36085E7D0680378043113B9017025
:1074B000012070478B42FBD091680B8A0020043B6F
:1074C0000B8210617047F8B59368166805460F4641
:1074D000144663B9506801210C3002F027FEA06009
:1074E0002B681B78002B14BF022301230370A368B1
:1074F0001B78012B03D0022B1FD000201CE02B682F
:107500001B78002BF9D1606804210C3002F00EFECC
:10751000E06007802A68E36852885A806168728D4B
:10752000738B088A9A4294BFC0EB0200C0EB030041
:10753000042894BF00200120F8BD2B681B78022B83
:10754000DBD1606812210C3002F0F0FDE0600780B2
:107550002B68E268591C0232113351F8040B42F8CF
:10756000040B9942F9D16168728D738B088A9A4233
:1075700094BFC0EB0200C0EB03001228D9E72DE94D
:10758000F04F044685B0104690469946FFF731FE0D
:10759000638B628D934228BF134683428B4640F231
:1075A000938063680393404602F088FD4FF0000A21
:1075B00006464046FFF71DFE628B638D06F10C0701
:1075C0009A4294BFC0EB0205C0EB0305384602F0B7
:1075D000FAFD854217D24046FFF70BFE628B638DA2
:1075E0009A4294BFC0EB0205C0EB03058DBB98F82F
:1075F0000A00F2F755FC0022002302F052FD064675
:1076000030B9574636E0384602F0DDFD0546EDE775
:107610000146404602F063FD4046FFF7EAFD628DF9
:10762000638B06F10C079A4294BFC0EB0205C0EBD6
:107630000305384602F0C7FD85421FD24046FFF7DA
:10764000D8FD628D638B9A4294BFC0EB0205C0EBFC
:107650000305F168328ACDF80090DBF804700398D6
:107660000A44ABB25946B847071E0CDABAF1000F0C
:1076700018BF5746384605B0BDE8F08F384602F0CF
:10768000A2FD0546E5E70E9BB3B9394606F10C00AD
:1076900002F04CFD4046FFF7ACFD638D628B9342D8
:1076A00028BF1346B9448342BA441FFA89F9A8D9BE
:1076B000AF423FF47EAFA4E70F9A0E9B39463046A7
:1076C00098470028E1D19CE70027D3E70368002210
:1076D00003B970478B420FD10B683AB94268036017
:1076E000914200D1436000230B60704713604368F0
:1076F000994208BF4260F6E71A461B68E8E7012393
:107700008B40DB43BFF35B8F50E8002F1A4040E80B
:1077100000210029F8D1BFF35B8F70470620704726
:1077200073B516680546002370681373144629461E
:10773000952201F067F8207380B9CDE90000294651
:10774000A388A2683046FFF71AFF002809DA10F173
:10775000FF0F26BF4042C0B20E202073002002B0AF
:1077600070BD0120FBE72DE9F341166807460023B1
:107770007068137314463946952201F043F80546A4
:10778000207308BBA068718D728B038A914294BFED
:10779000C3EB0103C3EB0203012B15DD02210C3007
:1077A00002F0C4FCCDE900558046A388A2683946A2
:1077B0003046FFF7E4FE031E0ADA13F1FF0F26BF7F
:1077C0005B42DBB20E232373002002B0BDE8F081E0
:1077D000A8F800300120F8E7F8B504468868FFF7FC
:1077E00008FD638D628B934228BF134683420D468A
:1077F0000BD3A1638F6800268E6020463946DEF7E2
:10780000CDFA08B1AF60A663F8BD6FF07900FBE771
:1078100038B5BFF35B8F0B68BFF35B8FDB070546A3
:1078200017D550F8040CA0B16B6B93B90430FFF777
:10783000D6FC044668B10146281FFFF7CDFF00289B
:1078400007DA55F8043C5A6822609A685C6002B90D
:107850009C6038BD2DE9F041446A07463CB354F8BA
:10786000A06906B1A03E00231D4607F1040801E00F
:1078700034461646A26B9AB905B98BB94046FFF754
:10788000AEFC054658B101462046FFF7A5FF00288B
:107890000DDA7B682B60BB687D6003B9BD60234651
:1078A0002EB1D6F8A020002AE2D0A03AE0E7BDE849
:1078B000F08170B500220446002308460E4602F00F
:1078C000F5FB054658B101462046DEF767FA044647
:1078D00018B12946304605F037F8204670BD6FF0E4
:1078E0000104FAE7F8B550F8044C0546071F0421D7
:1078F0003030FFF704FF04B36B6B8BB963687BB167
:10790000201DFFF76CFC014606463846FFF764FF72
:10791000002812DA63683360A368666003B9A66062
:1079200005F138013846FFF7C4FF30B104F10C010E
:107930003846BDE8F840FFF7BCBFF8BD38B504468F
:107940000D46DEF72BFA30B1294604F13C00BDE8C4
:10795000384002F0ADBB38BD70B5044601F10C00F3
:107960000D4602F024FC26682B8AEA68014630683E
:1079700001F02BFB1E2100222046DEF7F3F8014622
:1079800010B12046FFF7DAFF002070BD2DE9F0416D
:10799000884617460121042205461E46DEF7E2F816
:1079A000044670B104210C3002F0C0FB80F8008066
:1079B000A0F80170C67021462846BDE8F041FFF7E7
:1079C000BDBFBDE8F08110B5012303FA01F1BFF39B
:1079D0005B8F50E8003F43EA010240E80024002C9E
:1079E000F7D1BFF35B8F194214BF0120002010BDF7
:1079F00037B50C46054601F10C0002F0D8FB228A8F
:107A00000192E26800920346132212212846DEF713
:107A1000B5FA03B030BD37B50C46054601F10C0090
:107A200002F0C5FB228A0192E2680092002203461E
:107A300011462846DEF7A2FA03B030BD0868836815
:107A40009B690BB104301847704710B50C460AB952
:107A5000FFF7F4FF2046BDE81040DEF707B82DE938
:107A6000F84306460D46144622B1BDE8F8430846E1
:107A7000DDF7FCBFFFF7E2FFAF68B5F80480D5F88B
:107A80000C902846DDF7F2FF2FB9BDE8F883494690
:107A90003046B8470134A3B24345F8D3F5E710B5F3
:107AA0000C460AB9FFF7CAFF2068836B2BB14FF46D
:107AB000702200237030F8F78FFE2046BDE810409A
:107AC000DDF7D4BF10B50C460AB9FFF7B7FF206841
:107AD00001213430FFF713FE2046BDE81040DDF7EA
:107AE000C5BF10B50C460AB9FFF7A8FF20680021F2
:107AF0003430FFF704FE2046BDE81040DDF7B6BF86
:107B000070B50E461546FFF78EFB78B1436A6BB130
:107B1000184650F8A03903B1A03B691C428B448D34
:107B2000A24228BF2246914202D93BB9002070BD33
:107B30002A463146BDE87040DEF714B8D3F8A040BD
:107B400004B1A03C18462346E8E730B4438D448B8B
:107B5000A34202F1010528BF23469D4202D830BC52
:107B6000DEF700B8002030BC704707B5CA6813883C
:107B7000528800920C210D22DEF78AFB03B05DF8DB
:107B800004FB07B5CB6800221B8800920A210B2258
:107B9000DEF77EFB03B05DF804FB2DE9F041CB6816
:107BA0001F88BBB2162B04462BD902220321FFF7F4
:107BB000CCFF064638B302210C3002F0B7FA4FF082
:107BC0004108002580F80080457031462046FFF7C7
:107BD000B5FE2368A4F81A8067851B68BFF35B8F26
:107BE000043353E8001F41F4805143E80012002A97
:107BF000F7D1BFF35B8F2046FFF743FB2846BDE874
:107C0000F0810420FBE70E20F9E708B5FFF70BFB36
:107C100008B3426A02B3136803B1A03B32F8860C82
:107C200032F8762C904228BF104643B913E09342B5
:107C300028BF1346984238BF1846A1F1A003D3F8D5
:107C4000A0105A8B5B8D0029F1D19A4228BF1A46A9
:107C5000904238BF104608BD1046FCE70A8AC96842
:107C60000023DEF7BBBCFFF7F9BFFFF7F7BFFFF755
:107C7000F5BFFFF7F3BFFFF7F1BFFFF7EFBFFFF768
:107C8000EDBFFFF7EBBFFFF7E9BFFFF7E7BFFFF778
:107C9000E5BF70B5CE6833889AB2162A04460D4601
:107CA00006D8002204231146BDE87040DEF796BCDA
:107CB000412242834385FFF7E4FA2A8A00233146B2
:107CC0002046F1E770B5064650F8043C56F80459D2
:107CD0000446002B36D039B1436B002B32D01B7CCD
:107CE000DA072FD5052320E02846E0F77BF96B7AE9
:107CF000012B27D0656B2DB32B7CDB0722D5EB68DE
:107D0000002BEFD06A69697C3046DDF72BFF044613
:107D100050B1D5E90512EB68984768B1A069DDF765
:107D2000A5FE2046F2F76AF90E23002230461146DE
:107D3000BDE87040DEF752BC21463046DEF72EF833
:107D40000028EBD170BD70B50E46FFF76CFA044603
:107D500040B9B069DDF78AFE3046F2F74FF96FF0AF
:107D60007F0070BD00F10C052846314602F0A0F9F5
:107D7000606A38B150F8A04904B1A03C2946FFF729
:107D800098FD20B90020ECE71C466FF00100002CA4
:107D9000F8D0D4F8A03023B90230F5D020461C46E4
:107DA000ECE7A03BF8E710B50C46FFF73CFA60B1F2
:107DB0000023236083682BB9C0E90144FFF74AFD23
:107DC000002010BD1C608460F8E76FF07F00F8E7CA
:107DD00010B50C46FFF727FA98B1436A4BB153F838
:107DE000682C9169A142A3F1A00309D0D3F8A03077
:107DF000F4E7406828B18369A34202D00068F9E73C
:107E0000104610BD0120704710B5FFF70CFA50B1B5
:107E1000446A44B1A03C04F134000521FFF76FFC33
:107E2000D4F8A040F5E710BD08B50421FFF7B1F97B
:107E300030B1BFF35B8F006BBFF35B8FC0F34010BB
:107E400008BD8069C0E90212012282800374704774
:107E50001060002070470B46498A9A8B914238BFC8
:107E60001146DA8C914238BF11461A8E914238BFC2
:107E700011461A89914238BF11465A8E8A4203D060
:107E800059865B6B03B11847704710B5029CA36815
:107E90000A460BB121469847A37DE268013BDBB25D
:107EA000A37522B11BB92046BDE81040104710BD94
:107EB000106091800020704700207047F0B507687F
:107EC0003D7889B006461446DDB97B88B3F5245F5A
:107ED00004D010D8A3F52053032B12D8ADF80A1004
:107EE00002220DF10A012046FDF75DFD68B96FF031
:107EF0001502A26506E003F55643FF339BB2042B3F
:107F00001ED90125284609B0F0BD7B88ADF80A309E
:107F100002220DF10A012046FDF745FD0028E6D0BA
:107F20000020009003AA776813233146B847021E49
:107F3000DFDB03A92046FDF736FD0028E1D1D6E7B7
:107F4000ADF80A1002220DF10A012046FDF72BFDC3
:107F50000028CCD07B88ADF80A3002220DF10A014E
:107F6000E8E708B5072205F0FDFAB0FA80F040090D
:107F700008BD2DE9F04104460F469046461C0025F9
:107F800016F8013C434507D139463046FFF7E9FF73
:107F900010B16019BDE8F0810A35322D06F10A06EC
:107FA000EED10020F6E710B50346BFF35B8F53E830
:107FB000000F40EA010243E80024002CF7D1BFF390
:107FC0005B8F10BD10B50346BFF35B8F53E8000F06
:107FD00000EA010243E80024002CF7D1BFF35B8FD5
:107FE00010BDBFF35B8F0068BFF35B8F704710B5A8
:107FF00002210C30144602F099F8638903800020B6
:1080000010BD10B504210C30144602F08FF82389FE
:108010000380E3894380002010BD10B502210C309D
:10802000144602F083F823890380002010BD10B5A8
:1080300004210C30144602F079F823890380638907
:108040004380002010BD38B500F10C040421204607
:10805000154602F06BF82B890380EB8943802B7C5B
:1080600033B94FF42051204602F077F8002038BD94
:1080700042F60101F7E738B500F10C04042120466F
:10808000154602F053F82B890380EB8943802B7C43
:10809000022B04D0032B09D02B68598801E042F64B
:1080A0000201204602F059F8002038BD42F60301D3
:1080B000F7E770B51446002500F10C066268EBB2D4
:1080C0009A4205F1010501D8002070BDA268304632
:1080D00032F8131002F041F8F0E7FFF7EABFF7B506
:1080E000089D06462F680C4601B94BB9002308933A
:1080F0002A4621463046BC4603B0BDE8F040604702
:10810000009313462A46B84708942F6823462A4608
:108110002146EFE71FB51C46BDF8183000200F2B95
:10812000CDE90000CDE9020011460CD823440F2B05
:108130000CDC2246684605F01FF86846DBF78CFA2F
:10814000204604B010BD6FF00604F9E76FF00C0490
:10815000F6E70B6803608B8883808B7983717047A7
:108160002DE9F041069C0E4605466FF0040104F12E
:108170001C00FFF727FF0EB32846DEF70FFC014671
:1081800068B3836853B11868002204F1200C2BB146
:1081900063450BD123462846DEF75EFC6368BBB11E
:1081A000224631462846BDE8F041184720B107680D
:1081B0001A4603463846EAE70746F9E7238B002BC1
:1081C000ECD127683346324621462846B847E5E7D2
:1081D000A46824B11A46314628462346E3E7BDE8A1
:1081E000F0810023036043608360704710B5DEF7C1
:1081F0007BFB044638B1014611F8010BDAF766FA49
:108200002046FFF7EEFF002010BD38B500F18805CD
:1082100004462946007AFEF76AF903462946207A81
:108220001BB1BDE83840FFF7E1BFDEF75DFB18B1D9
:10823000BDE83840FFF7D5BF38BD022A10B508D1D8
:10824000002300F188011A46007ADEF76FFC022055
:1082500010BDFFF7DAFFFAE7F0B587B005460C9CD2
:1082600010461A4601B94BB900230C9326682246E2
:108270002846B44607B0BDE8F0406047014603A871
:1082800001F04AFFBDF81030012B08D800230093FD
:108290002668224619462846B04707B0F0BD02219D
:1082A00003A801F074FF0346BDF8102033F8027BE9
:1082B000974228BF17460097266822460021284685
:1082C000B047394603A801F062FFDBE738B5BDF8D7
:1082D0001040944215460AD3A41A8C42A8BF0C46FB
:1082E000A4B22246591904F047FF204638BD6FF06A
:1082F0000604FAE730B585B0C96814461D46DEF7B6
:1083000031FB00B10089ADF80E0002230093BDF8E7
:1083100020200DF10E0329462046FFF7D7FF05B0B8
:1083200030BD1FB50C461946E3681C781046BDF8F1
:1083300018203CB110240133069404B0BDE810406D
:10834000FFF7C4BF5B88ADF80E30022300930DF138
:108350000E03FFF7BBFF04B010BD30B585B01D465E
:10836000002314468DF80C30DEF7DAFA10B1037AE8
:108370008DF80C3001230093BDF8202003AB294673
:108380002046FFF7A3FF05B030BD2DE9F0411446AC
:108390001D46BDF81870DBF783F90646CEF72CF8BA
:1083A00080B2069033463A4629462046BDE8F04161
:1083B000FFF78CBF30B585B014461D46FEF794F824
:1083C0000223ADF80E000093BDF820200DF10E033E
:1083D00029462046FFF77AFF05B030BD38B500F1D9
:1083E0000C0506212846144601F0A0FE23890380CF
:1083F000E3894380237C002B42F6010308BF4FF43E
:108400002053838021680B781BB1022B06D00020FB
:1084100038BD4988284601F0A0FEF8E71022013156
:10842000284601F089FEF2E738B500F10C0404217A
:108430002046154601F07AFE2B8903806B89438024
:10844000E9680B782BB94988204601F086FE0020A8
:1084500038BD10220131204601F06EFEF7E72DE90C
:10846000F04706460D464FF4702000219DF820A0ED
:10847000DDF8249090461F46DEF774F8044688B174
:10848000456080F811A0C0F81490C760C0F818804B
:108490004A4651463046FFF733FB054638B9204679
:1084A000DEF788F86FF00B052846BDE8F08700225C
:1084B00011460123FFF7C5FCA56028464246494600
:1084C000B847054618B12046DEF774F8ECE72146B8
:1084D0003046FFF768FC05460028E5D0F3E738B5DD
:1084E00000F10C0502212846144601F01FFEE38925
:1084F0000380218B284601F030FE042104F11C008A
:10850000FFF751FD002038BD08B50C3029B101211D
:10851000FFF749FDC043084008BD6FF00101FFF7B8
:1085200051FD00F00100F7E710B50446FFF7ECFF3E
:1085300038B121460122BDE8104011F8010BDEF7E9
:108540004FBA10BD2DE9F0411F46BDF81830012B80
:10855000064690462DD83B44012B3D462CDCDEF7E9
:10856000DFF9044618B9DEF7DBF9044638B397B1F2
:10857000217A98F80020002321FA03F0C70703D5D9
:1085800022FA03F0C0071DD50133032BF4D102F00A
:1085900007021143217206F18801601CFFF7D9FD23
:1085A000337A237001212046FFF7BEFF2846BDE83D
:1085B000F0816FF00605F9E76FF00C05F6E76FF054
:1085C0001005F3E76FF01205F0E770B504461546A5
:1085D000FFF718FC48B12046DEF7A2F928B1037A6C
:1085E000DB0702D50121FFF79FFF85B9207A04F14F
:1085F0008801DEF779F9024648B101468560BDE899
:10860000704011F8010B04230832DAF751B870BD3D
:108610002DE9FF41884616461F46044628B96FF0EB
:108620001505284604B0BDE8F08102A9FDF751FB0D
:1086300005460028F3D101A92046FCF73EF8019831
:10864000D0B902A90020DEF717F9044648B9DEF7D1
:1086500067F9044678B3002300F8013B02A9FFF74D
:1086600078FDB8F1000F22D0022269463846B047A3
:10867000002808DA0546D4E70A222946F8F76AFFF7
:108680000028DED0CBE79DF800302372022804D00A
:1086900000212046FFF748FFC3E79DF8011001299C
:1086A000F6D801F001012046FFF72EFFB9E720467A
:1086B000DEF736FBB5E76FF00B05B2E737B50446DA
:1086C0000D46DEF7D9F8024688B1037A8DF80430FA
:1086D0000C30FFF786FC00F001008DF80500022346
:1086E00001AA29462046D9F7F9FF03B030BD034659
:1086F000F7E710B5BDF80810BDF810408C421046E1
:108700000BD3641A9C42A8BF1C46039BA4B222460A
:10871000194404F031FD204610BD6FF00604FAE75D
:1087200013B5044610B9002002B010BD00238DF827
:108730000430006842F6030301A9ADF80630FDF7E6
:10874000F0FA0028EFD1E36898880028ECD12046A1
:10875000DEF794FC013080B2E6E770B5CC6888B0F3
:1087600008461E46A3798DF80C301546FFF7D8FF52
:10877000ADF80D00246823786BB96388ADF80F302D
:1087800005230093BDF8302003AB31462846FFF7A0
:108790009DFD08B070BD631C0DF10F02113453F83C
:1087A000041B42F8041BA342F9D11323E9E71FB5C8
:1087B000CDE90123002300931A46DEF78FFC05B0B4
:1087C0005DF804FBDEF752BD1FB50C461946E368A1
:1087D00010461A788DF8082093F901208DF80920A9
:1087E0005A88ADF80A201A79DB88ADF80D300723D6
:1087F0008DF80C200093BDF8182002ABFFF766FD42
:1088000004B010BD38B5D4074B8A054604D513F023
:10881000950F2BD0486848B3900704D513F4957F83
:1088200026D0896821B302EA030414F03C0F0DD06E
:10883000EB7A2BB92846FEF738FAD8B9052038BDAF
:1088400014F0300F04D114F4C07F07D10020F6E7F4
:108850002846FEF7AFFA0228F5D8EFE7D5F8B8308A
:10886000002BEBD05B7BDB06E8D5EFE70220E6E7E9
:108870000320E4E70F20E2E72DE9FF41437B072BCC
:1088800006460C46174610D100238DF80C302068A0
:1088900042F6030303A9ADF80E30FDF742FA60B9C2
:1088A000E3689B7913F0300F03D1002004B0BDE8DA
:1088B000F0812046DEF770FD0446002320688DF825
:1088C0000C3003A942F60213ADF80E30FDF729FA79
:1088D00018B12046DEF760FD0446002542F6021876
:1088E00020688DF800506946ADF80280FDF719FA4E
:1088F000F0B9002320688DF80C3003A942F602136A
:10890000ADF80E30FDF70DFA0028CED1E5686C1CED
:10891000333514F8011C22463046FEF776FA18B1BA
:10892000B4F807301F42C1D10A34AC42F1D1BCE7E0
:1089300020688DF8045042F6030301A9ADF8063013
:10894000FDF7EFF90028D4D020688DF808504FF4D7
:10895000205302A9ADF80A30FDF7E3F90028C8D08A
:1089600020688DF80C5042F6010303A9ADF80E30D3
:10897000FDF7D7F90028BCD02046DEF70DFD0446F0
:108980000028ADD191E72DE9F8431446884694229A
:1089900061680646FFF736FF58BB61680122304622
:1089A000FFF76AFF48B3A2891B2102323046FFF766
:1089B000A7F8054620B300F10C090221484601F052
:1089C000B5FB0746484627F8028BA18901F0AEFBAC
:1089D000A289A168384604F0CFFBD4E904122846E6
:1089E0000123FFF72EFA29463046BDE8F843FFF78A
:1089F000AAB94FF0FF30BDE8F8836FF01500FAE731
:108A00006FF00B00F7E770B50B460546144629B921
:108A100021462846DEF758FF28B970BD4FF6FF7291
:108A2000914207D121816368224628460021BDE892
:108A300070401847E28901339BB29A422381E7D202
:108A4000F1E72DE9F04F89B00646129F144611B99F
:108A500013F0030807D07B683A460021304609B07E
:108A6000BDE8F04F1847C3F3870302EB8305C14607
:108A700042F6010AAC4207D13A464146304609B0B7
:108A8000BDE8F04FFFF7BFBF3A7C6388ADF8083010
:108A9000002A14BF52464FF42052ADF80220102293
:108AA00000210DEB02001FFA83F83B68B4F800B018
:108AB00001938DF8009004F087FB01AB0693CDF88D
:108AC0000CD07B68ADF81CB03A4603A930469847F5
:108AD00004340028CED109B0BDE8F08F2DE9F0476D
:108AE0008EB00746DDF85880164639B1D8F8043004
:108AF000424600210EB0BDE8F04718471278062A1A
:108B000002D0142A0ED10221013B00258DF810104D
:108B10009CB206F10109AA463378A3420BD90CB9DD
:108B2000002D53D1D8F804304246002138469847EA
:108B30000EB0BDE8F0871422002109A804F044FB20
:108B4000B9F8002093B2002BECD0B9F802108DB226
:108B5000002DE7D0AB42E5D89DF8103023B3022BAF
:108B600027D098F81030ADF80C10002B42F6010316
:108B700008BF4FF42053ADF8063004AB029301ABAD
:108B8000099302ABADF834200C938DF804A0D8F80B
:108B90000430424609A9384698470028C8D033789F
:108BA000E41AA4B29944B7E7B9F80430ADF812302A
:108BB000D7E709F104030DF1110009F1140C53F882
:108BC00004EB40F804EB6345F9D1CAE74246294675
:108BD00038460EB0BDE8F047FFF715BFF0B58FB0CF
:108BE000102B149C054606D06368224600210FB066
:108BF000BDE8F04018476389ADF80C30A389ADF8A3
:108C00000E3004A8022326898DF8103002900DF151
:108C1000110302F1100152F8047B43F8047B8A42ED
:108C2000F9D12168C1B9002142F6020310220AA835
:108C30008DF80410ADF8063004F0C6FA01AB0993C4
:108C400002AB0C93ADF834606368224609A928464C
:108C5000984728B90FB0F0BDFDF763F80028E2D0BF
:108C6000218922462846FFF7CEFEF3E72DE9F04F93
:108C70008FB00746189D002940F09B80107801288E
:108C80001ED0022840F0958001464FF01209013BAA
:108C90009BB24B458DF81010C0F08B80B3FBF9FBF5
:108CA0004FF00008541CCDF80080C24604AEBBF162
:108CB000000F08D100992A463846FFF7A4FE75E058
:108CC0004FF00409E3E723880193BDF804300093D3
:108CD000B8F1000F53D19DF81030002B37D0022B84
:108CE0003CD02968002945D12B7C042B4DD14FF471
:108CF000205302A930468DF808A0ADF80A30FDF7E0
:108D000010F800283BD042F6010303A930468DF845
:108D10000CA0ADF80E30FDF704F880B342F6020364
:108D200009A930468DF824A0ADF82630FCF7F9FFEC
:108D300028B342F6030309A930468DF824A0ADF804
:108D40002630FCF7EEFF00BB4FF0010819E0A378D6
:108D5000E27843EA0223ADF81230C2E7A31C0DF11A
:108D6000110204F1120153F8040B42F8040B8B4278
:108D7000F9D1B6E73046FCF7D4FF0028B4D04FF065
:108D800000080BF1FF3B4C4491E7102200210AA898
:108D900004F01AFABDF80430ADF8343009966B6867
:108DA0002A4609A9384698470028EAD10FB0BDE8FD
:108DB000F08F6B682A46002138469847F6E72DE980
:108DC000F7430A9C0646904699460F4601B953B9A7
:108DD00000230A932568224639463046AC4603B044
:108DE000BDE8F04360476368002B3ED109F1FF35D1
:108DF000ADB202F10109D5B1B9F800309AB2002A3A
:108E000052D098F800102381A9428CBFA91E0239C4
:108E100089B20091276809F10203224600213046F9
:108E2000B847002840D098F80030AB420BD9214613
:108E30003046DEF75BFF002836DA00230A93256808
:108E400022460E21C9E7238962899A4205D100236F
:108E50000A93256822461946BFE70133238198F813
:108E60000030ED1AADB29944C5E7CDF80090134635
:108E700025682246A847B8B13046FEF7C6FE01383D
:108E8000814503DA0A9725683B46E3E7638909EBE6
:108E90000305658121463046DEF728FF002803DA06
:108EA0000A9725683B46CBE703B0BDE8F0832DE980
:108EB000FF479046427B072A1E46DDE90D9A9DF842
:108EC000303005460F4635D1C27A12BB0BB306F1DE
:108ED0000E02D221FEF714FE0446A8B102210C3086
:108EE00001F024F90022078000230027CDE90023A8
:108EF000CDE90277424631462046F1F7B1F8B0425B
:108F00000BD02046F1F77AF86FF00B0004B0BDE803
:108F1000F087B21C52212846DCE7494620463B46F2
:108F20005246FEF78EFF2146284604B0BDE8F047C2
:108F3000FEF709BF6FF07F00E8E7F8B50546546912
:108F400010460E4651B9182204F03EF92768334600
:108F5000324621462846B8470020F8BD137C042B32
:108F600012D10021182204F02FF9338AE38121461F
:108F70002846DEF701FF0028EED0002326681A46B7
:108F800021462846B047E7E70120E6E773B50446E7
:108F90000D46F7F72FFE29462046FEF719FF01463A
:108FA00020B902B0BDE87040F7F738BE46682046E9
:108FB000DDF72AFCF7F732FE2EB1002300951A46A2
:108FC0000E212046B04702B070BD2DE9F04706469D
:108FD000884691469A46DDF7E1FC20B3846814B3D5
:108FE000256805B1203D34F8143C434518D1203C98
:108FF00007E02C462D6AA389BDB14345A5F12005A4
:10900000F7D1A27E737A9A420AD8276853464A4615
:1090100021463046B84718B921463046DEF726FFCC
:109020002C46002DE6D1BDE8F0874345E9D0FAE7AC
:109030002DE9F04F85B080460C461546DDF7AEFCB5
:10904000814640B12A46214601A801F065F8BDF8E5
:109050000830042B02D805B0BDE8F08F04210DEBD9
:10906000010001F094F8BDF80830B0F802A0B0F8A3
:1090700000B053450646EED3D9F808401CB3256826
:1090800005B1203D34F8143C5B4519D1203C07E084
:109090002C462D6AA389DDB15B45A5F12005F7D1EA
:1090A000A27E98F809309A420AD827685346321DA2
:1090B00021464046B84718B921464046DEF7D6FE5D
:1090C0002C46002DE5D1514601A801F060F8BEE71D
:1090D0005B45E5D0F7E72DE9F04105468846DDF729
:1090E0001FFC0446E0B1037ADB0719D500F10C0739
:1090F0003846FEF776FF10F0010611D1B8F1000FE7
:109100000FD06FF002013846FEF75CFF10F0020F3F
:10911000284609D0FEF778FE01212046FFF704FA21
:1091200001263046BDE8F081FEF76CFE0028F8D03D
:109130002846FEF779FE0028F3D06FF0020138468A
:10914000FEF740FF2846E5E7F8B506460F46DDF78F
:10915000AFFB394604463046FDF7C9F968B364B33E
:1091600004F108056FF001012846FEF72BFFC20746
:1091700003D539463046DEF76FFF6FF0020128460F
:10918000FEF720FF830703D539463046FFF796FAEE
:109190002846FEF726FF80B9234603F8010BC4F8E2
:1091A0000100C3F80300BFF35B8F55E8003F45E8BB
:1091B0000002002AF9D1BFF35B8FF8BD38B5A0F1EA
:1091C0007705441C15F8010C29460C35FFF7BCFF48
:1091D000A542F7D138BD38B5044659B100F188052C
:1091E0002946007ADEF738FF207A2946BDE8384064
:1091F000FFF764BA38BD07207047C27A837CD0F885
:10920000EC00C07802F0010203F0010340B912B192
:1092100001334B707047002B0CBF03230023F8E78A
:1092200022B9002B0CBF03230123F2E75B00F0E718
:1092300008B50621FDF7ADFF00B1EC3808BDBFF35E
:109240005B8F0068BFF35B8F084100F0010070473F
:1092500038B50B2104460430FFF7F1FF08B10020B8
:1092600038BDD4F8B83083B904F18805217A2A468C
:109270002020E0F759F9C4F8B80030B9217A2A461D
:109280000420E0F751F9C4F8B800D4F8B830002B46
:10929000E5D0DA8912F0240FE1D0A17A02290CD9A5
:1092A000587BC007DBD5032907D09206D7D5187B9A
:1092B000A0F1100358425841D2E70120D0E710B581
:1092C0000346D9B1C88910F0240F17D01A7D5C7BF2
:1092D000097BA24228BF2246914201D9002010BD3D
:1092E000820604D4187A003818BF0120F7E7052158
:1092F000181DFFF7A4FF0028F4D1EFE70120EEE7E7
:1093000008B5D0F8EC20927A032A034615D004D889
:10931000013A012A14D908200EE0042AFBD1027D6B
:10932000417B8A4228BF0A46102A0BD1052104300E
:10933000FFF785FF08B9032008BD1B7A002BFAD080
:109340000020F9E70620F7E701238B40DB43BFF35A
:109350005B8F50E8002F1A4040E800210029F8D127
:10936000BFF35B8F70470B6803608B8883808B79BA
:10937000837170470720704737B500230093044678
:109380000D460A46D0F8EC000621FDF76DFE28B127
:10939000284603B0BDE83040F0F730BE4FF47022ED
:1093A000002304F5907003B0BDE83040F7F714BA1D
:1093B00001238B40BFF35B8F50E8002F1A4340E836
:1093C00000210029F8D1BFF35B8F704708B50E214B
:1093D000FFF7EEFF002008BD10B50721044604305A
:1093E000FFF7E6FF0820DEF787FF20B92046BDE83B
:1093F0001040DFF7A7B8002010BD38B505460B4672
:1094000004300D21FFF71BFFA0B1DC68D5F8EC306C
:109410000220197A03F1880200F018FD80B122467B
:1094200000F12A0304F1100152F8040B43F8040B75
:109430008A42F9D128460921FFF7BAFF002038BD3A
:109440000820FCE770B5051D0E4628460421FFF7ED
:10945000F6FE68B10022002100230846FDF701FE58
:10946000044640B904212846FFF7A2FF204670BDFC
:109470004FF47022EFE701210C3000F057FE067028
:10948000F4E738B504210446FFF7DCFF054698B140
:1094900010210C3000F04AFE04F1270304F13702DA
:1094A00053F8041B40F8041B9342F9D12046294687
:1094B000FFF762FF002038BD0820FCE770B50C46BE
:1094C0000D210646FFF7BEFF054690B110210C3076
:1094D00000F02CFE214604F1100351F8042B40F853
:1094E000042B9942F9D130462946FFF745FF002069
:1094F00070BD0820FCE72DE9F04104468CB0102235
:10950000002108A803F060FE237A052B1ED8DFE8AF
:1095100003F0060303061D21D4F8D8300893D4F8CD
:10952000EC3004F1470204F1C706CDE9016204F111
:10953000270703F1960204F1370800928F33424661
:10954000394604F19700E0F787F898B108200CB08D
:10955000BDE8F081D4F8E430002BE0D008AD03F191
:109560001006186859682A4603C20833B3421546E4
:10957000F7D1D4E7D4F8EC3003F196028F3304AD81
:10958000019304F10A0302920093039508AB42464B
:109590003946304600F02FFD0028D7D10D21204656
:1095A000FFF706FF2946FFF789FFD0E72DE9F043D3
:1095B000044691B0102200210CA803F005FE237A86
:1095C000052B1ED8DFE803F0060303061D22D4F89E
:1095D000D8300C93D4F8EC3004F1470204F1C705FD
:1095E000CDE9015204F1370603F1960204F1270791
:1095F00000928F333A46314604F19700E0F72CF899
:10960000A0B10825284611B0BDE8F083D4F8E430B5
:10961000002BDFD00CAD03F11006186859682A46FC
:1096200003C20833B3421546F7D1D3E7D4F8EC3080
:1096300003F18F0296330DF12008019304F1110319
:1096400002920093CDF80C800CAB32463946284686
:1096500000F0D1FC0028D4D1237A052B0FD1D4F807
:10966000E010A9B30B460DF1300C01F1100E186893
:109670005968624603C2083373459446F7D1D4F85B
:10968000EC3003F196028F330DF11009019304F1D0
:109690000A0302920093CDF80C900CAB3A46314687
:1096A000284600F0A8FC0028ABD11022494604F15E
:1096B000B70003F057FF80B941462046FFF7FEFE92
:1096C000054600289ED10121201DFFF771FE99E774
:1096D00010220CA803F078FDD1E70B2592E72DE9C5
:1096E000F041D0F8EC70CE68FD7890B00446002DC3
:1096F0005CD1102229460CA803F066FD237A052BC5
:109700001DD8DFE803F0060303061C21D4F8D83087
:109710000C9307F18F030DF120080293963704F1A3
:1097200011030093CDF80C8001970CAB04F12702D4
:1097300004F1370104F1C70000F05DFCA8B1082571
:10974000284610B0BDE8F081D4F8E030002BE0D01E
:109750000DF1300C03F1100E18685968624603C20F
:10976000083373459446F7D1D3E71022314640467B
:1097700003F0F8FEC0B9227D637B9A4294BF009249
:109780000093CDE90600ADF8140004F14703D4F8C6
:10979000EC0005AA06A9FDF79FFA0028CFDB0121FE
:1097A000201DFFF705FECBE70B25C9E7012D18D1DA
:1097B000051D10212846FFF7C7FD314604F1B70308
:1097C00006F1100251F8040B43F8040B9142F9D151
:1097D00007212846FFF733FD28B109212846FFF766
:1097E000E7FD0025ACE70A212846FFF728FD002801
:1097F000F3D1204610B0BDE8F041FFF7D7BE70B5F9
:10980000061DCD6804460B213046FFF79DFD2B4613
:1098100004F1170205F1100153F8040B42F8040B90
:109820008B42F9D1D4F8EC30DB783BB920460421E7
:10983000FFF7BEFDBDE87040FFF723BE237A012B82
:1098400009D0022B13D120460421FFF7B1FDBDE85A
:109850007040DEF7B7BE0A213046FFF7F0FC002863
:10986000F1D030460021FFF7A3FD002070BD082095
:10987000FCE70720704730B5012303FA01F1CA4322
:10988000BFF35B8F50E8003F03EA020440E8004565
:10989000002DF7D1BFF35B8F194214BF01200020C8
:1098A00030BD38B500F188040D460722096820460E
:1098B00003F058FE28B969682046BDE83840FFF734
:1098C00052BD38BD70B5031D04460025D0F8EC60CC
:1098D000BFF35B8F53E8002F43E800510029F9D113
:1098E000BFF35B8F04F5907003F011F92572BFF39D
:1098F0005B8F54E8003F44E80052002AF9D1BFF3DF
:109900005B8FF3782BB90B212046BDE87040FFF741
:109910004FBD0121F8E72DE9F84FDDF82C80BDF8A7
:109920002890044692461F46FFF782FC0546002811
:109930005AD0061DB9F1000F27D15AEA070324D1E6
:1099400003213046FFF77BFCD0B301213046FFF7FF
:1099500076FCA8B32C7D6B7B9C4228BF1C4622461C
:1099600005F14701404603F007FC0F2C06D8C4F16F
:109970001002002108EB040003F026FC3046012110
:10998000FFF716FD0120BDE8F88FD4F8B830F3B921
:1099900004F1880B217A5A462020DFF7C5FDC4F870
:1099A000B80030B9217A5A460120DFF7BDFDC4F86E
:1099B000B800B9F1000F0AD15AEA070704D006E04F
:1099C000D4F8B830002BE3D0D4F8B81071B90F2117
:1099D0003046FFF734FC20B1022206212046DBF797
:1099E000DFFB2846FFF76EFF0020CCE7CB899B0604
:1099F000EDD50C7B1A312246B4E76FF08500704735
:109A00002DE9F743C67804463EB1012E3ED06FF0F3
:109A10001504204603B0BDE8F083FFF709FC0546B6
:109A200010B96FF07F04F4E7061D03213046FFF7FD
:109A300006FC10B16FF00F04EBE701213046FFF791
:109A4000FEFB0028F6D12046FFF702FC28B920468D
:109A500003B0BDE8F043DFF723B8D4F8B8100B7BB0
:109A6000009301F1180201F11A0320461031FDF7AD
:109A700033F904460028CCD10B212846FFF798FC87
:109A800001213046FFF794FC0024C2E7FFF7D0FB2A
:109A900005460028C5D000F1040804214046FFF720
:109AA000CEFB002851D103214046FFF7C8FB002818
:109AB000C0D131464046FFF7C2FB0028BAD1284644
:109AC000DEF794FC68B1D4F8B83083B9207A04F199
:109AD0008801DFF7A7FCC4F8B80040B96FF00B04A9
:109AE00097E72046FFF7B4FB0028ECD18FE7284624
:109AF000DEF70CFD074610B16FF0680489E70B2113
:109B00002846FFF79FFC06460028F5D001210C30BF
:109B100000F00CFB092181462846DEF78DFF3B460D
:109B200089F800003246204600970621FDF79CFA8E
:109B3000044618B13046F0F761FA6AE70F21404653
:109B4000FFF736FC012128469CE76FF0040460E72C
:109B5000031DF7B506460F4618460221FFF76FFBB7
:109B6000044620B1B6F8E840B4FA84F4640903214D
:109B70001846FFF764FB60B139463046DFF722FA3A
:109B800005219CB1D6F8EC00FDF769F9002003B07F
:109B9000F0BD01211846FFF752FB0028ECD10F2140
:109BA0001846FFF74CFB0028E6D1E9E73046FFF7FF
:109BB00049FC054690B101210C3000F0B7FA07705E
:109BC0000094D6F8EC0023462A460621FDF74CFA0D
:109BD0000028DBD02846F0F711FAD7E76FF06800CD
:109BE000D5E770B505460820DEF786FB0446E8B1E8
:109BF000061D08213046FFF7A7FB002D3DD00721A9
:109C0000FFF7A2FB284604F1970305F1200250F864
:109C1000041B43F8041B9042F9D10A213046FFF798
:109C20000EFB68B109213046FFF7C2FB0720DEF7C3
:109C300063FB044618B1DEF785FC0146B0B970BD80
:109C400010213046FFF7FBFA09210028EBD13046FE
:109C5000FFF7F5FA0028E9D0D4F8EC30DB7820469D
:109C600043B9FFF748FC01460028DFD02046FFF744
:109C70006FFFDBE7FFF79AFCF5E70B21F6E72DE92D
:109C8000F0410E460446D0F8EC80DEF749FBF76859
:109C9000261D05460A213046FFF7EDFD38B16DB9A6
:109CA00020463978DFF78EF90020BDE8F0810B21DE
:109CB0003046FFF7E0FD0028F1D1F1E76B69002B9A
:109CC000EED040469847EBE770B50446A0F1EC06AD
:109CD00050F8343BE83CD3F8B85002F018FF0321A9
:109CE0002046FFF7ACFAA0B108213046DFF76AF949
:109CF0003DB1EB8913B16B7B9B0702D5284600F081
:109D0000B9F830464FF4AC72BDE87040002103F062
:109D10005BBA01212046FFF792FA0028E4D10F2117
:109D20002046FFF78CFA0028DED1E1E710B50821C4
:109D30000446A0F59070DFF745F9A4F58E70042174
:109D4000BDE81040FFF734BB70B50446FFF770FA6A
:109D50000546002863D0061D03213046FFF76FFA41
:109D600000285CD0D4F8B80008B100F083F8207A5D
:109D700004F18801DFF756FBC4F8B80028B928467B
:109D80000821BDE87040FFF7E3BE0E213046FFF723
:109D900056FA28B1D4F8B820537B43F0020353732A
:109DA0002A7AD4F8B810032A4B7B39D8002A3ED03F
:109DB000D4F8B820537B43F0010353732B7D697BA8
:109DC000D4F8B8208B4228BF0B46137305213046C8
:109DD000FFF735FAD4F8B8305A7B88B342F0100256
:109DE0005A730D213046FFF72AFAC0B1D4F8B800F3
:109DF000202100F03BF8D4F8B83005F147021A33BF
:109E0000573552F8041B43F8041BAA42F9D1D4F881
:109E1000B820002313615361D4F8B820138370BDB8
:109E2000053A012A03D843F020034B73C0E723F01F
:109E300020034B73D4F8B820537B23F00103BCE715
:109E400022F010025A73EAE7D9F702BD70B5044652
:109E50000D461646DFF768FB38B931462846DFF76E
:109E6000E1FA10B1C3891C43C48170BDC389194391
:109E7000C181704710B5037A5B07044601D5D9F755
:109E80008FFD214611F8010BD8F7BEFC2046402279
:109E9000BDE81040002103F097B970B5064690B0B8
:109EA0001446184616B3342203A9A047051E1DDB2D
:109EB00001A93046FBF70DFF0446B8B969463046A4
:109EC000FAF7FBFB009858B99DB101A90020DFF714
:109ED000A9FA034648B3342D18D0FFF7CBFF05E0AD
:109EE0000A222146F7F736FB0028EDD06FF0150463
:109EF00009E001AA29463F20DFF716FB18B14022EE
:109F0000294603F061F9204610B070BD03AA0C3356
:109F10000FAE154603CDB542186059602A4603F1CD
:109F20000803F6D128681860EDE76FF00B04EAE744
:109F300001460246342311F8010B0C32D8F756BC07
:109F4000531E1944024411F8013900F8013B9042B4
:109F5000F9D1704710B5431E00F11002073013F815
:109F6000011F12F8014D1C7083421170F7D110BD12
:109F700070B5C2B00D461646014616AA68461C4684
:109F8000FBF7E6FC18B96FF0040042B070BD324632
:109F900029466846FBF707FD0028F4D069462046AD
:109FA000FBF76BFD0028EED00020EEE7F0B597B090
:109FB00014460E462022014605A81D461C9FFFF7A9
:109FC000BFFF202231460DA8FFF7BAFF214610221D
:109FD00001A88DF85450FFF7B3FF3B46412205A975
:109FE00001A8FFF7C5FF044610B93846FFF7B2FFD6
:109FF000204617B0F0BD2DE9F04397B00446164651
:10A0000005A810221D46DDE91F98219FFFF798FF44
:10A010001022314609A8FFF793FF102229460DA808
:10A02000FFF78EFF1E99032211A8FFF789FF49460B
:10A03000D9F8010011F8013B8DF8473012908B8858
:10A04000ADF84C30062212A8FFF77AFF41460622EF
:10A0500011F8013B8DF84E30D8F80130CDF84F3073
:10A060000DF14F008B88ADF85330FFF769FF2146A3
:10A07000102201A8FFF764FF3B46412205A901A871
:10A08000FFF776FF044610B93846FFF763FF204616
:10A0900017B0BDE8F0837047002303824369C360B3
:10A0A0007047416A49680968EFF72ABFF6F7C2B9F5
:10A0B00002F03FBC027A0132027270470346184632
:10A0C0005B68002BFBD17047426810B52AB10B4684
:10A0D0001C465B68002BFBD16260416010BD10B56F
:10A0E000044620B90B7A01330B72084610BD0346B3
:10A0F00018465B68002BFBD1FFF7E6FF2046F5E72B
:10A1000010B508B14B6843604C68002308464B60AB
:10A11000EFF774FF204610BD92B281600160C280EB
:10A120008280704783680B440360704783880268AD
:10A1300019448180D018704730B484880568A3180A
:10A140008380281930BC03F017B810B583880268E3
:10A150005C1C8480D154D01810BD8388026830B54F
:10A16000D4189D1C8580D154090A617030BD034606
:10A1700000689A88401A1144186099807047828854
:10A18000521A0346828000680844186070470346EC
:10A1900000689A88521A01449A801960704710B575
:10A1A00003681C780121FFF7EAFF204610BD10B5B7
:10A1B00003681C880221FFF7E2FF204610BD0268F9
:10A1C0008068101A70478388C2888168D21A036831
:10A1D0005B1AD01A704710B50369C0E90533002334
:10A1E000C360837F044613B1407A01F03DFA012336
:10A1F000237700236377E377A37710BDF6F764B87E
:10A20000F6F7DCB80378027903F00F011AB959B1F7
:10A210004FF0FF3070470829FAD8012A04D183F0A3
:10A22000080040F3C000704743F3C000704738B5E2
:10A230000446EFF757FF054660B1037A6BB120463D
:10A240000024F5F7DDF82846AC77FFF7C4FF2C7241
:10A25000204638BD6FF01500FBE76FF07700F8E798
:10A2600070B504460E461546F0F71CFC30B906B929
:10A2700025B12046BDE87040F0F75CBC70BD08B564
:10A28000F4F764FC00280CBF6FF00A00002008BD42
:10A2900010B403460838BFF35B8F50E8002F511C01
:10A2A00040E80014002CF8D1BFF35B8F1AB95DF8B9
:10A2B000044BF0F7C3BC6FF00F025DF8044B9A66D5
:10A2C00070470369C9B20C2201FB0233186C00F01D
:10A2D000070070474FF02003EFF3118283F31288D9
:10A2E000BFF36F8F036803F0C00343F00203036002
:10A2F00082F31188BFF36F8F704770B5C9B20369DD
:10A300004FF02004EFF3118584F31288BFF36F8FB1
:10A310000C2606FB0134246C14F0C00408D0A242C1
:10A3200006D085F31188BFF36F8F4FF0FF3070BDFB
:10A3300006FB013301221A6485F31188BFF36F8F86
:10A34000436803EBC1035B6898470020EFE7802276
:10A35000FFF7D3BFF8B5069F0469C9B24FF02005D7
:10A36000EFF3118685F31288BFF36F8F0C2505FB81
:10A370000144256C05F0070CBCF1010F0CD12764DA
:10A3800086F31188BFF36F8FC4E90E23436853F837
:10A39000313098470020F8BD05F0C005AF4286F384
:10A3A0001188BFF36F8F0CBF6FF077004FF0FF3055
:10A3B000F1E713B580240094FFF7CCFF02B010BD85
:10A3C00010B40069CBB21C2403FB040000215DF82B
:10A3D000044B10470020F2F7BBBC002000F012BF76
:10A3E0001046F6F75BB843681B681868704710B4EE
:10A3F0004468E46AA4465DF8044B604707B5AF23A0
:10A400008DF8043001231A4601A9FFF7F0FF03B0CD
:10A410005DF804FB07B5AE238DF8043001231A461E
:10A4200001A9FFF7E4FF03B05DF804FB6FF08500BE
:10A430007047002070476FF08500704707B5812393
:10A440008DF804308DF805100123022201A9FFF7D1
:10A45000CEFF03B05DF804FB042914BF6FF0850044
:10A460000020704710B50B464468102200211846A2
:10A4700002F0AAFEE28E0280A28E42800422426096
:10A4800002730122826010BD30B5446889B0206833
:10A49000A58883F001040DF1070302930123CDE9A0
:10A4A0000512A4010393022200238DF807408DF8C2
:10A4B00010308DF81C20836802A99C682B46A047A9
:10A4C00009B030BD2DE9F3471C46B3F808C09B889E
:10A4D0000A9FD0F804A09C45064688463BD3B4F8B2
:10A4E00006E021680EFB03F5ED108D4228BF0D46F6
:10A4F0008FB385B39C452ED812F007092BD19AF85B
:10A5000041105FFA88FCC2F3C708B1B39AF838105B
:10A51000614401F00F03C1F3031141F010018DF804
:10A5200000308DF80110BA46E2885FFA89F3B3EB88
:10A53000D20F03D3002002B0BDE8F087434463F09C
:10A540004F038DF802300322012369463046FFF79E
:10A550004EFF034610B14FF0FF30ECE7A2885146A2
:10A560003046FFF744FF0028F5D1A3889A447B19B1
:10A570009A4509F10109D7D9EDE7013B8DF803C0F0
:10A580009C4422238DF8053002EB0E032021DB10C2
:10A59000ADF80010013B21218DF802108DF8073035
:10A5A0000822012369468DF804C08DF80680FFF764
:10A5B0001EFF03460028CED12A4639463046FFF713
:10A5C00016FFB8E74368186802F02FB803460A463A
:10A5D00000681979012303FA01F103691B68194224
:10A5E00018BF82F0010212B18368DB6818478368E4
:10A5F0001B69FBE76FF085007047F0B545686B6C31
:10A6000004464FF4004240F2E7300021C3FB020150
:10A6100051EAC33385B029D000234FF47A72CBF7C7
:10A620006FFD6FF00103181A4FF0FF3363EB010168
:10A63000F6F79AFB636820469B6A9847002800F06B
:10A64000CA80286AB8B96568A4238DF8043095F8E3
:10A6500040305A3B8DF805302B6A53BB2046FFF73C
:10A66000D9FE002837D06FF004051FE06FF001001D
:10A670004FF0FF31DCE795F82410EB8C0769D0F838
:10A6800008C03D68DA0754BF43F4B01383F4D01315
:10A69000012623F480128E40DB074CBF3543B543BF
:10A6A0003D60DCF800309847051ECCDA284605B03E
:10A6B000F0BD002120352120F6F756FB0121284668
:10A6C000FFF784FF00212120F6F74EFB00212846EA
:10A6D000FFF77CFFC2E748F2D502ADF808206368B7
:10A6E000D9228DF80A2093F83C308DF80B3042F2D5
:10A6F000DB03ADF80C300622012302A92046FFF748
:10A7000076FE0028AFD163684DF24032ADF80820E4
:10A7100093F83A208DF80A20DA228DF80B2093F86E
:10A720003F20002A0CBF122202228DF80C20A82202
:10A730008DF80D2093F83B308DF80E300722012361
:10A7400002A92046FFF753FE00288CD1626892F8D8
:10A750003D30603B8DF8083092F83E30002B0CBF46
:10A76000C023C8238DF809300222012302A9204604
:10A77000FFF73DFE00287FF476AF636893F8413021
:10A78000002B0BBF14238B238D22AD228DF80930B3
:10A7900033238DF808208DF80A300322012302A903
:10A7A0002046FFF724FE00287FF45DAF012302223C
:10A7B00001A92046FFF71BFE00287FF454AF80213B
:10A7C0002046FFF73BFE054600287FF44CAF2046AD
:10A7D000FFF714FE6AE76FF0150567E70020704782
:10A7E00038B50C461546D8F72BFF28B12946204628
:10A7F000BDE83840D8F78CBB6FF00A0038BD38B5DB
:10A8000005460C4600F06FFD002D07DBA84205D978
:10A81000401B84428CBF0020012038BD0020FCE793
:10A8200070B50D462846194616461C46FFF7E7FF49
:10A8300038B124B122462946304602F09DFC002062
:10A8400070BD6FF01500FBE72DE9F3411C46904603
:10A85000002382682360A36013690D4601AA69463C
:10A860009847019B5A1E019223B96FF0150002B060
:10A87000BDE8F0810098A26847682168676085B9E3
:10A88000A8EB02030668B34228BF33461A4403FB11
:10A8900007112160A26002689A4206D80830009031
:10A8A000DFE76B1AB3FBF7F3ECE70020DFE71346B3
:10A8B0000022FFF7C9BF2DE9F047836886B01B6906
:10A8C0008846914601A902AA98470024A246254637
:10A8D000029BAB4202D806B0BDE8F087019F07EBB0
:10A8E000C50700267B6804933A68B2420AEB060368
:10A8F00002D801359A46EBE703940593494603A82D
:10A90000C0470028E7D0049B01361C44ECE74368AD
:10A910005B68D3F810350B600020704743685B68B4
:10A9200002EA010021EA0201C3F80805C3F80C1588
:10A930000020704743685B680020C3F80815704723
:10A9400043685B680020C3F80C15704743685A6879
:10A95000D2F8043521EA03000B40C2F80805C2F81A
:10A960000C350020704710B503695868F8B188426B
:10A9700019D19C6808685860A14200D198600020F5
:10A9800008602AB15A680A609A68596002B99960E9
:10A99000002010E0814206D108682060986881425A
:10A9A000EDD19C60EBE7044600680028F2D1002A54
:10A9B000E8D16FF0150010BD13B54FF08052082993
:10A9C000136E526E28BF082112BA00921BBA0C46B1
:10A9D0000A466946019302F0CFFB204602B010BD43
:10A9E000CA07436805D4C1F34201012904D00229F2
:10A9F00009D06FF0150070471B684FF0CC72C3F898
:10AA00002425002070471B684FF0C862F7E700223A
:10AA100001210320D7F728B913B501AA044600F095
:10AA200066FA002805DB019B226819791868F1F79E
:10AA300063FA02B010BD38B5456861B1012913D180
:10AA4000286A0021FFF7E8FF041E02DB2846F3F71F
:10AA5000E1FA204638BD2846F3F7ECFA286A0121CE
:10AA6000BDE83840FFF7D8BF6FF08504F1E770B557
:10AA70000B680546006898420C460AD041F8040B62
:10AA8000066983685B68984740B9636832685340D9
:10AA900063602B796068D84000F0010070BDF0B4AD
:10AAA00003460A461979DB8800681343DC0287688D
:10AAB000066906D513F4402F03D0DA0748BF83F4A4
:10AAC0004023346801258D4023F48012DB074CBFFE
:10AAD0002C43AC4334603B68F0BC1847036911B1A8
:10AAE000D960002070476FF0150070472DE9F843DA
:10AAF00006460C4600250C2701F40008B368AB425B
:10AB000002D80020BDE8F883726807FB05F3D1186E
:10AB1000D058097983680269D3F81890B9F1000F09
:10AB200014D0B8F1000F0FD0126801238B401342EC
:10AB30000AD084F0C06202F0C06302F0B072C8476D
:10AB40000028DFD10135D9E72246F4E76FF057003E
:10AB5000D8E710B551F8043C1C6923684FF4001184
:10AB60001869FFF7C3FF02F050F94FF47A72A0FBA7
:10AB7000020302FB0131C00B40EA4140C90BC4E9AA
:10AB80001201002204F110000023BDE81040F5F787
:10AB900023BE2DE9F04F002585B0CDE902550469AB
:10ABA000D0F804B006464FF00C08A368AB4235D885
:10ABB0004FF000084546A368434546D83069002D4C
:10ABC00000F08E8073689A68D0E91231D31841EB97
:10ABD000E271C0E91231C90341EA534140F2E73260
:10ABE000DB0300F11004981841F10001B0F57A7F01
:10ABF00071F100036FD34FF47A720023CBF780FA20
:10AC00006FF00102121A4FF0FF3363EB010320468D
:10AC1000F5F7E2FD002005B0BDE8F08F676808FB9E
:10AC2000057702A93846FFF722FF0028F3DBBF684B
:10AC3000206DDBF808205B4614BF0121002100EBEA
:10AC4000470001F0B1FC0135AFE763680C2202FB5D
:10AC5000083A236DDAF8082003EB4209484601F070
:10AC6000DBFC48B9002D34D1484601F0C9FC00F0A6
:10AC7000010508F101089EE7484601F0C9FCDAF831
:10AC8000082001900346E76800213046B8479BF84A
:10AC90001020002AE6D0019B002BE3D00027A268F9
:10ACA000BA424FF00C03DDD9606803FB0700824510
:10ACB0000DD0C28812F0010F0CBF2021102141F4E9
:10ACC0008031FFF7ECFE0028CCD10137E7E7002107
:10ACD000F5E70120CBE76FF001024FF0FF3396E775
:10ACE0004FF09861FFF702FF94E770B504460669DC
:10ACF00002F08BF84FF47A75A0FB053205FB0121B9
:10AD0000DB0B43EA4143C90BC6E912312046BDE8DB
:10AD10007040FFF73EBF50F8100CFFF73ABF10B578
:10AD200004460069103001F0F2FE20694FF4001172
:10AD3000BDE81040FFF7DABE03695860436901229D
:10AD40001A7200207047F8B5476800247B68A34258
:10AD500001D80020F8BD3D6855F83400E600F9F749
:10AD6000BAFA40B155F83400F9F7ABFA18B1A8595E
:10AD70000021F9F783FAA85983685B6803B1984703
:10AD8000A8590021D4F7D6FF0134DFE72DE9F041BF
:10AD9000D0F8048005460024D8F80430A34202D835
:10ADA0000020BDE8F0812846D8F80060E700F9F7F8
:10ADB00088FA40B156F83400F9F78DFA18B1F05915
:10ADC0000121F9F75BFAF0590121D4F7B3FFF059EB
:10ADD00083689B6803B198470134DDE721B10129FD
:10ADE00004D06FF085007047FFF7ADBFFFF7CEBF0F
:10ADF0006FF0850070472DE9F043446885B001236A
:10AE0000039394F82230A669E56994F8207094F8C9
:10AE100021C00096DB00A2FB03030195CDF808D00A
:10AE2000002B3DD185423BD3934236D1214651F888
:10AE3000040B836802AA1D680023A8470546208DDD
:10AE4000F5F7ACFF284605B0BDE8F083606A405DC9
:10AE5000032828D8DFE800F003021D1F487806F118
:10AE6000FF3E072520FA05F919F0010F0CBFE14656
:10AE7000B946013D0EF8019FF4D2083608F10108E9
:10AE800094F822005FFA88F5A842DFD80133043134
:10AE9000CAE78878E3E7C878E1E74FF00008EFE712
:10AEA0006FF00B05CEE76FF01505CBE710B54468E2
:10AEB000206801F0BAFB10B96FF0120010BDE06815
:10AEC00038B994F822100023DAB2914206D8002053
:10AED000F4E701F0AAFB0028F3D1EDE7626AD25C47
:10AEE000032A03F10103EFD96FF01500E6E730B54F
:10AEF00043681360057A446804EBC504A34202D397
:10AF00006FF0010030BD5C798C4201D00833F0E76E
:10AF10000020F7E7002201212F20D6F7A5BE10B5AB
:10AF20000B6813B91360184605E003685C681CB130
:10AF300014600368186810BD083303600B68013B98
:10AF40000B60EDE713B501AA0446FFF7D0FF002818
:10AF500005DB019B226819791868F0F7CDFF02B074
:10AF600010BD70B50C460669456839B101290FD18D
:10AF70000021E86BBDE87040FFF7E4BF96F86D3044
:10AF800023B12846F2F75EFE86F86D400121F0E716
:10AF90006FF0850070BD03460A46006819790123E9
:10AFA00003FA01F103691B68194218BF82F001021C
:10AFB00012B18368DB68184783681B69FBE710B52B
:10AFC000036804464BB19A683AB1186901F028FB4E
:10AFD000206800210830FFF7DEFFA36933B9636002
:10AFE00004F11000BDE81040F5F758BA10BD10B5D7
:10AFF000006903688B4206D190F86C4034B9FFF7C2
:10B00000DEFF204610BD6FF01500FBE76FF00F006C
:10B01000F8E72DE9F04144680569E06B0021FFF78E
:10B0200091FF00281BDB206C461C11D1636B9847F5
:10B03000AC6801260834D5E9023203EBC203A4F15F
:10B04000080293420DD82846FFF7B9FF002006E01A
:10B05000F1F786FA10F1130F01D0411DE6D1BDE8DA
:10B06000F08154F8080C01F0E0FA28B354F8080C09
:10B0700014F8041C34F8023CD0F810C0D0F8088052
:10B08000DCF80070DA0754BF43F4B01383F4D01334
:10B0900023F4801206FA01FEDB074CBF4EEA0707D5
:10B0A00027EA0E07CCF80070D8F80030984700283F
:10B0B00004F10804BFDAD2E76FF01200CFE770B5F1
:10B0C000026804460E466AB193685BB1938813F434
:10B0D000805507D1106901F0A3FA2068294608308D
:10B0E000FFF759FF266404F12800F5F7D7F900238C
:10B0F00084F86C3070BD38B503780C46002B45D110
:10B100008D6E3DB94B6E6FF073011869BDE8384024
:10B11000FFF7D5BF8B6D93B19D4210D85B1B8B653C
:10B1200043BB4B6C08334B648B6C013B8B6401F16C
:10B13000580204F144004831FFF7F1FE6065236EC8
:10B140009BB19D4211D85B1B2366CBB9E36C0833DE
:10B15000E364236D013B236504F1600204F15001B7
:10B1600004F14C00FFF7DBFEE065606EBDE838409F
:10B17000F0F7D4BF4B6D002BE1D02B444B65DEE7DD
:10B18000E36D002BF1D02B44E365EEE738BD70B5DD
:10B19000054600F0A6F8002104462846F2F73CF9DF
:10B1A00003212846F1F7BCF900F025F804F18044AA
:10B1B000064604F5C04423684BB10024284600F03D
:10B1C0008EF828460121F1F7ABF9204670BD00F05A
:10B1D00012F8801B0628EED96FF07304EEE700F139
:10B1E00050039B009BB203F1804303F58833002298
:10B1F0001A601B68704708B5F1F752FA08BD00479E
:10B2000001F00EBAF1F71ABDF7B5019001A8DDE91A
:10B21000084716461D46F1F723FE019BB6F1000CC8
:10B2200018BF4FF0010C00EB83000B1E18BF012369
:10B23000002D43EA4C0314BF4FF00C0C4FF0000CF0
:10B24000002C43EA0C0314BF4FF4E06C4FF0000CE9
:10B25000002F43EA0C03D0F8002714BF4FF4403C02
:10B260004FF0000C43EA0C0322EA030301B1097812
:10B270000EB13678760019430DB12D78AD0031430B
:10B280000CB12478240229430FB13F783F040C43CA
:10B290003C43C0F8004703B0F0BD1FB50DF10F03EC
:10B2A000019300238DF80F1000931A461946FFF7FB
:10B2B000ABFF05B05DF804FB08B50146F1F742FEAF
:10B2C00040B10846F1F732FE00B2800000F5807010
:10B2D00080B208BD4FF4BE70FBE7F1F7C1BEF1F7D5
:10B2E00099BEFFF7E9BF4FF080531A695869504380
:10B2F00070474FF08053186970474FF0805358697A
:10B30000704700F180431A68002A1FBF00221A60AC
:10B310001B68012008BF002070474FF080434FF4A6
:10B320006072C3F8042370474FF080434FF460729B
:10B33000C3F80823704708B5F2F72CFABDE80840B7
:10B34000F1F75ABD70B5A2F58074A408012606FA7B
:10B3500004F4054614EA010008D0A85830B10021D1
:10B36000A950AA581A6822431A60304670BD2DE9C8
:10B37000F341002304460D460193904601AB4FF480
:10B38000A672FFF7DFFF4FF4827229462046FFF7CF
:10B39000D9FF4FF48C72074629462046FFF7D2FFAB
:10B3A000064630B1B8F1000F1DD017B1D4F83C35C6
:10B3B0003E4601AB4FF4887229462046FFF7C2FF94
:10B3C00030B1B8F1000F03D016B90FB1D4F83C3545
:10B3D00001AB4FF4907229462046FFF7B3FF019866
:10B3E00002B0BDE8F0814646E3E707B5019001A849
:10B3F000F2F720FA019A01239340C0F8083503B010
:10B400005DF804FB07B5019001A8F2F713FA019A61
:10B4100001239340C0F80C3503B05DF804FB91F8AC
:10B4200020200346032A29D8DFE802F0212519024B
:10B430008A68500304D5D3F84C250869904207D197
:10B440008A6852031AD4D3F84C258969914215D0E1
:10B4500000200622C3F80005C3F800257047D3F882
:10B460004C2508699042F3D1D3F83C25EDE7D3F899
:10B470004C250969EAE7D3F83C25FAE70120704733
:10B4800038B5857B04465DB900680623032229464A
:10B49000F2F742FD6068062303222946F2F73CFDDD
:10B4A000012038BD30B5A2F58075AD080124AC404F
:10B4B0000C4207D0815829B10021815082581A6866
:10B4C00022431A6030BD13B500230C4601934FF49C
:10B4D000A47201ABFFF7E6FF21464FF48272FFF73B
:10B4E000E1FF21464FF49272FFF7DCFF21464FF453
:10B4F000A872FFF7D7FF21464FF4A672FFF7D2FFDD
:10B5000021464FF4B072FFF7CDFF4FF4AE722146E3
:10B51000FFF7C8FF019802B010BD30B54C689C42DF
:10B5200009D200254560096801609A420CD1201EAD
:10B5300018BF012030BD43600D6805600868E41A3B
:10B5400018444C600860F0E70020F3E74B689A422B
:10B5500028BF1A460B68C0E9003248680B68801A99
:10B560004860134400380B6018BF012070474B68D7
:10B570009A4228BF1A4662B10B68C0E900324B6894
:10B580009B1A4B600B68101E13440B6018BF012000
:10B5900070471346F1E7C343C3F3C01300F00F0035
:10B5A00000EB03107047704708B5F3F701F9014647
:10B5B000F2F7F2FF837B032B0AD10846FFF7EBFF7C
:10B5C000012303FA00F0C043BDE80840F3F7E0B8F8
:10B5D0000368002BF1D008BD8720FFF7E5BF862068
:10B5E000FFF7E2BF8520FFF7DFBF8420FFF7DCBF56
:10B5F0008320FFF7D9BF8220FFF7D6BF8120FFF756
:10B60000D3BFF3F7E7B808B5F2F7C6FF818108BDED
:10B6100008B5F2F7C1FF4FF02002EFF3118382F378
:10B620001288BFF36F8F82680A6002682AB9807B34
:10B6300083F31188BFF36F8F08BD0420F8E707205C
:10B64000F3F790BC0620F3F78DBC0520F3F78ABC16
:10B650000420F3F787BC0320F3F784BC0220F3F740
:10B6600081BC0120F3F77EBCF3F76EBD07B50190F6
:10B6700001A8F3F755FF019A01239340C0F808355C
:10B6800003B05DF804FBF0B506680289338A9A427C
:10B6900071D231684289930051F8222002F00301EF
:10B6A000C2F3072401298475C2F385051FD002293E
:10B6B0002AD0002935D1C2F30363C2F307474FF004
:10B6C000010C120F42824268A0F814C00582002AC1
:10B6D00034D18261026204F00E04082C05BFC289D5
:10B6E0007368002353F8223043620120F0BD3168B3
:10B6F0001944C2F30B4C49680B0F45EA83158FB20E
:10B70000130FC1F30B42DDE731681944D1E901376A
:10B710004FEA124C1A0A45EA821295B25BB28A8944
:10B72000D0E732681A44D2E90137190A45EA811193
:10B73000B2F810C092898DB25BB2C3E73A4482611D
:10B7400004F0C00123B1D31A8029036209D10FE0AC
:10B7500004F03005202DF7D13F2C04D800F114035C
:10B760000362C261B7E78029FAD100F114030362D2
:10B770001368C361AFE70020B8E70389016810B51B
:10B7800001339BB203810A8A9A4203D80023C0E99D
:10B79000023310BD0B68428953F8221001240B0AB2
:10B7A00001F0030104FA01F10A444281828903F0A5
:10B7B0003001002908BF01328281C28903F00E03E3
:10B7C000082B08BF0132C281E3E770B504460E467C
:10B7D000154600212022083001F0F6FCC4E900657E
:10B7E0002046BDE87040FFF74EBF38B50B680C46E9
:10B7F00099680B681B681B0A03F0C003802B054681
:10B8000014BF6268221D0C34FFF7DFFF2C6238BDC5
:10B8100010B50446FFF7B1FFFFF735FF2089003868
:10B8200018BF012010BDF8B5038A8B4204460D46AF
:10B8300001D10120F8BD0668B28A8A4201D20020F7
:10B84000F8E78B4288BF338A078988BF0381204687
:10B85000FFF793FF6289336853F8223085EA930338
:10B860009B0606D02389BB42F1D12046FFF70BFF90
:10B87000E5E7FFF708FF238AAB42F3D1A37D03F08E
:10B880000F030A2BEED0D4E738B5837D03F00F0306
:10B890000A2B044617D005892046FFF76EFF236860
:10B8A00062891B6853F82230C3F303230A2B03D1A8
:10B8B000BDE83840FFF7E7BE2389AB42ECD1FFF784
:10B8C000E2FE002038BD0120FCE7FFF77EBFFFF756
:10B8D0008CBF10B40B461146528A082A0FD1CA6990
:10B8E0006AB130B1146824B1043223465DF8044BC8
:10B8F000184723B1146814B104321846F5E7012043
:10B900005DF8044B7047F8B50446C368154622B984
:10B91000E3682B44E3600120F8BD0668002EF7D0F1
:10B92000D31802D287689F4201D20020F4E7B047C3
:10B930000028EDD1F9E77F291FB50446CBB207D81F
:10B940008DF80430012201A9FFF7DDFF04B010BD1E
:10B9500003F07F03C90901A80022013263F07F03CD
:10B96000042A00F8013B01F07F034FEAD11101D016
:10B970000029F2D102F110016944013201F80C3CB6
:10B98000204601A9E0E74B0083EAE171FFF7D3BF4E
:10B9900030B58A7D4B8A02F00F02022A85B012D19F
:10B9A000012B06D1CB69197805B0BDE83040FFF70F
:10B9B000C2BF022B02D1CB691988F5E7042B44D111
:10B9C000CB691968F0E7012B09D1CB6993F9001015
:10B9D000032A0FD105B0BDE83040FFF7D4BF022BDA
:10B9E00003D1CB69B3F90010F2E7042B2DD1CB6959
:10B9F0001968EDE70029D7DA01AD01F07F02CB0924
:10BA00000424294662F07F02013C05F8012B03F073
:10BA10007F024FEAD313F5D142F070020DF1070512
:10BA20006FF060440423013362F07F02092B05F8B4
:10BA3000012F04F07F024FEAD414F4D18DF80D20C9
:10BA40000A22FFF760FF05B030BD0020FBE70422AB
:10BA5000FFF759BF41EAC201FFF76DBF8A7D02F0CF
:10BA60000F020B460B2A11D8DFE802F00606060685
:10BA70000E0A0C0C0C0C100C00211A8AFFF7EABFFE
:10BA80000121FAE70221F8E70521F6E700207047D7
:10BA900070B50E46114605461446FFF74CFF30B10F
:10BAA000224631462846BDE87040FFF72CBF70BDE6
:10BAB0007FB50D461646002110220446684601F067
:10BAC00083FB32462946684600F019F910B9002078
:10BAD00004B070BD03992046FFF72DFF0028F6D073
:10BAE0002168039A19B92046FFF70DFFF0E7E368D4
:10BAF0001A44A3689A42EAD832462946204600F002
:10BB0000FEF8E5E72DE9F0438B7D03F03002302AA3
:10BB100085B005460C460DD10B6A1A880B8A9A42ED
:10BB20000FD1E269A37DC2B913F0300F14BF012019
:10BB3000002007E0102AF4D10A6A32B11378002BF2
:10BB4000EFD1012005B0BDE8F0833F2BE9D80846CE
:10BB5000F3F764FD0028E4D0F3E703F0C002402AC5
:10BB60000AD12368DB68002BEBD02246294600204F
:10BB700005B0BDE8F043184703F03001202940F03C
:10BB80009A80216A0E88002EDBD0802A1DD103F016
:10BB90000F03052B59D8228A02212846FFF75AFFA6
:10BBA000B0B1A37D03F00F03042B13D1B7003946C6
:10BBB0002846FFF7C0FE58B1296849BB3A462846D7
:10BBC00005B0BDE8F043FFF79EBEA28AB242DED2C6
:10BBD0000020B7E7052B01D1F700E8E7102200218C
:10BBE000684601F0F1FAD4F81C8000272146684627
:10BBF000FFF7CEFE0028EBD0E369628A01371344D9
:10BC0000E361BBB29E42F1D8039FC4F81C80CEE72B
:10BC10000027A37D03F00E03042B11D1638A042BAC
:10BC2000D6D1E1692846FFF712FF0028D0D0E3699A
:10BC3000628A01371344E361BBB29E42E9D880E7D0
:10BC400021462846FFF7A4FEEFE74FF00008A37D4A
:10BC500003F0CE03862B29D1E769D7F80090C4F80A
:10BC60001C9021462846B9F1000F19D1FFF7F6FEC6
:10BC700008B9E761ACE70122694628468DF80090D3
:10BC8000FFF741FE0028F4D0E761E369628A08F11A
:10BC900001081344E3611FFA88F3B342D7D350E796
:10BCA000F3F724FDE7610028EFD191E7214628460C
:10BCB000F3F71CFDF7E72146284605B0BDE8F04341
:10BCC000F3F714BD30B50C688BB005460CB90120F4
:10BCD00007E023685B6821462BB12846984760B986
:10BCE00000200BB030BD6846FFF7F1FD0028F7D00B
:10BCF00069462846FFF706FFF1E7A468E6E710B5B6
:10BD00008AB004466846FFF7E0FDB0B19DF81630F2
:10BD100003F00F030A2B0BD107992046FFF7D2FF40
:10BD200018B16846FFF774FDEFE700200AB010BDB8
:10BD300069462046FFF7E6FEF2E70120F6E710B578
:10BD4000836804460BB9002010BD036801229847A0
:10BD50000028F8D0A368013BA360F5E72DE9F34183
:10BD60000E460DF1070105461446FFF7E8FF0746AA
:10BD700048B9AB6813B90CB10123237000273846CA
:10BD800002B0BDE8F0819DF907309DF80740002B17
:10BD900024DA04F07F044FF007080DF1070128466C
:10BDA000FFF7CDFF0028E9D0B8F11F0F9DF807304D
:10BDB0001ED9B8F13E0F03F07F0207D89AB1002CCC
:10BDC000DCDAFF2BDAD108F10708E6E742B1002CF4
:10BDD000D4DA012BD2D1B8F13F0FCFD13460CEE706
:10BDE000B8F13F0FCAD11B0608F10708D5D4F5E713
:10BDF000B8F11C0F09D113F0700F03D003F07802D3
:10BE0000782ABBD144EA0374EDE703F07F0202FA1B
:10BE100008F21443E7E703460846596810B58C1842
:10BE20005C6008B101F0A8F9012010BD0022FFF705
:10BE300095BF37B515461A46002313700C460B7094
:10BE40002B6001A9FFF78AFF28B1019BDA0803F0F4
:10BE500007032A60237003B030BD13B504460529DB
:10BE600021D8DFE801F0030F1720201E012201A9CD
:10BE70002046F3F7C9FC18B19DF90430002BF5DB1F
:10BE800002B010BD08220021204602B0BDE81040DB
:10BE9000F3F7BABC01A9FFF7C9FF0028F0D0019A57
:10BEA000F1E70422EFE70020EAE737B50D4601A9E4
:10BEB0000446FFF7BBFF034618B90023184603B03A
:10BEC00030BD94E8070085E8070001998A42F4D361
:10BED000A960A268521AA260F0E738B58A680546E0
:10BEE0000C461AB963686B60012038BD00212046FA
:10BEF000F3F78AFC0028F5D1F7E713B50C4601A942
:10BF0000FFF794FF20B1019B003B18BF0123237072
:10BF100002B010BD13B50C4601A9FFF787FF28B189
:10BF2000019A5308D20748BFDB43236002B010BD1B
:10BF300013B504220C460DEB0201F3F765FC08B1C2
:10BF4000019B236002B010BDF0B5937D03F00F0399
:10BF500085B0054616460B2B43D8DFE813F00C00DE
:10BF60001600160016005C00420067008600A10063
:10BF7000A1004200D9000139C9B2FD2931D9F169C6
:10BF800005B0BDE8F040FFF7B8BF0139C9B2FD29DF
:10BF900027D9022B1FD101A9FFF748FF044680B122
:10BFA000738A042B03D1F269019B136005E0022B15
:10BFB0000AD1019BF26913809BB20198C21A5442C4
:10BFC0005441204605B0F0BD012B0AD1019BF26916
:10BFD0001370DBB2F1E7032B05D101A9FFF79AFF3C
:10BFE00040B90024EDE76946FFF720FF0028F8D0AC
:10BFF000009B0193738A042BD5D0022B04D1F269E4
:10C00000BDF904301380D8E7012BEAD1F2699DF91C
:10C0100004301370D1E7052901D0FF29E1D1F1697E
:10C02000284605B0BDE8F040FFF782BF0229D8D10D
:10C0300001A9FFF7FBFE04460028C2D0019AB2F521
:10C04000803FCED2B37D03F0C003802B02F102010A
:10C05000C7D0738A9942C4D8F16921F8022B2846C7
:10C0600005B0BDE8F040F3F7CFBB0229B9D101A973
:10C07000F769FFF7DBFE04460028A2D0019A531CA3
:10C08000AFD0B37D03F0C003802B02F101014FF06C
:10C090000000A6D0738A9942A3D8B8543946DEE787
:10C0A00002299ED101A9FFF700FF002899D0736AE9
:10C0B000002B96D0B37D03F00F03092B0AD0B37D7C
:10C0C0003F2B1FD90023F269716A01A800F03BF8E9
:10C0D00004460FE0326A002AF1D052F8083C002BE7
:10C0E000EDD0043A314601A89847039B04460BB1B2
:10C0F0000028E4D101A92846FFF7EFFE00287FF4CD
:10C1000060AF6EE703F03003203B18BF0123DAE78E
:10C1100002297FF466AF01A9FFF788FE04460028D4
:10C120003FF44FAF0199B1F5803FBFF45AAF728A27
:10C1300019B9F06901F048F843E791427FF451AF33
:10C140000A46F1698BE72DE9F04F9DB004469B4606
:10C1500008A80023CDE90633ADF81230FFF735FB10
:10C16000002800F0E8801BF0010F40F0E48008A8F0
:10C17000F3F75AFC002840F0DE8000201DB0BDE837
:10C18000F08FDDF81480B8F1000F03D11BF0040F1D
:10C190003CD1F2E7414608A8FFF745FB30B19DF8D6
:10C1A000363003F00F020A2A40F08A808FB908A8BF
:10C1B000FFF76AFB28B9BAF1000F0CD14FF0FF3737
:10C1C00007E00F9BD3F800A0BAF1000FF6D0BDF83E
:10C1D0003070B8456CD3A36803939DF81030029378
:10C1E0005546A368039A002D60D093423AD0A368C5
:10C1F00063B10DF1110305AA04A92046FFF719FE4A
:10C200000028BED19DF81130002BB6D04FF6FF7339
:10C21000994504D0BDF81230019A9342ADD1089BE4
:10C220005B8A002B00F09680402B28BF40235909E1
:10C2300006A8002294B2A14200F28480D80603F03E
:10C240001F0200F08780C2F12003DBB24FF0FF3005
:10C25000D8401CAB03EB810151F8583CC31A58423B
:10C2600058418BE72B681B681E464BB1029B424628
:10C2700029462046B04700283FF47FAFAD68B0E7BD
:10C28000294612A8FFF7B1FA00283FF476AFBDF8AF
:10C2900058309845F2D1139B002BEFD0012302991F
:10C2A0002B7312AA2046F3F7E1FAE4E793429ED1FA
:10C2B0009DF810102046FFF7D0FD002897D15CE7CD
:10C2C00003F03003202B22D1109A0DAB9A4217D1E4
:10C2D000BDF828304B4510D04FF6FF72914505D080
:10C2E000BDF8122001998A427FF447AF0022ADF8D1
:10C2F0001220BDF83420019299460DF112031093DB
:10C300009DF8101008AA2046F3F7B0FAD5E7002BE5
:10C31000F6D1BDF82C303F2BF2D859091CAA02EBFC
:10C32000810103F01F020123934051F8582C13435D
:10C3300041F8583CE4E7002301934FF6FF799A4611
:10C340001F4654E750F8044B013402F101023FF458
:10C3500071AF12E7012011E70023FFF7F4BE28298F
:10C3600004D02D2912D06FF0850070474FF47A71F8
:10C370004388B3FBF1F313604388B3FBF1F001FB97
:10C3800010339BB24B435360002070470379136016
:10C390000023F8E741F2670398420ADC40F67A533B
:10C3A000984208DD0F234000B0FBF3F03530C0B2F7
:10C3B0007047642070470020704700691C30FFF709
:10C3C000CEBF37B50C460569836801A95B689847FD
:10C3D00048B9019B2A685A40012303FA04F10A4232
:10C3E00014BF1846002003B030BD70B40346006887
:10C3F0001979DB8843F480320569866813F0010FF0
:10C400004FF001042B6804FA01F414BF2343A34343
:10C410002B60336870BC184738B504460179006852
:10C42000FFF7CFFF217B0546A068FFF7CAFF40EA70
:10C43000450038BD38B5456804692846FFF7ECFF6C
:10C440002278C0B240EA82020E2A1FD8012393400C
:10C4500042F6140213421BD144F28212134214BF5B
:10C46000012200226378207013445BB26370298A32
:10C4700051B9A97CE27093FBF1F1A170AA7C93FB06
:10C48000F2F102FB11336370002038BD0022E9E7AE
:10C490004FF0FF32E6E770B544680669054620684C
:10C4A00000F0C3F818B96FF01504204670BDA068FD
:10C4B00000F0BBF80028F6D02046FFF796FF10B139
:10C4C0006FF00404F1E704F10800FFF78EFF044663
:10C4D0000028F5D12846F3F7C1FB0028F0DB686897
:10C4E000FFF79AFF3070E0E710B483689C693CB1B5
:10C4F00002F0C063A44602F0B0725DF8044B6047DE
:10C500005DF8044B704738B504460029006821796E
:10C510000CBF4FF400154FF0E8652A46FFF7E4FF23
:10C52000A068217B2A46BDE83840FFF7DDBF10B583
:10C530008B690C4658680021FFF7E5FF04F12400E1
:10C54000BDE81040F4F7ACB810B5CB680C4658689D
:10C550000021FFF7D8FF04F11800BDE81040F4F700
:10C560009FB810B550F80C4C23692046D3E9082138
:10C57000904760680121BDE81040FFF7C4BFF8B5DF
:10C580000446076940680E4600211546FFF7BBFFC9
:10C590000021A420F4F7E8FBC7E9085601216068F0
:10C5A000FFF7B1FF0020F8BD70B504786FF34104C8
:10C5B000047004F0010504888D42C4F38D0609D18E
:10C5C000B24203DD6FF38F04048070BDB61A66F3C8
:10C5D0008F04F9E7D3E9001314F0010F18BF1946CF
:10C5E0008E4208D21644B6F5804FF0D343F6FF735F
:10C5F00063F38F04E8E785F0010444F00204E3E705
:10C60000008820F0020080B2003818BF0120704777
:10C61000007800F0010070470078C0F340007047D8
:10C6200008B1D5F717BD7047704740B1C368587857
:10C6300010F001001EBF1878B0FA80F04009704772
:10C640004FF02002EFF3118382F31288BFF36F8F54
:10C65000FEE708B5FFF7F4FF00F0B6BD00F08CBDB3
:10C6600010B400F10C04C0E903445DF8044BF7F783
:10C67000F1B82DE9F04F87B0DDE9106705463B467C
:10C68000914604A83246884600F0C1FBDDE9043437
:10C6900005F1140ACDE902344FF02003EFF31184C1
:10C6A00083F31288BFF36F8F05F10C0B4A464146A6
:10C6B0002846F7F767F830B184F31188BFF36F8F1E
:10C6C00007B0BDE8F08F3E43F6D0DDE9022304A8B1
:10C6D00000F0C1FBDDE904675A46CDE90067214659
:10C6E0005046F4F7C1F94FF02003EFF3118483F3C0
:10C6F0001288BFF36F8FD9E738B504464FF0200397
:10C70000EFF3118583F31288BFF36F8FF7F702F809
:10C7100004F10C0000F02CFB30B1294604F11400A8
:10C72000BDE83840F4F704BA85F31188BFF36F8F82
:10C7300038BD82684369134313F003030CD1C3600F
:10C740000169994201D800207047C16811604169B0
:10C75000C26001330A44F3E76FF015007047F8B583
:10C7600004460D464FF02003EFF3118683F3128841
:10C77000BFF36F8FC7686FB900F0B0FA50B1C767E9
:10C78000456100F04CFA314604F10800BDE8F8407C
:10C79000F4F7CEB9E3682B60A369E560013BA361C0
:10C7A00086F31188BFF36F8FF8BDEFF30580003873
:10C7B00018BF012070476FF057007047F4F7CAB9EF
:10C7C00008B54FF02002EFF3118382F31288BFF314
:10C7D0006F8FD5F7FFFAF4E790F90E308B4201D056
:10C7E000F4F760B90020704703460020C3E9020057
:10C7F000C3E9003370472DE9F843994604469DF894
:10C8000020300D46904600F108064FF02002EFF36D
:10C81000118782F31288BFF36F8F03B145683046EA
:10C8200000F05CFA58B10023C367C0F8148000F030
:10C83000F6F930463946F4F77BF900200CE0B9F1FF
:10C84000000F1BD00821F4F7BDFD38B987F311881C
:10C85000BFF36F8F6FF00B00BDE8F8830122C0F8C3
:10C8600004800260016801F003015DB922680A4397
:10C870000260626820606AB960600BE0C8F80090EE
:10C880004046EFE72A68032A10D80160616839B989
:10C89000C4E90000042104F1100000F046FCC8E7E0
:10C8A0000A6802F0030202430A60E5E722F003028D
:10C8B0000A4302602A6802F0030240EA02032B6086
:10C8C000E8E710B5044630B10268930703D0446826
:10C8D00009B100F04AFC204610BD0023C0E9003336
:10C8E00000F10803C0E9023300F11003C0E904338A
:10C8F000704770B5044600F108054FF02003EFF3D0
:10C90000118683F31288BFF36F8F284600F0E6F993
:10C9100020B10022C267426100F081F904F11000E9
:10C92000082100F002FC31462846BDE87040F4F7CB
:10C93000FFB807B50123009300230A461946FFF705
:10C940005AFF03B05DF804FB07B500230A460093C5
:10C950001946FFF750FF03B05DF804FB00680021A3
:10C96000FFF7AFBF5AB18A4209D300F11003C0E903
:10C970000212C0E90000C0E90433002070476FF0E4
:10C9800015007047026801238B4022EA030303600D
:10C9900022FA01F000F00100704710B503210446AF
:10C9A0000C30FFF7EFFF30B104F1100000F013FA84
:10C9B000B0FA80F0400910BD20B100221146D030FD
:10C9C00000F0E6B9704770B5C368C3F340069B0733
:10C9D000044616D4856802210C30FFF7D3FF80B1DE
:10C9E000D5F8C8206AB194421DD122689EB9D5F805
:10C9F000CC30C5F8C8209C4201D1C5F8CC2000231A
:10CA00002360E36813F00F001EBF43F00203E360EE
:10CA100040F0020070BD3260D5F8CC20944208BFCF
:10CA2000C5F8CC60EBE716461268DBE773B5044641
:10CA30004FF02003EFF3118583F31288BFF36F8F5C
:10CA40000023A0F11006032104380193FFF79AFF99
:10CA500028B1A369019301A93046F3F7C7FD85F317
:10CA60001188BFF36F8F02B070BD38B504460D4614
:10CA70001022002100F0A8FB656038BD4FF02002B5
:10CA8000EFF3118382F31288BFF36F8FC06800F059
:10CA90000F0083F31188BFF36F8F704713B50190B8
:10CAA00008464FF02003EFF3118483F31288BFF39D
:10CAB0006F8F01A9F3F79AFD84F31188BFF36F8F8D
:10CAC00002B010BD10B5FFF7E9FF041E09DD4FF0FD
:10CAD0002003EFF3118083F31288BFF36F8F00F010
:10CAE00031F9204610BD08B5E822002100F06CFBAA
:10CAF00008BD38B5302204460D46002100F064FB25
:10CB00004FF480736560E36038BDFFF7B7BF38B599
:10CB100004464FF02003EFF3118583F31288BFF32F
:10CB20006F8FFFF73AFF2046FFF74DFF85F311881F
:10CB3000BFF36F8F38BDF8B504460D464FF02003A4
:10CB4000EFF3118683F31288BFF36F8FC36803F08E
:10CB50000F03002B14BF0127002705D186F311888E
:10CB6000BFF36F8F3846F8BDFFF717FF2046FFF77A
:10CB70002AFF29462046F3F71BFD86F31188BFF3F1
:10CB80006F8F0028EED04FF0FF324FF0FF3305F1EA
:10CB90000800F3F7A9FCE5E7D0E9003213605A601A
:10CBA0000023C0E90033704708B5FFF7F5FF437B6A
:10CBB00023F0020343730023836008BD90F90E3015
:10CBC00091F90E00834214BFC01A0020704738B597
:10CBD00004460D46F3F7E8FE637B43F002036373FC
:10CBE000E5B1A5602B689D4209D16B68C4E900538B
:10CBF0001C606C6012E06A689342F6D01B68002BE0
:10CC0000F3D094F90E2093F90E108A42F3D091429A
:10CC1000F1DD5A68C4E9003214605C6038BD10B5BB
:10CC20004FF02003EFF3118483F31288BFF36F8F6B
:10CC3000F3F786FE84F31188BFF36F8F10BD08B53C
:10CC40004FF02002EFF3118182F31288BFF36F8F50
:10CC500083680BB1FFF7A8FF81F31188BFF36F8FD3
:10CC600008BD38B504464FF02003EFF3118583F378
:10CC70001288BFF36F8F437B13F0280F0BD18368AB
:10CC80000BB1FFF791FF637B51B903F0FB036373B3
:10CC90002046F3F755FE85F31188BFF36F8F38BD3B
:10CCA00003F0EB03F3E701211838FFF7DABF08B50B
:10CCB00003464FF02002EFF3118182F31288BFF395
:10CCC0006F8F0068834207D008B1FFF76DFF81F3D3
:10CCD0001188BFF36F8F08BD0020F8E738B54FF01B
:10CCE0002003EFF3118583F31288BFF36F8F04687D
:10CCF000A0420DD034B12046FFF756FF04F11800D2
:10CD000000F069F885F31188BFF36F8F204638BDB6
:10CD10000024F7E710B501464FF02003EFF311842C
:10CD200083F31288BFF36F8F83680BB1FFF73CFF6B
:10CD300084F31188BFF36F8FBDE8104001F1180034
:10CD400000F049B8034620B9EFF305820AB9D4F7D9
:10CD5000E7BE83F31188BFF36F8F70474FF0200356
:10CD6000EFF3118083F31288BFF36F8FFFF7EABFF1
:10CD700038B5054600202C68A54200D004B938BD5E
:10CD80002046FFF7C7FF2046FFF749FF0120F2E7E3
:10CD900038B54FF02003EFF3118583F31288BFF30A
:10CDA0006F8F0468A04212D09CB1E1676261204697
:10CDB000FFF7FAFE04F1180000F00DF82046F3F733
:10CDC000BFFD012085F31188BFF36F8F38BD0020B0
:10CDD000F8E72046F6E710B54FF02002EFF3118494
:10CDE00082F31288BFF36F8F03683BB1F4F7B0F89A
:10CDF000002084F31188BFF36F8F10BD6FF0150012
:10CE0000F7E708B5F4F7A0F908BDF4F79DB9B3F159
:10CE1000FF3F08BFB2F1FF3F70B504461D461646FE
:10CE200013D01A4315D06FF00102921B4FF0FF335D
:10CE300063EB0501002904DAF4F786F9821941EB66
:10CE40000501C4E90021204670BD4FF0FF321146B4
:10CE5000F7E70022FBE7B3F1FF3F08BFB2F1FF3F66
:10CE6000F8B5074616461C4610D054EA020311D006
:10CE7000F4F76AF9B0420A46A14103460AD2F31A0E
:10CE800064EB0204C7E900343846F8BD4FF0FF33C5
:10CE90001C46F7E70023FBE710B50446FFF79BFFAE
:10CEA000B0B9636A0BB12046984704F11800FFF748
:10CEB000FEFE68B1FFF7B3FE4FF02003EFF31180E1
:10CEC00083F31288BFF36F8FBDE81040FFF73ABFBE
:10CED00010BD1423F0B503FB010000244FF48B7642
:10CEE00001B9F0BD10F8073C40F80C4C03F03F03CB
:10CEF000082BA0F114070CD826FA03F3DB0708D59A
:10CF000050F8143C2BB150F8105C2B605D6040E988
:10CF1000054482F31188BFF36F8F4FF02003EFF3C6
:10CF2000118283F31288BFF36F8F01393846D7E738
:10CF3000F8B50D46D0E900138842044605D1636870
:10CF4000C5E900431D6065601DE0002BF7D09868BF
:10CF500000B16038A2F160073946FFF72FFE0028C4
:10CF6000EDDC2668B442EAD0002EE8D0B16801B109
:10CF700060393846FFF722FE002805DD7368C5E9F1
:10CF800000631D607560F8BD63689E42D7D0366847
:10CF9000EAE72DE9F84F00258B4614461F468246E6
:10CFA0002E46A8465D4502DB3046BDE8F88F4FF0BF
:10CFB0002003EFF3118983F31288BFF36F8F9AF880
:10CFC0000D3003F03F03013B072B0FD8DFE803F0E0
:10CFD0001E040E0A0E0E0E25DAF810309B682BB1D7
:10CFE000022320E0DAF810301B688BBB47BB2378A4
:10CFF00033B39AF80D3003F03F03013B072B30D8D1
:10D00000DFE803F033282F282F2F2F38DAF81030DD
:10D010009B68002BEAD0012305E0DAF810301B6A88
:10D02000002BE3D01023DAF80C20CAF80880C2F3F2
:10D0300086310B4363F39432CAF80C2084F80080E5
:10D0400089F31188BFF36F8F01350AF1140AA9E73C
:10D050000423E8E7DAF81000224651461030FFF7C3
:10D0600067FFCAF808400136EAE7DAF810002246FE
:10D070005146F4E7DAF81000224651462430EEE734
:10D080002DE9F041846805460E46ECB16378012B2A
:10D0900025D114F8533C9A0714D5A4F160073846FB
:10D0A000FFF738FE082E0CBF6FF003030023E36187
:10D0B00014F8533CDB0605D154F8483C13B9384604
:10D0C000FFF7ADFD00232370EB68C3F386321643F0
:10D0D000002066F39433A860EB60BDE8F081022B7A
:10D0E000F0D12378002BEDD054F8048CB8F1000F68
:10D0F000E8D004F11400FFF76EFEA4F1140700233A
:10D10000E36239464046FFF7C9FCDBE710B552053C
:10D11000090201F47C5102F400120A43017B00244D
:10D120000A43C0E90323846010BD10B503464FF0E5
:10D130002002EFF3118482F31288BFF36F8F00682F
:10D14000834208D0D0E9003213605A600023C0E95E
:10D150000033FFF795FF84F31188BFF36F8F10BD85
:10D160000023C0E900008360704720B1011F50F820
:10D17000040CFFF7C1BA70470A44914200F1FF3333
:10D1800000D1704710B511F8014B03F8014F9142DF
:10D19000F9D110BD884210B501EB020402D98442D6
:10D1A000234607D8431EA14208D011F8012B03F8EB
:10D1B000012FF8E7024401468A4200D110BD13F85E
:10D1C000014D02F8014DF7E702440346934200D1B6
:10D1D000704703F8011BF9E7022B10B509D092083C
:10D1E00003680C6840F8044B013A41F8043BF7D15E
:10D1F00010BD029B022B09D0920803680C6840F80E
:10D20000044B013A41F8043BF7D1F1E702440C78B2
:10D21000037800F8014B824201F8013BF7D1E7E7C0
:10D22000F8B50F46164604461D4698470028314675
:10D2300038460CDAA847002802DA3C462046F8BDFA
:10D2400031462046A8470028F8DA3446F6E7A847D2
:10D250000028F2DC31462046A8470028F5DAEDE741
:10D260002DE9F04F97B0144682070646029319D174
:10D27000A30717D1271F18BF01270023039304FB1F
:10D2800001F806EB0803062906EB040B04932AD8E1
:10D29000049B5B4510D8039B002B40F0228117B004
:10D2A000BDE8F08F0227E8E700973B46224641465B
:10D2B0002846FFF791FF11E05D4610E0A5EB04085A
:10D2C000029B29464046984700280ADD002FEBD1F3
:10D2D0002B68D8F800202A60C8F800304546AE42D6
:10D2E000ECD3A344D4E74FEA5109A8EB040807297B
:10D2F00004FB0969B04422D0282941D9CD086543EF
:10D30000029B06EB450271193046FFF789FF49463B
:10D3100009EB0502029B8246481BFFF781FF42464C
:10D32000029B8146A8EB0501A8EB4500FFF778FFBB
:10D3300002464946029B5046FFF772FF814617BBE3
:10D340003368D9F800203260C9F80030D946C246A7
:10D350005D460023C1455BD805933146029B484694
:10D3600098470028059B2DDC08D1A7B92B68D9F870
:10D3700000202A60C9F8003025440123A144E9E7D0
:10D380004246B246D5E700973B46224649463046DC
:10D39000FFF722FFDAE700973B4622464946284638
:10D3A000FFF71AFFE8E70BD117BBD8F80030DAF81F
:10D3B0000020C8F80020CAF80030AAEB040A0123B4
:10D3C000A8EB0408C14523D805933146029B40468B
:10D3D00098470028059BE6DA97B9D9F80030D8F8C5
:10D3E0000020C9F80020C8F80030A8EB0408C4E702
:10D3F00000973B46224651464046FFF7EDFEDCE7EC
:10D4000000973B46224641464846FFF7E5FEECE7DB
:10D4100013BB049B5B457FF63EAF5D4618E000976B
:10D420003B46224641462846FFF7D6FE0FE0A5EBD5
:10D430000408029B29464046984700280ADD002F31
:10D44000EDD12B68D8F800202A60C8F80030454696
:10D45000AE42ECD3A344DCE7A9EB050BAA1B5A456B
:10D46000A8BF5A4632B100973B46A9EB02013046AD
:10D47000FFF7B2FE049BA3EB0A02AAEB0805121BFE
:10D48000AA4228BF2A4632B1049900973B46891A1E
:10D490004846FFF7A1FE049B5D45D846A3EB050077
:10D4A00004D93346A84606465D461846A54221D90A
:10D4B000B5FBF4F1039B072B0DD816AA02EBC303AF
:10D4C000B8FBF4F243F8406C43F83C2C039B013367
:10D4D00003930646D3E6029B2246FFF7C1FEA04512
:10D4E0000BD8039B16AA013B039302EBC30353E93A
:10D4F0001001EEE7A0457FF6CEAEB8FBF4F1304662
:10D50000E7E79A4208B501D9D4F764FD814204D80F
:10D510008B189842F8D3814202D183189942F3D3F1
:10D52000BDE80840FFF728BE08B417B505AB141EC8
:10D5300053F8041B019307DA1A46F4F7E7FA03B02D
:10D54000BDE8104001B070470A462146F4F7B6FA2C
:10D550000028F4DBA042F2D3D4F73CFD0A220021DC
:10D56000F3F782BF10B501390244904201D1002087
:10D5700005E0037811F8014FA34201D0181B10BD3C
:10D580000130F2E710B56AB10139841810F8012BA7
:10D5900011F8013F9A4203D1A04201D0002AF5D1EF
:10D5A000D01A10BD1046FCE7F0B5C2F137050446AD
:10D5B000EDB202F01F020846B4FBF2F602FB164180
:10D5C000CBB2092988BF5B19274688BFDBB230334D
:10D5D000BA4200F8013B3446EED9F0BD10B5024620
:10D5E00001448A42134603D01C780132002CF8D142
:10D5F000181A10BDD1E9043293421EBF5A1C0A61A9
:10D60000187070470148006870470000046B0020E4
:08D61000248BFC7F01000000E7
:10D6180011200300000000003DB0040068D8050098
:10D6280059FF0400000000007DFF04000000000016
:10D638007DB9040098D805007DB9040080D805009C
:10D64800DDA70500C8D80500F1B40400B0D805006E
:10D65800F90E0300E0D8050015C80400000000001A
:10D66800692003000000000000000000F8D8050051
:10D6780000000000E8D905000000000028D90500D6
:10D688000000000040D905000000000060DA050035
:10D698000000000000DA05000000000058D905006D
:10D6A8000000000048DA05008DA4020088D90500B2
:10D6B8008DA40200A0D905000000000078DA05005A
:10D6C800EDA90200D0D90500EDA90200B8D90500DE
:10D6D8000000000010D9050000000000A8DA0500CD
:10D6E8000000000090DA05000000000020DB0500C3
:10D6F800E5AE020030DA05000000000008DB050096
:10D70800E5AE020018DA05008DA4020070D9050004
:10D7180000000000F0DA050000000000D8DA05007B
:10D728000000000038DB050000000000C0DA05003A
:10D73800C1DE02000000000061EE020000000000EF
:10D748007910030000000000ED1F03000000000036
:10D75800875B050050DB05007D0505000000000023
:10D76800B5AE040068DB0500EDB5040080DB0500FC
:10D778007DBB040098DB05001928030000000000A9
:10D78800CDC603000000000071A1040000000000E5
:10D7980013B00500B0DB0500099F0200C8DB0500D7
:10D7A800FBA50500E0DB050097C4050058DC050073
:10D7B800ADFB040040DC050095BD0400F8DB050066
:10D7C800DDC0040028DC0500ADAE050010DC050056
:10D7D800F10503000000000039AD050070DC05000C
:10D7E800F9D3020000000000A9BD020000000000FB
:10D7F8001DC4020000000000D9C70200000000009C
:10D80800ED96020000000000119C020000000000DC
:10D81800F59C02000000000069B102000000000051
:10D828008F2B0500000000009DC6020000000000CC
:10D83800A9D9020000000000E9E102000000000090
:10D8480035F40200000000006146050000000000F9
:10D8580079D602000000000021D702000000000075
:10D86800104706007429060084290600801300204A
:10D8780068A000200000000062470600142A060085
:10D88800342A06008A13002030A10020000000007E
:10D8980070470600242A0600342A06008C1300204C
:10D8A8003CA10020000000002947060000000000FD
:10D8B800E829060084130020BCA000200000000016
:10D8C8003947060000000000F029060086130020F2
:10D8D800000000000000000096420600F01800203A
:10D8E800800E06007A130020D000002000000000FF
:10D8F80080320600C4E20500CCE20500481300208F
:10D9080000000000000000008F320600C8E2050099
:10D91800CCE205004A1300200000000000000000CF
:10D92800A732060000000000ECE205004C130020BE
:10D938000000000000000000FC34060000000000A9
:10D948000CE305004E13002000000000000000005A
:10D95800C5320600D032060054E3050050130020FB
:10D968000000000000000000D13206009CE3050022
:10D97800FCE30500521300202C4A002000000000A0
:10D9880006330600BCE30500FCE305005413002041
:10D998003C4A00200000000028330600DCE30500B4
:10D9A800FCE30500561300204C4A0020000000004C
:10D9B8003D33060020E4050054E405005813002018
:10D9C80000000000000000005533060038E40500A0
:10D9D80054E405005A130020000000000000000075
:10D9E8006A33060074E40500A0E405005C13002017
:10D9F800A6A50020000000007F3306006611002065
:10DA0800C4E405005E130020782700200000000011
:10DA1800ED32060048040020E4E40500601300200D
:10DA2800604A002000000000DF3206006404002085
:10DA3800E4E4050062130020844A0020000000008E
:10DA4800103306000000000004E505006413002000
:10DA580000000000000000005E3406008004002082
:10DA68004CE5050066130020A84A002000000000CD
:10DA78007C340600000000006CE5050068130020F7
:10DA88000000000000000000B6340600C3340600A1
:10DA9800D4E505006A130020000000000000000023
:10DAA800CD340600000000001CE605006C130020C1
:10DAB8000000000000000000E23406000000000042
:10DAC80064E605006E13002000000000000000005E
:10DAD800F33406000000000084E6050070130020FF
:10DAE8000000000000000000F8340600A404002034
:10DAF800A4E6050072130020AC4A002000000000D4
:10DB08002934060000000000C4E605007413002054
:10DB1800000000000000000037340600000000008C
:10DB280098010600761300200000000000000000A5
:10DB38009535060000000000C00306007813002099
:10DB48000000000000000000E23806001419002060
:10DB5800A01006007C130020146B002000000000B9
:10DB680003470600000000005C2906007E13002021
:10DB78000000000000000000484706000000000008
:10DB8800F8290600881300200000000000000000AB
:10DB98007E470600582A0600AC2A06008E1300208D
:10DBA800E80F0020D80F0020D0470600502B0600B1
:10DBB800C02B0600981300205C1000204C10002099
:10DBC800E6310600A0E2050094E2050046130020B5
:10DBD800A1A50020380400201F470600A029060040
:10DBE800B00F002082130020D6AB002000000000F8
:10DBF8008B470600C42A0600D82A06009013002086
:10DC0800B003002020100020B6470600002B0600B5
:10DC18002C2B0600941300200000000000000000D8
:10DC2800C247060000000000342B060096130020AF
:10DC380060A1002000000000254806000000000048
:10DC48002C2C06009A13002048A400200000000095
:10DC58002B480600482C06005C2C06009C1300206C
:10DC68006CA4002000000000A0470600E42A06007B
:10DC7800F42A06009213002058A100203C1000202E
:10DC880037B30500FFB1050000000000FF5A05008A
:10DC980000000000FF5A0500EDE30400FFB1050095
:10DCA80000000000FF5A050000000000FF5A0500B0
:10DCB800C5D40400FFB1050068DB0500F9AE040017
:10DCC80000000000FF5A050000000000FF5A050090
:10DCD80000000000FF5A050000000000A56A0400CB
:10DCE80028DC05004DC00400BCA0002061B504007C
:10DCF80000000000FF5A050000000000FF5A050060
:10DD080000000000FF5A050000000000A5C804003C
:10DD180000000000FF5A050000000000FF5A05003F
:10DD280000000000FF5A050000000000FF5A05002F
:10DD380000000000FF5A050000000000FF5A05001F
:10DD480000000000D56A040000000000FF5A05002A
:10DD580000000000FF5A050000000000FF5A0500FF
:10DD680000000000FF5A050000000000FF5A0500EF
:10DD780000000000FF5A050000000000FF5A0500DF
:10DD880000000000FF5A050000000000FF5A0500CF
:10DD980000000000FF5A050000000000FF5A0500BF
:10DDA80000000000FF5A050000000000FF5A0500AF
:10DDB80000000000FF5A0500A5F20400FFB10500AD
:10DDC80000000000FF5A050000000000FF5A05008F
:10DDD80000000000FF5A050000000000FF5A05007F
:10DDE80000000000FF5A050000000000FF5A05006F
:10DDF80000000000FF5A0500B5DE0400FFB1050071
:10DE0800F02A002080B8002000100000CDE00200B9
:10DE18000000000000000000000000000E000000EC
:10DE28000000000082390600000000000000000029
:10DE380005000000BD5803000000000006000000B7
:10DE4800BD8203000000000004000000D15C030054
:04DE580000000000C6
:10DE5C0094130600080000003414060007000000AC
:10DE6C00600F060005000000D40E0600070000003D
:10DE7C005802060012000000E80D06000400000025
:10DE8C00843106000000000065980200E59702004E
:10DE9C00000000007E44060000000000E92403009E
:10DEAC006D27030000000000604606000000000023
:10DEBC00B97E050000000000000000006F4606005F
:10DECC0000000000118605000000000000000000AA
:10DEDC00674606000000000061680300E972030059
:10DEEC0000000000B4460600000000009B9E0500E8
:10DEFC0015950300000000007546060000000000A8
:10DF0C00996B0300F56C0300000000003B35060024
:10DF1C000000000081B202000000000000000000C0
:10DF2C000332060000000000F19F0200AD9F0200CA
:10DF3C00000000008E3506000000000049B402000D
:10DF4C0015B4020000000000A7310600000000001C
:10DF5C00C19B020000000000000000005C390600BC
:10DF6C000000000049D90200000000000000000081
:04DF7C00FFFFFFFFA5
:10DF8000000000000B000400A0000000F0000000F2
:10DF900000000000000000000100000060003000F0
:10DFA0000000000000000000022A48C2B1CFC5678F
:10DFB000C90771960000000000022A48C2B1CFC50F
:10DFC00067C90771960001000000022A48C2B1CF5C
:10DFD000C567C90771960003000000022A48C2B154
:10DFE000CFC567C90771960002000000022A48C227
:10DFF000B1CFC567C90771960005000000022A4825
:10E00000C2B1CFC567C907719600040000000600C1
:10E0100006001E009001000000000000600060008B
:10E0200000000000000000009DDF02000000000072
:10E03000FFFFFFFF080000000800080008000000C4
:10E0400000000000000000010000000200000004C9
:10E050000000000800000010000000200000004048
:10E06000000000800000001B00000036000103FFDC
:10E0700004FF02000001060201000000000102018D
:10E08000040404040000643C0301000001000600D5
:10E090000C001E00900100C20100000008010300F6
:10E0A00062746C65000000000000000000000000C9
:10E0B0000000000000000000000000000000000060
:10E0C0000000000000000000000000000000000050
:10E0D000000001000000000000000000000000003F
:10E0E0000338FDD870470000AD970200F8E0050046
:10E0F00060000000061000000100000002000000A7
:10E1000003000000040000000500000006000000FD
:10E1100007000000000000000800000009000000E7
:10E120000A0000000B0000000C0000000D000000C1
:10E130000E0000000F0000001000000011000000A1
:10E140001200000013000000140000001500000081
:10E150001600000017000000180000001900000061
:10E160001A0000001B0000001C0000001D00000041
:10E170001E0000001F000000200000002100000021
:10E180002200000023000000240000002500000001
:10E19000260000000000000027000000280000000A
:10E1A000290000002A0000002B0000002C000000C5
:10E1B0002D0000002E0000002F00000030000000A5
:10E1C0003100000032000000330000003400000085
:10E1D000350000000000000036000000370000009D
:10E1E00038000000390000003A0000003B00000049
:10E1F0003C000000000000003D0000003E00000068
:10E200003F0000004000000041000000420000000C
:10E210000000000000000000430000004400000077
:10E2200045000000460000004700000048000000D4
:10E23000490000004A0000004B0000004C000000B4
:10E240004D000000500000005100000000000000E0
:10E25000000000000000000052000000000000006C
:10E26000000000004E0000004F00000053000000BE
:10E2700054000000550000007CE20500B8310600A3
:10E28000ECE0050070DC0500942C06005500000051
:10E29000C0310600CD1E0500051F0500C71E050084
:10E2A000ACE20500010000003200000098D8050033
:10E2B0000D000000133206002E320600493206001F
:10E2C0005A32060057000000000000000100000064
:10E2D00000000000731F05000000000000000000A7
:10E2E00000000000431D05000000000002000000C7
:10E2F0008DA1020035A10200B51F0500000000003D
:10E30000000000000000000000000000000000000D
:10E3100000000000CF200500BB2005000000000029
:10E3200000000000000000002CE3050001000000D8
:10E3300034E305000100000044E305000000000094
:10E340000000000051330600000000000000000043
:10E350000300000000000000000000004D21050047
:10E36000E3200500000000000000000000000000A5
:10E3700074E30500010000007CE3050001000000DB
:10E380008CE305000000000000000000513306008F
:10E3900000000000000000000300000090010000E9
:10E3A000DF320600ED320600C8000000FFFFFFFF6D
:10E3B000020000000000000000000000C800000093
:10E3C00010330600FC340600FFFFFFFFFFFFFFFFD6
:10E3D000020000000000000000000000C800000073
:10E3E000FC340600FC340600FFFFFFFFFFFFFFFFC9
:10E3F000000000000000000000000000000000001D
:10E40000000000006DA70200A5A6020000000000A9
:10E410000000000013230500000000007DA802009A
:10E42000E8030000010000000000000010330600B7
:10E430000000000000000000E803000000000100F0
:10E4400000000000FC340600000000000000000096
:10E450002DAA020000000000000000006DAC0200C8
:10E4600099AB02000000000000000000BF2305007F
:10E470000000000002030000070000002D00000063
:10E4800002000000070000002A0000000000000059
:10E49000070000004C0000000000000039AD020041
:10E4A0000000000000000000CB240500BF24050090
:10E4B0000000000000000000431D050000000000F7
:10E4C000D1AD02000000000000000000EF240500B4
:10E4D0004D2505000000000000000000431D050060
:10E4E000000000000000000000000000AB27050055
:10E4F0007127050000000000000000009F250500B6
:10E500000000000000000000000000000B280500D3
:10E51000FD270500000000000000000000000000D2
:10E5200024E50500010000002CE5050001000000C5
:10E530003CE505000000000000000000B0340600CB
:10E5400000000000000000000400000000000000C7
:10E5500000000000612805001928050000000000E7
:10E5600000000000431D0500000000000000000046
:10E5700000000000B92805000000000000000000B5
:10E5800000000000000000008CE505000100000014
:10E5900094E5050003000000A4E50500000000006C
:10E5A00000000000843406000000000000000000AD
:10E5B000010000009334060001000000000000008C
:10E5C000010000009E340600020000000000000070
:10E5D000010000000000000000000000F12805001C
:10E5E000E528050000000000000000000000000019
:10E5F000F4E5050001000000FCE505000100000055
:10E600000CE605000000000000000000B034060029
:10E6100000000000000000000400000000000000F6
:10E62000000000004D290500412905000000000000
:10E6300000000000000000003CE6050001000000B2
:10E6400044E605000100000054E60500000000005B
:10E6500000000000B03406000000000000000000D0
:10E660000400000000000000000000006729050011
:10E67000732905000000000000000000431D050094
:10E680000000000000000000000000007F290500DD
:10E690008B2905000000000000000000431D05005C
:10E6A000000000000000000000000000000000006A
:10E6B0000000000045AF020097290500000000009F
:10E6C0000000000000000000000000005D2A0500BE
:10E6D000512A05000000000000000000431D050055
:10E6E00000000000F32A050045350600FD2A05005C
:10E6F000472C050000000000FC340600290007003C
:10E700000000000000000000FC3406003A00070092
:10E710000000000000000000FC3406003B00070081
:10E720000000000000000000FC3406003C00070070
:10E730000000000000000000FC3406003D0007005F
:10E740000000000000000000FC3406003E0007004E
:10E750000000000000000000FC3406003F0007003D
:10E760000000000000000000FC340600400007002C
:10E770000000000000000000FC340600410007001B
:10E780000000000000000000FC340600420007000A
:10E790000000000000000000FC34060043000700F9
:10E7A0000000000000000000FC34060044000700E8
:10E7B0000000000000000000FC34060045000700D7
:10E7C0000000000000000000FC34060068000700A4
:10E7D0000000000000000000FC34060046000700B6
:10E7E0000000000000000000FC34060035000700B7
:10E7F0000000000000000000FC3406001E000700BE
:10E800000000000000000000FC3406001F000700AC
:10E810000000000000000000FC340600200007009B
:10E820000000000000000000FC340600210007008A
:10E830000000000000000000FC3406002200070079
:10E840000000000000000000FC3406002300070068
:10E850000000000000000000FC3406002400070057
:10E860000000000000000000FC3406002400070047
:10E870000000000000000000FC3406002500070036
:10E880000000000000000000FC3406002600070025
:10E890000000000000000000FC3406002700070014
:10E8A0000000000000000000FC3406002D000700FE
:10E8B0000000000000000000FC3406002E000700ED
:10E8C0000000000000000000FC3406002A000700E1
:10E8D0000000000000000000FC34060049000700B2
:10E8E0000000000000000000FC3406002B000700C0
:10E8F0000000000000000000FC34060014000700C7
:10E900000000000000000000FC3406001A000700B0
:10E910000000000000000000FC34060008000700B2
:10E920000000000000000000FC3406001500070095
:10E930000000000000000000FC3406001700070083
:10E940000000000000000000FC3406001C0007006E
:10E950000000000000000000FC3406001C0007005E
:10E960000000000000000000FC3406001800070052
:10E970000000000000000000FC3406000C0007004E
:10E980000000000000000000FC3406001200070038
:10E990000000000000000000FC3406001300070027
:10E9A0000000000000000000FC3406002F000700FB
:10E9B0000000000000000000FC34060030000700EA
:10E9C0000000000000000000FC34060031000700D9
:10E9D0000000000000000000FC34060039000700C1
:10E9E0000000000000000000FC34060004000700E6
:10E9F0000000000000000000FC34060016000700C4
:10EA00000000000000000000FC34060007000700C2
:10EA10000000000000000000FC34060009000700B0
:10EA20000000000000000000FC3406000A0007009F
:10EA30000000000000000000FC3406000B0007008E
:10EA40000000000000000000FC3406000B0007007E
:10EA50000000000000000000FC3406000D0007006C
:10EA60000000000000000000FC3406000E0007005B
:10EA70000000000000000000FC3406000F0007004A
:10EA80000000000000000000FC3406003300070016
:10EA90000000000000000000FC3406003400070005
:10EAA0000000000000000000FC3406002800070001
:10EAB0000000000000000000FC340600E100070038
:10EAC0000000000000000000FC3406001D000700EC
:10EAD0000000000000000000FC3406001B000700DE
:10EAE0000000000000000000FC34060006000700E3
:10EAF0000000000000000000FC34060019000700C0
:10EB00000000000000000000FC34060005000700C3
:10EB10000000000000000000FC34060005000700B3
:10EB20000000000000000000FC3406001100070097
:10EB30000000000000000000FC3406001000070088
:10EB40000000000000000000FC3406003600070052
:10EB50000000000000000000FC3406003700070041
:10EB60000000000000000000FC3406003800070030
:10EB70000000000000000000FC340600E500070073
:10EB80000000000000000000FC34060052000700F6
:10EB90000000000000000000FC340600E200070056
:10EBA0000000000000000000103306000400000018
:10EBB0000000000000000000FC340600E200070036
:10EBC0000000000000000000F33406000000000018
:10EBD0000000000000000000F33406000000000008
:10EBE0000000000000000000FC3406002C000700BC
:10EBF0000000000000000000D1320600000000000C
:10EC00000000000000000000FC3406002C0007009B
:10EC10000000000000000000FC3406005000070067
:10EC20000000000000000000FC3406005100070056
:10EC30000000000000000000FC3406004F00070048
:10EC40000000000000000000FC340600290007005E
:10EC50000000000000000000FC3406003A0007003D
:10EC60000000000000000000FC3406003B0007002C
:10EC70000000000000000000FC3406003C0007001B
:10EC80000000000000000000FC3406003D0007000A
:10EC90000000000000000000FC3406003E000700F9
:10ECA0000000000000000000FC3406003F000700E8
:10ECB0000000000000000000FC34060040000700D7
:10ECC0000000000000000000FC34060041000700C6
:10ECD0000000000000000000FC34060042000700B5
:10ECE0000000000000000000FC34060043000700A4
:10ECF0000000000000000000FC3406004400070093
:10ED00000000000000000000FC3406004500070081
:10ED10000000000000000000FC340600680007004E
:10ED20000000000000000000FC3406004600070060
:10ED30000000000000000000FC3406003500070061
:10ED40000000000000000000FC3406001E00070068
:10ED50000000000000000000FC3406001F00070057
:10ED60000000000000000000FC3406002000070046
:10ED70000000000000000000FC3406002100070035
:10ED80000000000000000000FC3406002200070024
:10ED90000000000000000000FC3406002300070013
:10EDA0000000000000000000FC3406002400070002
:10EDB0000000000000000000FC34060024000700F2
:10EDC0000000000000000000FC34060025000700E1
:10EDD0000000000000000000FC34060026000700D0
:10EDE0000000000000000000FC34060027000700BF
:10EDF0000000000000000000FC3406002D000700A9
:10EE00000000000000000000FC3406002E00070097
:10EE10000000000000000000FC3406002A0007008B
:10EE20000000000000000000FC340600490007005C
:10EE30000000000000000000FC3406002B0007006A
:10EE40000000000000000000FC3406001400070071
:10EE50000000000000000000FC3406001A0007005B
:10EE60000000000000000000FC340600080007005D
:10EE70000000000000000000FC3406001500070040
:10EE80000000000000000000FC340600170007002E
:10EE90000000000000000000FC3406001C00070019
:10EEA0000000000000000000FC3406001C00070009
:10EEB0000000000000000000FC34060018000700FD
:10EEC0000000000000000000FC3406000C000700F9
:10EED0000000000000000000FC34060012000700E3
:10EEE0000000000000000000FC34060013000700D2
:10EEF0000000000000000000FC3406002F000700A6
:10EF00000000000000000000FC3406003000070094
:10EF10000000000000000000FC3406003100070083
:10EF20000000000000000000FC340600390007006B
:10EF30000000000000000000FC3406000400070090
:10EF40000000000000000000FC340600160007006E
:10EF50000000000000000000FC340600070007006D
:10EF60000000000000000000FC340600090007005B
:10EF70000000000000000000FC3406000A0007004A
:10EF80000000000000000000FC3406000B00070039
:10EF90000000000000000000FC3406000B00070029
:10EFA0000000000000000000FC3406000D00070017
:10EFB0000000000000000000FC3406000E00070006
:10EFC0000000000000000000FC3406000F000700F5
:10EFD0000000000000000000FC34060033000700C1
:10EFE0000000000000000000FC34060034000700B0
:10EFF0000000000000000000FC34060028000700AC
:10F000000000000000000000FC340600E1000700E2
:10F010000000000000000000FC3406001D00070096
:10F020000000000000000000FC3406001B00070088
:10F030000000000000000000FC340600060007008D
:10F040000000000000000000FC340600190007006A
:10F050000000000000000000FC340600050007006E
:10F060000000000000000000FC340600050007005E
:10F070000000000000000000FC3406001100070042
:10F080000000000000000000FC3406001000070033
:10F090000000000000000000FC34060036000700FD
:10F0A0000000000000000000FC34060037000700EC
:10F0B0000000000000000000FC34060038000700DB
:10F0C0000000000000000000FC340600E50007001E
:10F0D0000000000000000000FC34060052000700A1
:10F0E0000000000000000000FC340600E200070001
:10F0F00000000000000000001033060004000000C3
:10F100000000000000000000FC340600E2000700E0
:10F110000000000000000000F334060000000000C2
:10F120000000000000000000F334060000000000B2
:10F130000000000000000000FC3406002C00070066
:10F140000000000000000000D132060000000000B6
:10F150000000000000000000FC3406002C00070046
:10F160000000000000000000FC3406005000070012
:10F170000000000000000000FC3406005100070001
:10F180000000000000000000FC3406004F000700F3
:10F190000000000000000000FC3406002900070009
:10F1A0000000000000000000FC3406003A000700E8
:10F1B0000000000000000000FC3406003B000700D7
:10F1C0000000000000000000FC3406003C000700C6
:10F1D0000000000000000000FC3406003D000700B5
:10F1E0000000000000000000FC3406003E000700A4
:10F1F0000000000000000000FC3406003F00070093
:10F200000000000000000000FC3406004000070081
:10F210000000000000000000FC3406004100070070
:10F220000000000000000000FC340600420007005F
:10F230000000000000000000FC340600430007004E
:10F240000000000000000000FC340600440007003D
:10F250000000000000000000FC340600450007002C
:10F260000000000000000000FC34060068000700F9
:10F270000000000000000000FC340600460007000B
:10F280000000000000000000FC340600350007000C
:10F290000000000000000000FC3406001E00070013
:10F2A0000000000000000000FC3406001F00070002
:10F2B0000000000000000000FC34060020000700F1
:10F2C0000000000000000000FC34060021000700E0
:10F2D0000000000000000000FC34060022000700CF
:10F2E0000000000000000000FC34060023000700BE
:10F2F0000000000000000000FC34060024000700AD
:10F300000000000000000000FC340600240007009C
:10F310000000000000000000FC340600250007008B
:10F320000000000000000000FC340600260007007A
:10F330000000000000000000FC3406002700070069
:10F340000000000000000000FC3406002D00070053
:10F350000000000000000000FC3406002E00070042
:10F360000000000000000000FC3406002A00070036
:10F370000000000000000000FC3406004900070007
:10F380000000000000000000FC3406002B00070015
:10F390000000000000000000FC340600140007001C
:10F3A0000000000000000000FC3406001A00070006
:10F3B0000000000000000000FC3406000800070008
:10F3C0000000000000000000FC34060015000700EB
:10F3D0000000000000000000FC34060017000700D9
:10F3E0000000000000000000FC3406001C000700C4
:10F3F0000000000000000000FC3406001C000700B4
:10F400000000000000000000FC34060018000700A7
:10F410000000000000000000FC3406000C000700A3
:10F420000000000000000000FC340600120007008D
:10F430000000000000000000FC340600130007007C
:10F440000000000000000000FC3406002F00070050
:10F450000000000000000000FC340600300007003F
:10F460000000000000000000FC340600310007002E
:10F470000000000000000000FC3406003900070016
:10F480000000000000000000FC340600040007003B
:10F490000000000000000000FC3406001600070019
:10F4A0000000000000000000FC3406000700070018
:10F4B0000000000000000000FC3406000900070006
:10F4C0000000000000000000FC3406000A000700F5
:10F4D0000000000000000000FC3406000B000700E4
:10F4E0000000000000000000FC3406000B000700D4
:10F4F0000000000000000000FC3406000D000700C2
:10F500000000000000000000FC3406000E000700B0
:10F510000000000000000000FC3406000F0007009F
:10F520000000000000000000FC340600330007006B
:10F530000000000000000000FC340600340007005A
:10F540000000000000000000FC3406002800070056
:10F550000000000000000000FC340600E10007008D
:10F560000000000000000000FC3406001D00070041
:10F570000000000000000000FC3406001B00070033
:10F580000000000000000000FC3406000600070038
:10F590000000000000000000FC3406001900070015
:10F5A0000000000000000000FC3406000500070019
:10F5B0000000000000000000FC3406000500070009
:10F5C0000000000000000000FC34060011000700ED
:10F5D0000000000000000000FC34060010000700DE
:10F5E0000000000000000000FC34060036000700A8
:10F5F0000000000000000000FC3406003700070097
:10F600000000000000000000FC3406003800070085
:10F610000000000000000000FC340600E5000700C8
:10F620000000000000000000FC340600520007004B
:10F630000000000000000000FC340600E2000700AB
:10F64000000000000000000010330600040000006D
:10F650000000000000000000FC340600E20007008B
:10F660000000000000000000F3340600000000006D
:10F670000000000000000000F3340600000000005D
:10F680000000000000000000FC3406002C00070011
:10F690000000000000000000D13206000000000061
:10F6A0000000000000000000FC3406002C000700F1
:10F6B0000000000000000000FC34060050000700BD
:10F6C0000000000000000000FC34060051000700AC
:10F6D0000000000000000000FC3406004F0007009E
:10F6E0000000000000000000FC34060029000700B4
:10F6F0000000000000000000FC3406003A00070093
:10F700000000000000000000FC3406003B00070081
:10F710000000000000000000FC3406003C00070070
:10F720000000000000000000FC3406003D0007005F
:10F730000000000000000000FC3406003E0007004E
:10F740000000000000000000FC3406003F0007003D
:10F750000000000000000000FC340600400007002C
:10F760000000000000000000FC340600410007001B
:10F770000000000000000000FC340600420007000A
:10F780000000000000000000FC34060043000700F9
:10F790000000000000000000FC34060044000700E8
:10F7A0000000000000000000FC34060045000700D7
:10F7B0000000000000000000FC34060068000700A4
:10F7C0000000000000000000FC34060046000700B6
:10F7D0000000000000000000FC34060035000700B7
:10F7E0000000000000000000FC3406001E000700BE
:10F7F0000000000000000000FC3406001F000700AD
:10F800000000000000000000FC340600200007009B
:10F810000000000000000000FC340600210007008A
:10F820000000000000000000FC3406002200070079
:10F830000000000000000000FC3406002300070068
:10F840000000000000000000FC3406002400070057
:10F850000000000000000000FC3406002400070047
:10F860000000000000000000FC3406002500070036
:10F870000000000000000000FC3406002600070025
:10F880000000000000000000FC3406002700070014
:10F890000000000000000000FC3406002D000700FE
:10F8A0000000000000000000FC3406002E000700ED
:10F8B0000000000000000000FC3406002A000700E1
:10F8C0000000000000000000FC34060049000700B2
:10F8D0000000000000000000FC3406002B000700C0
:10F8E0000000000000000000FC34060014000700C7
:10F8F0000000000000000000FC3406001A000700B1
:10F900000000000000000000FC34060008000700B2
:10F910000000000000000000FC3406001500070095
:10F920000000000000000000FC3406001700070083
:10F930000000000000000000FC3406001C0007006E
:10F940000000000000000000FC3406001C0007005E
:10F950000000000000000000FC3406001800070052
:10F960000000000000000000FC3406000C0007004E
:10F970000000000000000000FC3406001200070038
:10F980000000000000000000FC3406001300070027
:10F990000000000000000000FC3406002F000700FB
:10F9A0000000000000000000FC34060030000700EA
:10F9B0000000000000000000FC34060031000700D9
:10F9C0000000000000000000FC34060039000700C1
:10F9D0000000000000000000FC34060004000700E6
:10F9E0000000000000000000FC34060016000700C4
:10F9F0000000000000000000FC34060007000700C3
:10FA00000000000000000000FC34060009000700B0
:10FA10000000000000000000FC3406000A0007009F
:10FA20000000000000000000FC3406000B0007008E
:10FA30000000000000000000FC3406000B0007007E
:10FA40000000000000000000FC3406000D0007006C
:10FA50000000000000000000FC3406000E0007005B
:10FA60000000000000000000FC3406000F0007004A
:10FA70000000000000000000FC3406003300070016
:10FA80000000000000000000FC3406003400070005
:10FA90000000000000000000FC3406002800070001
:10FAA0000000000000000000FC340600E100070038
:10FAB0000000000000000000FC3406001D000700EC
:10FAC0000000000000000000FC3406001B000700DE
:10FAD0000000000000000000FC34060006000700E3
:10FAE0000000000000000000FC34060019000700C0
:10FAF0000000000000000000FC34060005000700C4
:10FB00000000000000000000FC34060005000700B3
:10FB10000000000000000000FC3406001100070097
:10FB20000000000000000000FC3406001000070088
:10FB30000000000000000000FC3406003600070052
:10FB40000000000000000000FC3406003700070041
:10FB50000000000000000000FC3406003800070030
:10FB60000000000000000000FC340600E500070073
:10FB70000000000000000000FC34060052000700F6
:10FB80000000000000000000FC340600E200070056
:10FB90000000000000000000103306000400000018
:10FBA0000000000000000000FC340600E200070036
:10FBB0000000000000000000F33406000000000018
:10FBC0000000000000000000F33406000000000008
:10FBD0000000000000000000FC3406002C000700BC
:10FBE0000000000000000000D1320600000000000C
:10FBF0000000000000000000FC3406002C0007009C
:10FC00000000000000000000FC3406005000070067
:10FC10000000000000000000FC3406005100070056
:10FC20000000000000000000FC3406004F00070048
:10FC300000000000000000009535060000000000F4
:10FC400000000000000000009535060003000000E1
:10FC500000000000000000009535060004000000D0
:10FC600000000000000000009535060007000000BD
:10FC700000000000000000009535060008000000AC
:10FC80000000000000000000953506000B00000099
:10FC90000000000000000000953506000C00000088
:10FCA0000000000000000000E23406000000000038
:10FCB0000000000000000000E23406000000000028
:10FCC0000000000000000000E23406000000000018
:10FCD0000000000000000000E23406000000000008
:10FCE0000000000000000000E234060000000000F8
:10FCF0000000000000000000E234060000000000E8
:10FD00000000000000000000E234060000000000D7
:10FD10000000000000000000E234060000000000C7
:10FD20000000000000000000E234060000000000B7
:10FD30000000000000000000E234060000000000A7
:10FD40000000000000000000E23406000000000097
:10FD50000000000000000000E23406000000000087
:10FD60000000000000000000E23406000000000077
:10FD70000000000000000000E23406000000000067
:10FD80000000000000000000E23406000000000057
:10FD90000000000000000000E23406000000000047
:10FDA0000000000000000000E23406000000000037
:10FDB0000000000000000000E23406000000000027
:10FDC0000000000000000000E23406000000000017
:10FDD0000000000000000000E23406000000000007
:10FDE0000000000000000000E234060000000000F7
:10FDF0000000000000000000E234060000000000E7
:10FE00000000000000000000E234060000000000D6
:10FE10000000000000000000E234060000000000C6
:10FE20000000000000000000E234060000000000B6
:10FE30000000000000000000E234060000000000A6
:10FE40000000000000000000E23406000000000096
:10FE50000000000000000000E23406000000000086
:10FE60000000000000000000E23406000000000076
:10FE70000000000000000000E23406000000000066
:10FE80000000000000000000E23406000000000056
:10FE90000000000000000000E23406000000000046
:10FEA0000000000000000000E23406000000000036
:10FEB0000000000000000000E23406000000000026
:10FEC0000000000000000000E23406000000000016
:10FED0000000000000000000E23406000000000006
:10FEE0000000000000000000E234060000000000F6
:10FEF0000000000000000000E234060000000000E6
:10FF00000000000000000000E234060000000000D5
:10FF10000000000000000000E234060000000000C5
:10FF20000000000000000000E234060000000000B5
:10FF30000000000000000000E234060000000000A5
:10FF40000000000000000000E23406000000000095
:10FF50000000000000000000E23406000000000085
:10FF60000000000000000000E23406000000000075
:10FF70000000000000000000E23406000000000065
:10FF80000000000000000000E23406000000000055
:10FF90000000000000000000E23406000000000045
:10FFA0000000000000000000E23406000000000035
:10FFB0000000000000000000E23406000000000025
:10FFC0000000000000000000E23406000000000015
:10FFD0000000000000000000E23406000000000005
:10FFE0000000000000000000E234060000000000F5
:10FFF0000000000000000000E234060000000000E5
:0200000260009C
:100000000000000000000000E234060000000000D4
:100010000000000000000000E234060000000000C4
:100020000000000000000000E234060000000000B4
:100030000000000000000000E234060000000000A4
:100040000000000000000000E23406000000000094
:100050000000000000000000E23406000000000084
:100060000000000000000000E23406000000000074
:100070000000000000000000E23406000000000064
:100080000000000000000000E23406000000000054
:100090000000000000000000E23406000000000044
:1000A0000000000000000000E23406000000000034
:1000B0000000000000000000E23406000000000024
:1000C0000000000000000000E23406000000000014
:1000D0000000000000000000E23406000000000004
:1000E0000000000000000000E234060000000000F4
:1000F0000000000000000000E234060000000000E4
:100100000000000000000000E234060000000000D3
:100110000000000000000000E234060000000000C3
:100120000000000000000000E234060000000000B3
:100130000000000000000000E234060000000000A3
:100140000000000000000000E23406000000000093
:100150000000000000000000E23406000000000083
:100160000000000000000000E23406000000000073
:100170000000000000000000E23406000000000063
:10018000000000009C350600B4350600D03506009E
:10019000D72C0500EA350600000000000000000032
:1001A000032D0500F72C05000000000000000000F2
:1001B00000000000B801060002000000C0010600B7
:1001C0000400000010020600000000000000000013
:1001D00002000000F001060001000000E00106003E
:1001E0007536060000000000030000000200000059
:1001F00013360600030000000000000001000000AC
:10020000223606000500000000000000010000008A
:10021000353606000100000000000000010000006B
:10022000423606000200000000000000010000004D
:10023000533606000400000000000000010000002A
:10024000663606000000000000000000010000000B
:100250002A37060000000000CA1100202383050091
:1002600000000000C611002000000100C2110020A3
:100270005B870500000000009406002000000100DC
:10028000BA110020852E0500000000000213002096
:1002900000000100B61100205B870500000000008F
:1002A0008C06002000000100AE11002001C40200F5
:1002B000000000000000000000000400AA1100205F
:1002C0005B8705000000000084060020000001009C
:1002D000A21100209D2E050000000000000000007B
:1002E000000004009E110020F5820500016E03004D
:1002F0004406002000000C009A1100206D2E05001D
:1003000000000000001300200000040096110020EF
:100310005B870500000000003C0600200000010093
:100320008E1100203F2E050000000000000000009C
:10033000000004008A110020F5820500016E030010
:10034000FC05002000000C00861100206D2E050029
:1003500000000000FC1200200000040082110020B8
:100360005B87050000000000F4050020000001008C
:100370007A11002000000000F92D050000000000A7
:1003800000000C00761100206D2E0500000000001A
:10039000FE12002000000400721100205B8705009F
:1003A00000000000EC050020000001006A110020A0
:1003B00000000000CB2E05003FA600200000020038
:1003C00002000000B52F0500FD2E0500F12E0500EE
:1003D000000000000000000000000000E003060034
:1003E00001000000E80306000D000000F80306000D
:1003F0000000000000000000AC3706000000000014
:100400000000000001000000BA37060001000000F3
:100410000000000001000000C237060002000000DA
:100420000000000001000000CB37060003000000C0
:100430000000000001000000D237060004000000A8
:100440000000000001000000DB370600050000008E
:100450000000000001000000E9370600060000006F
:100460000000000001000000F9370600070000004E
:10047000000000000100000007380600080000002E
:10048000000000000100000017380600090000000D
:100490000000000001000000203806000A000000F3
:1004A00000000000010000002B3806000B000000D7
:1004B0000000000001000000373806000C000000BA
:1004C0000000000001000000473806006C380600FC
:1004D00021C6020086380600A1380600AF300500AC
:1004E000E5C6020039C9020019C702000DC70200A3
:1004F00065C80200373105007531050000000000B5
:1005000000000000B5D7020089DC02006A3906004D
:1005100000000000380506002C0506000000000061
:100520000000000002000000050000004806060070
:10053000A40C06000000000009380120020004009D
:1005400015380120020004000000000078050600B4
:100550006405060000000000000000000500000027
:1005600005000000200606009C0606008408060020
:10057000C80C0600000000000412004009380140C9
:10058000080004000D380140080014001138014033
:100590000800180015380140080024000000000081
:1005A000C4050600B80506000000000000000000B9
:1005B00002000000020000004C05060014050600C1
:1005C000000000000538014004002C0009380140FB
:1005D000040006000000000000060600F00506000A
:1005E0000000000000000000040000000500000002
:1005F000D0060600E0080600580D060000000000C6
:10060000041200400D380140080004001138014078
:10061000080008001538014008001C000000000018
:100620003C0606003806060000000000000000003E
:10063000020000000200000000000000043002126E
:100640000832021200000000640606006006060080
:100650000000000000000000010000000100000098
:1006600000000000043202120000000088060600AC
:100670008406060000000000D3B805000200000058
:100680000200000000000000055701000000080003
:10069000095601000800080000000000BC06060022
:1006A000B406060000000000000000000300000087
:1006B000040000006C060600000000000538014040
:1006C000040010000832041410300414000000006C
:1006D000EC060600E806060000000000000000002E
:1006E00004000000040000000000000004300212BA
:1006F000083002120C30021210300212000000000A
:100700002C0706001807060000000000D3B80500FB
:100710000600000006000000A4070600C40706004B
:100720005C07060084070600000000000557010072
:1007300000000800093801400C0001000C320C4494
:10074000113801400C000800153801400C00080069
:10075000193801400C000100000000007807060075
:100760007407060000000000000000000200000006
:1007700002000000000000000412004008120440C3
:1007800000000000A00706009C0706000000000013
:100790000000000000000000000000000000000059
:1007A00000000000C0070600BC07060000000000B3
:1007B0000000000000000000000000000000000039
:1007C00000000000E0070600DC0706000000000053
:1007D0000000000002000000020000000000000015
:1007E0000411004008110440000000001008060039
:1007F0000408060000000000D3B805000200000055
:1008000002000000000706000007060000000000CC
:1008100005680100000008000968010008000800E0
:1008200000000000440806003C080600000000002C
:10083000D3B805000300000003000000EC07060029
:1008400000000000041200400957010004000800E5
:100850000D6801000C000800000000007808060088
:100860007408060000000000D3B805000100000075
:100870000100000000000000056201000000080007
:1008800000000000A80806009C0806000000000008
:100890000000000002000000020000005C080600EA
:1008A000240806000000000005380140040008008C
:1008B000093801400400140000000000D8080600B8
:1008C000D408060000000000000000000100000045
:1008D00001000000000000000412004000000000C1
:1008E00000090600F80806000000000000000000F3
:1008F0000200000002000000BC080600000000002A
:100900000430041409380140040004000000000011
:100910002C09060028090600000000000000000065
:100920000700000007000000000000000413004062
:10093000081304400C13084010130C40141310400B
:10094000181314401C131840000000006C09060026
:100950006409060000000000D3B805000200000092
:100960000200000010090600000000000557010009
:1009700000000800096801000800080000000000ED
:10098000A00906009809060000000000D3B8050081
:1009900002000000020000004C09060000000000F8
:1009A0000412004009680100040008000000000073
:1009B000CC090600C8090600000000000000000085
:1009C00003000000030000000000000004130040CA
:1009D000081204400C12084000000000FC09060048
:1009E000F409060000000000D3B805000300000071
:1009F00003000000B00906000000000004120040DF
:100A000009570100040008000D6801000C000800EF
:100A100000000000340A06002C0A06000000000056
:100A2000D3B805000300000003000000DC09060045
:100A300000000000056801000000080008120840DE
:100A40000C120C4000000000640A0600600A060058
:100A50000000000000000000020000000200000092
:100A600000000000041200400917010004001400F7
:100A700000000000900A06008C0A0600000000003A
:100A80000000000002000000020000000000000062
:100A9000041200400812044000000000B80A0600DA
:100AA000B40A060000000000000000000100000081
:100AB00001000000000000000412004000000000DF
:100AC000DC0A0600D80A0600000000000000000052
:100AD0000000000000000000000000000000000016
:100AE000FC0A0600F80A06000000000000000000F2
:100AF000020000000200000000000000041200409C
:100B00000812044000000000280B0600200B06001D
:100B100000000000000000000300000003000000CF
:100B2000B009060000000000041200400811044053
:100B30000D1801400C000C00000000005C0B0600CA
:100B4000540B06000000000000000000020000003E
:100B500002000000DC09060000000000053801402A
:100B6000040014000832041400000000880B060082
:100B7000840B0600000000000000000000000000E0
:100B8000000000000000000000000000AC0B0600A8
:100B9000A40B06000000000000000000020000009E
:100BA000020000006C0B0600000000000538012068
:100BB000020001000832021200000000DC0B0600F7
:100BC000D40B06000000000000000000020000003E
:100BD00002000000DC0906000000000004120040D2
:100BE0000918014008001400000000000C0C060069
:100BF000040C0600000000000000000002000000DD
:100C000002000000BC0B0600000000000538014097
:100C100004001C0008320414000000003C0C060014
:100C2000340C06000000000000000000020000007C
:100C300002000000140A0600000000000538014010
:100C40000400100008320414000000006C0C0600C0
:100C5000640C06000000000000000000020000001C
:100C600002000000140A06000000000005380140E0
:100C7000040010000832041400000000980C060064
:100C8000940C0600000000000000000002000000BC
:100C900002000000000000000430021208320212BC
:100CA00000000000C00C0600BC0C060000000000A4
:100CB0000000000001000000010000000000000032
:100CC0000430021200000000040D0600E00C0600D3
:100CD00000000000000000000C0000000C000000FC
:100CE000140A06007C0C0600800906004C0C060065
:100CF0001C0C0600EC0B06008C0B06003C0B0600DF
:100D000000000000053801400400100008320414FF
:100D10000C30041411380140040004001430041491
:100D20001938014004000C001D3801400400140073
:100D3000213801400400140025380140040020003F
:100D400029380140040004002D3801400400180037
:100D500030320414000000008C0D0600700D0600F7
:100D600000000000000000000C0000000C0000006B
:100D7000080B0600E00A0600C00A06009C0A0600EE
:100D8000740A0600480A060000000000043004143B
:100D900009380140040018000C3004141030041409
:100DA00014300414183004141C3204442138014057
:100DB00004000800253801400400010029380140E2
:100DC000040004002D3801400400080031380140BF
:100DD0000400180000000000A1E20200943906009F
:100DE000B03906000F340500D6110020238305001A
:100DF000000000002B13002000000100D211002091
:100E00005B870500000000000008002000000100D2
:100E100009130020ED330500C1EF020000000000BF
:100E200000000C00CE110020F5820500016E0300C9
:100E3000C007002000000C0021F8020004000000A0
:100E400000000000000000000060020080DB0500E0
:100E5000010000000060020000600C0080DB050063
:100E60000200000000C00E000080000080DB0500D2
:100E70000300000000400F0000C0000080DB050000
:100E800019460500550D030000000000AB440500A5
:100E9000AF4405001D0D0300C5450500FD0C030012
:100EA000254405002F440500DD0C03003D440500EA
:100EB00000000000474405000000000000000000A2
:100EC0004F4405006D4405007144050007450500C9
:100ED0007944050002120020238305000000000071
:100EE000FE11002000000100FA1100205B870500C0
:100EF000000000007808002000000100F21100202E
:100F00002B46050000000000D33906000000010058
:100F1000EE1100205B870500000000007008002033
:100F200000000100E61100202B4605000000000033
:100F3000BB42060000000100E21100205B870500B3
:100F4000000000006808002000000100DA11002005
:100F5000AD100300000000003C1300200000010061
:100F60001E12002023830500000000001A1200203A
:100F700000000100161200205B8705000000000041
:100F8000C0080020000001000E120020C91003005C
:100F90000000000043130020000001000A1200209E
:100FA000F5820500016E03008008002000000300A8
:100FB00006120020C9870500000000003A31060033
:100FC0000000010008200001FFFFFFFFFFFFFFFFFF
:100FD000FFFFFFFF00000000000000000000000015
:100FE00001000000FFFFFFFF512563FCC2CAB9F3F7
:100FF000849E17A7ADFAE6BCFFFFFFFFFFFFFFFFD0
:1010000000000000FFFFFFFF96C298D84539A1F409
:10101000A033EB2D817D0377F240A463E5E6BCF8B5
:1010200047422CE1F2D1176BF551BF376840B6CB80
:10103000CE5E316B5733CE2B169E0F7C4AEBE78E7C
:101040009B7F1AFEE242E34F4B60D2273E3CCE3BF1
:10105000F6B053CCB0061D65BC86987655BDEBB393
:10106000E7933AAAD835C65A874E0500D94F0500EE
:101070007D150300000000200000000000000B06AA
:10108000020000008810060000000000E543060092
:101090002600020200000020ED43060022000B1192
:1010A0000000000008200001FFFFFFFFFFFFFFFF1F
:1010B000FFFFFFFF00000000000000000000000034
:1010C00001000000FFFFFFFF512563FCC2CAB9F316
:1010D000849E17A7ADFAE6BCFFFFFFFFFFFFFFFFEF
:1010E00000000000FFFFFFFF96C298D84539A1F429
:1010F000A033EB2D817D0377F240A463E5E6BCF8D5
:1011000047422CE1F2D1176BF551BF376840B6CB9F
:10111000CE5E316B5733CE2B169E0F7C4AEBE78E9B
:101120009B7F1AFEE242E34F4B60D2273E3CCE3B10
:10113000F6B053CCB0061D65BC86987655BDEBB3B2
:10114000E7933AAAD835C65A874E0500D94F05000D
:101150007D1503004C2906005C11060049000000C3
:101160005C0501204C2906006C1106002D000000D2
:10117000980601204C2906007C110600170000008B
:10118000800701200E030000112C03000F04000053
:10119000E52B03001A010000695E0500050400004C
:1011A000952A0300130100000F600500FF010000F5
:1011B000ED5F05003E010000092B0300050400005F
:1011C000C35E0500080400007364050030030000DE
:1011D0001364050010010000135F05000201000008
:1011E0004144030001120000E93203000A1E00001E
:1011F000CB63050003090000E9600500040B000053
:101200006B5F0500060A000061620500070A000026
:101210001B5F05000C0500000D630500050C0000B8
:101220009F61050008410000E94803000921000012
:101230006D4903004C2906003C12060046000000E0
:10124000B80701204C2906004C1206001F000000C0
:10125000840801204C2906005C12060049000000A9
:10126000040901209F6F0500CD6F050000000000FC
:101270000000000000000000D77005000000000022
:101280000000000000000000000000005F7A050080
:101290009F7A0500E37A05005F7A0500C57A0500AC
:1012A0009F7A0500020201009B7B050004040100F7
:1012B000C164030006060100F56303000804010091
:1012C0002D6303000A020100837B05000C0401006A
:1012D0006B7B05000E040100E9610300200401009E
:1012E0004161030010040100456003001202010087
:1012F000F1790500160401002372050018010100B0
:101300001D7705001E0004008F7C050052020000BE
:10131000177A050001040200496603000302020077
:10132000937C0500050102005D7C050007040200B6
:10133000677C0500090102006B7C05000B000200C0
:101340006F7C05000D000200737C05000F00020099
:10135000777C0500210202007B7C05001101020060
:101360007F7C050013000200837C05001704020047
:10137000877C0500190002008B7C05001B0203001E
:10138000637205001D02050059790500230403005E
:10139000517205004E12002023830500000000005A
:1013A0004A12002000000100461200205B87050061
:1013B00000000000100A0020000001003E12002082
:1013C000000000000000000000000000000000001D
:1013D0003A120020F5820500016E0300180A002071
:1013E00000000300361200205B87050000000000AB
:1013F000080A0020000001002E1200205B83050077
:101400004585050000000000000003002A120020AE
:101410005B87050000000000000A002000000100BA
:1014200022120020F57103000000000000000000FF
:10143000000001007A120020238305000000000054
:101440007612002000000100721200205B87050068
:1014500000000000680A0020000001006A1200205D
:101460008B83050015810500E002002000000900C3
:10147000661200205B87050000000000600A002063
:10148000000001005E120020B5830500000000008E
:1014900000000000000001005A1200205B870500D8
:1014A00000000000580A0020000001005212002035
:1014B000256C030000000000000000000000010097
:1014C000718F0300C99C0500F59203000000000025
:1014D00000000000E5900300000000000000000094
:1014E00000000000000000000000000000000000FC
:1014F000F18D030006000000E98C030006000000E7
:10150000FF97050010000000618803001000000034
:101510007F9C050001000000F7910500100000000D
:10152000739805000A000000FB93050010000000FE
:10153000D191030007000000759305001000000022
:10154000BD8B030001000000DD86030040000000A9
:10155000DF96050010000000CD930500010000009B
:10156000574553545F544F504449522F7A65706821
:1015700079722F7375627379732F626C7565746FEE
:101580006F74682F636F6E74726F6C6C65722F74FA
:1015900069636B65722F7469636B65722E630000FB
:1015A00028287469636B65725F726573636865642C
:1015B000292D3E6578745F64617461202626202899
:1015C000287469636B65725F72657363686564290B
:1015D0002D3E6578745F646174612D3E7469636B40
:1015E000735F736C6F745F77696E646F7720213DF2
:1015F0002030552929000000415353455254494F8A
:101600004E204641494C205B25735D2040202573C8
:101610003A25640A00000000574553545F544F5068
:101620004449522F7A65706879722F7375627379A5
:10163000732F626C7565746F6F74682F636F6E744F
:10164000726F6C6C65722F6C6C5F73772F756C6C3E
:101650002E630000216572720000000072780000A5
:10166000756C6C5F7265665F67657428756C6C5F1E
:1016700068647229000000003000000072656C652B
:10168000617365203D3D20646F6E650064656C7418
:1016900061203C3D2030207C7C206D656D5F6C6955
:1016A0006E6B5F72782E71756F74615F70647520F8
:1016B0003C20282833202B2030202B203129202BA0
:1016C000202832202A20283529292900636F6E6EB0
:1016D0005F6C6C6C0000000021636F6E6E5F6C6C61
:1016E0006C2D3E6C696E6B5F74785F667265650029
:1016F0006D656D715F6C696E6B00000072782D3ED8
:101700007479706520213D204E4F44455F52585FEB
:10171000545950455F4E4F4E450000002163632DE4
:101720003E7374617475730072785F667265652DBF
:101730003E7479706520213D204E4F44455F5258DC
:101740005F545950455F4E4F4E45000021636F6E08
:101750006E2D3E6C6C6C2E6C696E6B5F74785F6680
:101760007265650021726574000000002172657465
:1017700076616C00574553545F544F504449522F83
:101780007A65706879722F7375627379732F626CE2
:101790007565746F6F74682F636F6E74726F6C6CA5
:1017A00065722F6C6C5F73772F6C6C6C5F636F6D01
:1017B0006D6F6E2E6300000021657272207C7C20AC
:1017C000657272203D3D202D31313900574553540B
:1017D0005F544F504449522F7A65706879722F7365
:1017E00075627379732F626C7565746F6F74682F8F
:1017F000636F6E74726F6C6C65722F6863692F68AB
:1018000063695F6472697665722E63004254205288
:1018100058207072690000004254205258000000A5
:10182000436F6E74726F6C6C657200002018060056
:10183000000000000200000051C9030049C7030076
:10184000DDC603005A6570687972204F53207633E5
:101850002E352E3000000000574553545F544F5032
:101860004449522F7A65706879722F737562737963
:10187000732F626C7565746F6F74682F636F6E740D
:10188000726F6C6C65722F6863692F6863692E6371
:10189000000000006164762D3E74797065203D3D46
:1018A000205044555F4144565F545950455F444968
:1018B000524543545F494E44000000002828282820
:1018C00075696E747074725F74296E6F6465292017
:1018D00025205F5F616C69676E6F6628737472752F
:1018E0006374206E6F64655F72785F63632929207B
:1018F0003D3D2030290000002828282875696E7495
:101900007074725F74296E6F6465292025205F5F93
:10191000616C69676E6F6628737472756374206E8C
:101920006F64655F72785F63752929203D3D2030C3
:10193000290000000200000000000000000000007C
:101940000000000000000103030303030300000084
:10195000574553545F544F504449522F7A6570682D
:1019600079722F7375627379732F626C7565746FFA
:101970006F74682F636F6E74726F6C6C65722F6C0E
:101980006C5F73772F756C6C5F6164762E630000FB
:1019900068616E646C65203C2031000028726574BB
:1019A000203D3D203029207C7C2028726574203D1C
:1019B0003D203229000000006164762D3E6C696E86
:1019C0006B5F63635F667265650000006164762D1E
:1019D0003E6E6F64655F72785F63635F66726565B4
:1019E00000000000216864722D3E64697361626CBE
:1019F00065645F6362000000737461747573203DF9
:101A00003D2030207C7C20706172616D203D3D2046
:101A1000756C6C5F64697361626C655F6D61726B3C
:101A20005F6765742829207C7C2028636F6E6E6553
:101A3000637461626C6520262620216164762D3EE8
:101A40006C6C6C2E636F6E6E29207C7C20300000E5
:101A5000216C6C6C2D3E6C696E6B5F74785F667286
:101A6000656500006D61726B203D3D20616476000C
:101A700021657272207C7C2028657272203D3D2099
:101A80002D313230290000007265660028726574BD
:101A9000203D3D203029207C7C2028726574203D2B
:101AA0003D203229207C7C202866705F6F705F6645
:101AB000756E63203D3D202828766F6964202A29B1
:101AC000302929007064752D3E6C656E203E3D20E6
:101AD0005F5F6275696C74696E5F6F66667365746B
:101AE0006F662028737472756374207064755F610B
:101AF00064765F6164765F696E642C2064617461F2
:101B000029000000574553545F544F504449522F09
:101B10007A65706879722F7375627379732F626C4E
:101B20007565746F6F74682F636F6E74726F6C6C11
:101B300065722F6C6C5F73772F756C6C5F7363616C
:101B40006E2E6300657272203D3D2030207C7C202B
:101B5000657272203D3D202D31323000574553547F
:101B60005F544F504449522F7A65706879722F73D1
:101B700075627379732F626C7565746F6F74682FFB
:101B8000636F6E74726F6C6C65722F6C6C5F7377C1
:101B90002F756C6C5F636F6E6E2E630074785F627E
:101BA0007566000072782D3E6864722E6C696E6BEB
:101BB00000000000737461747573203D3D20300097
:101BC000737461747573203D3D2030207C7C2070DF
:101BD0006172616D203D3D20756C6C5F7570646154
:101BE00074655F6D61726B5F6765742829207C7C0A
:101BF00020706172616D203D3D20756C6C5F646981
:101C00007361626C655F6D61726B5F6765742829D3
:101C10000000000070203D3D20706172616D000089
:101C2000287469636B65725F737461747573203DAA
:101C30003D203029207C7C20287469636B65725FAD
:101C4000737461747573203D3D20322900000000DB
:101C5000636F6E6E2D3E6C6C6C2E68616E646C658D
:101C600020213D20307846464646000028746963AE
:101C70006B65725F737461747573203D3D2030290C
:101C8000207C7C20287469636B65725F7374617457
:101C90007573203D3D203229207C7C202828766FDA
:101CA0006964202A29636F6E6E5F6C6C203D3D2055
:101CB000756C6C5F64697361626C655F6D61726B9A
:101CC0005F676574282929006C6C6C5F747800006C
:101CD0007064755F74782D3E6C656E00216C696E62
:101CE0006B2D3E6E65787400574553545F544F50CA
:101CF0004449522F7A65706879722F7375627379CF
:101D0000732F626C7565746F6F74682F636F6E7478
:101D1000726F6C6C65722F6C6C5F73772F756C6C67
:101D20005F6C6C63705F656E632E63006E7466003B
:101D3000574553545F544F504449522F7A65706849
:101D400079722F7375627379732F626C7565746F16
:101D50006F74682F636F6E74726F6C6C65722F6C2A
:101D60006C5F73772F756C6C5F6C6C63705F706801
:101D7000792E63006E74662D3E6864722E747970DD
:101D800065203D3D204E4F44455F52585F545950A9
:101D9000455F52455441494E00000000636F6E6E2E
:101DA0002D3E6C6C6C2E726F6C65203D3D20307842
:101DB00030310000636F6E6E2D3E6C6C6C2E726F56
:101DC0006C65203D3D203078303000006374782D04
:101DD0003E6E6F64655F7265662E74780000000069
:101DE0006374782D3E646174612E70752E6E746616
:101DF0005F646C655F6E6F64650000005745535407
:101E00005F544F504449522F7A65706879722F732E
:101E100075627379732F626C7565746F6F74682F58
:101E2000636F6E74726F6C6C65722F6C6C5F73771E
:101E30002F756C6C5F6C6C63702E63006374782D0F
:101E40003E6F776E657200006374782D3E6E6F642E
:101E5000655F7265662E727800000000637478001A
:101E6000A5180400B5180400C5180400D51804000E
:101E7000E5180400F51804009D190400AD190400CC
:101E800005190400BD190400CD190400DD19040072
:101E900015190400ED190400FD19040025190400AA
:101EA0000D1A0400351904001D1A04002D1A04002F
:101EB0003D1A04004D1A04005D1A04006D1A040056
:101EC000451904007D1A0400000000000000000015
:101ED00000000000000000008D1904005745535415
:101EE0005F544F504449522F7A65706879722F734E
:101EF00075627379732F626C7565746F6F74682F78
:101F0000636F6E74726F6C6C65722F6C6C5F73773D
:101F10002F756C6C5F6C6C63705F636F6D6D6F6E53
:101F20002E6300006374782D3E70726F63203D3D18
:101F30002050524F435F5445524D494E4154450045
:101F40006374782D3E70726F63203D3D2050524F78
:101F5000435F444154415F4C454E4754485F5550A0
:101F60004441544500000000574553545F544F50BE
:101F70004449522F7A65706879722F73756273794C
:101F8000732F626C7565746F6F74682F636F6E74F6
:101F9000726F6C6C65722F6C6C5F73772F756C6CE5
:101FA0005F6C6C63705F6C6F63616C2E630000002C
:101FB00063747820213D202828766F6964202A29BF
:101FC000302900006374785F686561646572203D44
:101FD0003D20637478000000574553545F544F50C0
:101FE0004449522F7A65706879722F7375627379DC
:101FF000732F626C7565746F6F74682F636F6E7486
:10200000726F6C6C65722F6C6C5F73772F756C6C74
:102010005F6C6C63705F636F6E6E5F7570642E6370
:10202000000000006374782D3E6E6F64655F72651A
:10203000662E7278203D3D202828766F6964202A1C
:1020400029302900574553545F544F504449522F6B
:102050007A65706879722F7375627379732F626C09
:102060007565746F6F74682F636F6E74726F6C6CCC
:1020700065722F6C6C5F73772F756C6C5F6C6C6323
:10208000705F63686D752E63000000005745535400
:102090005F544F504449522F7A65706879722F739C
:1020A00075627379732F626C7565746F6F74682FC6
:1020B000636F6E74726F6C6C65722F6C6C5F73778C
:1020C0002F756C6C5F6C6C63705F72656D6F74659F
:1020D0002E63000008020B020A0305020000000044
:1020E00000000000020200000602000004030000DD
:1020F0000201090300000000010300000C030000BE
:10210000070300000000030100000000574553547E
:102110005F544F504449522F7A65706879722F731B
:1021200075627379732F626C7565746F6F74682F45
:10213000636F6E74726F6C6C65722F6C6C5F73770B
:102140002F756C6C5F7065726970686572616C2E5A
:10215000630000007469636B65725F73746174750A
:1021600073203D3D2030000073746174757320212D
:102170003D2031207C7C20706172616D203D3D20CE
:10218000756C6C5F64697361626C655F6D61726BC5
:102190005F67657428290000574553545F544F50BA
:1021A0004449522F7A65706879722F73756273791A
:1021B000732F626C7565746F6F74682F636F6E74C4
:1021C000726F6C6C65722F6C6C5F73772F756C6CB3
:1021D0005F63656E7472616C2E6300007363616E81
:1021E00000000000574553545F544F504449522F4C
:1021F0007A65706879722F7375627379732F626C68
:102200007565746F6F74682F636F6E74726F6C6C2A
:1022100065722F6C6C5F73772F756C6C5F7363687E
:1022200065642E630000000073756363657373005B
:102230007265747279000000574553545F544F50D3
:102240004449522F7A65706879722F737562737979
:10225000732F626C7565746F6F74682F636F6E7423
:10226000726F6C6C65722F6C6C5F73772F756C6C12
:102270005F66696C7465722E63000000726C5F6942
:102280006478203C20380000726C5B726C5F69647B
:10229000785D2E74616B656E00000000726C5B727D
:1022A0006C5F6964785D2E727061735F72656164E2
:1022B000790000006465766D617463685F6964200D
:1022C0003C20282873697A655F74292028282869AA
:1022D0006E74292073697A656F6628636861725B22
:1022E00031202D2032202A202128215F5F6275694C
:1022F0006C74696E5F74797065735F636F6D706124
:102300007469626C655F70285F5F747970656F6671
:102310005F5F2866616C292C205F5F747970656F40
:10232000665F5F28262866616C295B305D29292954
:102330005D29202D203129202B202873697A656F93
:10234000662866616C29202F2073697A656F66287C
:102350002866616C295B305D29292929000000006D
:1023600066616C5B6465766D617463685F69645D0A
:102370002E74616B656E00006465766D61746368D0
:102380005F6964203C20282873697A655F7429207E
:10239000282828696E74292073697A656F66286316
:1023A0006861725B31202D2032202A202128215F94
:1023B0005F6275696C74696E5F74797065735F6371
:1023C0006F6D70617469626C655F70285F5F7479AE
:1023D00070656F665F5F28726C292C205F5F74796F
:1023E00070656F665F5F282628726C295B305D29F7
:1023F00029295D29202D203129202B202873697A55
:10240000656F6628726C29202F2073697A656F6664
:102410002828726C295B305D2929292900000000D9
:10242000726C5B695D2E74616B656E0069726B6DB9
:10243000617463685F6964203C20706565725F69E0
:10244000726B5F636F756E740000000069203C2042
:1024500038000000574553545F544F504449522FA1
:102460007A65706879722F7375627379732F626CF5
:102470007565746F6F74682F636F6E74726F6C6CB8
:1024800065722F6C6C5F73772F6E6F726469632F48
:102490006C6C6C2F6C6C6C2E630000007072656548
:1024A0006D70745F726571203D3D20707265656D61
:1024B00070745F61636B0000707265656D70745F4E
:1024C00073746172745F72657120213D2070726552
:1024D000656D70745F73746172745F61636B00002B
:1024E000707265656D70745F73746F705F72657123
:1024F00020213D20707265656D70745F73746F701C
:102500005F61636B00000000707265656D70745FE1
:1025100061636B20213D20707265656D70745F7220
:1025200065710000707265656D70746F72203D3D5D
:102530002072656164795F6E657874006974657294
:1025400000000000657272203D3D202D31343000C6
:1025500021706172616D000021706172616D207C7B
:102560007C206E65787400006576656E742E6375E8
:1025700072722E61626F72745F6362006576646F5F
:102580006E650000657272203E3D20300000000044
:102590006E65787400000000217265616479207CAA
:1025A0007C202672656164792D3E7072657061725F
:1025B000655F706172616D203D3D20707265706174
:1025C00072655F706172616D00000000F401FA00D5
:1025D000960064004B0032001E001400574553540F
:1025E0005F544F504449522F7A65706879722F7347
:1025F00075627379732F626C7565746F6F74682F71
:10260000636F6E74726F6C6C65722F6C6C5F737736
:102610002F6E6F726469632F6C6C6C2F6C6C6C5FC7
:102620006164762E630000006E6F64655F727800EF
:1026300021726164696F5F69735F72656164792893
:1026400029000000700000006368616E0000000057
:10265000706475007363616E5F70647500000000E4
:102660000925733A2041637475616C204556454EC7
:10267000545F4F564552484541445F53544152546C
:102680005F5553203D2025750A000000707265706B
:102690006172655F63620000574553545F544F5049
:1026A0004449522F7A65706879722F737562737915
:1026B000732F626C7565746F6F74682F636F6E74BF
:1026C000726F6C6C65722F6C6C5F73772F6E6F72AC
:1026D0006469632F6C6C6C2F6C6C6C5F7363616EE0
:1026E0002E630000636F6D6D6F6E5F707265706159
:1026F00072655F6362000000574553545F544F504A
:102700004449522F7A65706879722F7375627379B4
:10271000732F626C7565746F6F74682F636F6E745E
:10272000726F6C6C65722F6C6C5F73772F6E6F724B
:102730006469632F6C6C6C2F6C6C6C5F636F6E6E76
:102740002E630000646F6E65000000006C6C6C2DE1
:102750003E68616E646C6520213D203078464646B7
:1027600046000000574553545F544F504449522F80
:102770007A65706879722F7375627379732F626CE2
:102780007565746F6F74682F636F6E74726F6C6CA5
:1027900065722F6C6C5F73772F6E6F726469632F35
:1027A0006C6C6C2F6C6C6C5F7065726970686572B4
:1027B000616C2E6300000000707265706172655F6D
:1027C00063620000574553545F544F504449522FA1
:1027D0007A65706879722F7375627379732F626C82
:1027E0007565746F6F74682F636F6E74726F6C6C45
:1027F00065722F6C6C5F73772F6E6F726469632FD5
:102800006C6C6C2F6C6C6C5F63656E7472616C2E9B
:1028100063000000707265706172655F6362000042
:10282000574553545F544F504449522F7A6570684E
:1028300079722F7375627379732F626C7565746F1B
:102840006F74682F636F6E74726F6C6C65722F6C2F
:102850006C5F73772F6E6F726469632F68616C2F82
:102860006E7266352F636E74722E63005F726566DA
:10287000636F756E74000000574553545F544F509A
:102880004449522F7A65706879722F737562737933
:10289000732F626C7565746F6F74682F636F6E74DD
:1028A000726F6C6C65722F6C6C5F73772F6E6F72CA
:1028B0006469632F68616C2F6E7266352F6D617964
:1028C000666C792E63000000574553545F544F5097
:1028D0004449522F7A65706879722F7375627379E3
:1028E000732F626C7565746F6F74682F636F6E748D
:1028F000726F6C6C65722F6C6C5F73772F6E6F727A
:102900006469632F68616C2F6E7266352F7469631A
:102910006B65722E63000000757365725F696420D9
:102920003C2073697A656F662863616C6C65725FC1
:1029300069645F6C7574290063616C6C65725F69B2
:102940006420213D2030000001030405D19E0400D5
:102950000000000097A00500E9A2040059AC0400A3
:1029600031AD040058020000F9AF0400C9AF040003
:1029700000000000E5B0040085B10400D5A3050007
:10298000DBA3050049B104004FA30500B3A3050074
:1029900000000000C3A205000000000000000000CD
:1029A00098DB05003C000000000000000000000073
:1029B0000000000000000000000000000000000017
:1029C0000000000000000000C5A5050089A4050066
:1029D000E7A30500400080000200003F2201010043
:1029E000000100000A00000099B40400EDB30400E7
:1029F000E1A705000000000021A805001DB80400A3
:102A000001B70400E5B50400D5B5040004000000DA
:102A1000FF000000FFFF0000000300500000000066
:102A200001000000FFFFFFFF000000500000000059
:102A30000000000001BA04000FA905001DA905004F
:102A400035A9050041A905004DA9050099B8040064
:102A500067A90500000000000030004000000000F1
:102A600000000000000000000000980100000101CB
:102A7000100000000FAA0500802A0600FFFF0000DA
:102A8000003000408C2A060002000000A42A060044
:102A9000020000009C2A0600020100002F200C000A
:102AA0002D200B002F000C002D000B00E1A90500CC
:102AB00000000000F5BB0400000000000000000062
:102AC00029BB04000A0000000A0000000100000009
:102AD0000A00000000000000DDAA05001FAD05008F
:102AE000EBAC0500EC2A060001000000F8DB050055
:102AF00005040000BDBE040047AD05008DAD050016
:102B0000B0DB050000093D000001000000000000EE
:102B10000000000000000000E9AB0020800400007D
:102B200070400300BF47060008000000F7AD050035
:102B3000F1AD0500000000000000000000000000F2
:102B400065C0040021C00400000000000000000077
:102B500000F00240000000000048E8010000000012
:102B60000000000000000000FFFFFFFF0000FF006A
:102B70000000000000000000FFFFFFFF0200000156
:102B80000100000015AF0500FFFF0000942B0600B8
:102B9000FFFFFFFF00F00240A02B06000200000034
:102BA000B42B060001000000B02B0600010100005C
:102BB0000A2005000A0005000000000000000000D7
:102BC000B5C10400EFAF0500B5E50400A7B50500E9
:102BD00003B60500FDB50500F7B50500F1B5050024
:102BE000EBB50500E5B50500DFB50500D9B5050075
:102BF0008DE80400E9E8040079F0040063B60500FC
:102C00005DB6050057B6050051B605004BB6050088
:102C100045B605003FB60500A9E804004DE70400ED
:102C2000E1E504003DF2040021EF04000000000093
:102C3000000000000000000045FB0400BBC30500CD
:102C4000000000000000000098D805001D001000E2
:102C500098D805001F00100050000100000000007F
:102C6000000000007FC5050035C4050005FC040018
:102C70000000000000000000F5FFFFFF18D605006F
:102C800018D6050060D6050070D60500E8D7050007
:102C900068D8050064006400000000000000000027
:102CA0000000640064007D000000000000000000DF
:102CB00064006400E1000000000000000000640007
:102CC0006400450100000000000000006400640092
:102CD000A9010000000000000000640064003F0241
:102CE000000000000000000064006400A302000077
:102CF000000000000000640064007E04000000008A
:102D00000000000064006400E20400000000000015
:102D1000000064006400780500000000000000006E
:102D200064006400DC050000000000000000640096
:102D30006400400600000000000000006400640021
:102D4000A4060000000000000000640064003A07D0
:102D5000000000000000000064006400B7070000ED
:102D60000000000000006400640000007D0000001E
:102D7000000000006400640064007D0000000000AA
:102D8000000064006400C8007D0000000000000036
:102D9000640064002C017D0000000000000064005D
:102DA000640090017D0000000000000064006400E9
:102DB000F4017D000000000000006400640058027F
:102DC0007D0000000000000064006400BC027D0083
:102DD000000000000000640064007E047D0000002C
:102DE0000000000064006400E2047D0000000000B8
:102DF00000006400640046057D0000000000000043
:102E000064006400AA057D0000000000000064006A
:102E100064000E067D0000000000000064006400F5
:102E200072067D00000000000000C8006400D606A5
:102E30007D0000000000000064006400B7077D0012
:102E4000000000000000960064000000E1000000A7
:102E500000000000640064009600E1000000000033
:102E6000000064006400FA00E100000000000000BF
:102E7000640064005E01E1000000000000006400E6
:102E80006400C201E1000000000000006400640072
:102E90002602E100000000000000640064008A02D5
:102EA000E100000000000000640064004C04E10048
:102EB00000000000000064006400B004E1000000B5
:102EC00000000000640064001405E1000000000040
:102ED0000000640064007805E100000000000000CC
:102EE00064006400DC05E1000000000000006400F4
:102EF00064004006E100000000000000640064007F
:102F0000A406E1000000000000009600640008072D
:102F1000E100000000000000AF0064000000450177
:102F200000000000000064006400AF0045010000E4
:102F3000000000006400640013014501000000006F
:102F400000006400640077014501000000000000FB
:102F500064006400DB014501000000000000640023
:102F600064003F02450100000000000064006400AE
:102F7000A302450100000000000064006400650435
:102F8000450100000000000064006400C904450120
:102F9000000000000000640064002D0545010000F1
:102FA000000000006400640091054501000000007D
:102FB000000064006400F505450100000000000009
:102FC0006400640059064501000000000000E100B3
:102FD0006400BD064501000000000000E10064003F
:102FE0000000A90100000000000064006400E1008E
:102FF000A901000000000000640064004501A9016F
:1030000000000000000064006400A901A9010000A4
:1030100000000000640064000D02A901000000002F
:103020000000640064007102A901000000000000BB
:10303000640064003304A901000000000000640083
:1030400064009704A901000000000000640064000F
:10305000FB04A901000000000000640064005F059B
:10306000A90100000000000064006400C305A9017C
:10307000000000000000640064002706A9010000B1
:1030800000000000AF0064008B06A90100000000F2
:103090000000640064005307DB0100000000000032
:1030A0007D00640000000D020000000000006400CC
:1030B00064007D000D020000000000007D0064003F
:1030C000E1000D0200000000000096006400C3054E
:1030D0000D020000000000006400640059060D02AB
:1030E000000000000000E1006400C2013F02000097
:1030F0000000000064006400A3023F020000000022
:1031000000001301640065043F020000000000009D
:1031100064006400EF063F0200000000000064004D
:10312000640053073F0200000000000064006400D8
:10313000B7073F020000000000000400AD270100B7
:1031400006013001340138013C01400144014801CD
:103150004C01500108010C011001140118011C015F
:10316000200124012C016265686176696F722F6C01
:103170006F63616C5F69642F2564006C6F63616CC1
:103180005F6964006265686176696F720070687972
:10319000736963616C5F6C61796F7574732F7365AC
:1031A0006C656374656400706879736963616C5FF2
:1031B0006C61796F7574730044656661756C740039
:1031C0007A6D6B5F706879736963616C5F6C61794C
:1031D0006F75745F73656C656374696F6E5F636848
:1031E000616E676564004558545F504F5745520003
:1031F0006578745F706F7765722F73746174652F73
:103200002573006578745F706F7765722F737461D2
:103210007465007A6D6B5F61637469766974795F58
:1032200073746174655F6368616E676564007A6D6D
:103230006B5F706F736974696F6E5F7374617465CF
:103240005F6368616E676564007A6D6B5F73656E5E
:10325000736F725F6576656E74007A6D6B5F757300
:10326000625F636F6E6E5F73746174655F636861E4
:103270006E67656400426F6F746C6F6164657200A5
:10328000626F6F746C6F6164005265736574007374
:10329000797372657365740045787465726E616CDC
:1032A00020506F77657200657874706F7765720073
:1032B0004B6579205072657373004B657920546FAC
:1032C00067676C65006B65795F746F67676C650035
:1032D00002656E635F62746E5F6274636C72006538
:1032E0006E635F62746E5F636C65617200656E63CE
:1032F0005F62746E5F756E6C6F636B004C617965B5
:10330000722D546170006C617965725F7461700038
:103310006D6F6D656E746172795F6C617965720055
:103320004D6F642D546170006D6F645F7461700047
:10333000537469636B79204C6179657200737469A9
:10334000636B795F6C6179657200537469636B7943
:10335000204B657900737469636B795F6B657900E5
:103360004361707320576F726400636170735F779D
:103370006F7264004B657920526570656174006BF3
:1033800065795F726570656174006D6163726F5F0E
:10339000746170006D6163726F5F7072657373004A
:1033A0006D6163726F5F72656C65617365006D61FD
:1033B00063726F5F7461705F74696D65006D6163E6
:1033C000726F5F776169745F74696D65006D6163C9
:1033D000726F5F706172616D5F31746F31006D612A
:1033E00063726F5F706172616D5F31746F32006D17
:1033F0006163726F5F706172616D5F32746F310013
:103400006D6163726F5F706172616D5F32746F3294
:10341000006D6163726F5F70617573655F666F7277
:103420005F72656C656173650073747564696F5F65
:10343000756E6C6F636B00626C7565746F6F74682A
:10344000004D6F6D656E74617279204C61796572A3
:103450000047726176652F4573636170650067721E
:103460006176655F657363617065004F7574707533
:10347000742053656C656374696F6E006F7574704A
:1034800075747300546F67676C65204F7574707541
:10349000747300555342204F757470757400424C1C
:1034A00045204F757470757400546F67676C6520A4
:1034B0004C6179657200746F67676C655F6C6179E8
:1034C00065720002546F204C6179657200746F5F01
:1034D0006C61796572005472616E73706172656EB1
:1034E00074007472616E73706172656E74004E6FF9
:1034F0006E65006E6F6E6500656E635F6B65795F0C
:1035000070726573730053747564696F20556E6CC7
:103510006F636B00656E64706F696E74732F707289
:10352000656665727265640055534200424C453AC7
:10353000256400496E76616C696400656E64706F25
:10354000696E7473007A6D6B5F656E64706F696E1F
:10355000745F6368616E676564006C5F6E006B65C5
:10356000796D61702F6C2F25642F2564006B657950
:103570006D61702F6C617965725F6F726465720046
:103580006B65796D61702F6C5F6E2F2564006B65C4
:10359000796D6170007267625F7567007A6D6B5F4D
:1035A0006C617965725F73746174655F6368616E85
:1035B000676564007A6D6B5F6D6F646966696572DB
:1035C000735F73746174655F6368616E67656400DF
:1035D0007A6D6B5F6B6579636F64655F737461743B
:1035E000655F6368616E676564007A6D6B5F626CCE
:1035F000655F6163746976655F70726F66696C653B
:103600005F6368616E67656400426C7565746F6FB7
:1036100074680053656C6563742050726F66696CE2
:103620006500446973636F6E6E6563742050726FDA
:1036300066696C65004E6578742050726F66696CBF
:10364000650050726576696F75732050726F666998
:103650006C6500436C65617220416C6C2050726F28
:1036600066696C657300436C6561722053656C65B7
:10367000637465642050726F66696C6500626C6586
:103680002F6163746976655F70726F66696C65003F
:103690007075626C69630072616E646F6D00707545
:1036A000626C69632D69640072616E646F6D2D696F
:1036B000640030782530327800253032583A253091
:1036C00032583A253032583A253032583A2530327D
:1036D000583A2530325820282573290070726F66B9
:1036E000696C6573007065726970686572616C5FA2
:1036F00061646472657373657300626C652F7072C8
:103700006F66696C65732F256400626C652F706548
:10371000726970686572616C5F616464726573730D
:1037200065732F256400626C6500484944204F761C
:10373000657220474154542053656E6420576F7260
:103740006B0005010906A1018501050719E029E7BC
:103750001500250175019508810205077508950179
:1037600081030508190129057501950591020508D0
:103770007503950191030507150026FF001900291F
:10378000FF750895068100C0050C0901A10185029D
:10379000050C150026FF00190029FF750895068104
:1037A00000C0556E646572676C6F7700546F676711
:1037B0006C65204F6E2F4F6666005475726E204FF9
:1037C0006E005475726E204F464600487565205550
:1037D000700048756520446F776E00536174757290
:1037E0006174696F6E2055700053617475726174F5
:1037F000696F6E20446F776E004272696768746EFD
:10380000657373205570004272696768746E6573E2
:103810007320446F776E00537065656420557000A7
:10382000537065656420446F776E004E6578742030
:103830004566666563740050726576696F757320BE
:10384000456666656374007A6D6B5F70657269705A
:10385000686572616C5F626174746572795F7374BC
:103860006174655F6368616E676564007A6D6B5F44
:10387000626174746572795F73746174655F6368A3
:10388000616E676564007A6D6B5F6869645F696E1D
:1038900064696361746F72735F6368616E676564A6
:1038A000007A6D6B5F73706C69745F7065726970BC
:1038B000686572616C5F7374617475735F6368616E
:1038C0006E67656400626C655F63656E7472616CDF
:1038D00000022A48C2B1CFC567C90771960000002F
:1038E00000004849445F300005010906A101850137
:1038F000050719E029E715002501750195088102E2
:103900000507750895018103050819012905750149
:1039100095059102050875039501910305071500AA
:1039200026FF00190029FF750895068100C0050CC7
:103930000901A1018502050C150026FF00190029C7
:10394000FF750895068100C07267622F756E646509
:1039500072676C6F772F7374617465007267622F82
:10396000756E646572676C6F77004C6F772050726C
:10397000696F7269747920576F726B205175657524
:10398000650073747564696F5F7270635F746872E9
:10399000656164007A6D6B5F73747564696F5F72E3
:1039A00070635F6E6F74696669636174696F6E00DE
:1039B0007A6D6B5F73747564696F5F636F72655F57
:1039C0006C6F636B5F73746174655F6368616E676E
:1039D000656400546F6D616B37395348450055413C
:1039E00052542064657669636520646F6573206E48
:1039F0006F7420737570706F727420696E74657265
:103A0000727570742D64726976656E204150490A32
:103A10000000070E091C1B1215383F363124232ADB
:103A20002D4661696C656420746F207265626F6FEA
:103A3000743A207370696E6E696E6720656E646C8F
:103A40006573736C792E2E2E0A004E430025752562
:103A500025005547204F4E005547204F4646004C05
:103A600054005254004B5000424C2575004F5554A1
:103A700000434150004E554D002000000000000062
:103A80000025191902040813132D0000001F00005F
:103A900000300E11131519110E31040C0404040426
:103AA0000E320E11010204081F331F02040201111D
:103AB0000E3402060A121F0202351F101E010111E8
:103AC0000E360608101E11110E371F0102040808D9
:103AD00008380E11110E11110E390E11110F0102BD
:103AE0001C410E11111F111111421E11111E111135
:103AF0001E430E11101010110E451F10101E101035
:103B00001F461F10101E101010470E111017111114
:103B10000F490E04040404040E4B1112141814125D
:103B2000114C1010101010101F4D111B15151111F4
:103B3000114E111915131111114F0E1111111111EF
:103B40000E501E11111E101010521E11111E1412B3
:103B500011530F10100E01011E541F04040404041D
:103B600004551111111111110E5911110A040404F7
:103B70000406050105030502000400070500000016
:103B80000000000000000000808000000080402055
:103B90001010080402021C10101030202020604079
:103BA000C0402010E0000000000000000000000005
:103BB00000000000001010102020202020404E5156
:103BC000604041828281808008040840604000108B
:103BD0000810C020101020408000001C63C00000AE
:103BE00000000000000000000000000000000000D5
:103BF00000000000000000000000000000000000C5
:103C0000010101010101020202020306040404048D
:103C100004080808080B0E181010101020202000AF
:103C20000000000000000000000000000000000094
:103C30000000000000000000000000000000000084
:103C40000000000000000000000000000000000074
:103C50000000000000000000000000000000000064
:103C60000000000000000000000000000080402074
:103C70001010080402021C10101030202020604098
:103C8000C0402010E0000000000000000000000024
:103C90000000000000101010202020202040404094
:103CA000C020100806010080080408406040001091
:103CB0000810C020101020408000001C63C00000CD
:103CC00000000000000000000000000000000000F4
:103CD00000000000000000000102040402020101D3
:103CE00001010101010102020202030604040404AD
:103CF00004080808080B0E181010101020202000CF
:103D000000000000000000000000000000000000B3
:103D100000000000000000000000000000000000A3
:103D20000000000000000000000000000000000093
:103D30000000000000000000000000000000000083
:103D40000000000000000000000000000080402093
:103D50001010080402021C101010302020206040B7
:103D6000C0402010E0000000000000000000000043
:103D700000000000001010102020202020404040B3
:103D8000C0201008060100800804084060400010B0
:103D90000810C020101020408000001C63C00000EC
:103DA0000000000000000000000000000000000013
:103DB0000000000000000C0401223404021A01017A
:103DC00001010101010102020202030604040404CC
:103DD00004080808080B0E181010101020202000EE
:103DE00000000000000000000000000000000000D3
:103DF00000000000000000000000000000000000C3
:103E000000000000000000000000000000000000B2
:103E100000000000000000000000000000000000A2
:103E200000000000000000008080000000804020B2
:103E30001010080402021C101010302020206040D6
:103E4000C0402010E0000000000000000000000062
:103E500000000000001010102020202020404E51B3
:103E600060404182828180800804084060400010E8
:103E700008100000000000000000001C63C00000EB
:103E80000000000000000000000000000000000032
:103E90000000000000000000000000000000000022
:103EA0000101010101010202020E1221202010086D
:103EB00004080808080B0E1810101010202020000D
:103EC00000000000000000000000000000000000F2
:103ED00000000000000000000000000000000000E2
:103EE00000000000000000000000000000000000D2
:103EF00000000000000000000000000000000000C2
:103F000000000000000000008080000000804020D1
:103F10001010080402021C101010302020206040F5
:103F2000C0402010E0000000000000000000000081
:103F300000000000001010102020202020404E51D2
:103F40006040418282818080080408406040001007
:103F500008100000000000000000001C63C000000A
:103F60000000000000000000000000000000000051
:103F70000000000000000000000000000000000041
:103F80000101010101010262220E12A120209048CC
:103F900004080808080B0E1810101010202020002C
:103FA0000000000000000000000000000000000011
:103FB0000000000000000000000000000000000001
:103FC00000000101000000000000000000000000EF
:103FD00000000000000000000000000000000000E1
:103FE00000000000000000000000000000804020F1
:103FF0001010080402021C10101030202020604015
:10400000C0402010E00000000000000000000000A0
:104010000000000000101010202020202040404010
:10402000C02010080601008008040840604000100D
:1040300008100000000000000000001C63C0000029
:104040000000000000000000000000000000000070
:10405000000000000000000001020404020201014F
:104060000101010101010202020E122120201008AB
:1040700004080808080B0E1810101010202020004B
:104080000000000000000000000000000000000030
:104090000000000000000000000000000000000020
:1040A0000000000000000000000000000000000010
:1040B0000000000000000000000000000000000000
:1040C0000000000000000000000000000080402010
:1040D0001010080402021C10101030202020604034
:1040E000C0402010E00000000000000000000000C0
:1040F0000000000000101010202020202040404030
:10410000C020100806010080000800406040000048
:1041100010000000000000000000001C63C0000050
:10412000000000000000000000000000000000008F
:10413000000000000000000001020404020201016E
:104140000101010101010202020E122120201008CA
:1041500004080808080B0E1810101010202020006A
:10416000000000000000000000000000000000004F
:10417000000000000000000000000000000000003F
:10418000000000000000000000000000000000002F
:10419000000000000000000000000000000000001F
:1041A000000000000000000000000000008040202F
:1041B0001010080402021C10101030202020604053
:1041C000C0402010E00000000000000000000000DF
:1041D000000000000010101020202020204040404F
:1041E000C02010080601008008040840604000104C
:1041F00008100000000000000000001C63C0000068
:1042000000000000000000000000000000000000AE
:104210000000000000000C0401223404021A010115
:104220000101010101010262220E12A12020904829
:1042300004080808080B0E18101010102020200089
:10424000000000000000000000000000000000006E
:10425000000000000000000000000000000000005E
:10426000000001010000000000000000000000004C
:10427000000000000000000000000000000001013C
:1042800003010003013031323334353637383941D8
:10429000424344454600736E69707065745F737481
:1042A0007564696F5F7270635F7573625F75617269
:1042B0007400757362776F726B71005A4D4B2050AA
:1042C000726F6A65637400637C777BF26B6FC530D5
:1042D00001672BFED7AB76CA82C97DFA5947F0AD8C
:1042E000D4A2AF9CA472C0B7FD9326363FF7CC345E
:1042F000A5E5F171D8311504C723C31896059A07AF
:104300001280E2EB27B27509832C1A1B6E5AA05259
:104310003BD6B329E32F8453D100ED20FCB15B6A77
:10432000CBBE394A4C58CFD0EFAAFB434D3385451D
:10433000F9027F503C9FA851A3408F929D38F5BC55
:10434000B6DA2110FFF3D2CD0C13EC5F974417C4FB
:10435000A77E3D645D197360814FDC222A908846F8
:10436000EEB814DE5E0BDBE0323A0A4906245CC28A
:10437000D3AC629195E479E7C8376D8DD54EA96CC1
:1043800056F4EA657AAE08BA78252E1CA6B4C6E8BB
:10439000DD741F4BBD8B8A703EB5664803F60E6117
:1043A0003557B986C11D9EE1F8981169D98E949B45
:1043B0001E87E9CE5528DF8CA1890DBFE6426841F2
:1043C000992D0FB054BB162A20627566666572205F
:1043D0006F766572666C6F7720646574656374656B
:1043E00064202A0A00464C4153485F300053524132
:1043F0004D5F300000FFFFFFFFFFFF0000000000E7
:104400000000FFFFFFFFFFFF0000000000003F492A
:10441000F6D4A3C55F3874C9B3E3D2103F504AFF46
:10442000607BEB40B7995899B8A6CD3C1ABD6E6138
:104430006D650062742F25732F2530327825303258
:104440007825303278253032782530327825303270
:104450007825752F25730062742F25732F25303230
:104460007825303278253032782530327825303250
:10447000782530327825750062742F2573006274B8
:104480000042545F4C575F57510025303878002563
:104490003038782D253034782D253034782D25305E
:1044A00034782D25303878253034780002FB349B61
:1044B0005F8000008000100000000000005745539E
:1044C000545F544F504449522F7A65706879722F67
:1044D0007375627379732F626C7565746F6F74682E
:1044E0002F686F73742F6863695F636F72652E63E3
:1044F00000657272203D3D203000415353455254B7
:10450000494F4E204641494C205B25735D20402099
:1045100025733A25640A006275660009636F6D6D44
:10452000616E64206F70636F64652030782530346D
:10453000782074696D656F7574207769746820657B
:1045400072722025640A006576745F666C61677319
:104550002026202831554C203C3C20283029290099
:1045600062745F6863695F6576745F6765745F66D0
:104570006C616773286864722D3E65767429202605
:10458000202831554C203C3C2028312929006274D8
:104590005F6275665F6765745F74797065286275C0
:1045A0006629203D3D2042545F4255465F455654A2
:1045B0000042542054580000090909090102090960
:1045C0000909090909090909090709090909090660
:1045D000090909090909090909090909090909094B
:1045E00005010204030502000AE69D350E48010399
:1045F000CCDBFDF4AC1191F4EFB9A5F9E9A7832C5C
:104600005E2CBE97F2D203B0208BD28915D08E1CBF
:10461000742430ED8FC24563765C15525ABF9A32CE
:10462000636DEB2A65499C80DC574553545F544FBA
:10463000504449522F7A65706879722F737562738E
:1046400079732F626C7565746F6F74682F686F7300
:10465000742F636F6E6E2E6300010101010102036E
:1046600062742F6363630062742F68617368006211
:10467000742F63660062742F7363000005061F1FAA
:104680002918120308020305080A0008010304019F
:1046900005040509060701010606080000010001DE
:1046A00000030100030202010002000000000002FA
:1046B0000301000362742F6B657973006C8883912A
:1046C000AAF5A53860370BDB5A6083BE7573626448
:1046D0005F776F726B710001000201060105010432
:1046E00001030105020201030205040101010201A7
:1046F00003010401060108010C0110011801200149
:1047000040018061646340343030303730303000F5
:10471000636C6F636B403430303030303030007356
:1047200068313130364033630072616E646F6D40C2
:10473000343030306430303000656E74726F7079B0
:104740005F62745F68636900666C6173682D636F94
:104750006E74726F6C6C657240343030316530301D
:1047600030006770696F40353030303033303000A2
:104770006770696F4035303030303030300069322A
:104780006340343030303330303000656E636F64F6
:1047900065725F627574746F6E5F6B7363616E00D8
:1047A000656E636F6465725F627574746F6E5F6D62
:1047B00061747269780077733238313240300002A8
:1047C000010374656D704034303030633030300038
:1047D0007370694034303032663030300000000091
:1047E00000000101000000000000203030303030B7
:1047F0003030303030303030300001000001000007
:1048000000010000000000010000000000000101A4
:104810000101010C0D0E0F101112131402030405F7
:10482000060708090B766261747400656E636F6435
:104830006572006D61696E00737973776F726B7169
:10484000002A2A2A20426F6F74696E67205A6570A9
:10485000687972204F53206275696C6420646163CB
:10486000616234383735646637202A2A2A0A0028DC
:104870006E756C6C29002A666C6F61742A000000EA
:1048800090E20500B4E20500B8E20500BCE20500D4
:10489000C0E20500E8E60500840106008801060084
:1048A0008C01060094010600C8040600CC04060032
:1048B000D4040600D8040600DC0D0600E00D060056
:1048C000BCE20500E8E00500B8E20500E8E005000C
:1048D0008C0106001CE40500B8E205001CE405009C
:1048E0008C01060050E405008C0106009CE40500E4
:1048F0008C010600C0E4050094010600E4E6050012
:10490000C0E20500E4E605008C010600ECE60500C7
:10491000BCE20500F0E60500B8E20500F0E605009F
:10492000E8E6050090010600B4E20500D0040600A8
:1049300090E20500F0040600B4E205000805060058
:10494000DC0D0600D80D0600E8E60500D80D0600CF
:10495000E00D0600D80D060094010600E40D0600E7
:08496000B8E20500380E060064
:10496800000000800000000000000080FFFFFFFF43
:1049780000000000C1AF02000000000000010000BC
:10498800000000000000000000000000000000001F
:10499800000000000000000000000000000000000F
:1049A800000000003932050000000000000100008E
:1049B80000000000000000000000000000000000EF
:1049C80000000000000000000000000000000000DF
:1049D80000000000F1F702000000000000010000E4
:1049E80000000000000000000000000000000000BF
:1049F80000000000000000000000000000000000AF
:104A080000000000ED3C050000000000000100006F
:104A1800000000000000000000000000000000008E
:104A2800000000000000000000000000000000007E
:104A3800000000000000000000000000000000006E
:104A4800000000000000000000000000000000005E
:104A5800000000000000000000000000000000004E
:104A6800000000000000000000000000000000003E
:104A7800000000000000000000000000000000002E
:104A8800000000000000000000000000000000001E
:104A9800000000000000000000000000000000000E
:104AA80000000000000000000000000000000000FE
:104AB8000000000000000000000000003008002096
:104AC8001008002000C201000000080000000000DB
:104AD80000000000000000000000000000000000CE
:104AE80000000000000000000000000000000000BE
:104AF80000000000000000000000000000000000AE
:104B0800000000000000000000000000000000009D
:104B1800000000000000000000000000000000008D
:104B2800000000000000000000000000000000007D
:104B3800000000000000000000000000000000006D
:104B4800000000000000000000000000000000005D
:104B5800000000000000000000000000000000004D
:104B6800000000000000000000000000000000003D
:104B7800000000000000000000000000000000002D
:104B8800000000000000000000000000000000001D
:104B9800000000000000000000000000000000000D
:104BA80000000000000000006D3503000000000058
:104BB80000000000000000000000000000000000ED
:104BC80000000000000000000000000000000000DD
:104BD80000000000000000000000000000000000CD
:104BE80000000000000000000000000000000000BD
:104BF80000000000000000000000000000000000AD
:104C0800000000000000000000000000000000009C
:104C1800000000000000000000000000000000008C
:104C2800000000000000000000000000000000007C
:104C3800000000000000000000000000000000006C
:104C4800000000000000000000000000000000005C
:104C580000000000000000001F000000000000002D
:104C6800FFFFFFFFFF1F0000000000000000000022
:104C780000000000000000007D1105000000000099
:104C88000000000000000000280300202803002086
:104C980091A20500000000000000000000000000D4
:104CA8000000000000000000480300204803002026
:104CB80000000000010000005803002058030020F5
:104CC80060030020600300200000000001000000D5
:104CD80070030020700300200000000000000000A6
:104CE80000000000000000000000000000000000BC
:104CF80000000000000000000000000000000000AC
:104D0800000000000000000000000000000000009B
:104D1800000000003010002001000000000000002A
:104D2800000000000000000000000000000000007B
:104D3800000000000000000000000000000000006B
:104D4800000000000000000000000000000000005B
:104D580048A1002000000000000000000000000042
:104D68009EA5002000000000000000004D970200F2
:104D7800000000000000000000000000C99C0200C4
:104D880000000000000000006411002058DC05004D
:104D980001002300000000000000000000000000E7
:104DA800000000003D1F05000F0000001E0000006D
:104DB8000100000000000000293406000000000087
:104DC800000000000F0000001E00000001000000AD
:104DD800000000003734060000000000000000005A
:104DE80000000000FC340600290007000000000055
:104DF80000000000FC340600350007000000000039
:104E0800AAAA000000000000FC3406000000000010
:104E18000000000000000000FC3406000000000054
:104E28000000000005000000010000000000000074
:104E3800F8340600EA000C00E9000C00000000004D
:104E4800F8340600EA000C00E9000C00000000003D
:104E5800F8340600EA000C00E9000C00000000002D
:104E6800F8340600EA000C00E9000C00000000001D
:104E7800F8340600EA000C00E9000C00000000000D
:104E8800C12C050000000000000000004DC1020018
:104E9800000000000000000000000000A92D05002F
:104EA80000000000000000000000000000000000FA
:104EB8006D2D05000000000091C1020051BE0200E6
:104EC80000000000952D050000000000812D050060
:104ED8000000000000000000000000002637060067
:104EE80000000000ADBE0200FDC10200000000008D
:104EF8000000000000000000D12D050000000000A7
:104F08000000000000000000632D05000000000004
:104F18000000000019020000FA1200200101000040
:104F2800F912002002040000F51200200000000021
:104F3800A9C40200000000000000000000000000FA
:104F480045C4020000000000000000006E110020AF
:104F5800000004007E11002000000E000000000088
:104F68000000000000000000000000000000000039
:104F78000000000000000000000000000000000029
:104F88000000000000000000000000000000000019
:104F9800F72D05000000000000000000921100201D
:104FA80000001200000000000000000000000000E7
:104FB80000000000000000000000000000000000E9
:104FC80000000000000000000000000000000000D9
:104FD8000000000000000000F72D050000000000A0
:104FE80000000000A611002000001200B2110020ED
:104FF80000000200BE1100200000020000000000B6
:1050080051C602000000000000000000C53806007C
:10501800000000004930050091C7020000000000B0
:105028000000000000000000BDC9020000000000F0
:1050380000000000D5D202005DD20200000000008E
:105048000000000000000000C9CB020000000000C2
:1050580000000000000000000000000085C90200F8
:1050680000000000000000000000000055C702001A
:105078000000000000000000000000007DC80200E1
:1050880000000000000000000000000029310500B9
:105098000000000000000000000000001DD9020010
:1050A80000000000000000000000000005DA020017
:1050B8000000000000000000FC0E012000000000BD
:1050C80000000000000000000000000000000000D8
:1050D80000000000400000003C0F0120000000001C
:1050E80000000000000000000000000000000000B8
:1050F800000000001E000000000000008DF002000B
:10510800000000000000000000000000FC0D060088
:105118000000000000000000000000000000000087
:105128000000000000000000000000000000000077
:105138000000000000000000000000000000000067
:105148000000000000000000000000000000000057
:105158000000000089EF02000000000000000000CD
:105168001A13002000002A001B350500400E060017
:105178005A0F01200000000000000000000000009D
:105188000000000000000000000000000004000013
:105198005A13012000000000000000000000000079
:1051A80000000000000000000000000000040000F3
:1051B800C50C030080000000CD0A030000000000B9
:1051C800CD0A030080000000DE110020000002006C
:1051D800EA11002000000200F61100200000020081
:1051E80000000000000000000000000000000000B7
:1051F80000000000000000000000000000000000A7
:105208000000000000000000000000000000000096
:10521800000000005F4605000000000000000000DC
:1052280012120020000012003114030000000000D8
:10523800654705000000000049470500C55C0500FA
:10524800812003008000000000000000F921030015
:1052580000000000000000000000000041260300DC
:105268000000000000000000000000000000000036
:105278000000000000040000C4020020000000003C
:105288000000000000000000000000000000000016
:105298000000000000000000000000000000000006
:1052A80000000000000000000000000000000000F6
:1052B80000000000000000000000000000000000E6
:1052C80000000000000000000000000000000000D6
:1052D80000000000000000000000000000000000C6
:1052E80000000000000000000000000000000000B6
:1052F800000000009409002094090020000000002C
:1053080000000000415E0300B5660300C57C05008F
:105318000000000000000000815E0300E578050041
:1053280011780500615A0300000000000000000029
:10533800000000000000000000000000958003004D
:105348000000000000000000000000000000000055
:10535800D7910500000000000000000000000000D8
:1053680026120020000002003212002000000A006D
:105378004212002000002000000000000000000091
:105388000000000000000000000000000000000015
:105398000000000000000000000000000000000005
:1053A80000000000000000000000000000000000F5
:1053B8003B82050000000000561200200000020099
:1053C80062120020000002006E12002000000A0095
:1053D800699103000000000000000000147A00201A
:1053E8000000000081C60300000000001C7A0020B5
:1053F8000000000075B5030000000000247A0020BA
:105408000000000079700400000000002C7A0020E1
:10541800000000007970040000000000347A0020C9
:1054280000000000E1B203000800040000000000D2
:105438000000000000000000000000000000000064
:105448000000000000000000000000000000000054
:1054580004000B0000000000000000000000000035
:105468000000000000000000000000000000000034
:105478000000000000000000000000000000000024
:10548800000000000400050000000000000000000B
:105498000000000000000000000000000000000004
:1054A80000000000380004000000000000000000B8
:1054B80000000000000000000000000000000000E4
:1054C80000000000000000000000000000000000D4
:1054D80000000000000000000000000000000000C4
:1054E80000000000000000000000000000000000B4
:1054F80000000000000000000000000000000000A4
:105508000000000000000000000000000000000093
:105518000000000000000000000000000000000083
:105528000000000000000000000000000000000073
:105538000000000000000000000000000000000063
:105548000000000000000000000000000000000053
:105558000000000000000000000000000000000043
:105568000000000000000000000000000000000033
:105578000000000000000000000000000000000023
:10558800000000000000000004000500000000000A
:105598000000000000000000000000000000000003
:1055A80000000000200008000000000000000000CB
:1055B80000000000000000000000000000000000E3
:1055C80000000000000000000000000000000000D3
:1055D80000000000000000000000000000000000C3
:1055E80000000000000000000000000000000000B3
:1055F80000000000000000000000000000000000A3
:105608000000000000000000000000000000000092
:105618000000000000000000000000000000000082
:105628000000000000000000000000000000000072
:105638000000000000000000000000000000000062
:105648000000000000000000000000000000000052
:105658000000000000000000000000000000000042
:105668000000000000000000000000000000000032
:105678000000000000000000000000000000000022
:105688000000000000000000000000000000000012
:105698000000000000000000000000000000000002
:1056A80000000000000000000000000000000000F2
:1056B8008087002000000000657C040000000000D6
:1056C80098870020000000007970040000000000A6
:1056D800A08700200000000075E103000000000022
:1056E8002C88002000000000218404000000000035
:1056F800508800200000000041EE03000000000078
:1057080058880020000000007970040000000000A4
:105718006088002000000000D5EF030000000000B2
:105728006888002000000000CDFA03000800180077
:105738000000000000000000000000000000000061
:105748000000000000000000000000000000000051
:105758000000000000000000000000000000000041
:105768000000000000000000000000000000000031
:105778000000000000000000000000000000000021
:105788000000000000000000000000000000000011
:105798000000000000000000000000000000000001
:1057A80000000000000000000000000000000000F1
:1057B80000000000000000000000000000000000E1
:1057C80000000000000000000000000000000000D1
:1057D80000000000000000000000000000000000C1
:1057E80000000000000000000000000000000000B1
:1057F8000000000008000400000000000000000095
:105808000000000000000000000000000000000090
:105818000000000000000000000000000000000080
:10582800A489002000000000D48B002000000000A4
:10583800048E002000000000749100200000000089
:10584800D18E0400000000008C91002000000000B0
:10585800618F0400FFFFFFFF1F0000000000000031
:105868007094002000000000C16D040000000000DA
:105878009C940020000000007970040004000300DC
:105888000000000000000000000000000000000010
:1058980000000000609500200000000079700400FE
:1058A800000000006895002000000000318402001C
:1058B80000000000BC9700200000000055A3030072
:1058C80000000000B49700200000000055A303006A
:1058D80000000000AC970020000000009DA003001D
:1058E80000000000A49700200000000055A303005A
:1058F800000000009C970020000000009DA003000D
:1059080000000000949700200000000055A3030049
:1059180015A40500FDA30500C5A405002DA40500D8
:1059280033A4050037A405003DA4050065A40500BF
:1059380059A40500F5A505000000000000000000BE
:105948000000000037AA0500E80F0020E80F00203B
:105958000100000001000000F80F0020F80F0020EF
:1059680000100020001000200000000001000000CE
:10597800101000201010002000000000D9AB0020FB
:10598800000000000800000000000000BDBD040089
:1059980098D8050002001100000000000000000077
:1059A8000000000000000000DDAD05000000000060
:1059B800000000000000000063AF050000000000C8
:1059C80000000000B82B0600000000006C1000204A
:1059D8006C10002000000000010000007C10002076
:1059E8007C1000208410002084100020000000009B
:1059F8000100000094100020941000200000000016
:105A0800000000000000000000000000000000008E
:105A1800000000000000000000000000000000007E
:105A2800B0DB0500000000000000000069B00020A5
:105A3800000000000000000000000000000000005E
:105A4800000000000000000000000000000000004E
:105A5800000000000000000000000000000000003E
:105A6800000000000000000000000000000000002E
:105A7800000000000000000000000000000000001E
:105A8800000000000000000000000000000000000E
:105A980000000000000000000000000000000000FE
:105AA80008000000FF0000000000000003000000E4
:105AB8000000000054110020541100205C11002047
:105AC8005C11002014000001070000004C2A0000AF
:105AD8004C2A000003280000082900004D2A000075
:105AE8004D2A0000032800000829000002290000B0
:105AF8004D2A00004D2A0000032800000829000054
:105B0800022900004D2A00004D2A00000328000049
:105B18004B2A00004B2A0000032800004A2A0000F4
:105B28004A2A00000328000012180000002800007C
:105B3800022900000328000000280000502A000065
:105B4800502A000003280000292A0000292A000002
:105B580003280000242A0000242A0000032800004B
:105B68000A1800000028000004290000022900008B
:105B7800192A0000192A0000032800000F18000045
:105B8800002800002A2B00002A2B00000328000010
:105B9800292B0000292B00000328000002290000FF
:105BA800052A0000052A000003280000011800004B
:105BB80000280000042A0000042A0000032800002E
:105BC800012A0000012A000003280000002A000022
:105BD800002A000003280000001800000028FF0227
:105BE80000000000000001000000000000000001AB
:105BF8000142617365000000000000000000000021
:105C080000000000004C617965722031000000003E
:105C18000000000000000000004C6179657220322D
:105C2800000000000000000000000000004C617946
:105C38006572203300000000000000000000000032
:105C480000466E0000000000000000000000000098
:105C5800000000000012180F1806C103020101021B
:105C68000101000000030B0100022A48C2B1CFC5A0
:105C780067C90761960101000000022A48C2B1CF36
:105C8800C567C90761960101000000022A48C2B130
:105C9800CFC567C9076196010000000001501D5E6D
:065CA8006101006401250A
:105CAE0000000000000000000000000000000000E6
:105CBE0000000000000000000000000000000000D6
:105CCE0000000000000000000000000000000000C6
:105CDE0000000000000000000000000000000000B6
:105CEE0000000000000000000000000000000000A6
:085CFE0000000000000000009E
:025D0600FFFF9D
:105D0800000000000000000000000000000000008B
:105D1800000000000000000000000000000000007B
:105D2800000000000000000000000000000000006B
:105D3800000000000000000000000000000000005B
:105D4800000000000000000000000000000000004B
:105D5800000000000000000000000000000000003B
:105D6800000000000000000000000000000000002B
:085D7800000000000000000023
:105D800000000000000000007D1105000000000080
:105D9000000000000000000030140020301400203B
:105DA000E19602000000000000000000000000007A
:105DB00000000000000000000000000000000000E3
:105DC0007D11050000000000000000000000000040
:105DD0006814002068140020E1C5020000000000E3
:105DE00000000000000000000000000000000000B3
:105DF00000000000000000007D1105000000000010
:105E00000000000000000000A0140020A0140020EA
:105E1000FDD80200000000000000000000000000AB
:085E200000000000000000007A
:105E2800C0140020C0140020140B01200000000042
:105E3800050000002C00000000000000DC14002019
:105E4800DC14002098D500200000000005000000A8
:105E5800A800000000000000F8140020F81400203A
:105E68007C0C01200000000020000000140000004D
:105E7800000000001415002014150020F00B01206C
:105E880000000000050000001C00000000000000E9
:105E98003015002030150020000000000000000030
:105EA8000E000000441500204415002000000000EA
:105EB800000000000E0000005815002058150020B2
:0C5EC80000000000000000000E000000C0
:105ED4006C1500206C1500200E0000000500000069
:105EE400140501205A050120140501201405012080
:105EF4000000000090150020901500200000000014
:105F04009C1500209C1500200C00000004000000DB
:105F140078FC0020A8FC002078FC002078FC0020FD
:105F240000000000C0150020C01500200000000083
:105F3400CC150020CC1500201C00000040000000FF
:105F4400A8FC0020A8030120A8FC0020A8FC002035
:105F540000000000F0150020F015002000000000F3
:105F6400FC150020FC1500200600000005000000C0
:105F7400A8030120C6030120A8030120A8030120CF
:105F84000000000020160020201600200000000061
:105F94002C1600202C16002008000000140000001D
:105FA400C803012068040120C8030120C80301209C
:105FB40000000000501600205016002000000000D1
:105FC4005C1600205C160020220000000500000082
:105FD40068040120120501206804012068040120DE
:105FE4000000000080160020801600200000000041
:105FF4008C1600208C160020010000000100000017
:106004009C1600209C160020A4160020A416002034
:106014000000000001000000B4160020B4160020A7
:10602400BC160020BC160020000000000100000087
:08603400CC160020CC16002060
:10603C000000000000000000DC160020DC16002030
:10604C00E4160020E4160020000000000000000010
:10605C00F4160020F4160020FC160020FC1600207C
:10606C0000000000000000000C1700200C1700209E
:08607C00141700201417002086
:106084000000000000000000241700202417002056
:106094002C1700202C170020050005000800000024
:1060A4000000000054120600740A012000000000E1
:1060B400000000005017002050170020581700203F
:1060C400581700200300030008000000000000002F
:1060D40064110600200701200000000000000000F9
:1060E4007C1700207C1700208417002084170020D0
:1060F4000200020008000000000000004412060034
:10610400C40801200000000000000000A8170020BF
:10611400A8170020B0170020B017002002000200CA
:1061240008000000000000003412060044080120AA
:106134000000000000000000D4170020D417002045
:10614400DC170020DC170020030003000800000017
:106154000000000054110600380601200000000071
:10616400000000000018002000180020081800207B
:1061740008180020010001000800000000000000D1
:086184007411060098070120C8
:10618C0012010002EF020140501D5E610503010285
:10619C00030109020000000100E032080B000202BA
:1061AC000200000904000001020200000524001096
:1061BC000105240102010424020205240600010742
:1061CC0005800310000A09040100020A0000000700
:1061DC000580024000000705000240000009040091
:1061EC000001030000000921110100012200000739
:1061FC000580031000010403090418035A4D4B20B9
:10620C0050726F6A656374000000000000000000AB
:10621C0000001603546F6D616B373953484500000D
:10622C00000000000000000022033031323334350E
:10623C0036373839414243444546000000000000DF
:0C624C0000000000000000000000000046
:10625800000000004718002007440500F10F030064
:10626800150E0300000000000000000003000000FD
:10627800500800200000000081180020835B050002
:10628800852103002521030000000000AD20030044
:0862980001000000E0080020F5
:1062A000F8D8050000000000E8D905000000000053
:1062B00028D905000000000040D9050000000000BA
:1062C00060DA05000000000000DA050000000000B0
:1062D00058D905000000000048DA05000000000061
:1062E00088D9050000000000A0D9050000000000CA
:1062F00078DA050000000000D0D905000000000099
:10630000B8D905000000000010D905000000000009
:10631000A8DA05000000000090DA05000000000087
:1063200020DB05000000000030DA0500000000005E
:1063300008DB05000000000018DA0500000000007E
:1063400070D9050000000000F0DA05000000000030
:10635000D8DA05000000000038DB0500000000006E
:08636000C0DA05000000000096
:106368003D320500000000000400000099320500DD
:1063780000000000030000002133050000000000B9
:04638800050000000C
:10638C00F8D8050075320600E8D905006033060020
:10639C0028D905009832060040D90500B032060015
:1063AC0060DA05005134060000DA0500743306008B
:1063BC0058D90500BA32060048DA05004134060007
:1063CC0088D90500FC320600A0D905002033060050
:1063DC0078DA05006B340600D0D905004A33060084
:1063EC00B8D905003033060010D9050089320600F3
:1063FC00A8DA0500C434060090DA0500A9340600BA
:10640C0020DB05000936060030DA0500DF32060015
:10641C0008DB05000635060018DA0500ED3206002B
:10642C0070D90500D1320600F0DA0500F834060008
:10643C00D8DA0500EE34060038DB0500A23706007A
:08644C00C0DA0500D634060099
:08645400CD3205001D330500E7
:10645C00B1E502000402000045E402000401010061
:10646C0059E6020003010100A732050003020100F6
:10647C009DE6020003040000D9E9020005090000B2
:10648C00893305000503000085EB020005050000BB
:10649C0071ED02000501000045E90200050600004F
:1064AC0065EC0200050800008DEA0200050A0000F8
:1064BC00E5EA0200050B0000B1ED02000504000046
:1064CC00E5EC02000507000069E802000502000087
:0864DC00E9EB0200050C0000D1
:0464E400C3330500B9
:1064E8000100000081EF020011F0020079F00200C3
:1064F80075EF0200000000000000000041EE0200FD
:086508002DEE020019EE020065
:04651000DC040600A1
:0465140015E015E099
:0400000330001AC5EA
:00000001FF
