:020000022000DC
:10600000A0D400209D070300813405007107030020
:10601000710703007107030071070300000000000F
:10602000000000000000000000000000C1080300A4
:1060300071070300000000002D0803007107030032
:10604000E10A0300E1560400E10A0300E10A03004B
:10605000E10A0300E10A0300E10A0300E10A030088
:10606000E10A0300E10A0300E10A0300E10A030078
:10607000E10A0300E10A0300E10A0300E10A030068
:10608000E10A0300E10A0300E10A0300E10A030058
:10609000E10A0300E10A0300E10A0300E10A030048
:1060A000E10A0300E10A0300E10A0300E10A030038
:1060B000E10A0300E10A0300E10A0300E10A030028
:1060C000E10A0300E10A0300E10A0300E10A030018
:1060D000E10A0300E10A0300E10A0300E10A030008
:1060E000E10A0300E10A0300E10A0300E10A0300F8
:1060F000E10A0300E10A0300E10A0300E10A0300E8
:1061000053B94AB9002908BF00281CBF4FF0FF311E
:106110004FF0FF3000F00CB8ADF1080C6DE904CE83
:1061200000F008F8DDF804E0DDE9022304B0704770
:10613000704700BF2DE9F04786468C460846089E0A
:10614000154674461946002B40F0C2808542B2FACB
:1061500082F245D94AB1C2F1200300FA02FC2EFABC
:1061600003F3954043EA0C0C94404FEA154EA8B255
:10617000BCFBFEF8230C0EFB18CC08FB00F943EA2D
:106180000C43994528D9EB1808F1FF3704D29945FB
:1061900002D9A8F102072B44A3EB0903A4B2B3FB75
:1061A000FEFC0EFB1C330CFB00F044EA0344A0424F
:1061B00014D92C190CF1FF3304D2A04202D9ACF14E
:1061C00002032C44241A43EA07401EB1D4400023A2
:1061D00034607360BDE8F0874746DDE76346F1E76A
:1061E00092BB431B01214FEA154EAFB2B3FBFEFC3D
:1061F000200C0EFB1C330CFB07F840EA03439845C8
:1062000062D9EB180CF1FF3004D2984502D9ACF1F9
:1062100002002B44A3EB0803A4B2B3FBFEFC0EFB6D
:106220001C330CFB07F744EA0344A7424ED92C1950
:106230000CF1FF3304D2A74202D9ACF102032C4483
:10624000E41B43EA0040C0E7C2F1200320FA03F157
:10625000954090402EFA03F303434FEA154EAFB238
:10626000B1FBFEFC0EFB1C10190C0CFB07F841EAFD
:106270000041884504FA02F422D969180CF1FF3074
:1062800004D2884502D9ACF102002944A1EB0801EF
:106290009BB2B1FBFEFC0EFB1C110CFB07F743EAA3
:1062A00001439F420ED9EB180CF1FF3104D29F42FB
:1062B00002D9ACF102012B44DB1B41EA004192E719
:1062C0006046E3E76146F7E76046A3E76346B7E762
:1062D000834206D916B9002108467BE7C6E900E0EB
:1062E000F9E7B3FA83F78FB9834201D3724508D82F
:1062F000BEEB020460EB030301209C461EB90021A3
:1063000068E73846FAE7C6E9004CF8E7C7F1200C21
:10631000BB4022FA0CF41C432EFA0CF120FA0CF3C9
:10632000B84001434FEA14490EFA07F5B3FBF9F8F8
:106330001FFA84FE09FB18300B0C08FB0EFA43EA27
:1063400000439A4502FA07F240D9E31808F1FF30FA
:1063500004D29A4502D9A8F102002344A3EB0A0310
:1063600089B2B3FBF9F809FB183308FB0EFE41EACA
:1063700003418E452CD9611808F1FF3304D28E45B4
:1063800002D9A8F10203214443EA0040A0FB02988D
:10639000A1EB0E014145CE46434602D306D14D4501
:1063A00004D2B9EB020E68EB04030138002EA6D02C
:1063B000B5EB0E0261EB030101FA0CFC22FA07F3C4
:1063C0004CEA0303F940C6E9003198E74046C5E7C7
:1063D0004346D9E710F8012B11F8013B012A28BFE9
:1063E0009A42F7D0D01A7047034611F8012B03F8F0
:1063F000012B002AF9D17047034613F8012B002A1C
:10640000FBD1181A01387047F7B5B44DD5F85C3197
:10641000996811F0010124D101AA40F603400BF064
:106420007FFB044600286DD1019CE3681B78ABB963
:106430000CF02EFEBFF35B8FD5F8D430BFF35B8F2B
:1064400005F1D40203F00903BFF35B8F52E8001F8C
:1064500042E800300028F9D1BFF35B8F204622F0DC
:10646000F9FB01AA002141F203000BF059FB04469D
:10647000002847D1019B9A4EDA68D2F80100D2F881
:10648000051003C6184622F0E5FB214601AA41F299
:1064900001000BF045FB0446A0BB0198C3685A7885
:1064A00085F870205A88A5F872201A7985F871202D
:1064B000B3F80720A5F87420B3F80530A5F87630B6
:1064C00022F0C8FB214601AA41F202000BF028FB92
:1064D0000446B8B9019FFA68531C413218685968DC
:1064E000344603C4083393422646F7D17D482DF045
:1064F000A4F8384622F0AEFB95F87C305F0604D451
:106500006FF01204204603B0F0BD01AA002142F250
:1065100003000BF005FB04460028F3D1019B724EEB
:10652000DA68D2F80100D2F8051003C6184622F046
:1065300091FB214601AA42F202000BF0F1FA044657
:106540000028DFD1019CE368B3F8012091B249B182
:10655000D97839B1A5F80421DA78114606F1280076
:1065600033F08AF8204622F075FB95F87C6016F02F
:10657000200618D1022140F66D400BF075FA044652
:10658000002800F0A28002210C3031F05AF90123DA
:10659000037046702146324640F66D400BF0C0FA5B
:1065A00004460028AED195F89C301E0712D501AAEA
:1065B000002142F21C000BF0B3FA04460028A1D1DE
:1065C0000198C368D3F80120D3F80530C5E9382312
:1065D00022F040FB95F8D8305C060FD501AA0021C7
:1065E00042F22A000BF09CFA044600288AD1019856
:1065F000C3685B7885F8203122F02CFB082142F239
:1066000001000BF031FA044600285ED008210C305E
:1066100031F017F995F8D81011F0400F024640F20A
:10662000022308BF032388074CBF43F02C0043F02C
:106630000C0095F8D9308F0648BF40F0400013F0A9
:10664000090F95F8A23018BF40F4006003F006036C
:10665000CE0748BF40F01000062B08BF40F4C070C2
:1066600000212DF08CF92146002242F201000BF0AE
:1066700057FA044600287FF445AF95F87C30B5F80A
:106680000411980624D4C9B901AA41F205000BF0FF
:1066900047FA044600287FF435AFB5F80431019C71
:1066A0004BB9E368B3F80120A5F804219A880F4894
:1066B000114632F0E1FF204622F0CCFA082140F6E4
:1066C00001400BF0D1F9044690B96FF0680419E766
:1066D0000029F3D16FF0040414E700BF200100206B
:1066E00098010020A0010020F801002028020020CD
:1066F00008210C3031F0A5F895F8D830D9070246BA
:1067000053BF4FF000512CA1D1E9000128482DF0D2
:1067100036F92146002240F601400BF001FA04460A
:1067200000287FF4EFAE014601AA4FF601400BF0BE
:10673000F7F9044620BB019822F08CFA214601AA01
:106740004FF602400BF0ECF90446C8B90198C36853
:10675000B3F80130A5F8C13022F07CFA95F8C130C9
:106760005B070DD501AA21464FF603400BF0D8F97F
:1067700030B90198C3685B7885F8C03022F06AFAB6
:106780002DF0CFFC044600287FF4BCAE0DF0D0FE07
:10679000044600287FF4B6AEEB79002B3FF4B2AE8E
:1067A000082104482DF041F80BF048FDAAE600BF8F
:1067B00010880002F4010020908800020080002070
:1067C0002DE9F843D0E90C35D0F82C805C19303431
:1067D000A0450F46164619D81D4DA3FB05011AA367
:1067E000D3E90023FFF78CFC0346A4EB0800A0FBD1
:1067F000050123F07F4414A3D3E90023FFF780FCB5
:1068000020F07F403C603060BDE8F883DFF84090C6
:106810000DA3D3E90023A8FB0901FFF771FC04468F
:1068200005F1300008A3D3E90023A0FB0901FFF71D
:1068300067FC24F07F4420F07F403C603060BDE87E
:10684000F88300BFAFF300808D49FD1A07000000F8
:1068500000CA9A3B000000009FED0D7B124B134ACB
:106860001348144910B483ED007B9FED0B7B82ED40
:10687000007B9FED0B7B104B4FF0FF34002281ED2E
:10688000007B04601A605DF8044B14F0E1BE00BFA9
:10689000FFFFFFFFFF1F00000000000000000000DE
:1068A0001F00000000000000A00200204838002067
:1068B000146D0020980200200C6D002000000000E4
:1068C000002800F05F812DE9F04FB54C94F86A2064
:1068D00012F001058DB040F0A78194F82500FF2348
:1068E00000F0030084F826301EF0DAF994F86A000C
:1068F000420727D494F8292094F8353004EB82021B
:1069000004EB8303D66AD3F8388086B1A4483146B5
:1069100016F022FE33785B0605D5062111F0C8FD7E
:10692000002800F083819E48414616F015FE33781A
:1069300013F00E0F40F0B780236A93B10C200DB016
:10694000BDE8F08F2A4604F16B01C0F3C0001EF0D1
:1069500043FBFF2884F82600CCD028461EF0E6F939
:10696000C8E713F09FFF8146002800F0718113F003
:10697000A5FF8246002800F0688117F01BFA054643
:10698000002800F06781D0F888004FF6FF732B8550
:1069900005F11C0B002800F04F8105F1780105F18D
:1069A0007C0211F091FDB5F876307E4A23F4EF6356
:1069B00023F0070343F4887343F00103A5F876300E
:1069C0001346D2F80120C5F89B21C5F8A12113F880
:1069D000012B9B88A5F89F31A5F8A53195F89A3130
:1069E00002F0010262F3000362F3410385F89A3179
:1069F00095F8393003F03F0363F07F0385F83930B1
:106A000095F88E3023F0070385F88E3095F83C30EA
:106A100023F00703002785F83C304FF4C023C5F866
:106A200088312846C5E91277C5F88870A5F88C70BA
:106A30006F86C5F82E7085F83B702F65A5F88E71AE
:106A4000A5F8847119F084FF85F85071C5F8549148
:106A500017F06EFC95F8943160F3020385F89431D9
:106A600017F06CFC95F8943160F3C50385F8943108
:106A700095F8803167F3410385F88031012128467C
:106A800018F0BCF805F1D40019F0EAFCC4E9189A32
:106A9000C4F820B0C5E905772F70ED611FF0CEFB7B
:106AA000002840F0C58094F824300121C3F342034C
:106AB0000DF12B008DF82B3011F0A4FE02460028BA
:106AC00062D098F80110304616F008FB31233649A1
:106AD000A360364BB4F86870A0FB01010025C01814
:106AE00041F107012CA3D3E90023C4E90555257022
:106AF0006560E560FFF704FB206113F0B7F900F172
:106B000009083FB9357805F00F05A5F10105B5FA7B
:106B100085F56D0994F82400236965F3000010F0F1
:106B2000010584F824004BD0214A0992002010600E
:106B30000225204A204F04930BAE019305920321B6
:106B4000CDE90200069443460090089607972A462E
:106B50000B9513F029F8314613F06AFFA0B91749D5
:106B600005914AF2D8330093CDE90300CDE9010045
:106B70000797089606944346012203210B9512F0CD
:106B8000DFFF43E016F0F6B9236A002B3FF4D6AEE0
:106B900016F0AEF9D2E600BF8D49FD1A07000000DD
:106BA000CC6D0020CDF2050000CA9A3B8C49FD1A3D
:106BB000C06D002059D10300F99F03006DCC030084
:106BC0002B4A2C48049303F2471306940295912113
:106BD0001360A7FB000301FB0731274B0793274BEB
:106BE00005934FF6FF730992022703930BAE1EA382
:106BF000D3E900230B970896FFF782FA4346CDE9C5
:106C000000503A462846032112F0CEFF314613F0D9
:106C10000FFF0028B8D194F86A3043F0010384F8DC
:106C20006A3016F0BBFE60B1002088E6122086E6CE
:106C300016F05EF9032082E605F18000C5F88800B1
:106C4000ABE601201EF00EF8EEE7484613F030FEEA
:106C5000072074E6504613F037FE484613F028FE2E
:106C6000F6E700BFAFF300808D49FD1A0700000072
:106C7000C06D0020002AE784F99F030059D103006A
:106C800070B590F824308AB0C3F342030D46044631
:106C900001210DF1230016468DF8233011F0B2FDCD
:106CA00071780246284616F019FA1F491F4AA0FBC0
:106CB0000131981841F1070119A3D3E90023FFF727
:106CC0001FFA23699842054621D21B1A002201921D
:106CD000174A0293174BA21AA3FB02320221920910
:106CE00000230A4409AE099113490591CDE9033304
:106CF0000321D2B206960093184612F0B5FF314632
:106D000013F096FE38B9256100200AB070BDFBD99A
:106D1000C21A0023DBE70C200AB070BDAFF300807D
:106D20008D49FD1A0700000000CA9A3B8C49FD1AE4
:106D3000CC6D002089888888F99F0300000000003E
:106D400038B5194C9DF810E094F848C01CF00105C6
:106D500023D163F3420C400194F83230A1874FEA0B
:106D6000CE0E0EF0180E00F0200040EA0E0023F0C8
:106D7000380303430D4884F832309121A2FB00030D
:106D800084F848C001FB023105A3D3E90023FFF7D3
:106D9000B7F9C4E91000284638BD0C25284638BD8F
:106DA0008D49FD1A0700000050380020002AE784B2
:106DB00010B504469DF8080022844FEA411CC0002B
:106DC000A17D00F018000CF0200C4CEA000C0C48DF
:106DD00021F038014CEA010CA3FB0002912184F858
:106DE00016C001FB032104A3D3E90023FFF788F9B0
:106DF000606210BDAFF300808D49FD1A07000000EE
:106E0000002AE784000000002DE9F047044600F165
:106E1000350190F8480094F832305B4DDFF88081FE
:106E2000C0F3400060F386138CB084F8323013F066
:106E30006FF894F83220A38F5448E46102F079028D
:106E4000002784F832209121A3FB0002C4E90577D2
:106E5000277001FB03214AA3D3E90023FFF750F970
:106E6000651B626C4A4B6760AD08A3FB053502F1F8
:106E70000903984298BF3A46C5F3470522644FF08C
:106E800031028CBF19460146A26005EB4502E7605E
:106E9000216148F82210064612F0E8FF236A00F14B
:106EA00009074FEA450A002B4AD00DF12C09AA44E4
:106EB00008EB8A030993CDF820900694A38F3348FA
:106EC0004FF00008A3FB0002CDF80C80912101FBDC
:106ED0000321236904932F4B07932F4B05934FF006
:106EE000020A27A3D3E90023CDF82CA0FFF708F965
:106EF000104619464FF47A720023FFF701F9043562
:106F0000EDB2CDE9016003213B462A46CDF8008071
:106F1000404612F049FE494613F08AFD60B994F8E4
:106F2000483043F0010384F8483016F0EBFA08B318
:106F300000200CB0BDE8F0870C200CB0BDE8F08755
:106F40000DF12C09CDE90A3321694B460AAA032029
:106F500001F096F90028AAD10B99104808A3D3E9AB
:106F60000023A1FB0001FFF7CBF80A9B20F07F472D
:106F70001F449CE750461DF075FED9E7AFF3008033
:106F80008D49FD1A0700000050380020002AE784D0
:106F9000BD86F21AF99F03008DD7030000CA9A3B01
:106FA0005C6E0020000000002DE9F04F05468BB01C
:106FB0008B46012002219A46144621F0E3FB002271
:106FC00002218146012011F0CFFA3B494FF4D472DF
:106FD000284611F059FA461DF6B2384B0095324654
:106FE0000121002012F058FE10F0FD0F0CD0344AA1
:106FF0003449354840F62F032AF048FB404080F3DF
:1070000011884FF0030002DF304BA4FB03482046F9
:1070100027A3D3E900234146FFF772F82C4B20F059
:107020007F47A7FB03310722E01A02FB071168EB39
:1070300001014FF47A720023FFF762F8CDE9017085
:10704000CDF800B008950695296995F93940214891
:107050000491214931EA240128BF014605911F4CC2
:1070600007944FF6FE7103915346324601210020EA
:1070700012F066FD10F0FD0F0CD0114A11491248B4
:1070800040F644032AF002FB404080F311884FF0A1
:10709000030002DFB9F1000F02D10BB0BDE8F08FA1
:1070A0000122022110460BB0BDE8F04F11F05CBA8E
:1070B0008D49FD1A07000000A03800205DDD0300A7
:1070C000ECCC0500B0CD050088C7050000CA9A3B8E
:1070D0008D49FD1AD53D04007D3F040005DD030008
:1070E0002DE9F043C469228D4FF6FF739A428DB0AB
:1070F00000F088800546204619F022FF95F82830D8
:10710000012B00F00F81022B00F00281002B00F018
:10711000E18094F85071002F40F0FD80E68DB4F8C6
:107120003080002E71D1AA8C08F101060023CDE930
:107130000A33B6B2002A70D094F93930002BC0F26D
:1071400048810023A4F88A3195F82630D90740F108
:10715000EF800023A4F88E310DF12702314620463E
:1071600019F032FC743000F04681B4F888312BB14C
:10717000B34240F20D819B1BA4F88831B4F88431EE
:107180002BB1B34240F2FB809B1BA4F88431258EC7
:1071900017B9A84500F0EA800135ADB294F8D130B6
:1071A00013F001065AD1DDE90A130A46002B40F01C
:1071B000ED80002900F0DC801E461846228DE4692F
:1071C0000694CDE903570532A74D0290CDE900168C
:1071D000D2B201210020059512F046FD10F0FD0FFE
:1071E00010D013F04FFC84420CD0A04AA049A14813
:1071F00040F215532AF04AFA404080F311884FF0CC
:10720000030002DF0DB0BDE8F083AA8C46440023E2
:10721000CDE90A33B6B2002A8ED195F82630DA07C6
:1072200097D4B4F88A31002B00F08280B34240F248
:10723000FA809B1BA4F88A31B4F88E31002B8BD0D6
:107240009E4280F0DE809B1B9BB20022062BA4F89E
:107250008E31228600F2AC8001277DE794F9392037
:107260006FF30003002A84F8D13077DB94F87600BE
:10727000C0F3C00100F007001EF046FEB4F86E2017
:10728000B4F86C30134403F2D51303447A4A7B48B4
:107290000721E3FB0021104671A3D3E90023FEF789
:1072A0002FFFDDE90A1320F07F422069226190421E
:1072B00035BF161A801A002000260A46002B7FF4DC
:1072C0007DAF56EA010C7FF479AF002850D0194603
:1072D0001E4673E794F88E3003F01803182B7FF4E2
:1072E00018AFA18DB4F886218B1D9A42C4BF931F9D
:1072F0005B1AB4F88211CCBF9BB21346994200F0DE
:107300008C80A4F88231A4F88431A4F8882100E7A5
:107310003D2784F85071394620460DB0BDE8F04352
:1073200017F02AB90023A4F88831A4F88431F0E6D4
:10733000B4F88E31002B83D1628DB4F88C3140F2D9
:10734000E24101FB02F242F2107101FB0323013B17
:10735000B3FBF2F39BB2A4F88E316FE794F8770099
:10736000012100F007001EF0D1FD87E73D4615E73B
:10737000002D4BD000261146304633461EE7002331
:10738000A4F88431204619F0BFFB00E7304615E72A
:1073900013F0E0FA014600283BD00023A4F888311E
:1073A000238DC3801B230371006813F09DFAE5E66B
:1073B00094F939309342BFF6CFAEB8F1000F7FF4A5
:1073C0004BAFD4F878315A08DB0743D4C4F878219E
:1073D000C2E628460AAA0BA904F1D409FFF7F0F97E
:1073E000484619F07FF818B3484619F07BF818B3EF
:1073F00000232386A5E69DF82710204617F0BCF849
:1074000000E70821204617F0B7F8FBE6002FB1D1BE
:10741000F8E60123A4F88831B0E6B4F88811002911
:107420007FF477AE6FE73E21204617F0A5F8E9E636
:10743000FF2017F059F8D7E70246D4E91E0111F0F2
:107440005BF80028D4D194F83C30580744BFA38D92
:10745000238676E642F00042C4F87821FCE600BFBD
:107460008D49FD1A07000000C5DC0300ECCC0500C7
:10747000FCCD050088C705008C49FD1A00CA9A3B5F
:107480002DE9F04F87B0CDE90432BDF844200378F0
:107490000292BDF84820BDF84080BDF84C50468EA1
:1074A000B0F82E90B0F814B1019104460392002B6D
:1074B00000F0CB80013EB6B2A368D4F80C71721B09
:1074C00092B2002B009209DAE168626823F000436F
:1074D00091422CBF7F18BF18A360FF1A009A638DDA
:1074E00013FB02F39BB2B3FBF8F218FB02F080B27D
:1074F00083421FFA82FA80F09780C01A40F2E2427B
:107500005D4902FB00F0A0FB010159A3D3E9002370
:10751000FEF7F6FD20F07F400744D94494F8393057
:107520004D44AD1B554440F2E246DB09E58506FBC0
:1075300008F500F08E80226C0099A36CDFF838B15A
:1075400002FB1133A3641EF0CBFE814694F8740154
:10755000C0F342001EF0C6FE059B814406FB03F308
:1075600005FB09F9236509F57429444B09F23F2904
:10757000A3FB09394FEA994303FB0AF02364A5EB07
:107580000309A36C6A080344963A934228BF134642
:10759000C4E911230023C4F87C31A0FB0B0134A300
:1075A000D3E90023FEF7ACFD049B3F1A3448A0FB4F
:1075B0000330800A06FB00F02DA3D3E90023A0FBD3
:1075C0000B01FEF79DFD20F07F46029BA385039BE8
:1075D000A4F88C3129462046A4F82A8019F030FA04
:1075E000284BA18D2B44881DB3FBF5F39AB2904232
:1075F000A4F8862102D2521A063A92B2019BA4F84C
:10760000822113B10023A4F88E313B464A4631460D
:107610002046FFF7C9FC94F8803143F0010384F859
:10762000803107B0BDE8F08F08FB1231124840F2FC
:10763000E24389B203FB01F1A1FB00010CA3D3E9F2
:107640000023FEF75DFD3F1A67E74E445E44B6B285
:1076500032E7049B0848A3FB000105A3D3E90023FC
:10766000FEF74EFD20F07F46A9460136ADE700BF8C
:107670008D49FD1A0700000000CA9A3B83DE1B43B8
:107680005917B7D17FC3C9012DE9F04F04460B68E4
:10769000077F1668D3F800A0638CD0F81E0095B061
:1076A00015464A7CADF84C30FF2AC7F38013894653
:1076B0000D9212908DF83F3072D198461A4612AB57
:1076C00093E803000DF1400B1090ADF84410F80959
:1076D0000AF1710127680A915B460C900B9716F02E
:1076E00033FE0A99002843D196F89A310C9A0A90F1
:1076F00068F3410362F3000386F89A311098BBF8EF
:107700000430C6F8A101A6F8A531DAF87130C6F840
:107710009B318B88A6F89F31E38D94F83010A972C5
:107720002B81D4F82A306B60D4F83A30AB6105F184
:10773000180094F83E300371052111F063F86B7F57
:1077400000F03F0060F305036B7794F83F30C3F31C
:107750000401A977A18EE981012803F01F0389B2F2
:1077600006D91B3303F01F030B2B01D80A9A59BB10
:107770000022CAF8142095F820300B9862F3000319
:1077800085F82030E56801262146267113F0A2F81D
:1077900028682E71294613F0A7F815B0BDE8F08FC0
:1077A0000DF1400B10460DF13F015A461CF0D0FF81
:1077B0009DF83F80277F08F102085FFA88F88DF86E
:1077C0003F8008F0010282E7D9F800305A60E38E6A
:1077D0002B82EB8940F2E24808FB03F71146638EE7
:1077E0000A93304619F040F994F83F3096F8742126
:1077F0005B0963F3430286F874211EF071FD0C905F
:1078000096F87401C0F342001EF06CFD0C9B184406
:1078100007FB00F0BA4B00F5742000F23F20A3FBF9
:1078200000307B08800C963B6862AB6294F8313084
:1078300008FB03F3AB63238FA6F88C31394630463F
:1078400019F0FEF8AF4BB04AC6F890213B44B3FBA9
:10785000F7F39AB2A6F88621298A881D824204DDB0
:10786000C1F57F41FA310A4492B2A6F882216B68D1
:10787000C6F87831234613F81C2FC2F34018DA07F4
:1078800000F104814FF48073A3839AF826001DF061
:10789000B9FC04F12B03002800F0EE80626AC4F802
:1078A0002B20228D9A800D9BFF2B00F0E980BDF8E4
:1078B0004C301298A4F82930C4F82500BBF80430E5
:1078C000A4F8233010989DF83F30C4F81F00A37728
:1078D000EB8963862B8AA386B6F88C31E38696F80B
:1078E0007431C3F3420384F83830304616F06EFA30
:1078F000A881E08021460B98D9F8044012F0EAFFF5
:10790000AB89E3801C23D4F800B02371B8F1000FD9
:1079100040F0D18084F81C802146584612F0E4FFE4
:1079200095F85B00B5F85080B5F85240012100F0A1
:1079300007001EF0EBFA444404F2D514DFF8D481BA
:107940000444834671480721E4FB080131230024E5
:10795000B360746068A3D3E90023F460FEF7D0FB42
:1079600020F07F4030616D6A0A9A7D1BD9F80C7057
:1079700040F2E24303FB027702212246012010F08D
:10798000F3FD504615F0A4FD07F2B2470246A7EBFF
:107990000B07A7FB0801174657A3D3E90023FEF7FF
:1079A000AFFBCDF804A0D9F808305949009120F078
:1079B0007F48BA1C3A3BD2B220464344012112F020
:1079C000ADF9012800F082809AF82430DB076AD4F0
:1079D000304616F0FBF94F4BA5FB035A044646A36D
:1079E000D3E9002328465146FEF78AFBD9F8083030
:1079F000494A0792A3F13A09484B069620F07F477F
:107A0000A7FB0331E81A464B059340F2D1130893C4
:107A100033694FF0000BCDE903B34FF0070303FBCD
:107A200007116AEB01014FF47A720023FEF768FB3D
:107A30000534E4B2CDE90170CDF800804B46224612
:107A40000121584612F07CF810F0FD0F0CD0354A99
:107A5000354936484FF4E97329F018FE404080F369
:107A600011884FF0030002DF01220221104610F0BE
:107A70007BFD15B0BDE8F08FC4F82B00988012E7AD
:107A80000022C4F82520A4F8292017E7254A284910
:107A90002648F82329F0FAFD404080F311884FF082
:107AA000030002DFEEE60023012200931846114690
:107AB00012F0F2F88CE76B7F43F040036B77281DE0
:107AC0001CF03EFC4FF00108E88323E712F0DAFFD8
:107AD00082453FF479AF134A1649144840F279239E
:107AE00029F0D4FD404080F311884FF0030002DFFD
:107AF0006AE700BFAFF300808D49FD1A0700000060
:107B000083DE1B437FC3C901404B4C008C49FD1AE7
:107B1000993D040000CA9A3B693D04008D49FD1A55
:107B2000D53D04009CD20500B0CD050088C70500F6
:107B30004CCA0500F8D205002DE9F04F8DB01F4664
:107B4000BDF860300793CDE90501BDF868309DF8B8
:107B50005C90BDF864B004930020164615F02CFF2D
:107B6000002800F0658109F001080446404612F043
:107B7000BFF90390B8F1000F6DD1169B03993A46F7
:107B8000404616F0E1FB002840F06381236A04F1CF
:107B90001C020892002B65D0D4F820A0DAF800501F
:107BA00007F0010B9AF85A00C0F3C00100F007007B
:107BB0001EF0AAF9BAF85210BAF8502000F2D51304
:107BC0000A441344CC48CD4A0721E3FB0021104668
:107BD000C7A3D3E90023FEF793FA20F07F40286182
:107BE00030461DF07FF894F833306FF3410384F88A
:107BF0003330FF2384F83430002E00F01D81A9F1CA
:107C00000203012B40F2298194F84810089869F387
:107C1000420184F8481094F833106BF30001DDE959
:107C2000052384F8331016990968616216998988CA
:107C300021850499218600960021FFF7B9F8606438
:107C40001EF0FCFA002840F013812046FFF7DCF814
:107C50000DB0BDE8F08F062110F02AFC00288CD171
:107C60001220F5E712F01EFE0990002800F0738143
:107C700016F0A0F80546002800F06A81203010F0C8
:107C8000D5FD05F11C0A002840F01D81032105F1F6
:107C900024001DF0EDFF079BD5F888006B854FF69B
:107CA000FF73A5F82CB02B85002800F0198105F191
:107CB0007C0205F1780110F007FCB5F8763023F46A
:107CC000EF6323F0070343F4887343F00103A5F83F
:107CD000763095F88E304FF0000B23F0070385F8CF
:107CE0008E300121C5F888B0A5F88CB0284616F072
:107CF00085FFC5F82EB0A5F832B005F134001CF0B0
:107D0000C9FA95F8393060F30503012185F8393057
:107D10000DF12F001DF0ACFF049B9DF82F20A5F85E
:107D20008C31774B85F83BB0A3FB0213DB0803EBE8
:107D30004303A2EB830295F83930A98DA5F88EB1E3
:107D400003F03F0385F8393095F83C30A5F884B14D
:107D5000053223F0030385F83A20079A85F83C3072
:107D600040F2E24B674B0BFB02FB4FF4C0225B443B
:107D7000C5F88821881DB3FBFBF39AB28242A5F8AF
:107D8000862102DD063A521A92B2A5F882212846CF
:107D900018F0DEFD5946284618F052FE099BC5F83A
:107DA0005431002385F8503116F0C2FA95F8942129
:107DB00060F3020285F8942116F0C0FA95F8942138
:107DC00060F3C50285F8942195F88021002363F3C0
:107DD000410285F8802105F1D40018F041FB95F8A7
:107DE0009A21169907F0010B6BF3410285F89A214D
:107DF0003122AA600023169A6B60EB601268C5F806
:107E0000A12195F89A218988A5F8A51169F30002A6
:107E1000039985F89A210A68C5F89B218A88A5F8F4
:107E20009F21C4F820A0C5E905332B70ED61B9E6A8
:107E30000C200DB0BDE8F08F1DF094FB00283FF43E
:107E4000DEAE1699384632461DF0C6F884F8340086
:107E5000D5E60B200DB0BDE8F08F00201CF066FFCA
:107E600094F8333043F00203C14684F83330CBE654
:107E7000256AEB6E63B1244A2449254840F21D432C
:107E800029F004FC404080F311884FF0030002DF2A
:107E900005F1600105F15C0010F01AFB06460028B0
:107EA0003AD02F68EE66D7F85451002D42D02846BC
:107EB00012F0FEFC384615F083FF002303202362F6
:107EC0000DB0BDE8F08F104A12491148C12329F0C6
:107ED000DDFB404080F311884FF0030002DFD5E660
:107EE00005F18000C5F88800E1E600BFAFF300802F
:107EF0008D49FD1A0700000000CA9A3B8C49FD1A03
:107F0000ABAAAAAA7FC3C90128D30500E0CB05000C
:107F100088C70500E4C70500104A1149114840F21E
:107F20001F4329F0B3FB404080F311884FF003005A
:107F300002DFB6E7094A0A490A4840F2264329F017
:107F4000A5FB404080F311884FF0030002DFAEE74D
:107F5000099812F0ADFC07207AE600BF28D305008F
:107F60003CCD050088C705002DE9F04F04468DB0D3
:107F700090F81C80238D406AADF82C30E307C8F3DD
:107F8000C0170E461546C8F340180A9000F10D813F
:107F90000023A383B37C707C13F001031CBFD4F8CF
:107FA0001E30C4F82B3004F12B0214BF638CC4F8CC
:107FB0002B30FF28938004F1250904F11F0240F0C3
:107FC000E5800023BDF82C100A98C4F82530A9F8E4
:107FD0000430A777C4F81F0091803368D3F800906D
:107FE000EB8963862B8AA386B9F83030E3861EF0CE
:107FF00075F984F838002F68384615F0E7FE00213F
:10800000A881E080384618F02FFDD6F804A020683B
:10801000214612F05FFCAB89AAF806301C23DAF87F
:1080200000408AF80430B8F1000F40F0CC808AF8A4
:108030001C805146204612F057FCBB687A6895F8C0
:108040005A00B5F80E80F568674C934238BF134666
:10805000C0F3C00103F1090A00F0070040F2E24357
:1080600003FB08F81DF050FF002202212D1A012009
:1080700010F07AFA484615F075FCA5FB044558A3A4
:10808000D3E90023834629462046FEF739F8CDF888
:108090000490B3685549009120F07F490BF1040228
:1080A000A3EB0A03D2B24B440121002011F036FEAB
:1080B00010F0FD0F0CD04E4A4E494F4840F23D3370
:1080C00029F0E4FA404080F311884FF0030002DF0A
:1080D0004FF0000B5B4603220121CDF800B058465B
:1080E00011F0DAFD384615F071FEB36806463E48D9
:1080F000A3EB0A0AA8FB000139A3D3E90023FDF78B
:10810000FFFF19463D4B08933D4B069340F26D33FC
:10811000079709933B698046CDE904B310460023D5
:108120004FF47A72FDF7ECFF364B0722A9FB0331BF
:10813000CDE9028002FB0911E01A65EB01014FF461
:108140007A720023FDF7DCFF0536F6B2CDE9009028
:10815000534632460121584611F00EFD10F0FD0F36
:108160000CD0234A2349244840F26E3329F08EFA7A
:10817000404080F311884FF0030002DF012202210A
:1081800010460DB0BDE8F04F10F0EEB904F11E013D
:108190001CF0DEFAA37FBDF82C200A98C4F8250055
:1081A0000233A377A9F8042017E7114A16491248A9
:1081B00040F2BD2329F06AFA404080F311884FF065
:1081C000030002DFE4E66B7F43F040036B77281D7A
:1081D0001CF0B6F84FF00108E88328E7AFF3008001
:1081E0008D49FD1A0700000000CA9A3B493F040070
:1081F00028D30500B0CD050088C705004D3F040019
:108200007D3F04008D49FD1A4CCA050000000000A6
:108210000538C3B2042B0CD870B580B20D4615F0EA
:10822000DDFD044618B190F93930002B03DA002047
:1082300070BD0020704790F876000F4EC0F3C0016B
:1082400000F007001DF060FE0C4A00F2B550072157
:10825000E0FB0621104606A3D3E90023FDF750FFFB
:1082600020F07F402860204670BD00BFAFF3008043
:108270008D49FD1A0700000000CA9A3B8C49FD1A7F
:108280002DE9F04F93B0FF240B930B1D0A930023AD
:10829000CDE90E33054616468DF837409B464FF024
:1082A000040A1F469946984610AB0693564B059311
:1082B000564B03930FAB01930EAB002000930223A8
:1082C00010930490029033460DF13702294611F0C5
:1082D00069FD022815D0109BCBB9FF2C26D033683E
:1082E000BB4223D0BAF1000F40D00AF1FF3AFF247D
:1082F0005FFA8AFA8DF83740D6E72946002011F058
:108300009DFD109B022BF8D0109B002BE5D0404A1E
:10831000404941484FF4F77329F0B8F9404080F3E1
:1083200011884FF0030002DFFF2CD8D19DF83700F1
:10833000FF2829D011A9FFF76BFF0028B4D0FF2C2C
:108340000E9F119B0AD041463846099311F090FDCB
:108350000A9B03EB09029042099B17D8B8469DF887
:1083600037403768DDF83CB099469DE72B49284AED
:1083700029484FF4FB7329F089F9404080F31188B4
:108380004FF0030002DFB0E7FF2C34D02448072170
:10839000A9FB000301FB093119A3D3E90023FDF771
:1083A000AFFE044600B140341E4AABF57423A3F57A
:1083B0001073934216D81A480721A8FB000301FB4B
:1083C00008310FA3D3E90023FDF79AFE164BA3FB58
:1083D0000B2304EB93440B9B044400201C6013B05C
:1083E000BDE8F08F0BF1E87B0BF5D43B08F1FF38CB
:1083F0000BF5A57BDFE76FF0090013B0BDE8F08F48
:1084000000CA9A3B00000000594204005D4204008B
:1084100074D30500B8D3050088C70500C0D3050094
:108420008D49FD1ABFBDF07F83DE1B4300000000B5
:108430002DE9F043C668476873683D491A68D0F86B
:108440000090A7F57423A3F510738B4283B0804688
:1084500007D907F1E87707F5D43709F1FF3907F5B0
:10846000A57773681169DD89CDF8049006F11003D2
:1084700001AA0220FFF704FF00284ED10199A1EBC9
:1084800009031B0237D40846494611F0F1FC0346A4
:1084900028480721A3FB000201FB032122A3D3E903
:1084A0000023FDF72DFE34690444002C346109DB00
:1084B00040F2E24305FB03F3A3422FD2E41AA342A6
:1084C000FCD33461D8F800301A48A3EB0903A3FBAE
:1084D0000002072101FB032113A3D3E90023FDF7C9
:1084E0000FFE154BA3FB0737A0EB974020443061EC
:1084F00003B0BDE8F083484611F0BAFC03460D48CE
:108500000721A3FB000201FB032107A3D3E90023FA
:10851000FDF7F6FD3469241AC7E73469002CD1D180
:1085200003B0BDE8F08300BF00CA9A3B0000000022
:10853000BFBDF07F8D49FD1A83DE1B4300000000A4
:1085400010B5334C3349002304F1FF3C14F83320B9
:10855000072A02EB820E05D811F83E206FF3451270
:1085600001F83E201CF833206FF300020CF8332092
:108570000133082BEAD1284A284C002313700A78CB
:1085800063F300020A7091F8282063F3000281F877
:10859000282091F8502063F3000281F8502091F8D0
:1085A000782063F3000281F8782091F8A02063F32B
:1085B000000281F8A02091F8C82063F3000281F83E
:1085C000C82091F8F02063F3000281F8F02091F8C0
:1085D000182163F3000281F81821114A9FED0A7BEC
:1085E0001370104B83ED007B0F4B236028B1BDE867
:1085F00010400E490E4831F006B9BDE810400C4855
:1086000031F00FB9AFF30080FFFFFFFFFFFFFFFF67
:10861000ED790020AC7800207B900020BC77002012
:108620007A90002018410020A0BB0D00194F0400D3
:10863000E8400020000000002DE9F04F8FB00DF160
:1086400037010446DFF8E0A0DFF8E0800DF13600E6
:1086500012F0C8F99DF836309DF837B00B9311F041
:1086600005FCDAF80060A6FB085629A3D3E900232D
:108670000027814631462846FDF742FDCDE90777C0
:10868000069420F07F44DAF80400234B0593A0FB06
:1086900008011FA3D3E90023FDF732FD1F4B20F093
:1086A0007F40A4FB0331072202FB0411CDE90370D4
:1086B000E81A66EB01014FF47A720023FDF720FD02
:1086C0000097CDE901404B460B985A46032111F023
:1086D00037FA10F0FD0404D06FF08B000FB0BDE846
:1086E000F08F0F480F4A002325F046FE20B9DAF834
:1086F0000C000FB0BDE8F08F9DF837209DF83600D4
:1087000000942346032111F0C7FA6FF07300E5E7E8
:108710008D49FD1A07000000695604008D49FD1AB5
:10872000607A0020447B0B00787A002000CA9A3BD4
:1087300038B50F4D044611F099FBA96811F098FB6C
:10874000696803460B48B3FBF4F4A1FB00011C4429
:1087500005A3D3E90023FDF7D3FC20F07F4084423A
:1087600094BF0020012038BD8D49FD1A070000008C
:10877000787A002000CA9A3BF0B5C468636883B079
:108780000546002B63D11FF043FB00201FF066FB62
:10879000002108461FF054FB0022252108201FF06D
:1087A00093FB454B019301A81FF076FB434940F230
:1087B0005B601FF021FC237AC3F3420262F30613CD
:1087C000204623721DF0ACFF1CF0CCFE58BB637A30
:1087D0009B071FD127682E6838461DF033FB0644DF
:1087E0006A6806F1090101201FF060FD1FF04CFED0
:1087F000204614F079FE811C3246C9B238461DF07D
:108800002FFB054670BB20461DF0B6FA88B9002044
:1088100003B0F0BD01201CF019FA4178821C0078E9
:108820001FF0E4FCD6E7607A10F0030018BF0120C7
:10883000F1E7234A2349244840F22C4328F026FF3D
:10884000404080F311884FF0030002DFDFE793F828
:1088500020309A0797D01D4821461FF097FA1FF045
:1088600085FBD4E7164A1A49174840F2144328F00A
:108870000DFF184B0721A5FB030301FB05310CA3DA
:10888000D3E90023FDF73CFC13490246134828F0C6
:10889000FDFE404080F311884FF0030002DF1048D6
:1088A00021461FF073FA1FF061FB6FF08B00AFE7FA
:1088B00000CA9A3B00000000D6BE898E555555006F
:1088C0006CD70500F4C8050088C70500E95F0400FF
:1088D00008C805008D49FD1A1CD80500F0D7050011
:1088E000F1620400000000002DE9F041C46894F931
:1088F0001630002B8CB0C0F2FF80636805460E4630
:10890000002B40F0EE80A37D6FF30003A3751FF0F2
:108910007FFA00201FF0A2FA002108461FF090FA0B
:108920000022252108201FF0CFFA012012F05CF967
:108930000746002800F0C78007F11C001FF0EEFA80
:10894000874B0B930BA81FF0A7FA864940F25B6098
:108950001FF052FBA07DC0F3410025301DF092FABC
:10896000814821461FF012FAA37D9B0603D4636859
:10897000002B00F0A58096201FF08CFC00231A46E7
:10898000194618461FF09EFB1CF0ECFD002838D15C
:10899000A37D13F0180F59D1D4F800802F684046FA
:1089A0001DF050FA07446A6807F1090100201FF022
:1089B0007DFC1FF069FD1FF0F5FB204614F0E0FF81
:1089C000011DC9B240463A461DF04AFA80460028C9
:1089D00040F0998016B9636A002B4ED1636843B1A9
:1089E000624B0122022100209D600FF0F3FD002860
:1089F00035D120461DF0C0F9D0B900200CB0BDE83B
:108A0000F081A07DC0F3C0001CF020F907460DF1F5
:108A10002B001CF01FFC79788046BA1C38781FF0B8
:108A2000E5FB9DF82B00002241461FF0FDFDB3E75A
:108A30004F4A5049504840F20B2328F027FE40404F
:108A400080F311884FF0030002DFD6E701201CF00D
:108A5000FDF84178821C00781FF0C8FB9CE7444A6F
:108A60004649454840F2062328F010FE404080F376
:108A700011884FF0030002DFBBE7414A0792414AE9
:108A8000059240F2F31200930892CDE90366CDE916
:108A9000016606943B463146032211F051F810F06E
:108AA000FD0F9BD0324A384933484FF4FA7328F00F
:108AB000EDFD404080F311884FF0030002DF8DE7A9
:108AC0001FF060FB60E72A4A30492B484FF4C5731A
:108AD00028F0DCFD404080F311884FF0030002DFF6
:108AE0002AE7636893F82030D90705D4636893F8C0
:108AF00020309A077FF507AF254821461FF046F939
:108B00001FF034FA79E71A4A22491B4840F2E5136C
:108B100028F0BCFD204B0721A8FB030301FB083113
:108B20000DA3D3E90023FDF7EBFA1C4902461C48CC
:108B300028F0ACFD404080F311884FF0030002DFC5
:108B4000184821461FF022F91FF010FA6FF08B0031
:108B500054E700BFAFF3008000CA9A3B000000005A
:108B6000D6BE898E55555500498C0200980D0020BF
:108B700028D80500F4C8050088C70500FCC8050012
:108B8000696E0400096F04002CCB0500B8D70500FE
:108B9000E95F040008C805008D49FD1A74D8050076
:108BA000F0D70500456D040038B504461EF07AF88C
:108BB000A37DA27DC3F34103013303F00303032B21
:108BC00008BF002363F3420214BF03F125002520F0
:108BD000A2751DF057F963680BB123694BB911F009
:108BE00045F9C11C00201FF0D5FBBDE838401FF03F
:108BF0004BBC1FF0FDFB054611F038F9C11C0020ED
:108C00001FF0C8FB1FF040FC1FF0F2FB294611F0DB
:108C10002FF90B4A03460721A0FB020201FB0321A7
:108C200005A3D3E90023FDF76BFA23691B1A23611F
:108C300038BD00BFAFF3008000CA9A3B00000000BF
:108C40008D49FD1A000000002DE9F0478AB0044666
:108C50001FF0BEF9C0B250B91DF06CF9C4482146EE
:108C60001FF094F80AB0BDE8F0471FF07FB91FF07D
:108C7000CFF905461FF0EEFA07461FF0F5FA8146D8
:108C80001FF02CFD06461FF00BFD82461FF0A4FAD4
:108C9000EDB280461FF084FA1DF04CF9002DDDD0B6
:108CA000012011F0A1FF0546002800F04D8117F0CA
:108CB000FF07F6B240F0E380002E40F0DA804FF07C
:108CC000FF093A464B46314620461EF011FA00286D
:108CD000C4D02A7F616800238DF823305FFA88F7BB
:108CE00002F00F03002900F0EC80616891F8201079
:108CF000880700F1E680072BB0D0A17D090740F17D
:108D00004381002B40F0C4806B7F063B1F2BA5D80E
:108D1000042011F069FF0028A0D01FF0BDFB636A9A
:108D2000074643B9238C40F2712202FB03F3B0FBE8
:108D3000F3F203FB120723681A698E4B0721A2FB8B
:108D4000030301FB023188A3D3E90023FDF7D8F91F
:108D50006FF44A7C00EB0C03BB42FFF47FAF1FF0C3
:108D600011FA484663681CF05BFAE37D9907804678
:108D700040F1E581002800F0E281824601271FF0E2
:108D800055F9CDE9027A09AB049305F11E0301936D
:108D90002B7FC3F380130146074600930022012373
:108DA00020461EF0BFF938461FF0BEF81FF006F946
:108DB000002840F0CA81704821461EF0E7FF626833
:108DC00092F8203043F0010382F82030A37D43F075
:108DD0008003A37511F02AFF172202714FF6FF726C
:108DE000C28095F81CC082463B46CCF3401C00F183
:108DF0001C0207F1200E1D6858689968DF68D7606B
:108E00001033734515605060916002F11002F2D189
:108E10001B6813609AF81C30CAF808406CF34513BD
:108E20008AF81C301FF0E4FA002ECAF81000099BE3
:108E3000CAF8143008BF4FF0FF098AF81990E37D93
:108E400013F0020303D0B8F1000318BF01239AF80E
:108E50001A2063F300028AF81A2011F0E7FECAF81C
:108E60000C00DAF8000051460AB0BDE8F04711F0F6
:108E70000BBF5FFA8AF01CF061FA814621E7A07D02
:108E80005FFA89F1C0F3C0001CF0EEF9814618E7E3
:108E9000012B40F089806A7F0C2A7FF4DFAE2A7FA5
:108EA000CDF80090194600230193D20905F124035F
:108EB00020461EF071F800287FF42AAF2B7F03F0C4
:108EC0000F03002B70D16B7F052B7FF6C7AE252BD0
:108ED0003FF6C4AEA27D02F02102202A09D16268C9
:108EE000002A00F0C180052B7FF6B8AE252B3FF697
:108EF000B5AE63682BB12B7F03F00F03072B7FF414
:108F0000ADAE03209DF8238011F06EFE05460028CB
:108F10003FF4A4AE11F08AFE4FF6FF73EB800523F9
:108F20002B71002F3CD17F20AB7E2876002E08BF0E
:108F30004FF0FF0968F34103286885F81990AB7674
:108F4000294611F0A1FE89E60C4A0D490D4840F270
:108F5000C72328F09BFB404080F311884FF00300AB
:108F600002DFA4E6AFF3008000CA9A3B00000000D5
:108F70005D6D04008D49FD1A4D6F040028D8050071
:108F8000B8D7050088C70500B9F1FF0F8DF8249008
:108F9000C2F380184BD0227E91453FF4B2AE90E7E9
:108FA0001FF00AF9C0B2BFE7062B8CD04521D9408B
:108FB00011F0010139D1012B10D16B7F0C2B7FF403
:108FC0004DAE2A7FCDF800900DF123030193D20915
:108FD00005F1240320461DF0DFFF08BB2B7F03F0C3
:108FE0000F03042B7FF43AAE6B7F063B1F2B3FF63B
:108FF00035AEA37DDB077FF531AE1FF017F82B7F71
:109000000278C3F38013B3EBD21F7FF427AE08308E
:10901000062205F11E0130F080FF00287FF41EAE0D
:109020006B7F002B7FF465AF18E66B7F5BE705F184
:109030001E0A09AA514640461CF036FA00283FF4A1
:109040003DAFE37D03F0010343457FF437AF514665
:10905000062204F1080030F060FF00287FF42EAFF4
:109060002B7F03F00F034CE6962007921FF012F9B6
:10907000079A10461EF0DEFF032011F0B5FD804672
:1090800000283FF4EBAD11F0D1FD4FF6FF73A8F8C7
:109090000630052388F80430002F64D17F23002E8A
:1090A00088F8183014BF4B46FF2388F8193098F819
:1090B0001A30D8F800006FF3410388F81A3041469F
:1090C00011F0E2FD1EF0B2FF06460322337862F390
:1090D000030333702B7F3278C3F3801363F3C7121B
:1090E0000C233270484673701CF09AF8E27D9207A8
:1090F0003DD500283BD03178324641F0400102F89E
:10910000021B0168C6F8021083889380D5F81E30D0
:10911000B3606B8CB38130461EF006FF1EF04EFF2D
:10912000002835D11FF0B0F9A37D204843F001039A
:109130002146A3750AB0BDE8F0471EF027BEA77D03
:1091400004F1190AC7F3801719E6194A19491A4890
:1091500040F2A44328F09AFA404080F311884FF07F
:10916000030002DF27E61FF027F8C3B297E7A37DCD
:109170003278C3F3801363F38612334603F8022B6D
:10918000D4F81920C6F80220B4F81D209A80BDE753
:10919000074A084908484FF4A56328F077FA404089
:1091A00080F311884FF0030002DFBBE7716D04000C
:1091B00028D80500C0D7050088C7050000000000BA
:1091C0002DE9F041C468A2894FF6FF739A4282B03C
:1091D00000F0C78005461EF0A9F82B89628AE08A54
:1091E0001A4492B21044637FA28280B2411CE18291
:1091F0005E064FF00001618204F1180100F18C80DD
:1092000003F03F000B46A17F009004F11F001BF00C
:109210004FF80646D4E90B231344D4E90D0200218C
:109220000244E1626163A16AA26394F872208B42F6
:1092300028BF0B4612F00402236377D01EF0E8FD2E
:1092400000201EF00BFE201D1EF026FE2389A17AB1
:1092500040F25B6043EA01411EF0CEFE30461CF056
:1092600011FE214658481EF091FD96201FF012F87D
:1092700094F85A2094F85B00C2F3C003002102F076
:10928000070200F007001EF01DFF20461EF0B0F898
:1092900027682E6838461CF0D5FD06446A6806F13A
:1092A000090100201FF002F880461FF0C1F80020DD
:1092B0001FF0D8F8236B94F85B0003F13002A36B26
:1092C00000F00700012103EB42051EF03BFE454480
:1092D000054494F85B0000F00700022824D004281D
:1092E0000CBF4FF4BC73282301211D441EF02CFE3B
:1092F00028441FF08FF8A18905313246C9B238469B
:109300001CF0AEFD054698BB20461CF035FDD0B9DB
:10931000002002B0BDE8F0810A4603F03F03E18B74
:109320001BF012F8064675E71823DDE7D4E91701AC
:109330000FF0E2F8002881D194F8723043F0040372
:1093400084F872307AE7214A2149224840F25513C5
:1093500028F09CF9404080F311884FF0030002DFB1
:10936000D6E71D4821461EF011FD1EF0FFFDCFE798
:10937000164A1A49174840F24B1328F087F9184B40
:109380000721A5FB030301FB05310DA3D3E900234E
:10939000FCF7B6FE13490246134828F077F940401F
:1093A00080F311884FF0030002DF104821461EF0C1
:1093B000EDFC1EF0DBFD6FF08B00AAE7AFF3008041
:1093C00000CA9A3B0000000049760400F4D805006A
:1093D000F4C8050088C70500E95F040008C8050057
:1093E0008D49FD1A48D90500F0D70500C55F040076
:1093F000F0B5C468A2894FF6FF739A4285B000F0B9
:109400008B8005461DF092FF2B89628AE08A1A4400
:1094100092B21044637FA28280B2411CE1825E0658
:109420004FF00001618204F118015FD403F03F00A6
:109430000B46A17F009004F11F001AF039FF064689
:10944000204603A91EF0A2F8039B94F872101A7824
:1094500061F3C3021A70039A94F872301178C3F35F
:10946000400363F3820111701EF0D2FC00201EF055
:10947000F5FC201D1EF010FD2389A17A40F25B60EF
:1094800043EA01411EF0B8FD30461CF0FBFC039995
:1094900020461EF04FF8214637481EF077FC9620F4
:1094A0001EF0F8FE94F85B0000F007001EF0C2FD0D
:1094B00027682E6838461CF0C5FC06446A6806F129
:1094C000090101201EF0F2FE1EF0DEFFA189053128
:1094D0003246C9B238461CF0C3FC054618BB2046CC
:1094E0001CF04AFC50B9002005B0F0BD0A4603F05C
:1094F0003F03E18B1AF028FF0646A1E71F4A2049E7
:10950000204840F2031328F0C1F8404080F311884E
:109510004FF0030002DFE6E71B4821461EF036FC51
:109520001EF024FDDFE7154A18491648F92328F0F4
:10953000ADF8174B0721A5FB030301FB05310CA375
:10954000D3E90023FCF7DCFD12490246124828F05B
:109550009DF8404080F311884FF0030002DF0F4870
:1095600021461EF013FC1EF001FD6FF08B00BBE7DF
:1095700000CA9A3B000000007D74040054D9050025
:10958000F4C8050088C70500E95F040008C80500A5
:109590008D49FD1AA4D90500F0D70500C55F040068
:1095A0002DE9F0472DED028B9FED498B4A4E84B09B
:1095B00004464FF02003EFF3118783F31288BFF3C3
:1095C0006F8FD4F8C8508DB9022104F1E00030F05B
:1095D00063F8002843D100238DED008B029304F142
:1095E000D00239463D4825F0A5FBE2E7D4F8CC206F
:1095F0002B68C4F8C830954208BFC4F8CC30D4F802
:10960000E03043F00203C4F8E030EB6823F00403D9
:1096100043F00103EB606B6887F31188BFF36F8F32
:10962000284698474FF02003EFF3118983F31288FF
:10963000BFF36F8FEB68990723F0010219D4EA603A
:10964000D4F8E03023F00203C4F8E03089F3118845
:10965000BFF36F8FDB05ACD425F04CFAA9E704F11A
:10966000D80500220121284630F01CFA0028F8D144
:10967000B1E7306823F00303EB600028E0D0002757
:10968000D0F80080BA460028DAD0426895420146F8
:109690000BD1016897B972683160824200D1716064
:1096A00040F808AB24F042FE3946B8F1000F0BD069
:1096B000D8F8002040460F469046E4E739607268CB
:1096C000824208BF7760EBE74246F3E7AFF30080E2
:1096D000FFFFFFFFFFFFFFFF708A0020A390002025
:1096E000014824F025BF00BF5003002007B530F02B
:1096F00016FA4FF47A72A0FB020302FB0131C00B91
:10970000074A40EA4140106000234FF400420548F8
:10971000CDE9002325F0ECFC002003B05DF804FB4C
:109720000045002000110020014B187800F096BB86
:10973000348B0020044B1A78824202D01870FFF755
:10974000F3BF0020704700BF348B002008B530F015
:10975000E6F94FF47A72A0FB020302FB0131084ADA
:10976000C30B126843EA41439B1A47F230529342BB
:1097700004DDBDE808400120FFF7DCBF08BD00BFE5
:109780000045002008B530F0CAF94FF47A72A0FB0A
:10979000020302FB0131C00B044A40EA4140106061
:1097A000BDE808400020FFF7C5BF00BF004500200E
:1097B000014B1878704700BF348B00202DE9F04131
:1097C000194C1A4E1A4D1B4F92B0B44203D30020CD
:1097D00012B0BDE8F081B4F80480B8F1000F21D1D7
:1097E0002068F8B10368EBB12FF0A9FDD0B12B8848
:1097F00001339BB22B80A3802022009341463B463D
:1098000002A830F06CFB23680B4A1B6820210AA8D1
:1098100025F054FD0AA8FCF7EFFD0AA9024602A8AC
:1098200006F000FB0834D0E7B815002058160020D9
:10983000888A0020F2E105008CE205002DE9F04F56
:1098400083B000AF0D46164620493A469A4628F0A6
:10985000D8FB80B1386870B10A22391D25F0D0FDDF
:109860007B6893F800B0E8460446BBF1000F06D0D1
:109870006FF01500C5460C37BD46BDE8F08F3F2D93
:10988000F6D805F1080323F00703ADEB030D2A46D4
:1098900069465046B0470028E946EBDD0DF805B0B3
:1098A0000B4E0C4DB542E3D22B6848461968FCF7C5
:1098B00091FD40B9084BA2B21C88AA80944238BFDF
:1098C00014461C80D6E70835ECE700BF07E2050028
:1098D00058160020B8150020888A0020F8B50446E4
:1098E00010B900252846F8BD0378002BF9D00F4E9B
:1098F0000F4FBE420FD30D4EBE42F2D230682FF052
:109900001EFD30B1356821462868FCF763FD00284C
:10991000E8D00836F0E730682FF011FD18B135684F
:109920002B68A342DED00836E3E700BF600E0600D6
:10993000000F060070B5054698B94FF6FF7070BD70
:109940000834B442F9D220682FF0F9FC0028F7D08F
:10995000236829461868FCF73DFD0028F0D1A0884F
:10996000EDE7014C014EECE7B81500205816002039
:1099700070B5094C094E0546B44201D3002008E0F9
:1099800020682FF0DCFC28B1A388AB4202D1236809
:10999000186870BD0834EFE7B8150020581600208D
:1099A00070B5194C194D8CB00022002303A9204634
:1099B00024F078FB08B10CB070BD2B68059E586888
:1099C000DDE9031226F0AFF90028EDDBFF238DF867
:1099D0001830B6FA86F35B0907908DF8203030F026
:1099E0009EF84FF47A72A0FB020302FB0131C00B18
:1099F00040EA4140C90B8DE8030006ABCDE90A01FE
:109A00000FCB00F045FACFE74C120020684600204B
:109A10001FB50A4C2468A46884420DD183F0010369
:109A2000CDE90112039306480022002301A924F086
:109A3000E3FA044824F07CFD04B010BD6846002021
:109A40004C120020584600201FB50023CDE90233F8
:109A5000044B8DF80C0001A8019326F08DF905B098
:109A60005DF804FBD0AA05000268034B9A420CBFC4
:109A700008300020704700BFD0AA0500014B0360EA
:109A800001207047B8AA0500014B036055207047BC
:109A900004450020044B1A68044B9A4214BF6FF02F
:109AA00012000020704700BF68460020BCAA0500D5
:109AB00008B5074B93F90010002906DBFFF7EAFF12
:109AC000C0B2401A18BF012008BD0020FCE700BF4B
:109AD0002410002007B5FFF7DDFF0DF107018DF819
:109AE00007000122024806F09DF903B05DF804FB6F
:109AF00019E2050038B5044600282FD0194D2B680F
:109B0000834229D053B1986840B183685B6803B140
:109B100098472B680021986804F078FF1249134B8E
:109B20008C4214BFED2100215522002026F015F9AA
:109B3000002812DBA0682C6070B1012104F066FFE0
:109B40002B68986883680A491B6898472B6898684F
:109B500083689B6803B19847002038BD6FF01200FE
:109B6000FBE700BF68460020BCAA050004450020B2
:109B7000119A020038B5054648B90648FFF7BAFF02
:109B8000041E02DB2846FFF75FFF204638BD6FF05A
:109B90001504FAE7BCAA0500F7B50C4615460D49B1
:109BA00001AA1E4628F02DFA68B1019B6BB9012C61
:109BB0000DD1094F224639463046A847002802DD1C
:109BC0003878FFF7D7FF03B0F0BD0020FBE76FF058
:109BD0001500F8E72AE20500241000200148FFF7ED
:109BE00089BF00BFBCAA050008B50B480B492FF080
:109BF000C6FD0B4828F037F818B10948012128F0B4
:109C00000FF8084A002342F8043B0133552BFAD1E0
:109C1000BDE80840FFF7E2BF58460020A1990200C6
:109C2000C8A4050004450020F8B50F4D0F4E761B63
:109C300007460C4605EBC105C6F3C706A64201DC84
:109C400000200CE02A683B689A4209D13C716B689D
:109C500038461B68984718B1431E012BF0D9F8BD50
:109C600001340835EAE700BF54F70500E4F70500C2
:109C700070B40D4B0D4CE41A0022C4F3C704944297
:109C800003DC6FF0150070BC70471E680568AE42BB
:109C900002F1010206D15D688D4203D170BCD1B2E0
:109CA000FFF7C2BF0833EAE754F70500E4F7050001
:109CB0000D4B0E4AD21A70B4C2F3C7020024A2425E
:109CC00003DC6FF0150070BC70471E680568AE427B
:109CD00006D15D688D4203D1E1B270BCFFF7A4BF2D
:109CE00001340833EBE700BF54F70500E4F7050043
:109CF00000B58BB0064B074A2821684625F0DEFAEE
:109D000005490122684606F08DF80BB05DF804FBAA
:109D100072E205007CE20500358B00202DE9F84356
:109D20004768044600254FF001087B68AB420DD818
:109D3000214922482FF067FDA3681B680BB120461C
:109D40009847398939BB0020BDE8F8833A6802EBAF
:109D5000C50352F835001979DB88D0F810C0D0F867
:109D60000890DCF80060DA0754BF43F4B01383F4C2
:109D7000D01323F4801208FA01FEDB074CBF46EA39
:109D80000E0626EA0E06CCF80060D9F80030984797
:109D900070B90135C9E740F2E7304FF47A72002319
:109DA00000EBC1300021FCF7ABF924F025FFCAE736
:109DB0006FF00400C8E700BFF19C0200801600208D
:109DC00008B5074B5A784AB901221A700548002293
:109DD000002324F015FC044825F0E4FF002008BD12
:109DE000358B00208016002098A4050008B54FF49C
:109DF000F0120023024824F037FC00EAE07008BDAE
:109E000080160020F7B50C461646114901AA1F46D8
:109E100028F0F7F8B0B1019BA3B9012C15D10D4D75
:109E2000224629463846B047002806DB2B780A48E8
:109E30006C7023B125F0B6FF002003B0F0BD25F013
:109E4000CDFFF9E76FF00100F7E76FF01500F4E7D9
:109E500072E20500358B002098A405001FB5002391
:109E6000CDE90233044B8DF80C0001A8019325F0D5
:109E700083FF05B05DF804FBF4AA05000268034BFC
:109E80009A420CBF08300020704700BFF4AA0500BA
:109E900084B030B589B00CAC84E80F000023019386
:109EA0000CAD084B00930FCD02AC0FC495E8030036
:109EB00084E80300684625F05FFF09B0BDE8304044
:109EC00004B07047F8AA05000268034B9A420CBF21
:109ED00008300020704700BFF8AA050084B030B5F4
:109EE0008BB00EAC84E80F00002301930EAD084B3D
:109EF00000930FCD02AC0FC495E80F0084E80F006B
:109F0000684625F039FF0BB0BDE8304004B070471B
:109F1000FCAA05001FB50023CDE90233044B8DF8E0
:109F20000C0001A8019325F027FF05B05DF804FBA4
:109F300000AB050082B038B504A981E80C000546E5
:109F4000114823F015FE0446A0B1AB68012B0CD0DC
:109F5000022B05D0A3B9BDE8384002B025F088BF78
:109F600025F08DFF00282046F5DCBDE8384002B022
:109F700025F077BF6FF00400BDE8384002B07047AD
:109F80006FF08500F8E700BF72E2050082B010B5FF
:109F900002A981E80C0004460B4823F0E9FD78B1E2
:109FA000A368022B04D00020BDE8104002B0704727
:109FB00025F065FF0028CCBF00200120A060F2E75B
:109FC0006FF00400F0E700BF72E20500014B187863
:109FD000704700BF398B00200D4A52F82030013302
:109FE00042F820300B4A0123117883400B430A4981
:109FF0000978DBB2137023EA01030849084A09789B
:10A0000050780B43181A537018BF0120704700BFD7
:10A010006C460020398B0020378B0020388B0020C5
:10A020002C10002010B5114A52F82030002B19DDF9
:10A03000013B42F820300E4A2BB9137801218140B0
:10A0400023EA010313700B480B4B047810780B4A7A
:10A050005978127820EA040010435870401A18BF4B
:10A06000012010BD6FF01500FBE700BF6C4600201B
:10A07000398B0020378B00202C100020388B0020DB
:10A08000044A012312788340D8B213401B1A584265
:10A0900058417047398B002010B5084B084A18709A
:10A0A000084B51781C78084B1B7823EA04031843AB
:10A0B0005070401A18BF012010BD00BF388B00201F
:10A0C0002C100020378B0020398B0020074B0022FA
:10A0D0001A70074B074A1978074B50781B7823EA08
:10A0E0000103181A537018BF01207047388B0020E5
:10A0F000378B00202C100020398B0020074B084A9A
:10A100001870084B51781B7823EA00030648007842
:10A1100018435070401A18BF01207047378B002039
:10A120002C100020398B0020388B0020074B084969
:10A1300000221A70074B084A1B78097850780B43A5
:10A14000181A537018BF0120704700BF378B0020CA
:10A15000388B0020398B00202C100020A0F1E00368
:10A16000072B03D82030C0B2FFF736BF064B0622BC
:10A1700013F8011F19B1013AFAD100207047187085
:10A180000028F8D0F9E700BF2E100020A0F1E0036E
:10A19000072B10B405D820305DF8044BC0B2FFF790
:10A1A00041BF0023064A194612F8014F0133A0426D
:10A1B00008BF1170062BF7D100205DF8044B7047E3
:10A1C0002E100020A0F1E003072B03D82030C0B2EE
:10A1D000FFF756BF064A002312F8011F884204D039
:10A1E0000133062BF8D1002070470120704700BFD3
:10A1F0002E100020024B00221A605A60704700BFE8
:10A200002D100020FF280DD8084B002213F8011F45
:10A2100021B10132062AF9D10020704718700028B8
:10A22000F7D0F9E76FF08500704700BF25100020D8
:10A2300010B50023054A194612F8014F0133844234
:10A2400008BF1170062BF7D1002010BD251000208B
:10A25000024B00221A609A80704700BF261000202F
:10A26000054A062312F8011F814203D0013BF9D1B0
:10A27000184670470120704725100020004870479D
:10A280002C10002000487047251000202DE9F041D7
:10A290000B4E337883B10B4CDFF82C80002542F253
:10A2A0000F772046414601352FF0ADFA0A2D44F8CC
:10A2B000207C04F15804F4D100203070BDE8F08116
:10A2C00035100020101D0020C90105002DE9F041C6
:10A2D000C269037ED17D90B0044609B1032B3DD005
:10A2E000023B012B517D07D8002937D1204610B001
:10A2F000BDE8F04125F03EBF21B1937D13B9204662
:10A3000025F0D6FE0AAD1822002128462FF0CCFDFC
:10A31000D4E90467D4F8008023798DF8383010220E
:10A32000002106A8CDE90C67CDF82C802FF0BCFDEC
:10A33000E3699B680793E36808930A4BC3E90267E4
:10A34000C3F800800123049310AB13E90F008DE8DC
:10A350000F0006A895E80C0025F0D3FB10B0BDE86F
:10A36000F08100BF000000200B4A30B500230446F6
:10A37000282000FB03F18D18515C41B90FCC0FC5AB
:10A380000FCC0FC594E8030085E8030030BD01330E
:10A39000282BEED1FAE700BFB01600202DE9F843D4
:10A3A000027E0346002A6ED13B4D2A6882426AD162
:10A3B000D269547D24B119B9BDE8F84325F0DABE5D
:10A3C000107D032828D8DFE800F0020E1F60013955
:10A3D000042921D8DFE801F01E0320051E00022118
:10A3E00019E0032117E00139042915D801A050F81C
:10A3F00021F000BF15A4020019A40200DFA302008F
:10A40000E3A3020015A402000429EAD001F0FB0135
:10A41000012901D101211976197EA1B3D069002843
:10A420000DDD5C6D611C0AD01C32002152F8046FF6
:10A43000A64204D001318842F8D101221A760022C6
:10A4400018462A60FFF742FF2C68E4B9134EDFF884
:10A450005080A14616F8087CAFB12B6806F8089C1E
:10A4600023B14FF4A470002124F0C6FB012F01D0CA
:10A47000022F03D141463046FFF71AFC0134282C45
:10A4800006F12806E6D1BDE8F8830229A7D0BFD996
:10A4900004390129BED9BFE7AC460020B816002018
:10A4A0003CAC050082B02DE9F0412F4E06A981E8B1
:10A4B0000C000024582202FB04F0851931588B420D
:10A4C0004AD1203030442FF0ACF9EB691968D5E956
:10A4D00004238A1843EBE17308998A42099A93414D
:10A4E000804603DA04212846FFF758FF582707FB68
:10A4F000046701212846FFF751FFFB69DB7D53B15B
:10A500003B7E032B07D1284625F0FCFD012328467E
:10A510003B76FFF7DBFE284625F0F4FD582303FBCE
:10A520000463DB695A7D22B19B7D13B1284625F077
:10A53000BFFD18F1770F4FF058031DBF5C4342F287
:10A540000F72331903FB046317BF3251012200223B
:10A550001A7683F8502002E001340A2CABD1BDE812
:10A56000F041002002B07047F01C002082B02DE9BD
:10A57000F047044608A9406881E80C0025F06BFA12
:10A580003B4B1D687DB9D4E902C23A4F4FF0580EDB
:10A5900042F20F780EFB05F6F419B959414507D080
:10A5A00001350A2DF6D1BDE8F047002002B0704712
:10A5B000D0F804809DF83010DDF82490DFF8B8E082
:10A5C0002171C4E902C2DDE90AC0C4E904C0002166
:10A5D0004FF0FF3247F8069021766265C4F81C8080
:10A5E000DEE902211C60D8F8103013EB020A41EBBF
:10A5F000E373D44570EB03030CDBDEF800309945C0
:10A600000CD1D8F80C309A1841EBE371944570EBFB
:10A61000010103DA05212046FFF7C0FE2046002194
:10A62000FFF7BCFE582303FB0575D8F800402969E5
:10A630000C442FF074FA4FF47A72A0FB020302FB71
:10A640000131C30B43EA4143E11A21EAE17140F2CF
:10A65000E7304FF47A72002300EBC1304914FBF766
:10A660004FFD203602460B46B81923F0C9FF9AE782
:10A67000AC460020F01C0020000000202DE9F04135
:10A680008AB00446FFF720FC00286CD02046FFF774
:10A690001BFC524D47680446002642F20F782B6897
:10A6A0009F420CD043450AD0EB69DB7D3BB12B7E4A
:10A6B000032B04D102232B762846FFF707FE013631
:10A6C0000A2E05F15805EAD1454D286808B9002041
:10A6D0002CE0C369227A197E914204D0426D013286
:10A6E00004BF62684265016862689142EFD01968F0
:10A6F000D0E904238A1843EBE173D4E90461B24240
:10A700008B4116DB237ADBB10123214602A88DF8A9
:10A71000003025F08DFB6846FFF726FE217A286879
:10A72000C1F10301C9B2FFF739FE02200AB0BDE84A
:10A73000F0810421FFF732FE2B68002BC7D0E1E740
:10A740006068284A11780029C1D0012905D15169D2
:10A75000884202D1117E0029D6D10133282B02F183
:10A760002802EFD1B3E7204600F0E8FE0028DDD054
:10A77000204600F0E3FE837A01469BB14368E03B4C
:10A78000072B02D80378072B0CD0174BD1E9040212
:10A79000D3E9025485429441BEBFC3E902024FF09F
:10A7A00000441C600E4B18680028BFD04B68E03B8B
:10A7B000072B8CD80B78072B89D1C3695B7D13B12C
:10A7C000007E0028B2D002A802248DF8004026F0B6
:10A7D00020F86846FFF7C8FDA7E700BFF01C00207F
:10A7E000AC460020B0160020000000202DE9F0410A
:10A7F0000B4E337883B10B4CDFF82C8000254FF0E3
:10A80000FF372046414601352EF0FDFF0A2D44F862
:10A81000207C04F15804F4D100203070BDE8F081B0
:10A820003610002080200020110305002DE9F04F94
:10A83000A3B000F083FE044600287FD0037A476867
:10A840000293837A0393036901930DF1380BA7F107
:10A85000E003B0F80080D0F814A0DFF8349104933E
:10A8600018AD5E46D9F800200023013246F8043BBB
:10A8700045F8043B37D0D9F80C204449D0680592FC
:10A88000FBF7A8FD059A60B9D9F8081088B2B8425C
:10A8900007D1C1F30740404503D1029BB3EB116FD1
:10A8A00021D0039B002B5ED0927932B1049B072B01
:10A8B00003D85FFA88F2072A15D099F8502092B988
:10A8C000D9F854207AB9484625F031FDD9E9061265
:10A8D00051EA020035D0019B994272EB0A0230DA4C
:10A8E000484625F00AFD18AB9E4209F15809B9D136
:10A8F00000255BF8040B18B1019A534625F021FDA1
:10A9000001350A2DF5D10025DFF88880284618AFDB
:10A9100057F8256076B138B9214606A825F079FFA9
:10A92000414606A8FFF7A4F9019A5346304625F0A0
:10A9300085FC012001350A2DEAD1400023B0BDE895
:10A94000F08FD9F80C20517909B146F8049C99F898
:10A95000101019B112790AB145F8049C89F8508099
:10A96000C9F85470BFE799F81020002ABBD099F8B5
:10A9700050204245B7D1D9F85420BA42B3D1484605
:10A9800025F0D5FC45F8049CADE700BF46E3050083
:10A990006020002070AC050082B02DE9F041044633
:10A9A00006A9406881E80C00DDE9088725F053F826
:10A9B00043682D48079AD3F80CC0A66800210446C6
:10A9C00003689A423BD1C368DD68AC4537D18568DE
:10A9D000AE4234D1457C95BB58254D43601990F863
:10A9E0005020B2BB582202FB014101220A741E68AA
:10A9F00016EB080647F10007C1E906672FF08FF84C
:10AA00004FF47A72A0FB020302FB0131C30B43EA4D
:10AA10004143F61A002E17DD4FF4004740F2E730AD
:10AA200000214FF47A720023E6FB0701FBF768FB75
:10AA3000203502460B46601923F0E2FD04E00131A7
:10AA40000A2900F15800BBD1BDE8F041002002B056
:10AA50007047426D002AC5D042463B46BDE8F041F2
:10AA600002B025F0EBBB00BF6020002082B02DE9D2
:10AA7000F84F82460AA940682E4E81E80C00DDE9B5
:10AA80000C4524F0E8FF4768DDF82C90DAF8080060
:10AA9000D7F80CC033460022B0461968894526D144
:10AAA000D968C9688C4522D1996888421FD1597CE0
:10AAB000E9B94FF0580B0BFB028B584625F037FCD9
:10AAC00022462B46584625F0B9FBDAF80810002339
:10AAD0003268013201D1727C7AB101330A2B06F15E
:10AAE0005806F5D1BDE8F84F002002B0704701329A
:10AAF0000A2A03F15803D0D1E7E75820434308EB73
:10AB0000030048F803904FF000084FF00009C0E937
:10AB10000217C0E906899DF838300371028280F877
:10AB2000502042657B79002BDCD122462B4625F054
:10AB300008FCD7E7602000202DE9F04700F0FEFC7C
:10AB400008B1837AF3B90020BDE8F087037A43F0B7
:10AB500002030372F7E7232BF5D9A5F1E003072BD6
:10AB600023D8F3B2072B20D1EDE7A3689D4225D16E
:10AB700094F80C80FFF72AFA49EA000038EA000846
:10AB80001CD1E0E7104F3B78002BDCD006884568ED
:10AB9000072EA5F10403DBB2DDD1192BD6D9232B67
:10ABA000D1D9A5F1E003072BCDD9084C90F8089036
:10ABB00004F1240AEDB2A388B342D6D00C34544534
:10ABC000F9D100233B70BEE73A8B002094AC05001E
:10ABD00070B500F0B3FC034608B1827ADAB9002000
:10ABE00070BD01318842FADD32F8025F1C88A5424F
:10ABF000F7D10B4A03F11806154618685968144630
:10AC000003C40833B3422246F7D1FFF7DFF92B7AAA
:10AC100018432872E3E7034A00215078E2E700BFB7
:10AC2000D02300200C0F002070B5002506460560DB
:10AC300000F060FE044678B101F0C2FF30B900F0C8
:10AC40002BFF012370603370304670BD064B1B78BC
:10AC5000012BF4D02846F5E701F0B2FF0028EED032
:10AC600023462046EEE700BF3B8B002008B5094B8A
:10AC70001B7823B1012B06D06FF0850008BDBDE81D
:10AC8000084025F096BFFFF7F9FABDE8084001300B
:10AC900001F068B8B446002008B5094B1B7823B111
:10ACA000012B06D06FF0850008BDBDE8084025F0F7
:10ACB00088BFFFF7E7FABDE80840013001F078B837
:10ACC000B446002037B508490848094D6C462EF0B7
:10ACD0009AFD2046FFF7A8FF94E8030085E80300EB
:10ACE000002003B030BD00BFF5AC020000240020FE
:10ACF000B446002002490348012205F093B800BF82
:10AD00003B8B0020C8E4050082B00DF1080C0CE973
:10AD1000030019469DF8003010461BB1012B05D0E9
:10AD2000054A00E0054A02B024F0C8BA019B044A73
:10AD300002B024F0C3BA00BFE7E40500DCE405007C
:10AD4000E0E40500034A034692E8030083E80300B9
:10AD500018467047B446002030B589B001AD0F4C9D
:10AD60002846FFF761FF94E80C0095E8030025F002
:10AD700061FC80B925F092FC95E803000A2305AA3E
:10AD800084E80300FFF7C0FF94E8030003AB83E807
:10AD9000030000F041F809B030BD00BFB446002008
:10ADA00008B5074B1A78824208D018704FF4F01299
:10ADB0000023044823F058FCFFF7CEFF002008BD15
:10ADC0003B8B002000240020034B1878B0FA80F061
:10ADD0004009FFF7E5BF00BF3B8B002070B50C4674
:10ADE00015460B4900221E4627F00BF908B9002032
:10ADF00070BD012C08D1074922463046A8470028DB
:10AE0000F6DDFFF7A9FFF2E76FF01500F0E700BFEE
:10AE1000D2E405003B8B00207FB56B4683E803003E
:10AE200093E80300002206AB03E90300039202A8A3
:10AE3000034A029224F0A0FF07B05DF804FB00BFB4
:10AE4000C8AE05000268034B9A420CBF08300020D0
:10AE5000704700BFC8AE050008B5034903484FF46A
:10AE6000AA622FF013F808BDD4AE0500C04600203A
:10AE700013B516496A4627F0C4F808B1009810B90E
:10AE8000002002B010BD0A2201A924F0B9FA04463C
:10AE9000019803782F2B16D10A2201A9013024F042
:10AEA000AFFA019B1B78C2B26BB904990B23E4B2D1
:10AEB00003FB0411D20800F0070001238340885CE3
:10AEC00003438B54DCE76FF01500DAE7E1E7050098
:10AED00038B5074C5525208820B1636813B9FEF7B3
:10AEE00047FD6060013D04F11004F4D1284638BDEF
:10AEF000C04600202DE9F04186B00D461746424974
:10AF000001AA0446984627F07CF8E0B10198D0B138
:10AF10000A2203A924F074FA039B1E78002E56D14E
:10AF20003A4CC0B2142303FB0044132D2A46214699
:10AF300028BF13224046B847002801DD26540020D0
:10AF400006B0BDE8F081324901AA204627F059F841
:10AF500000283FD0019800283CD00A2202A924F002
:10AF60004FFA0646029803782F2B30D102A90A2205
:10AF7000013024F045FA029B1978314311F0FF01AA
:10AF800025D10A2D23D8C4B2542C20D8CDE90311E1
:10AF9000ADF814102A4603A94046B8470028CFDD73
:10AFA000BDF80C00FEF7E4FCF6B21A4ADDF80E50CC
:10AFB000DDF81210552303FB06431C0102EB0313BB
:10AFC000BDF80C601653C3E90105D960B7E76FF00F
:10AFD0001500B5E7104901AA204627F012F800280D
:10AFE000ADD0019B002BAAD1003D18BF01250B4914
:10AFF0002A464046B8470028A2DD084908482A46A4
:10B000002EF044FF9BE700BF0EE50500488B0020B3
:10B01000E1E70500C046002028E505003C8B002044
:10B020005C8B00201FB528BB19B9002005B05DF866
:10B0300004FB12490B6843F001029A420A60F4D003
:10B040004FF48073ADF800302EF069FD4FF47A7242
:10B05000A0FB020302FB0131C00B40EA4140C90BD7
:10B06000CDE9020104AB13E90F0005B05DF804EB74
:10B0700000F032BA6FF01500D8E700BF644D002031
:10B0800010B5044B00241C70034B1C70FFF7E4FE4A
:10B09000204610BD5C8B00203C8B0020034B1B78AE
:10B0A000181A18BF4FF0FF30C0B270475C8B0020F9
:10B0B00010B9024B18787047FF2070475C8B002056
:10B0C000014B196825F043BB644D002010B5094BB6
:10B0D00000201C78FFF7E2FF50B9FF2C08D0204673
:10B0E000FFF7EEFF00B12046BDE81040FFF7D6BFE6
:10B0F00010BD00BF5C8B00200028024818BF002054
:10B10000704700BF488B0020542913B50C4602D964
:10B11000002002B010BD0028FAD101A8FEF7B4FC4F
:10B120000028F5DB8442F3DA019B53F82430542BDA
:10B13000EED8024800EB0310EBE700BFC04600204A
:10B1400082B037B50C46542C06A981E80C0006D90C
:10B150006FF0150003B0BDE8304002B07047002822
:10B16000F6D101A8FEF790FC0028F3DB8442EFDA69
:10B17000019B53F82450542DEAD80C4C04EB0514D1
:10B18000102206A920462EF0C8FE08B90020E1E7EB
:10B19000EA08074905F00705885C0123AB40034333
:10B1A0008B5406AB0FCB84E80F00EFE7C0460020BE
:10B1B0003D8B0020044B1A78FF2A06BF0020187030
:10B1C0006FF01B00704700BF5C8B002030B9054B4F
:10B1D0001A78FF2A02D0FF221A7070476FF015000C
:10B1E000704700BF5C8B002019B928B9044B187058
:10B1F00070476FF0150070476FF01200704700BF86
:10B200005C8B002070B51446054680B9132A11D80E
:10B210000A4E1422304624F008FC094A1368132C05
:10B2200043F0010318BF35551360002070BD6FF067
:10B230001500FBE76FF01B00F8E700BF488B00200C
:10B24000BC4600200C490B7813F0010312D10133E6
:10B25000552B07D0DA1003F007008A5CC24012F0C9
:10B26000010FF3E7054B1878054B1B78C01A18BF80
:10B2700001207047012070473D8B00203C8B00204F
:10B280005C8B00202DE9F047324D334EDFF8E4802F
:10B290008AB00024E71004F00709F35D23FA09F3EC
:10B2A000DA0729D56868FEF745FBEA68AB68ADF8B0
:10B2B0000800CDF80A30CDF80E20002A46D1002B28
:10B2C0000CBF4FF0020A4FF0060A00211422009131
:10B2D00043460DEB020001942EF001FE524602A9F6
:10B2E00005A804F09FFD00282DDBF35D012202FA82
:10B2F00009F223EA0203F3550134552C05F1100538
:10B30000C8D1164C16480122214604F08BFD0028B6
:10B3100019DB2278134B144C1A702368DB0710D505
:10B320000021124B00910E2205A82EF0D8FD1048E6
:10B33000FBF762F80E49024605A804F073FD0028E9
:10B3400001DB002020600AB0BDE8F0874FF00A0A58
:10B35000BBE700BFC04600203D8B00205C8B002077
:10B3600021E505003C8B0020BC46002034E50500AB
:10B37000488B002012E505000A4B10B500241C7014
:10B38000094B1C70FFF768FD084804F085FD002894
:10B3900006DB074B1C60074B5C601C60C3F8074072
:10B3A00010BD00BF5C8B00203C8B002042E50500F7
:10B3B000BC4600203D8B0020F0B52148214E224D97
:10B3C000224F8FB026F019FE00242149214802AAFD
:10B3D00004F088FD204B00940E22214605A82EF093
:10B3E0007EFD05A826F009FE0A22294630462EF0E9
:10B3F00094FDA0B10EAB03EBE40304F0070213F8D5
:10B40000303CD340DB070AD50021019400913B4634
:10B41000142209A82EF063FD09A826F0EEFD0134E0
:10B42000552C06F1100605F11005DDD10B4B00245B
:10B430001C700B4B1C70FFF70FFD20460FB0F0BDCA
:10B4400021E50500C0460020D4AE050012E5050048
:10B4500071AE020042E5050034E505005C8B00207A
:10B460003C8B00202DE9F74FDDE90CAB07460C467D
:10B47000154622B1154B1A68154B43F82120DFF809
:10B480005480DFF84C90002213E0FF2E18D059F8BA
:10B490002410304625F05BF990B12246CDE900AB8F
:10B4A0002B463146384625F081F900284FF0FF320F
:10B4B00008DD0020FFF7F2FD824298F80060E4DA30
:10B4C0006FF0850003B0BDE8F08F00BF644D002031
:10B4D000104C00205C8B002010B58AB06C4684E8CC
:10B4E0000F0000230593064B049394E80F000AAC69
:10B4F00004E90F0004A824F03FFC0AB010BD00BF0F
:10B5000024B4050084B030B589B00CAC84E80F00D9
:10B51000002301930CAD084B00930FCD02AC0FC478
:10B5200095E8030084E80300684624F025FC09B090
:10B53000BDE8304004B070472CB405000268034BEE
:10B540009A420CBF08300020704700BF2CB40500A1
:10B5500007B56B4683E8030093E8030025F086F8FF
:10B56000024B185C03B05DF804FB00BF5D8B00204C
:10B5700013B56B4683E80600044693E8030025F004
:10B5800075F8044B1C54044802B0BDE8104022F08A
:10B59000CFBF00BF5D8B0020940300207FB56B46BA
:10B5A00083E8030093E80300002206AB03E90300ED
:10B5B000039202A8034A029224F0DEFB07B05DF872
:10B5C00004FB00BF34B40500074B1A78074B82B068
:10B5D000162102FB013301938DF8002002AB13E921
:10B5E000030002B0FFF7DABF6F8B0020708B0020E2
:10B5F00002490348012204F015BC00BF6F8B0020F4
:10B6000034E6050008B5002006F030FE002802DA16
:10B6100010F1780F07D1044804F094FC0348044962
:10B620002EF0F1F8002008BDF403002030240020A3
:10B63000F1B5020070B503788AB004460E4607AD36
:10B64000032B20D8DFE803F002191B1D11492846FF
:10B65000FAF7CAFE059563780493A3780393E37819
:10B6600002932379019363790093A3790A4A1E21F7
:10B67000304623F023FE0AB070BD0849E7E70849C9
:10B68000E5E70849E3E7084A0A21284623F016FEC1
:10B69000E0E700BF47E6050070E605004EE605005E
:10B6A00055E605005FE6050069E6050010B592B0B5
:10B6B000044629F09AF86946FFF7BCFF08A920461E
:10B6C00008F0AEFC9DF82130012B13D10A4822F07E
:10B6D0002FFF204629F089F8084B19780F221623EE
:10B6E00013FB01230649194425F0FBF810B905485E
:10B6F00022F01EFF12B010BD0C0400206F8B002042
:10B70000708B00201C0400202DE9F0418AB00D460A
:10B71000164629496A4604461F4626F072FCF8B1CF
:10B720000098E8B10A2201A923F06AFE019B1B7868
:10B7300003BB162D1ED1C4B2022C1BD8DFF88C809F
:10B740006C432A4608EB04013846B047002813DD55
:10B7500004F10F0002A94044FFF76CFF00200BE04A
:10B7600016496A46204626F04CFC78B1009B6BB91E
:10B77000012D04D06FF015000AB0BDE8F08110492A
:10B780002A463846B04700EAE070F5E70D496A46B8
:10B79000204626F036FC0028E0D000980028DDD0B6
:10B7A000072DE7D12EF0B5FB0128D7D80649C0EB0D
:10B7B000C0002A460144E4E793E6050038E60500A8
:10B7C0006F8B00209CE60500618B0020708B0020B1
:10B7D000022808B50CD80F22162313FB00230548B6
:10B7E0000549184425F07DF8B0FA80F0400908BDFD
:10B7F0000020FCE7708B0020D4F20500014B187884
:10B80000FFF7E6BF6F8B00202DE9F0410C4690B0AA
:10B8100005464FF0160808A9204615FB08F7FFF764
:10B8200009FF0E4E216807F10F029319B150A2884B
:10B830009A80A2799A710021094B0095112203A8E0
:10B840002EF04DFB4246F11903A804F0EBFA05482F
:10B8500022F06EFE10B0BDE8F08100BF708B0020BA
:10B86000B1E605001C04002038B50F23162414FB94
:10B870000034094B09491C440546204625F031F89F
:10B8800048B12146002006F0D5FB28460349BDE813
:10B890003840FFF7B9BF38BD708B0020D4F20500E7
:10B8A00010B502288AB002D900200AB010BD0F23BB
:10B8B000162414FB00340D4B0D491C44204625F082
:10B8C00010F80028F0D02146002008F029FB04469B
:10B8D0000028E9D0694608F0A3FB204628F067FE5F
:10B8E0009DF82400831E58425841DEE7708B0020EB
:10B8F000D4F20500014B1878FFF7D2BF6F8B002000
:10B90000F0B58DB0FFF77AFF98B9FFF7F3FF80F03D
:10B9100001035B00DBB2214D2A7803EB0213112BEC
:10B9200009DC022B2DD0102B23D0002420460DB093
:10B93000F0BD0223EFE7202B1BD0122BF5D107F02F
:10B9400083FA00232B7004460028EFD1144F0FCF49
:10B9500002AE0FC63B6813493360032200942346AE
:10B9600002A807F03FFA04460028DFD102232B701B
:10B97000DBE707F069FA00232B7004460028D4D0D7
:10B98000D4E7074E0FCE07AC0FC433682360002303
:10B9900004490093032207A8E3E700BFB28B00200D
:10B9A000F0A705002C04002030B593B0054628F020
:10B9B0001CFF69460446FFF73DFE08A9284608F02B
:10B9C0002FFB9DF82130012B05D1FFF717FF2146F2
:10B9D00018B906F02FFB13B030BD034B1878FFF7F2
:10B9E00013FFFFF78DFFF6E76F8B002030B593B0A4
:10B9F0000D4608A9044608F013FB9DF82130012BE1
:10BA00000BD1204628F0F1FE6946FFF713FE0E4BDE
:10BA100000221A701DB1FFF773FF13B030BDFFF79E
:10BA20006FFF204628F0E1FE084B19780F221623FD
:10BA300013FB01230649194424F053FF0028ECD1DD
:10BA4000044822F075FDE8E7B28B00206F8B0020E0
:10BA5000708B00201C04002008B5064808F03AFA54
:10BA6000054808F037FD054808F04EFDFFF748FF90
:10BA7000002008BDD0030020B4030020A403002050
:10BA800008B5044B1878FFF7EFFEBDE80840FFF754
:10BA900037BF00BF6F8B0020014B1878704700BF85
:10BAA0006F8B002070B5084D0646002429463046AD
:10BAB00024F017FF30B10134032C05F11605F5D140
:10BAC0006FF01204204670BD7F8B0020022808B55D
:10BAD00010D80A4B1A7882420AD018704FF4F0122C
:10BAE0000023074822F0C0FDFFF70AFFFFF76CFDB7
:10BAF000002008BD6FF02100FBE700BF6F8B002026
:10BB000030240020054B187803230130B0FBF3F3F9
:10BB100003EB4303C01AC0B2FFF7D8BF6F8B0020FE
:10BB2000054B187803230230B0FBF3F303EB430318
:10BB3000C01AC0B2FFF7CABF6F8B0020022838B509
:10BB40001DD80F23162414FB00340E4B0E491C4441
:10BB5000204624F0C6FE18B96FF01204204638BD06
:10BB60002146002008F0DCF905460028F4D0132116
:10BB700028F03DFE0446284628F019FDEEE76FF058
:10BB80002104EBE7708B0020D4F2050010B50A4BBE
:10BB90000A491A7816240F2314FB0234084B1C445C
:10BBA000204624F09EFE28B121460020BDE810402A
:10BBB00008F0B6B910BD00BF6F8B0020D4F20500AD
:10BBC000708B002070B5014692B005461F4824F0E6
:10BBD00088FE044678B31D480AA9FFF72BFD1C49CF
:10BBE0001A4824F07EFE044640B31A48294624F041
:10BBF00078FE28B317480AA9FFF71CFD1449154819
:10BC000024F06FFEF0B9134E012402A92846FFF775
:10BC100011FD2B683360AB88B380AB79B371202200
:10BC200000210D4B00940AA82EF059F9072229464D
:10BC30000AA804F0F7F8204612B070BD034EE4E7FE
:10BC40000124F8E76FF00B04F5E700BF618B0020DB
:10BC5000D4F20500688B0020C1E605001FB5602402
:10BC60000294044C0194BDF8184000942AF044F961
:10BC700004B010BDF9E6050007B5064B0093064970
:10BC8000064805234FF4407222F058FC002003B010
:10BC90005DF804FBF0B40500A890002060240020AB
:10BCA000F0B5164E164F89B0002200236946304683
:10BCB00022F0F8F9054608B109B0F0BDFFF766FFBC
:10BCC00004460028F8D01822294602A82EF0ECF8E5
:10BCD00008230DEB030120460397CDF810D0ADF8F3
:10BCE00014300AF05BFB013003D10221204628F01A
:10BCF00002FD204628F05BFCD6E700BFAC12002016
:10BD00005CB50500F0B5154E154F89B00022002333
:10BD10006946304622F0C6F9054608B109B0F0BDC3
:10BD2000FFF734FF04460028F8D01822294602A85D
:10BD30002EF0BAF8062302A920460397CDF810D0BA
:10BD4000ADF814300AF02AFB013003D1022120465D
:10BD500028F0D1FC204628F02AFCD7E77C120020EE
:10BD6000ACB5050037B5054640F6CD420146002387
:10BD70000C4822F041F9044678B110F10B0F09D1BB
:10BD8000002200236946074822F08CF92846FFF775
:10BD9000E9FF0446204603B030BD034903482DF0B7
:10BDA0001BFDF7E7AC1200205404002060240020A3
:10BDB00037B5054640F6CD42014600230C4822F037
:10BDC0001BF9044678B110F10B0F09D100220023B2
:10BDD0006946074822F066F92846FFF7E9FF04465E
:10BDE000204603B030BD034903482DF0F5FCF7E7CA
:10BDF0007C12002044040020602400201FB5002392
:10BE0000CDE90233044B8DF80C0001A8019323F017
:10BE1000B3FF05B05DF804FB64B6050008B500F09B
:10BE200041FFBDE8084001492DF0D6BC14050020B3
:10BE300007B508482DF083FA48B14FF4F0120023FB
:10BE4000CDE9002304480022002323F051F903B078
:10BE50005DF804FBF8A405003811002008B5FEF7D2
:10BE60000DF810B96FF0850008BDFDF7A1FC38B1E1
:10BE70000138C0B20128F5D803482DF097FE01E043
:10BE8000FFF7D6FF0020EFE73811002037B5104C40
:10BE9000A5682D21EB6820469847B8B92D212B695C
:10BEA0006A462046984788B90A4C0098237883420E
:10BEB00004D0C0B22070FFF7A1FF38B903F084FFAF
:10BEC0002378984202D0184603F084FF03B030BDB7
:10BED000F8A40500B48B002008B505482DF02FFA12
:10BEE00018B1FFF7A5FF002008BD6FF01200FBE7B7
:10BEF000F8A40500014B1878704700BFB48B0020F0
:10BF00001FB50023CDE90233044B8DF80C0001A8C6
:10BF1000019323F031FF05B05DF804FB6CB605001A
:10BF2000084A1178034602294FF0000008BF187034
:10BF300092F8A42008BF0120022A02BF01221A544D
:10BF400080187047684D0020014B18600020704732
:10BF5000B04E002007B56846FFF7E2FF88B102281F
:10BF600014BF01230223084A1278002062F307005D
:10BF7000064A127862F30F2063F3174003B05DF8AE
:10BF800004FB0346EFE700BFB58B0020B78B002012
:10BF900013B50C4B1C6894B1FFF7DCFF8DF804005F
:10BFA000C0F30723C0F307408DF805308DF8060075
:10BFB00001990548234602B0BDE81040184702B079
:10BFC00010BD00BFB04E0020BC0F060013B50E4BD5
:10BFD00001221A700D4B1C6894B1FFF7BBFF8DF85E
:10BFE0000400C0F30723C0F307408DF805308DF837
:10BFF000060001990648234602B0BDE810401847E4
:10C00000204602B010BD00BFB58B0020B04E00200E
:10C01000BC0F060013B50024084909480094052305
:10C020004FF4007222F08AFA064807F053FF0648E0
:10C0300003F088FF204602B010BD00BFA893002087
:10C04000482500204C0500202405002030B50F4B6A
:10C05000187887B0B0B10E4B1878A8B90D4A51685E
:10C0600011B1D2F8A8206AB90B4D01221A700FCD78
:10C0700001AC0FC42B680949236001A807F046F9F9
:10C0800000EAE07007B030BD0020FBE7B78B00206E
:10C09000B68B0020684D002004A8050049C70200A7
:10C0A00008B5FDF7E1FC10B1024822F041FA00208A
:10C0B00008BD00BF7005002030B50E4C0E4D87B096
:10C0C0000022002302A9204621F0ECFF08B107B0AE
:10C0D00030BDDDF811009DF8153000908DF804306A
:10C0E000DDF80920DDF80D309DF80810284600F035
:10C0F00061FCE5E71C120020BC0F060070B5037858
:10C100008AB004460E4607AD032B20D8DFE803F0C3
:10C1100002191B1D11492846FAF766F9059563783F
:10C120000493A3780393E3780293237901936379CB
:10C130000093A3790A4A1E21304623F0BFF80AB0C3
:10C1400070BD0849E7E70849E5E70849E3E7084A19
:10C150000A21284623F0B2F8E0E700BF47E60500D1
:10C1600070E605004EE6050055E605005FE60500B1
:10C1700069E6050038B50B4DFDF78CFC2B78022BDA
:10C18000C4B203D12146284624F072FC95F8A430AD
:10C19000022B05D121460448BDE8384024F068BC94
:10C1A00038BD00BF684D00200C4E00200F4B10B56D
:10C1B000187018B1BDE81040FFF748BF0C4B0D4C8C
:10C1C000187007F023F92378022B03D1606813213C
:10C1D00028F00DFB94F8A430022B04D1D4F8A80069
:10C1E000132128F004FB002010BD00BFB78B0020F6
:10C1F000B68B0020684D00202DE9F041DFF8B880B3
:10C200002C4D92B00022002309A9404621F04AFF9C
:10C21000044670B99DF82400A42606FB00F3EA1832
:10C22000EB5C022BEED19DF82570012F04D0022F7C
:10C2300039D012B0BDE8F081B2F88030002BE1D0E7
:10C24000DDF83E308DF810309DF842308DF8113019
:10C250009DF84330CDF81B40003B18BF01238DF8FB
:10C260001230DDF83630CDF813300DF12601DDF84F
:10C270003A30CDF8173009220DF11B00CDF81F40E0
:10C280008DF8234023F0D1FB9DF824000097CDE9E1
:10C29000014406FB00501423B0F88010406804AA43
:10C2A0002AF090F9AEE79DF8261000FB065024F026
:10C2B000DFFBA7E7684D0020DC12002084B030B51A
:10C2C00091B014AC84E80F001348214640F6CD42EB
:10C2D000002321F091FE0446C8B110F10B0F10D1DC
:10C2E0000022002307A90C4818AD21F0DBFE0FCD7A
:10C2F0006C460FC42B68238014AB0FCBFFF7DEFF17
:10C300000446204611B0BDE8304004B070470349F0
:10C3100003482DF061FAF4E7DC1200203C05002010
:10C3200048250020064B5A68904207D0D3F8A83021
:10C33000984214BF6FF0150001207047002070472D
:10C34000684D002008B5FFF7EDFF031EA3BF0348AB
:10C35000A42202FB0300002008BD00BF684D00209E
:10C3600010B51446FFF7EEFF50B1B0F882303BB184
:10C3700034B9012904D9BDE81040024822F0D8B8E8
:10C3800010BD00BF70050020F0B5134687B006460B
:10C3900031B9182218462DF087FD002007B0F0BDF6
:10C3A000FFF7D0FF04460028F7D0114B876801AA99
:10C3B00003F1100E944618685968154603C50833F2
:10C3C00073452A46F7D11B782B706146384627F013
:10C3D00070F908B10120E1E7064BE3600323A06098
:10C3E000237604F1080130460AF0E2F8D5E700BFF1
:10C3F00018A80500F9C302002DE9F041074690B0E6
:10C4000016460D46002900F08D80C968002900F00D
:10C410008B80FFF797FF0446002842D0337C032B24
:10C4200033D1424BD1F8008001AA03F1100E94469B
:10C4300018685968164603C6083373453246F7D163
:10C440001B7833706146404627F033F960BB04F136
:10C4500068036363E38A2386284629F064FD344B2E
:10C4600023620122A085228704F13C03BFF35B8F86
:10C4700053E8001F43E800200028F9D1BFF35B8F89
:10C4800004F1200138460AF0A5FAB4F8803033B13F
:10C49000A38D23B1B4F88230003B18BF012383F091
:10C4A000010010B0BDE8F081224B06AA03F1100C88
:10C4B000174618685968164603C60833634532465E
:10C4C000F7D11B7833703946404627F0F2F848B967
:10C4D000A0602B8A02332382284629F024FDA4F889
:10C4E0008000D2E7EB681F68134B0BAA03F1100E14
:10C4F000944618685968164603C608337345324691
:10C50000F7D11B7833706146384627F0D2F80028FF
:10C51000BBD1284629F007FDA4F88200074822F085
:10C5200007F8B2E70846BCE70846BAE729A80500BD
:10C5300041C502003AA805004BA80500700500207F
:10C540002DE9F04F85B006461446FFF7FBFE0028A4
:10C550004DD024B98C81204605B0BDE8F08F631E14
:10C5600000F183020F3413F8011F12F8015F6940D4
:10C57000117419781170A342F5D1DFF87890DFF8C3
:10C5800078A000F1940400274FF0010800252378DB
:10C59000EB40DB0723D514F8102C08FA05F31A42F8
:10C5A0004FF000014FF00E02684614BF4FF0010B30
:10C5B0004FF0000B2DF078FC3046FFF7B3FE7B19EF
:10C5C0008DF800008DF802308DF803B000220023B2
:10C5D0006946484621F010FD504621F0A9FF01357B
:10C5E000082DD4D10837802F04F10104CED10120C9
:10C5F000B2E700BF1C120020900500202DE9F04F8B
:10C60000012885B007464DD8A423284E4343F4188B
:10C61000F35C002B46D0606818B127F0C8FF0023F8
:10C620006360A4247C430025355584343444DFF80A
:10C6300080A0DFF880B0A1464FF0000899F80030E4
:10C6400023FA08F3DB0714D50D2200210DF10100B8
:10C650002DF02AFC08EB05038DF800708DF80230F0
:10C66000002200236946504621F0C6FC584621F0BE
:10C670005FFF08F10108B8F1080FDFD10835802D00
:10C6800009F10109D8D12022002120462DF00CFC0F
:10C69000A42303FB076300209885C3F8800005B03E
:10C6A000BDE8F08F6FF01500F9E700BF684D00207E
:10C6B0001C1200209005002070B5FFF783FA041EBD
:10C6C0000ADBA425064E6543735D2BB9FFF796FF81
:10C6D00001237355204670BD6FF00B04FAE700BFCD
:10C6E000684D002070B586B00646FFF7E5FF041ED2
:10C6F00020DB124B00221A7006F088FE002819DB9E
:10C700000F4B986DD96D6A4603C2603315460FCB47
:10C7100085E80F000B4BA42202FB043329466A462E
:10C72000304607F0E1FC002804DA2046FFF766FFF8
:10C73000FFF78CFC002006B070BD00BFB68B002058
:10C7400004A805006C4D002070B588B015466946F8
:10C7500004461E46FFF7D2FC35B90649224630464C
:10C7600027F012F808B070BD012DFBD12046FFF76D
:10C77000B9FFF7E779C70200F0B50378063B012B54
:10C78000A5B005460E4602D9012025B0F0BD44787B
:10C7900014F00F04F8D16B789C42F5DA6968102226
:10C7A000214401A826F0B3FF70B31A4B06AA03F187
:10C7B00010079646186859689446ACE80300083399
:10C7C000BB426246F6D11B788CF80030714601A856
:10C7D00026F06FFFD0B1252210A901A804F0F4FEC5
:10C7E0000BAA0C4B9646186859689446ACE80300AF
:10C7F0000833BB426246F6D11B788CF80030252204
:10C800001AA9704604F0E0FE1034C4E73046FFF782
:10C8100069FFBAE718A8050010B588B0044627F0EC
:10C82000E4FF6946FFF76AFC204624F072F90348EA
:10C8300021F07EFEFFF70AFC08B010BD8005002045
:10C8400008B5FFF76FFD002805DBA4235843024B12
:10C8500002221A54002008BD684D002030B59DB05A
:10C8600004460D4627F0C1FF6946FFF747FC08A9BB
:10C87000204607F0D5FB9DF821302BB920462DB17D
:10C8800024F047F9FFF7E2FB1DB030BDFFF7D8FFFA
:10C890002046FFF757FD38B1838D4BB112A92046D2
:10C8A00007F0BEFBFFF7D2FB0A4821F041FEEBE7A1
:10C8B000094A8260094AC260012202824FF6FF7271
:10C8C000C282037600F10801406809F071FE002879
:10C8D000E4D0E9E780050020E3E7050089C3020012
:10C8E00073B5194C194EB442254602D36FF01200AD
:10C8F00008E02B68DB68043433B9154C2368AB427D
:10C9000011D1002002B070BD9847C0F307238DF805
:10C9100004008DF80530C0F30743C0B28DF806302F
:10C920000028E0D0E9E723B11B689B680BB1002029
:10C9300098472B6825609B68002BE2D0012002B04D
:10C94000BDE87040184700BFBC0F0600C00F0600CE
:10C95000B44E002007B5094B01911B68834207D1F3
:10C960009DF8063033B903B05DF804EBFFF7B8BFAC
:10C97000FFF7B6FF002003B05DF804FBB44E0020C3
:10C9800070B5094C094D0A4EAC42234603D3BDE8AD
:10C990007040FFF7A5BF1B681B690434002BF3D060
:10C9A00030469847F0E700BFBC0F0600C00F0600F6
:10C9B00055C9020082B070B58CB010AC84E80C0090
:10C9C000334B9DF841501B689DF8424083425CD137
:10C9D0009DF8406046B1012E27D06FF085000CB065
:10C9E000BDE8704002B07047003C18BF01248DF8CC
:10C9F000101005958DF818402DF091F84FF47A72CB
:10CA0000A0FB020302FB0131C00B40EA414012AB24
:10CA1000C90BCDE9080183E8030004AB0FCB0CB0D0
:10CA2000BDE8704002B0FDF733BA122200210DF1CB
:10CA30001E002DF039FA04962DF071F84FF47A7239
:10CA4000A0FB020302FB0131C00B40EA41408DF81C
:10CA50004150C90B8DF84240CDE908019DF84B309B
:10CA6000DDF84100DDF845108DF8283005AB03C333
:10CA7000BDF849201A800CAB13E90F008DE80F00B8
:10CA800004AB0FCBFDF72AFAA9E76FF01500A6E774
:10CA9000B44E002082B0F0B5254D91B00C4616A9D9
:10CAA00081E80C002B680646002B3DD01B68002B4C
:10CAB0003AD01B68002B37D0202200210DF11D0039
:10CAC0002DF0F2F901238DF81C30A368CDF82D303C
:10CAD000E368CDF83130179BCDF835309DF86830DC
:10CAE00061688DF8393010229DF870308DF83A3039
:10CAF0000DF11D0022F099FF2B680AADD3F800C09C
:10CB00000FCD6C460FC495E8030044F8040B07AF43
:10CB1000217097E80E00DCF800403046A04711B0C5
:10CB2000BDE8F04002B070476FF01200F7E700BFB9
:10CB3000B44E002008B5044802F0DAFB002818BF04
:10CB40006FF0150008BD00BF81CB0200014B1878C3
:10CB5000704700BF48100020084B1B780B2B4FF08C
:10CB600001000AD8984010F4CD6F05D110F4016F80
:10CB70000CBF0120002070470220704748100020A1
:10CB80000A2808B5024613D00A4B0B491870FFF764
:10CB9000E3FF02280AD10B78032A08BF43F0010300
:10CBA0000B70BDE80840054821F0C2BC0023F7E740
:10CBB00008BD00BF48100020B88B0020A005002051
:10CBC00008B5FFF7C9FF022806BF034B18780020FD
:10CBD00000F0010008BD00BFB88B002010B5094867
:10CBE000094C20F0C5FF206048B1084B084960227D
:10CBF00004F060F9206826F090FC002010BD6FF072
:10CC00001500FBE7F4E70500B84E00208CB60500E0
:10CC1000FAE7050038B504460D46FFF797FF0B28E5
:10CC20000BD8DFE800F01E1E0A0A1E060A0A0A0ACE
:10CC30000A1EBDE8384002F025BB4FF4767200238F
:10CC4000094821F099FB09482146006800232A463B
:10CC500026F06DFC044610B1034821F067FB204626
:10CC600038BD6FF01204FAE70C130020B84E002014
:10CC7000014821F05BBB00BF0C13002007B5064B39
:10CC80000093064906480A234FF4407221F056FCEF
:10CC9000002003B05DF804FBA0B60500A8950020B5
:10CCA0003026002000487047302600202DE9F04F44
:10CCB00085B04368DFF89890DFF898A000930026CD
:10CCC0008846174634463A1B03A9484624F036FCEA
:10CCD00098B3031943440193002308EB04019B46D6
:10CCE0004FF0AC0E11F801CB039AACF1AB05022D5D
:10CCF00008D83EB95D1CA84202F803E00BF1010B15
:10CD000023D92B46039A5D1C02F803C0019B8B427A
:10CD10004FF0000601D0854215D32946484624F03D
:10CD20002CFCDAF800302C44A4EB0B040022D3F8DE
:10CD300008B0009B29464846D847A742C3D80120DF
:10CD400005B0BDE8F08F2B46CCE70126E5E700BF34
:10CD5000B0050020BC4E00202DE9F74FDFF87CA085
:10CD6000DFF87C800746894616460025324601A931
:10CD7000504624F036FC044608B34FF0000B019AED
:10CD8000404612F80B1023F02BFF28B1019A12F83D
:10CD90000B2009F8052001350BF1010B5C45EED1A4
:10CDA0002146504624F03DFCB54298F800300ED2A2
:10CDB000042BDBD10020B86003B0BDE8F08F4FF04A
:10CDC000FF324FF0FF33044821F0D6FAE8E7042B96
:10CDD000F0D00120F0E700BF24130020D005002090
:10CDE000B98B00202DE9F041054686B0214E22483E
:10CDF0004FF0FF334FF0FF3221F0AEF93368002BD4
:10CE000032D05C680CB1A04704461C4B1C48CDE9ED
:10CE1000023400274FF0FF33CDE904370122AB2362
:10CE20000DF107018DF8073024F0BCFB336814487E
:10CE3000D3F808803A4601212346C04711492A46C3
:10CE400002A82BF051FD90B1AD2301220DF1070195
:10CE50000B488DF8073024F0A5FB336808489D681F
:10CE6000012223461146A847034821F0EFF906B0F6
:10CE7000BDE8F081BC4E0020E0110020ADCC0200E6
:10CE8000B005002034B705002DE9F041254EDFF84C
:10CE9000A480A4B0002796E807006C4618AD85E88A
:10CEA000070084E807002422002103A82CF0FCFFDF
:10CEB00003AA414620462CF044F81B4B1F70002863
:10CEC000E9D000F07BF99DF810201849184B9942E1
:10CED00010D32E2200210DF132002CF0E5FF0123AA
:10CEE000ADF830300223ADF83830ADF83C308DF875
:10CEF0003E3011E0087A904212D10B6803AA28460E
:10CF00009847039B19930FCD0CAC0FC40FCD0FC4E2
:10CF100095E80F0084E80F000CA8FFF763FFBAE75D
:10CF20000C31D4E774A80500B98B002058160020F6
:10CF30007C1600206CB7050037B56846FDF702FF88
:10CF40009DF80050134C14484FF0FF334FF0FF3260
:10CF500021F002F923684BB11A78AA4211D01B695B
:10CF600003B198470023236000F040F90B4B0C4AB3
:10CF7000934206D21978A94209D12360DB6803B134
:10CF80009847054803B0BDE8304021F05FB914333D
:10CF9000EEE700BFBC4E0020E0110020940F060019
:10CFA000BC0F06001C49DFF884C0F8B500201B4EFA
:10CFB00002464FF0FF340F46B1420DD342B1184B39
:10CFC0001849DB1BDB08B14288BF0023013BD3803B
:10CFD000FFF7B2FF0020F8BD0D79134B634509D36D
:10CFE0000023B4F1FF3F0BD198802C46013008316B
:10CFF0001A46E1E793F808E0AE45F2D00C33EDE7CE
:10D00000A542F2D0002AF0D084B204F1FF3EA2F88B
:10D0100006E09C80E9E700BF080F0600900F0600BD
:10D02000970F0600010F0600581600207C160020FE
:10D030007FB56B4683E80300002205920392064AFF
:10D04000029293E80300049002A8ADF8141022F0B5
:10D0500093FE07B05DF804FB70BF0500F0B58FB01C
:10D060000446FDF7EFFE014620B1FFF765FF002003
:10D070000FB0F0BD2268174B9A4219D0164D174FCA
:10D0800000908DF804006E46BD422B46EFD21B681F
:10D09000314620469847002805F10405F4DB96E860
:10D0A0000300ADF80C1003990290FFF7C1FFDEE713
:10D0B0002E220DF10A002CF0F7FEA0680390022347
:10D0C000ADF8083002A8A389ADF81030FFF78AFE4A
:10D0D000CDE700BF70BF0500000F0600080F060077
:10D0E0002DE9F04104468D881B48C9881646A9429F
:10D0F0000ADA2E220021A01C2CF0D6FE0123238068
:10D1000002232381A3811AE010F835709F424FEA71
:10D11000C5021ED1114FBB1893F80680B8F1000F5D
:10D120000FD100F045F801280BD02E224146A01C5B
:10D130002CF0BAFE0222012323802281A281A37354
:10D1400004E057F835303146204698472046BDE880
:10D15000F0810135CBE700BF0D0F0600080F060078
:10D1600000487047D0050020014821F0DFB800BF1B
:10D170002413002000487047B00500201FB500238D
:10D18000CDE90233044B8DF80C0001A8019322F085
:10D19000F3FD05B05DF804FB74BF05000268034BA6
:10D1A0009A420CBF08300020704700BF74BF0500D2
:10D1B000014B1878704700BFBA8B002002484FF02F
:10D1C0009672002321F050BA1000002008B5064BDB
:10D1D0001A78012A03D001201870FFF7CFFFBDE8AD
:10D1E0000840FFF7EBBF00BFBA8B0020034B1A7853
:10D1F0001AB100201870FFF7C1BF7047BA8B00202A
:10D2000010B52E220446002102302CF04DFE0123E1
:10D2100023800422A381024B22812361204610BD7A
:10D2200025D20200F8B50B4C0B4F05460E46BC420A
:10D2300001D3012005E0314628462BF004FA08B955
:10D240000020F8BDA18828462BF06AF90028F7D005
:10D250000834ECE7B8150020581600202DE9F043FB
:10D26000DFF848801568DFF8489085B006460F461D
:10D2700000246B68A34201D8012005E039463046FE
:10D280002BF0E1F918B9002005B0BDE8F083AC60DF
:10D290006A4649463046CDE90085CDE902852BF046
:10D2A000FCF90028EFD00134E3E700BFB5D202005B
:10D2B00080B905002DE9F04F0F461268DFF8A4A0F1
:10D2C00093681268DFF8A0B00646388A1901012871
:10D2D00002EB031318BFD3E902944FF0000504BF1B
:10D2E00052F801905C6887B0A8464D4501D10120F5
:10D2F00035E0394630462BF0A6F978B3CDE90388FE
:10D30000CDE901A4CDF81480237B042B26D8DFE8D7
:10D3100003F01903091D23000323ADF80C306368E3
:10D32000049306E00423ADF80C3063680493A3680B
:10D33000059301AA594630462BF0AFF9103468B175
:10D340000135D2E70223ADF80C30F2E70523ADF842
:10D350000C30FF230593E3E70623F4E7002007B032
:10D36000BDE8F08F3B0C050094B80500F7B5CE681A
:10D370000446B0B2FCF7FCFA014658B92E22A01CB4
:10D380002CF092FD0123238002232381A3812046D8
:10D3900003B0F0BDFCF7A2FA194D1A4B9D4222D3FF
:10D3A00000256B46002200925A6020B1826897697E
:10D3B000F7B11946B847144F019B3B602E22009BE2
:10D3C0007B600021A01C2CF06FFD0123238004232F
:10D3D00023810223A3810D4B2661C4E905350C4B43
:10D3E000C4E90737D3E72A688242DAD00835D5E79F
:10D3F000D269002ADFD092E8030083E80300DAE76D
:10D40000600E0600000F0600C04E0020650C0500EF
:10D410005DD2020030B585B0044600212E220230D4
:10D42000019103912CF040FD01232380A381084B3F
:10D430000093084B0293032204AB228113E90F00EF
:10D4400004F1100585E80F00204605B030BD00BF8F
:10D45000B1D40200DD0C050070B5134D134E044627
:10D46000B5422B460CD32E220021A01C2CF01CFD13
:10D4700003220123228104222380A281237410E04D
:10D480001B689847002805F10405E9DA2E220021DF
:10D49000A01C2CF009FD01232380032323810423F6
:10D4A000A381204670BD00BF900F0600940F0600B8
:10D4B00010B504462BF0C7F830B120460349BDE84B
:10D4C00010400A222BF0D9B810BD00BFC3E80500F8
:10D4D00030B5044687B000200D46FDF7E9FDFF2872
:10D4E0008DF8030015D0294620462BF0ACF898B1F2
:10D4F0009DF80330094A0193094B02930DF1030390
:10D50000CDE904230749039301AA20462BF0C5F86F
:10D5100010B1012007B030BD0020FBE7A9D5020003
:10D520001F0D050070BB05002DE9F04F8BB0D2F840
:10D530000080DFF870B00191064600254FF00E0A1A
:10D54000D8F810309D4201D3012028E0D8F80C70A3
:10D5500001990AFB05F9304607EB09042BF073F833
:10D56000E0B137F909300393B4F902300493B4F908
:10D5700004300593B4F906300693B4F90C300793E0
:10D58000B4F908300893B4F90A30099303AA59464C
:10D5900030462BF082F808B10135D1E700200BB0FE
:10D5A000BDE8F08FA4BA05002DE9FF471368DFF846
:10D5B0005CA093F80090002506460F46A846E9B205
:10D5C0004846FDF7A1FDCDE90188CDF80C80044661
:10D5D00040B1406830B1FCF7ADF9A3680293E3684D
:10D5E00001900393394630462BF02DF858B101AA2B
:10D5F000514630462BF051F828B10135552DDED17A
:10D6000004B0BDE8F0870020FAE700BF44BB050086
:10D610002DE9F041044688B0088B0D46FCF7A8F9C7
:10D62000A61C014670B92E2230462CF03DFC012389
:10D630002380052323810223A3812374204608B07D
:10D64000BDE8F081EB69069300270DF11008CDE9E4
:10D6500004702B6A0793404622F045FBB8420CDA6F
:10D660002E22394630462CF01FFC0123238005234F
:10D6700023810223A3810323DFE708AB13E903001F
:10D680008DE8030098E80C00297C287BFDF758FD05
:10D69000002816DA16304FF02E023946304608D1EF
:10D6A0002CF002FC05220123228102222380A28188
:10D6B000C3E72CF0F9FB0123238002232381A381FC
:10D6C000BCE7094B029301258DF80C5018460399CD
:10D6D000FFF7AEFC2E22394630462CF0E5FB052341
:10D6E000238125800223EAE70500010038B50446BE
:10D6F000FCF7D0F92E2205460021A01C2CF0D4FB0B
:10D7000001232380052323810623A381024B256166
:10D710006361204638BD00BF1DD702002DE9F04FE0
:10D7200087B0054601A80F46FCF7A8F9DFF844903A
:10D73000DFF844A0DFF844B006460024A64201D139
:10D74000012014E0019B3946284653F824802AF032
:10D750007AFF58B102AA59462846CDE90298CDE988
:10D7600004A82AF09AFF08B10134E7E7002007B0C7
:10D77000BDE8F08F530D050029D50200E0BA050081
:10D780002DE9F0478AB020220021064602A82CF09D
:10D790008BFBFDF70FFD071E35DBF8B2FDF788FCAC
:10D7A000204D214B039701278DF8047028700199B3
:10D7B000009304461846FFF73BFCDFF87090DFF853
:10D7C00070A0B8460E220021B01C2CF06DFBCDE9F4
:10D7D000054A0123338005233381ADF808800923EE
:10D7E0008DF8107002ACB3810FCCCDE907590995C3
:10D7F00006F110050FC594E80F0085E80F003046CC
:10D800000AB0BDE8F0871C374FF0000914BF0123B0
:10D8100002238DF80C304D46CA464C464F464FF019
:10D820000208CFE7BB8B002005000100A9D502004C
:10D830001F0D050073B50446087BFDF7C7FC0028E3
:10D840004FF0010519DB104B00938DF8045002AB2B
:10D8500013E90300FFF7ECFB00262E220021A01C99
:10D860002CF022FB012323800523238120460A2359
:10D87000A3812582A67402B070BD163014BF2E4657
:10D8800002260225E9E700BF050001002DE9F0416D
:10D890000C4688B018220021064602A82CF004FB92
:10D8A000217C207BFDF7A0FC00282CDB54F80C3FEA
:10D8B000039301251A4B8DF80450019900931846E3
:10D8C000FFF7B6FB174FDFF860802E220021B01C57
:10D8D0002CF0EAFACDE90484012333800523CDE955
:10D8E0000674ADF80850338102AC0B23B3810FCC22
:10D8F00006F110050FC594E8030085E803003046E3
:10D9000008B0BDE8F08116304FF0000714BF0123C6
:10D9100003238DF80C303C46B8460225D5E700BFFE
:10D9200005000100A9D502001F0D050073B50446CE
:10D9300022F020FA002804F102050CDA2E22002140
:10D9400028462CF0B1FA0123238002232381A381EE
:10D95000204602B070BDFDF70FFD0028EEDB0B4B3B
:10D960000093002602AB8DF8046013E90300FFF773
:10D970005FFB2E22314628462CF096FA0123052221
:10D9800023802281A2812374E2E700BF0500010009
:10D99000F7B50D46097C0446861C61B92E22304637
:10D9A0002CF082FA01232380052323810C23A381F9
:10D9B000204603B0F0BD05F110073846F8F71CFD0E
:10D9C00039460246287BFDF71DFC002817DB0E4B6D
:10D9D000009301238DF8043002AB13E90300FFF735
:10D9E00027FB00252E22002130462CF05DFA012372
:10D9F0002380052323810C23A3812574D8E71630C7
:10DA000014BF01250225EDE70500010070B50C46A5
:10DA100088B014220021054603A82CF045FA217C89
:10DA2000207B22F0BDFE00284FF0010423DB154BC4
:10DA3000049304A8ADF80C4023F0BDF9124B8DF807
:10DA40000840029901931846FFF7F2FA2E220021AE
:10DA5000A81C2CF029FA01232B8005232B8103AC71
:10DA60000823AB810FCC05F110060FC62368336085
:10DA7000284608B070BD0223ADF80C308DF8104078
:10DA8000E4E700BFD1D4020005000100F0B589B081
:10DA9000CD680446FBF7FEFF0023CDF80E30CDF82D
:10DAA00012300646ADF8163004A8194B049301272E
:10DAB000ADF80C7023F07FF9E8B2864213D0FCF782
:10DAC00059F80028BCBF0223ADF80C30114B01936C
:10DAD0004FF001038DF8083002990E48B8BF8DF859
:10DAE0001070FFF7A5FA2E220021A01C2CF0DCF903
:10DAF000012323800523238103AE0723A3810FCEB7
:10DB000004F110050FC533682B60204609B0F0BD45
:10DB1000D1D40200050001007FB56D4604460D4BCF
:10DB2000009300262846019623F045F931462E221F
:10DB3000A01C2CF0B9F90123052223802281A381A6
:10DB400095E80F0004F1100686E80F00204604B0A7
:10DB500070BD00BFD1D4020073B50446FBF7BAFF15
:10DB6000002817DA10F1860F25D01C300CBF0325D2
:10DB7000012502262E220021A01C2CF095F901235C
:10DB800023800523238120460423A3812682A574B4
:10DB900002B070BDFDF776FB0028E3DB074B009376
:10DBA00000238DF8043002AB13E903000126FFF7D0
:10DBB0003FFA3546DEE70225DBE700BF050001003E
:10DBC00008B503488368DB6A03B19847002008BDA5
:10DBD00040A2050008B5034883689B6A03B19847D3
:10DBE000002008BD40A2050032B983680169C269FE
:10DBF0005B1AB3EB520F04D902488368DB6903B1A7
:10DC00001847704740A2050010B50C4C20462BF079
:10DC100096FB78B1A3683BB19B6C2BB120460849B9
:10DC200000229847002010BD064823F06AF96FF0E3
:10DC30005700F8E76FF01200F5E700BF40A20500BB
:10DC400049DC0200CEE805002DE9F3413248866840
:10DC5000736CE3B9736B03BBFFF782FADFF8B8802C
:10DC60000546EA6901A9284623F068FCB36907461E
:10DC7000002841D00199002B31D16FF0570128467F
:10DC800023F07BFC6FF05704A742EAD031E09847BD
:10DC90000028DFD102B0BDE8F0811F489847002876
:10DCA000DAD1736A002B2FD1FFF764FA1A4D0446BC
:10DCB000A26823699A42EDD0E26901A9204623F0C7
:10DCC00090FC02460028F3D0736901990BB32846F3
:10DCD000984720EAE071204623F0A3FCE8E70246DB
:10DCE0004046984704460146284623F046FC002C4F
:10DCF000CAD1FFF739FAD4E7002BFAD001220DF18F
:10DD0000030105489847F4E7034898470028C1D025
:10DD1000CAE76FF05700DCE740A20500014B002086
:10DD200018707047BC8B002000487047CC4E002014
:10DD300037B50D46FDF72AFF044688B1022D14BF02
:10DD40001E230A23074AADF8043069464FF4C8730E
:10DD50000092ADF8063026F0ACFD204626F027FCF8
:10DD600003B030BD06000C002DE9F3411D46114BF8
:10DD70001B7890463BB1FFF7F3F900260746B54202
:10DD800005D8FFF7F1F9284602B0BDE8F081AA1BDB
:10DD900001A9384623F0D2FB044630B1024608EB15
:10DDA000060101982CF072F826442146384623F0EB
:10DDB000E4FBE4E7BC8B002010B51C461B680B4459
:10DDC0002360084BBFF35B8F1B68BFF35B8F12B9F7
:10DDD00022689A4204D9044820F0AAFB0023236059
:10DDE00010BD00BFD04E0020F005002038B5FDF773
:10DDF000CDFE044622F0EEFF054614B1204626F083
:10DE0000D6FBBFF35B8F054B53E8002F43E800516F
:10DE10000029F9D1BFF35B8F38BD00BFD04E002081
:10DE200008B5FFF7E3FF024B01221A70002008BD7E
:10DE3000BC8B00202DE9F04F85B000AFC7F804D0AF
:10DE4000FDF7A4FE0546FFF795F904464DB9C0E974
:10DE500002554560C0E9055505611437BD46BDE86A
:10DE6000F08F284622F0B6FFC31D23F00703ADEB69
:10DE7000030DDFF878908046EA462269A3689A424B
:10DE800032D1284626F093FBD7F804D0E5E7A8EB7B
:10DE9000060207F10C01204623F0A3FBF968834634
:10DEA00002460AEB06002BF0F1FF5E44594620467D
:10DEB000B6B223F0B6FBB04503D9A26823699A42F3
:10DEC000E5D1A9F81460C9F810A0062649462846ED
:10DED00008F046F90028D0DA41F69A10002120F027
:10DEE0008BFE013EF2D1C8E70026E4E700060020E1
:10DEF00010B5094C0A44914200D110BD11F8013B04
:10DF0000584003090001E35CC0B2434018091B01FB
:10DF1000205CDBB25840EEE701E90500014B1B68CD
:10DF2000184700BF6006002030B585B004460D4696
:10DF30001022002168462BF0B7FF02238DF8023033
:10DF40002A46044B01932146684621F0BFFA05B0EA
:10DF500030BD00BF1DDF020080B505460E461746E6
:10DF6000984620F07DFE03462CF028F8DFF8189044
:10DF7000044649F80030424630463946A84754F82E
:10DF8000090002F023FC00BF080000002DE9F04763
:10DF9000058B04462807904611D4022905F0070591
:10DFA00040F0CD80204623F09FF978B10138218BD5
:10DFB000042811D8DFE800F0C3106D859500012911
:10DFC0000CBF45F0100545F02005258388F3118826
:10DFD000BFF36F8FBDE8F08701F0070AAA4500F094
:10DFE000A6800027B9463E46A368002B00F0BD80FE
:10DFF00041F00801218388F31188BFF36F8FA16876
:10E00000002900F0BB800D68002900F0B780D1F82E
:10E010000480334652462046C047002D76D02B68F8
:10E0200029461D46F0E701F007035A1F012A1BD8B5
:10E03000002221F00701062B276889B2C4E90022DB
:10E0400009D13B4603E0628B013262831B68002BDF
:10E05000F9D141F002012183204623F045F900283F
:10E060007BD041F0200177E0042B0AD121F0070199
:10E0700089B22183204623F037F910B141F0200105
:10E080002183218B01F0070AAA4550D00027B94609
:10E09000AAE7236921F0070141F00601062DD3F814
:10E0A000009021832DD1B9F1000F40D041F008013B
:10E0B000218388F31188BFF36F8F3A492046C84700
:10E0C00029E021F00701236941F0040189B2042D00
:10E0D000D3F804902183E6D000273E464FF0040A8F
:10E0E00082E721F00701236941F0050189B2052D7E
:10E0F000D3F808902183D6D000273E464FF0050A7A
:10E1000072E700273E464FF0060A6DE72B4687E789
:10E11000B9F1000FD1D14FF02003EFF3118883F351
:10E120001288BFF36F8F238B23F008032383258B83
:10E13000EA062ED525F01003238305F0070566694E
:10E14000218B002EBFF66FAF00232768C4E9003390
:10E1500021F0070141F001012183218B01F0070A21
:10E16000AA454FF000097FF43FAF002F9BD041F04C
:10E170000801218388F31188BFF36F8F002FC7D068
:10E180003D68394633465246204623F0D9F82F469B
:10E19000F4E7AB067FF51AAF25F02003238305F0E3
:10E1A0000705FFE66D13050008B504464FF0200291
:10E1B000EFF3118382F31288BFF36F8F1CF03CFFE3
:10E1C000204602F0A5FD034822F09BFE02F06EFC03
:10E1D000FCE700BF11E905001DF0ECB908B541F6F8
:10E1E0009A120023024820F00BFA002008BD00BF5D
:10E1F00040000020DFF89CC02DE9F74F013B00EB09
:10E20000C2120C464FF000084FF0010913F8010F3D
:10E2100010B1E1B20F2902D903B0BDE8F08F00219F
:10E220001CF8316086424FEAC1052CD101356544A6
:10E23000CDE90088002709FA07FE6E4615F807B0F9
:10E240005FFA8EFE042031462BFA00FA1AF0010F15
:10E2500018BF96F801A000F1FF301CBF4EEA0A0A71
:10E2600086F801A0B0F1FF3F06F10106ECD10137BD
:10E27000072FE0D10D4603CD02EBC40642F834006F
:10E2800071600134C2E701311D29C9D1004DCFE7CA
:10E290005DE905005CE9050070B51446084A0546CD
:10E2A0000E4607CA86B003AB83E807000548009412
:10E2B0008268294694683246A04706B070BD00BF08
:10E2C00080A80500B0A405002DE9F04FADF21C4D6B
:10E2D0007C4C20462BF033F8002800F0EC80A56839
:10E2E00004212B6A2046984710B1863040F0E38025
:10E2F0006B6874489847002840F0DD80724D2C7898
:10E30000002C49D004A8FCF71DFD9DF8108022F0D8
:10E310008DFA0446FDF7EEFD0746FCF7D7FE4FF4F5
:10E3200080620021064606A82BF0BEFD00221146A1
:10E33000664B06A8FFF75EFF654B0122002106A889
:10E34000FFF758FF634B0022052106A8FFF752FF95
:10E350005F4B0122052106A8FFF74CFF5E4B002210
:10E360000A2106A8FFF746FF5C4A3B46052102A8A2
:10E3700020F0A4FF02AB01220A2106A804F0020942
:10E3800004F00104FFF736FFB8F1000F18D154492B
:10E390006846F8F729F81DE0CDE90644002606AAEC
:10E3A00021463046FFF778FF002840F08480083689
:10E3B000B6B2802EF3D10834A4B2402CEED1A1E73E
:10E3C000B8F1010F7BD1059B464A01330521684610
:10E3D00020F074FF6B460422002106A8FFF70AFF15
:10E3E000414A3346062102A820F068FF02AB04220E
:10E3F000052106A8FFF7FEFEB9F1000F05D03B4B43
:10E400000622002106A8FFF7F5FE2CB1384B0622A4
:10E41000052106A8FFF7EEFE364B374A1B78DFF8DA
:10E42000E0E0D35CC3EBC3039B0098AC03F11C0892
:10E430000EEBC306274604F1380C306871683A4683
:10E4400003C29445174606F10806F6D10733434543
:10E4500004F18004ECD1DFF8ACB006AC4FF0000959
:10E460004FEAC90A1FFA8AFAD84600272B78E6191C
:10E470002BB10822314640462BF04FFD58B13246B1
:10E480005146B8B2FFF708FFA8B9324603CAC8F828
:10E490000000C8F804100837802F08F10808E5D1FB
:10E4A00009F10109B9F1080F0BF1800B04F18004A7
:10E4B000D6D101232B700DF21C4DBDE8F08F0F4912
:10E4C00066E700BFB0A40500BE8B00203AE9050056
:10E4D0003DE9050040E9050043E9050046E905007E
:10E4E000DCE405004BE905004CE9050054E90500B2
:10E4F00058E90500BD8B002044EA050050E90500FD
:10E5000050EA0500BF8B002010B5FFF7DDFE084A7A
:10E5100013780C210133B3FBF1F001FB10331370BE
:10E52000BDE8104003484FF40052002320F068B8C3
:10E53000BD8B0020400000202DE9F7430F46064622
:10E540000821C06ADFF8509023F03BF93C68241A98
:10E5500080463C6004EA0905AC4203D8002003B0C1
:10E56000BDE8F08308236A462146304623F09CF834
:10E570000028F4D16946304623F02DF940B1BDF8AA
:10E580000230BDF804203C6005EA090513441D442F
:10E59000A4EB0804E0E700BF0000FFFF2DE9F0470F
:10E5A000044688B000F1140738462AF0A7FFA06A95
:10E5B0008368DB689847E06228B96FF01505284644
:10E5C00008B0BDE8F087A06A8368DB6898470368F5
:10E5D000013B1F2BF1D8A06A216805AA29F0F2FCA3
:10E5E0000028EAD1A589002DE7D0069BB5FBF3F200
:10E5F00003FB1255002DE0D1E389012BDDD9E36A3D
:10E60000009593F804904FF0FF334FF0FF323846F7
:10E610001FF0A2FDE06A082123F0D3F8A8460646C1
:10E62000E3891FFA85FA534508D8E389434523D186
:10E6300038461FF00BFE6FF02C05C0E7A1892B04B4
:10E64000891B13FA81F14A4608232046009123F0E2
:10E6500079F878B16946204623F034F808F10108CA
:10E66000009908234A4620461FFA88F823F06AF8E2
:10E670000028DAD00135D3E753450BD100990823A0
:10E680004A46891B204623F05DF818B969462046A2
:10E6900023F018F869462046FFF74EFF054618B1EB
:10E6A00038461FF0D3FD8AE7009B63604FEA1348AA
:10E6B0004FEA0848C4F80880D4E9011399420FD3FF
:10E6C000082301AA204622F0EFFF05460028E7D1E3
:10E6D00001AB13F8012B914533D10135082DF8D149
:10E6E00063681B0C1B0469462046009322F0EAFF76
:10E6F000A38900994A46204623F024F8051ECFDB63
:10E70000636876D006EB03084FF6FF79A389CDF84E
:10E7100000801FFA88F29B1B9A422ED30023616867
:10E72000002B43D0090C090400912046694622F0D1
:10E73000C9FF0099204623F02AF80546002D74D021
:10E74000AEE701A9204623F046F8626810B9921B93
:10E750006260B1E7BDF80850BDF80610E06AC4F881
:10E760000880294423F02DF840449042A060EED167
:10E77000002DECD06FF01C0568E0082303AA414689
:10E78000204622F091FF0546002889D103A92046A2
:10E7900023F021F830B1BDF80C304B4502D1BDF863
:10E7A00010300BB1B044B1E70123B8E7204622F0A6
:10E7B000EEFF054600287FF473AF6368264AA189FF
:10E7C00013400B44A3EB460363601340A360204651
:10E7D00023F0E5F8B1E75B1A4A46204622F0B2FF83
:10E7E000051EFFF65DAF08D0E26AA3681268134405
:10E7F000A360D4E901318B42EDD86168A38901EBB4
:10E8000046029A429AD1DFF85080A26801EA0803D2
:10E810009A4293D0204622F0BAFF054600287FF4A2
:10E820003FAF636803EA0803A360A389A288A3EB50
:10E8300046039A4206D038461FF008FD0123237490
:10E840000025BCE6204623F093F8054638461FF025
:10E85000FDFC002DF2D0B2E60000FFFF2DE9F04FE5
:10E860001D46037C89B0044689469046002B00F083
:10E87000BE80C26A0821104622F0A3FF29468246C4
:10E88000104622F09EFFA389A3EB8A039D42074610
:10E8900000F2B0801DB1B8F1000F00F0AB806368EA
:10E8A000039304AA03A92046DDF80CB022F0CBFFA5
:10E8B0000646002864D1BDF810304B4505D062688B
:10E8C000039B9A42EDD1E5B95AE004A9204622F013
:10E8D00082FF0028F3D0BDF81200BDF8143075B1E6
:10E8E0009D420ED14FEA1B41090401442B4642468A
:10E8F000204622F0F4FE002803DC064640E0002B10
:10E900003ED0002F40D104F1140301934FF0FF32A9
:10E910000198DFF8E8B04FF0FF331FF01DFCE389EA
:10E920009E4261D0D4E90123F9188A422FD3ADF871
:10E930001A3006A8FF238DF81E30ADF81890ADF8F8
:10E940001C5022F0F6FEA1682B464246204622F0DB
:10E95000C4FF29468246E06A22F033FFA2680244DF
:10E96000A260BAF1000F07D106A9204622F0EFFFFE
:10E97000002814BF8246AA4601981FF067FC56463D
:10E98000304609B0BDE8F08F5744BFB2BBE7E06A3C
:10E99000082122F016FF4FF6FF73ADF81830002162
:10E9A0008DF81E30A389ADF81C10111802EA0B0275
:10E9B0001A44101A606006A8ADF81A1022F0B9FEC9
:10E9C00006A9204622F0C3FF211D204622F07AFE30
:10E9D000636803EA0B03A360204622F0E0FF82464F
:10E9E0000028C9D101369AE76FF01B0AC4E76FF01F
:10E9F0000C06C5E76FF01506C2E700BF0000FFFF79
:10EA0000014B036000207047CCBF050070B544691E
:10EA100003460D46002C3AD023F02FF9002839D1B7
:10EA20002148227A465CB24237D02048405C90426E
:10EA300036D1E26818469047002815DA022D11D029
:10EA4000032D10D110F1860F0CD0BFF35B8F231D67
:10EA500053E8001F41F0020143E80012002AF7D1F9
:10EA6000BFF35B8F267270BD022D267201D000208D
:10EA7000F9E70434BFF35B8F54E8003F23F002034F
:10EA800044E80032002AF7D1BFF35B8FEFE76FF065
:10EA90005700E8E74FF0FF30E5E76FF07700E2E777
:10EAA0006FF08500DFE700BF54F1050050F105006D
:10EAB00070B5114B1C680D46DCB1104B1968002372
:10EAC0008B4202DB6FF0010070BD224612F8106B22
:10EAD000864202D001331446F2E7E06810B96FF0C5
:10EAE0001200F1E72AF02BFC0028F8D02C6000205F
:10EAF000EAE76FF00C00E7E764060020CCBF0500F2
:10EB000070B588B005460C46C0B269461646FFF798
:10EB1000CFFF00281BDB0098C8B1436802938368CD
:10EB200022680195CDE903360023CDE9062305933C
:10EB3000C56823F0ACF86DB12846084901AA29F050
:10EB400045FA079808B9059B236008B070BD6FF0BF
:10EB50001500FAE76FF01200F7E700BF911C0500FF
:10EB6000F0B40C4B0C4E5F6A0C4BB34203D36FF006
:10EB70008500F0BC70475D68BD4209D31C693CB19B
:10EB800095F802C00579AC4502D12346F0BC184780
:10EB90002433EAE7D44E0020B81500207015002079
:10EBA0002DE9F047134CDFF85080DFF85090054610
:10EBB0000E461746444503D36FF08500BDE8F08745
:10EBC0006268D9F824309A4212D3A36983B190784D
:10EBD0002979884205D13A4631462846BDE8F047B2
:10EBE00018475279012A03D13A46314628469847B8
:10EBF0002434DFE770150020B8150020D44E002023
:10EC00002DE9F0410B4CDFF8308005460E461746E3
:10EC1000444502D36FF0850009E063690BB92434E1
:10EC2000F6E73A463146284698470028F7D1BDE82E
:10EC3000F08100BF70150020B815002010B5044603
:10EC400028F080FE10F1780F00D050B9054A204618
:10EC500023F040F8D2F8C43023EA0003C2F8C430ED
:10EC6000002010BDD44E0020024B00221A605A60D2
:10EC7000704700BF8F4F002070B50B4B0B4CA34269
:10EC800001D3002070BD196A1E7F00220439D5B25D
:10EC9000AE4201D82433F2E7013211F832508542F6
:10ECA000F5D10120EEE700BF70150020B815002057
:10ECB00008B509480378C3F341130A3350F82330E9
:10ECC0003BB100F1080200F110019847C043C00FAA
:10ECD00008BD1846FCE700BFD44E002004282DE9EB
:10ECE000F14FDFF8A09004460F4616D001282DD131
:10ECF000DFF88C8098F8B93043B300F011FE1F4D57
:10ED00004D4520D2D5F820B04FF0000A2B7F5FFA96
:10ED10008AF6B34204D82435F2E7FFF7A5FFE7E708
:10ED20000BEBC6060AF1010A307928F00BFE024609
:10ED3000307922F0CFFFD8F8C430002A23EA00034C
:10ED4000C8F8C430E2DA002388F8B9300B4D4D45DD
:10ED500008D30B4B1B6A6BB13946204601B0BDE8A6
:10ED6000F04F1847EB681BB13A46214628469847B2
:10ED70002435ECE701B0BDE8F08F00BF701500202E
:10ED8000D44E0020B815002073B5C4B263060D46FA
:10ED90008DF8074007D02046FFF76EFF78B10D4B86
:10EDA00093F8BA0058B10B4E204655B11AF09CFBAF
:10EDB000F3691BB10DF1070108209847012002B04B
:10EDC00070BD1AF0B9FBF369002BF7D00DF1070104
:10EDD0000920F2E7D44E002073B586788DF80060E4
:10EDE000037942791C4C43EA0223ADF80230C37820
:10EDF000304603F003038DF8043022F06BFFD4F8A3
:10EE0000C430184205460BD0304600F06BFD30464A
:10EE1000FFF714FF2AF053FB10B996201FF006FFEE
:10EE200068461AF03DFB10F1780F03D010B10020B6
:10EE300002B070BD9DF800001AF0BAFB10F1780F17
:10EE400001D00028F3D1D4F8C43001202B4384F83A
:10EE5000B900C4F8C430EBE7D44E00202DE9F047E8
:10EE6000A34EB36904460F461546FBB9237803F059
:10EE70001F03012B00F09D80022B00F0048133BBA7
:10EE800094F900002A686178002834DA062912D043
:10EE900008292BD0D9B901231370517096F8C330CB
:10EEA0005B0043F00103137002232AE19847002816
:10EEB000DCD100200DE06288100A011F0129844680
:10EEC00005D9072803D8716AD2B20C781CB96FF043
:10EED0001500BDE8F0874E78664503D19A4200F0F0
:10EEE0000B8101332144F0E70B780AE196F8BA3040
:10EEF0001370012305E101390829E8D801A353F86B
:10EF000021F000BF9DEF0200CFEE0200ABEF020048
:10EF1000CFEE020029EF0200CFEE0200CFEE02009A
:10EF2000CFEE020035EF0200A0781AF0A7FA002811
:10EF3000BFD0CCE76388756A63BBFFF795FE638833
:10EF400086F8BA30F369002BB3D06A49032098479A
:10EF5000AFE76B78042B10D0052B11D0022B04D116
:10EF60006F796388BB4208BF01202B781D442B7842
:10EF7000002BEED10028AAD0DFE795F80380F4E754
:10EF80006388BB42F1D1B8F1000FEED12846FFF7FC
:10EF900023FFEAE7FF270020B846E8E76388012B54
:10EFA00095D1002386F8C33083E76388012B8ED187
:10EFB000F8E796F8BA30D5F800C0002B87D0756A0C
:10EFC000A38894F804E02A46107800283FF47FAF25
:10EFD0005178022904D192F80480F04500F2938020
:10EFE0000244F1E78CF800208CF80120396060E7DA
:10EFF000154494E00B2A7FF46AAF00274FF0FF0816
:10F00000C146BA4606E06B78042B0FD0052B21D001
:10F010002B781D442B78002BF5D1F36913B15146A1
:10F0200007209847002F7FF444AF50E795F80280FF
:10F03000A38895F803909845EAD163889945E7D16C
:10F04000B8F1070F1CD806EB0803AA4683F8BB905B
:10F050000127DDE7A3884345DAD1A3784B450AD0E1
:10F06000AF78384600F03EFC3846FFF7E7FDB0FACF
:10F0700080F77F09CCE72846FFF7AEFE0746C7E7D3
:10F08000AA460027C4E794F900206378002A18DA1A
:10F09000002B7FF41CAF24792D6863060AD020462C
:10F0A000FFF7EAFD00283FF412AF96F8BA30002BC4
:10F0B0003FF40DAF294620461AF05EFA00236B702C
:10F0C000F2E6012B08D0032B7FF401AF6388002BFD
:10F0D0007FF4FDAE012103E0618800297FF4F7AEE3
:10F0E000A088FFF751FE00287FF4E3AEEFE600BFF3
:10F0F000D44E00208E4F0020022829607FF4F4AE09
:10F100004B883B60D5E694F9000062780028BFF692
:10F1100071AF002A3FF466AF0A2A7FF4D8AE2A788E
:10F12000002A3FF4D4AE697804297FF461AFA9784E
:10F130008B427FF45DAF072B96BF9B19002393F89A
:10F14000BB308CF80030D4E613B5164C237DF3B9F0
:10F15000E268A168019201AB802022F0C9FD019A0A
:10F16000A3681344A360E3689B1AE3606BB962B1C0
:10F170002369E2889A4208DD94F8C82093FBF2F1F3
:10F1800002FB11330BB90123237502B010BD00231C
:10F190001A4619468020237502B0BDE810401AF0C7
:10F1A00031BA00BFD44E002030B585B000230246EE
:10F1B0000D460193002858D1002935D108220B466D
:10F1C0000DEB020128F0D7FB002804DA80201AF0AA
:10F1D0008BF905B030BD2A4C029A2260039A626016
:10F1E00004F13802A2609DF90820BDF80E302575A3
:10F1F000002AC4E903550ADB802B04D980201AF0C9
:10F2000073F90020E3E713B1C4E90333E1E7FFF743
:10F210004FFD0028DAD0E28823699A42D4BFE26029
:10F22000E360FFF791FFD4E7154CD4E90215002DF8
:10F2300001AB04DC28F09FFB0028CADAC6E72A46A7
:10F2400028F099FB0028D9DB019AA3681344A36036
:10F25000E3689B1AE360002BBBD104F13803A36081
:10F26000FFF726FD0028DCD1B0E78028B1D1044BA0
:10F27000DA68002AD5D11B7D002BD2D1A9E700BFC7
:10F28000D44E0020044B93F8C3300BB128F082BB5E
:10F290006FF00C00704700BFD44E0020054B064AAB
:10F2A0009A62064ADA62064A1A63064A58629A6104
:10F2B00000207047D44E00205DEE020061EB02009A
:10F2C00001EC0200A1EB020010B5084B93F8B84026
:10F2D00034B900F0E3F830B1FFF7E0FF204610BD8D
:10F2E0006FF07700FBE74FF0FF30F8E7D44E0020D7
:10F2F0002DE9F341414D04466F6A41484FF0FF321A
:10F300004FF0FF331EF028FF95F8B860002E6ED145
:10F310003C482C62E8611AF08FFA1AF07DF8041E5E
:10F3200049DB00F021FB041E45DB7B78012B61D11A
:10F33000FB79002B5ED0684685F8C830ADF8023006
:10F340008DF804608DF800601AF0AAF8041E32DB14
:10F35000802768468DF800701AF0A2F8041E2ADB98
:10F36000294930461AF054FA041E24DB264938464F
:10F370001AF04EFA041E1EDB244CDFF8948044453C
:10F3800020D300201AF014F9041E14DBD5F8C43081
:10F39000802043F00103C5F8C4301AF009F9041EB7
:10F3A00009DBD5F8C43043F48033C5F8C4300123F9
:10F3B00085F8B830002412481EF048FF204602B0FD
:10F3C000BDE8F081276A0026227FF3B29A4201D875
:10F3D0002434D4E707EBC30257F8331010791AF03E
:10F3E00017FA01360028EFD04FF0FF34E3E76FF053
:10F3F0007704E0E76FF01504DDE700BFD44E00208E
:10F4000008120020DDEC0200A9F1020070150020B6
:10F41000B815002030B51F4B8BB005AA03F11005BD
:10F4200018685968144603C40833AB422246F7D122
:10F430001B7823701022002101A82AF035FD12222A
:10F44000002115482AF030FD102101A828F03FFEC8
:10F4500000281BDD0828B8BF0820093801AB0E4979
:10F460001A18002012F8013F0AAC04EB131403F041
:10F470000F0328336B44013014F8144C13F8143C78
:10F480000C7008284B7001F10201EBD102480BB05F
:10F4900030BD00BF58F10500BF8F00202DE9F04FAF
:10F4A000704C87B04FF0000B00264FF0011AB046A9
:10F4B0003546B14623782BB96B4B02349C42F3D1CD
:10F4C000684833E06378052B1BD8DFE803F090032E
:10F4D000C8901D3B402304A88DF810B0ADF8123041
:10F4E0008DF814B028F019FA40B1082304A8ADF83B
:10F4F000123028F012FA08B1ADF812B0BDF812308F
:10F50000E37123781C44D5E7E378002BF9D1A37885
:10F510007BB108F101085FFA88F8F2E76B689C425A
:10F5200009D02435514B9D42F8D3002007B0BDE8E7
:10F53000F08F4F4DF6E7AB68002BEAD041462046EE
:10F540009847E6E7002DF0D000222B7F9A42ECD2BC
:10F55000296AA07801EBC2010B79984201D00132EF
:10F56000F3E70127E07800F003008DF8140020791C
:10F5700094F805C040EA0C20ADF8120094F902009E
:10F580000028FBB228DA07F110004FF0010C0CFA4A
:10F5900000F010EA0A0F26D143F080008DF8100029
:10F5A00004A8CDE90213019228F0B7F9DDE90121A1
:10F5B000039BC0B99DF81020A27012F0800F18BFF5
:10F5C00010330A7118BFDBB24FF0010214BF9A402A
:10F5D000BA404AEA020A94E70120B84010EA0A0F4A
:10F5E00001D11846DAE70137102FBBD1B7E7032E58
:10F5F0001DD1FFF70FFF074668B1F6F7FDFE102893
:10F6000009D13846A31C07F1100250F8041B43F837
:10F61000041B9042F9D123786FF00201E218091B14
:10F6200004EB5303D14213D50136F6B269E7002E3D
:10F63000F1D1B9F1000F3FF478AFA4EB090389F8D9
:10F640000230C3F3072389F8033089F80480EBE71D
:10F6500002F801BC13F8010902F8020DE2E7A14625
:10F660004FE700BFA414002070150020B81500203B
:10F670007015002010B5094B00211A461C788442F1
:10F6800005D15C681CB1482303FB012010BD01318A
:10F69000042903F14803F1D10020F7E7A04F00202F
:10F6A0002DE9F34150F8303C10F8346C1033044627
:10F6B00010D1036950F8282C990739D5EAB913F00D
:10F6C000040304D11A461946304622F011FB0023E8
:10F6D00044F8303C54F8303C10330BD054E90975F1
:10F6E00054F81C8C29F0EBFE00284CD02C48214605
:10F6F0002AF072F802B0BDE8F08150F82C1C01AB82
:10F70000304622F0F5FA10B16FF01503E0E7019AE8
:10F7100054F82C3C134444F82C3C54F8283C9B1AD5
:10F7200044F8283C54F8243C134444F8243CD1E7E2
:10F7300050F82C1C01AB304619F0E0FF0028E3D153
:10F74000019D54F82C3C2B4444F82C3C54F8283CA4
:10F750005B1B44F8283C54F8243C2B4444F8243CDC
:10F76000002DB4D030461AF06DF8B5FBF0F303FB72
:10F770001055002DABD154F8283C002BA7D03046B3
:10F780001AF004F8A6E744F8200CA4F118001EF0C3
:10F79000CDFD002DAED0424639463046A847A9E7F8
:10F7A000E02700204B1E012B73B506460D460FD8EF
:10F7B000FFF760FF044668B9012D09D101AB0122B2
:10F7C0000DF10301304619F099FF019B002BF5D193
:10F7D00002B070BD29F073FE04F1340108B1012DAF
:10F7E00005D1084602B0BDE87040FFF759BF034895
:10F7F00002B0BDE8704029F0EFBF00BFE027002055
:10F800002DE9F74F804600911746994622F0B8FA45
:10F81000044600285DD14FF02003EFF3118B83F3F2
:10F820001288BFF36F8F2C490022084600230191F4
:10F830001EF0A2FD019968B9DFF8A4A04822624336
:10F840000AEB02056E6816F1100F12D108461EF081
:10F850006DFD06E00134042C01F14801E4D16FF0A4
:10F860000B068BF31188BFF36F8F304603B0BDE8F2
:10F87000F08F0AF802800C9A009B6A610D9A286149
:10F88000AA6140466FF00F02C5E90237C5F84490FF
:10F890006A6019F0D7FF58B1404619F0D3FFB7FBA3
:10F8A000F0F202FB10771FB16A6C42F004026A6446
:10F8B00019F0020F08D0482202FB04A10748343196
:10F8C00029F08AFF0026CCE7404619F05FFF064684
:10F8D000C7E76FF00F06C8E7BC4F0020E027002005
:10F8E000A04F002010B54FF02003EFF3118483F3F5
:10F8F0001288BFF36F8FFFF7BDFE50B1436810331E
:10F9000007D16FF08B03436000F13401034829F005
:10F9100063FF84F31188BFF36F8F10BDE0270020D1
:10F9200070B50F4C04254FF02003EFF3118683F3DD
:10F930001288BFF36F8F6368103307D16FF08B03AA
:10F940000848636004F1340129F046FF86F311880A
:10F95000BFF36F8F013D04F14804E4D170BD00BFD7
:10F96000A04F0020E027002070B50A4C0A4E002569
:10F970003146204629F003FF0122A4F11800114668
:10F98000013529F079FE042D04F14804F0D100205E
:10F9900070BD00BFD44F0020A1F6020008B501469B
:10F9A000034822F0D7F910B1012300F8073C08BD45
:10F9B000C05000200169012381F84B300B6833B13E
:10F9C00091F849301BB10248083129F005BF704752
:10F9D000E02700200169012381F84A300B6833B128
:10F9E00091F848301BB10248083129F0F5BE704744
:10F9F000E027002038B5056995F89E0088B195F894
:10FA00009F307BB985F84830D5F8900021F0CAFDC9
:10FA1000002204460023044805F118011EF0C6FD2B
:10FA2000204638BD0020FCE7E027002013B504691C
:10FA30008DF8071094F89E30A3B194F89F308BB9DD
:10FA40000DF10701D4F8900084F84830012221F02C
:10FA5000A9FD014640B10D482122002304F11801FF
:10FA60001EF0A4FD02B010BDD4F89000012221F0D8
:10FA7000EDFD0028F6D0D4F8900001220DF1070129
:10FA800021F090FD0028E6D1ECE700BFE027002040
:10FA9000F0B5D0F88C305B681B6A1F7D85B00546D9
:10FAA000384622F06DF90646E0B9A86F4FF480623F
:10FAB00003A921F096FD0446A0B18306A5F1180321
:10FAC00008BF00F1FF3485F830600193064B0399BD
:10FAD0000093224602233846FFF792FEA86F214684
:10FAE00021F09FFD05B0F0BD8DFB020070B504460E
:10FAF0000E4601791548154622F01EF910B394F907
:10FB000000206378002A16DB202B04D0222B0ED095
:10FB10006FF085000AE02B681A6840F8102C9A886C
:10FB200020F80C2C9B7900F80A3C002070BD6388FB
:10FB300000F8093CF9E7212BEAD1103807232860A7
:10FB40003360F2E76FF01200F0E700BFC050002012
:10FB50000D4A03460021A0F848101068C3F894002D
:10FB600090889279A3F8980083F89A2083F89C10E3
:10FB700083F89B10A3F89E1083F8A010402203F195
:10FB80004C002AF091B900BFD8A8050010B5012398
:10FB900082F84830136814463BB192F84A3023B1DA
:10FBA0000A4802F1080129F017FED4F890309A684B
:10FBB0001B699A4208D004F118010448BDE81040BE
:10FBC000002200231EF0F2BC10BD00BFE027002081
:10FBD00010B504690023C4F8A8300C4BC4F8A40085
:10FBE000596804F1A80269B9C3E9002204F10800C8
:10FBF000074929F0C4FD04F11800064929F003FE65
:10FC0000002010BD0A605A60F0E700BFC05000201D
:10FC1000AB1D050091FA020030B54FF40033426885
:10FC200005690D4C85B042F2A100CDE90103002326
:10FC300085F89D30106AADF80C1000790A2201A9F0
:10FC400022F056F895F89D3023B9012029F072FB77
:10FC5000013CF7D105B030BDA186010073B5144653
:10FC600002F14C060A1E05461FDDD4F88C00314611
:10FC700021F098FC012384F8493023683BB194F8C3
:10FC80004B3023B10E4804F1080129F0A5FDD4F84A
:10FC90008C104B684A699A1ACB699B1A3F2B04D87F
:10FCA000012384F8A03002B070BD064B009301948C
:10FCB0000123402231462846FFF7A2FDF3E700BFAB
:10FCC000E02700205DFC020038B50D4601461E48C5
:10FCD00022F026F8044680B30246691E52F8A43981
:10FCE0005B68052929D8DFE801F0202803202529B1
:10FCF00014F8061C31B91B6A187BFFF7AFFF01230C
:10FD000004F8063C14F85C3CBBB9012304F85C3CE5
:10FD100054F8A43C8BB114F85A3C73B1A4F19C0183
:10FD20000A48BDE8384029F057BDBDE838401046C4
:10FD3000FFF70EBF012304F8053C38BD14F8053C5D
:10FD4000002BFAD00023F6E7C0500020E027002067
:10FD500037B5094D0949002400944FF0FF334FF4A3
:10FD6000806228461EF0EAFB0549284629F0ADFBD3
:10FD7000204603B030BD00BFE0270020A8A8002027
:10FD800085F105001FB507240294044C0194BDF8C9
:10FD90001840009426F0B0F804B010BD7C1000208C
:10FDA00010B5084C86B024788DF8174001240294D1
:10FDB0000DF117040194BDF82040009426F09CF842
:10FDC00006B010BD83100020014B1878704700BFAB
:10FDD0008310002000B589B064288DF8070019D879
:10FDE0000E4B18221870002102A82AF05DF80C4B67
:10FDF00003930DF10703049302A901230020ADF83A
:10FE0000143006F0CBFA10F1800F08BF002009B0C3
:10FE10005DF804FB6FF01500F9E700BF83100020C8
:10FE200004C105002DE9F0410F4B1C6805460E4644
:10FE30001746ACB14FF0FF324FF0FF330B481EF0C6
:10FE40008BF963683246D3F8088029463B46204642
:10FE5000C047044605481EF0F9F92046BDE8F08188
:10FE60006FF00104F9E700BFC8500020F411002032
:10FE700000230360044B5A6812B9C3E900007047BD
:10FE800010605860704700BFCC500020014B1860D4
:10FE9000704700BFC850002030B585B0002305462C
:10FEA000CDE9023301904FF0FF330C484FF0FF32A1
:10FEB0001EF052F90A4B1C684CB9284600F0CEF8E7
:10FEC000044606481EF0C2F9204605B030BD6368FE
:10FED00020461B6801A998472468EDE7F41100202B
:10FEE000CC5000201FB5CDE9010103924FF0FF3344
:10FEF0000A484FF0FF321EF02FF9094B1C682CB94D
:10FF000006481EF0A3F9204604B010BD63682046E1
:10FF10001B6801A998472468F1E700BFF41100208D
:10FF2000CC500020024B0022C3E90022704700BFE2
:10FF3000CC500020024B0022C3E90022FFF7F2BFA1
:10FF4000D450002070B51B4C1B4E0546B44212D352
:10FF50001A4E1B484FF0FF324FF0FF331EF0FCF8F3
:10FF600034687CB1286854F8141C143CF6F732FA53
:10FF7000C8B16469F5E721682868F6F72BFAA8B1DB
:10FF80001434E3E700226A61726805F114033AB998
:10FF9000C6E9003300240A481EF058F9204670BD17
:10FFA00013607360F6E76FF01004F4E76FF010046D
:10FFB000F4E700BF14A70500F0A70500D450002007
:10FFC000F41100202DE9F74307460C4609B1002340
:10FFD0000B601F4DDFF8809000264D450FD31D4B61
:10FFE0001D6885B355F8148C01AA41463846143D66
:10FFF00022F007F810B3D6B914BB2E461EE0D5F890
:020000023000CC
:10000000008001AA4146384621F0FBFF50B116B9E5
:1000100054B92E4606E031680022404621F0F1FF37
:100020000028F5D11435D8E7019B2360F1E731684A
:100030000022404621F0E5FF0028DDD16D69D0E7C0
:10004000019B2360D9E7304603B0BDE8F08300BFD1
:1000500014A70500D4500020F0A70500F8B5184CEF
:10006000184F06460025BC4208D3174B1C682CB31A
:10007000143CB6B9E368E3B96469F8E72EB9E368FC
:100080005BB9284614340546EDE720680022314666
:1000900021F0B7FF0028F2D1F3E79847002DF0D107
:1000A000F0E720680022314621F0ABFF0028E1D1C3
:1000B000E2E79847002D08BF0546DDE72846F8BD72
:1000C00014A70500F0A70500D450002038B50C4D4A
:1000D0000C484FF0FF334FF0FF321EF03DF82B7805
:1000E0003BB9FFF727FF00F06DF8044610B9012374
:1000F0002B70002403481EF0A9F8204638BD00BF2D
:10010000D18F0020F41100202DE9F047048FDFF893
:10011000B0A0013498B080468946A4B200F1080628
:10012000651EADB2B5F5004F47D04A2305AA294652
:10013000304621F065FD04F57F543F34A4B20746F4
:10014000214601230DF10B02304621F059FD002F0D
:10015000014603DC002803DC2C46E1E7002816DC1E
:10016000B8F83830AB4209D142466B1E22F8383F0E
:100170004FF4004102233046FEF770FB294630461B
:1001800021F0DAFC2146304621F0D6FCE4E707F105
:1001900060030DEB0307002307F84C3C5246CDF8F3
:1001A000009003AB05A80396ADF8104021F05FFF67
:1001B0000028D1D018B0BDE8F0870020FAE700BFD2
:1001C000DD2005007FB50123694602200193FEF77B
:1001D0006FFC044660BB02AA01A90220FEF790FC56
:1001E000044610B110F10C0F22D10399B1F5803FF4
:1001F00023D2009A002394681846084484421AD3F4
:100200000133082BF9D10E4DA982EB825368AB6004
:100210002846D368EB6321F0FBFF044640B9094E42
:100220006E602846FFF724FE28466E60FFF72EFE1C
:10023000204604B070BD9BB2E5E76FF02004F7E7FD
:10024000DC50002020070020014B1868704700BFD9
:1002500034070020F0B5082289B022F0B1F9CB6A4A
:1002600003930B6B04934B6B05938B6B0693CB6BD8
:10027000079313466A460C46064600271146104669
:10028000CDE90177009722F0AAF8314605463046BD
:1002900022F0A5F8216B0391616B0491A16B05918C
:1002A000E16B0544CDE906171046114622F097F898
:1002B00031460544304622F092F80544206A009009
:1002C000606A0190A06A0290A06B0690E06B0790B4
:1002D0003046CDE90477039722F081F80544606A3F
:1002E0000090A06A0190E06A0290A06BD4F834C03C
:1002F0000490E06BCDF80CC0CDE9050C206A0790A6
:10030000304622F06CF80544E06A0090206B0190C2
:10031000606B0290206A0690A06A07903046CDE993
:100320000477039722F07FF9236B0093636B0193AB
:10033000A36B0293E36B0393636A0693E36A0793E9
:100340002D1A0823304622F06EF9636B0093A36BDD
:100350000193E36B0293236A0393636A0493A36A92
:10036000CDE90537236B07932D1A0823304622F079
:100370005AF9A36B0093E36BCDE90137636A0393EA
:10038000A36A0493E36A0593636B07932D1A08230A
:10039000304622F048F92D1A10D40D4C35B90822F8
:1003A0003146204622F018F901280FD008232246B2
:1003B0003146304622F037F92D1AEFE7044A082378
:1003C0003146304622F00BF82D18F8D409B0F0BDB4
:1003D00058C105000449431E0F3013F8012F8A5CF1
:1003E0001A708342F9D170479AF10500F0B5264E94
:1003F00007460C460FCE8DB001AD0FC50FCE0FC511
:1004000096E8070085E807003846002F38D0002C12
:1004100038D0381F2146024610344B780D781B0423
:1004200043EA0563CD782B438D78043143EA0523F5
:100430008C4242F8043FF0D1144C04218A0703692E
:1004400016D1C3F30742A55C1A0EA25C42EA05620C
:10045000C3F30725DBB2655DE35C42EA054242EA8D
:10046000032221F0030330336B4453F82C3C5340F8
:1004700050F8042F013153402C290361DED10120B3
:100480000DB0F0BD2046FBE78CA805009AF10500F1
:1004900030BFFFF7FDBF00BF114B124A2DE9F041FD
:1004A000D518DFF84C80013DB5FBF3F55D430E4BED
:1004B00008EB0304013CB4FBF3F403FB04540E1BF0
:1004C00007460A49304629F0E1FC701942460021EE
:1004D000083E29F0E9FC7E6704F10800BDE8F081E0
:1004E000010000000000000004000000F0A705006B
:1004F00008000000044B99689869884203D00349BA
:100500004FF080520A607047488A002004ED00E0F6
:10051000134B9A6A12F0007F9A6A14BF1E201D20A6
:1005200012F0807F9A6A18BF1F2012F4002F9A6A77
:1005300018BF212012F4802F9A6A18BF222012F4CB
:10054000003F9A6A18BF232012F4803F9A6A6FEA2C
:1005500002426FEA12429A6218BF2420704700BF1D
:1005600000ED00E010B5194B0246986A9C6A10F441
:10057000805F14BF1720162014F4006F9C6A18BF08
:100580001820A40509D5986B986A000404D51AB1FF
:100590009A6A22F400429A6219200C4B9A6A12F469
:1005A000806F9A6A18BF1A20D2050CD49B6A13F484
:1005B000005F18BF1C20054A936A43F47F4393628F
:1005C00000230B7010BD1B20F5E700BF00ED00E01D
:1005D00010B51C4B0246986A9C6A10F0100F14BFAD
:1005E0001120102014F0080F9C6A18BF1220A407D5
:1005F00009D5586B986A000604D51AB19A6A22F098
:1006000080029A6213200F4B9A6A12F0010F9A6AC5
:1006100018BF142012F0200F9A6A18BF1520D406B4
:1006200058BF9B6A074B9A6A920642BF5A6A22F4E5
:1006300000525A629A6A42F0FF029A6200230B70DB
:1006400010BD00BF00ED00E070B5444B5B689CB08E
:100650000646C3F30803002585F31188BFF36F8FA7
:1006600002F07F40B0F17F4F11D102F00C0008285A
:100670000DD010074CBF0E4601250022033B8DF81C
:100680000720032B05D8DFE803F01E5C60592E46D7
:10069000F3E700249DF807309BB96822314602A891
:1006A00029F0F4FB099B002D53D0C3F3080222B9B3
:1006B0006FEA53236FEA4323099302A9204622F0ED
:1006C000D9FE1CB070BD254BDA6A9107E1D4DA6A15
:1006D000002ADEDBDA6A5200DBD55A69B16942F4DE
:1006E00080725A61BFF34F8FBFF36F8F5A6931F831
:1006F000021C22F480725A61BFF34F8FBFF36F8FD9
:100700004DF60272914209D09A6AD2B242B10DF10D
:1007100007010120FFF75CFF0446BBE73468B9E737
:100720009A6A12F47F4F05D00DF107010120FFF7FF
:1007300019FFF1E79B6AB3F5803FAAD3FFF7E8FE04
:10074000EAE70DF107010020E4E70DF107010020C1
:10075000EDE723F4FF7323F00103ADE700ED00E0C4
:10076000024A536943F010035361704700ED00E003
:10077000EFF30880EFF3098101B57246FFF764FFDC
:1007800001BD00BF044800232021C2180133302BD3
:1007900082F80013F9D1704700E100E0FDF71CFD7D
:1007A000202080F3118808484FF40061401880F33E
:1007B0000988EFF314800221084380F31488BFF303
:1007C0006F8F00F0D5F8000060C70020084B9B68D1
:1007D00083420BD1EFF3058343B1064B5A6842F0D5
:1007E00080525A605A6A22F400425A621EF03EBA9F
:1007F000488A002000ED00E0094A0A499368096828
:10080000D967094998674B6843F080534B600023D0
:1008100083F31188BFF36F8F9368D86F704700BF61
:10082000488A002004DD050000ED00E021498A68C7
:1008300082F8C1E04FF030001044EFF3098C80E8FB
:10084000F01F1EF0100F03D102F1800080EC108A1F
:10085000202080F31288BFF36F8F174F4FF0006690
:100860008A698A603E604FF0740414192068134C42
:10087000206092F9C1E0906F0023936780F31188A4
:100880001EF0100F03D00023E1EE103A03E002F156
:10089000800090EC108AEFF3148323F0040383F3B9
:1008A0001488BFF36F8F02F1300090E8F01F8CF3D3
:1008B00009887047488A002004ED00E01C510020A0
:1008C0001EF0040F0CBFEFF30880EFF3098081697D
:1008D00011F8021C0229FFD001B522F0CDFD01BDA7
:1008E00040B2002807DB044A4109012300F01F0041
:1008F000834042F82130704700E100E040B2002818
:100900000CDB4309064900F01F002033012282401E
:1009100041F82320BFF34F8FBFF36F8F704700BFA5
:1009200000E100E0054B420900F01F0053F82220CF
:10093000012303FA00F01040704700BF00E100E01F
:1009400040B20028A8BF00F1604001F10101B8BF2A
:10095000064B4FEA4111ACBF00F5614000F00F00BB
:10096000C9B2B4BF195480F80013704714ED00E009
:10097000144A08B5144B22F07F029A60BFF34F8FE0
:10098000BFF36F8FD3F8882022F47002C3F8882059
:10099000D3F8882042F4A002C3F888204FF04042E8
:1009A000C3F83422BFF34F8FBFF36F8F0023E1EE04
:1009B000103A1DF05DF91EF0CFF9FFF7E3FE1DF0D0
:1009C000A5F900BF0060020000ED00E042F8203C05
:1009D000009B42F81C3C019B42F8183C0A49029BD0
:1009E00042F8143C4FF0807342F8043C21F00101BE
:1009F000002342F8081C203A83674FF47D430265C8
:100A0000C0F8C030704700BF59DF0200114B9B682F
:100A100083421BD1EFF30580C0B94FF02002EFF302
:100A2000118182F31288BFF36F8F1A7B22F00202CA
:100A30001A73EFF3148323F0040383F31488BFF3D2
:100A40006F8F81F31188BFF36F8F70476FF01500C0
:100A5000704700BF488A00200023E1EE103AEFF310
:100A6000148323F0040383F31488BFF36F8FBFF361
:100A70006F8F094B9860094B406F1860104681F3E7
:100A80000988002163B681F31188BFF36F8F0022BC
:100A90000023FDF761FA00BF488A00201C510020A6
:100AA000014910220A60704710ED00E072B6404024
:100AB00080F31188BFF36F8FBFF34F8F30BF62B6E3
:100AC000BFF36F8F704700BF72B6494081F3118842
:100AD000BFF34F8F20BF80F3118862B6704700BF0D
:100AE00001B5EFF30580A0F110004FEAC000044902
:100AF000014409C99847BDE8014002490847000080
:100B000010A50500F5040300024B034A0348012128
:100B100000F030B8000004200000002004C20500EE
:100B2000084AC2F898000B6823F01F03034343F000
:100B30001003C2F89C308B6843F00103C2F8A03068
:100B4000704700BF00ED00E0044B0522C3F894207D
:100B5000BFF34F8FBFF36F8F704700BF00ED00E012
:100B6000BFF35F8F024B0022C3F89420704700BF91
:100B700000ED00E010B5034C0123227822F09BFC2D
:100B8000207010BDD28F0020F0B5454D2C68082C88
:100B900085B000F28280FFF7E3FF00200C2684423C
:100BA0000DD1404D404F2C706846FDF729FF0024C1
:100BB0000646A6420AD1FFF7C7FF00201CE069687D
:100BC00006FB0011FFF7ACFF0130E8E7009800EBEF
:100BD00004114FEA041CCB683B40B3F5000F4AD028
:100BE0000CD8B3F5001F30D0B3F5800F38D0B3F573
:100BF000801F12D06FF0150005B0F0BDB3F1807FFB
:100C000042D0B3F1007FF5D150F80C3088684A68C3
:100C100022F041FC40F4802009E050F80C30886854
:100C20004A6822F038FC40F0885040F430200390AD
:100C300028780728CDE90123DCD801A9FFF770FF48
:100C40002B7801332B700134B3E750F80C308868EF
:100C50004A6822F020FC40F0885040F40020E6E78B
:100C600050F80C3088684A6822F015FC40F000709B
:100C700040F40030DBE750F80C3088684A6822F016
:100C80000AFC40F08270D2E750F80C3088684A685D
:100C900022F001FC40F08870C9E74FF0FF30ABE76D
:100CA00010C20500D28F00200000F0FF08B50248F6
:100CB00020F027F9FEE700BF9AF2050008B50448C6
:100CC00020F01FF9404080F311884FF0020002DF4E
:100CD000A0F2050008B50649064821F00701C1F158
:100CE000005202F5802220F0A7FA002008BD00BFC4
:100CF00089F0002020510020044A0123C2F8403529
:100D00004FF080420020C2F87835704700E0014083
:100D10004FF08043C0B2C3F81C05BFF34F8F0549A5
:100D2000054BCA6802F4E0621343CB60BFF34F8FF8
:100D300000BFFDE700ED00E00400FA0520B1034B21
:100D4000800143F001031847704700BF20A9050048
:100D500008B5044828F0F3FA00280CBF6FF0120021
:100D6000002008BD10A2050010B50C460146084839
:100D700020F0F0FF50B1022C08D150F8083C2BB104
:100D80001B691BB1BDE810400068184710BD00BFCB
:100D900044510020F8B590F90030002B04460D4670
:100DA000174602DB6FF01500F8BD038823F0E0035F
:100DB0009BB240F201629342F4D146880179124815
:100DC000360A20F0B9FF0028ECD0212E04D0222EC4
:100DD0000FD06FF08500E7E70368E1885B685B6828
:100DE00013F8092F914294BF29602A603B600020CC
:100DF000DAE7E38850F80C2C9A4294BF2A602B6003
:100E000050F8103CF2E700BF445100202DE9F041BA
:100E100004460E4601791448174620F08DFF05461A
:100E2000D0B194F9002000686378002A0DDA012B14
:100E300016D155F8083C9BB11D688DB13B46324632
:100E40002146AC46BDE8F0416047092B08D155F872
:100E5000083C2BB15D68F0E76FF01200BDE8F0814F
:100E60006FF08500FAE700BF4451002010B50C4632
:100E700001460F4820F054FF50B1611E052907D8E4
:100E8000DFE801F0070603070D0F012300F8043C1B
:100E900010BD002300F8043C00F8033CF8E70123F0
:100EA000FAE710F8033C002BF2D00023F4E700BF70
:100EB0004451002010B50469C4E90012A360002366
:100EC0006361064B2061596804F1140211B9C3E94A
:100ED000002210BD0A605A60FBE700BF44510020A9
:100EE000F8B5594EBFF35B8F3468BFF35B8F14F0D6
:100EF000010450D0554F564C564D57483A4621465E
:100F000021F0C6F9E0B320222946204629F005F851
:100F10000028F2D000274FF0FF324FF0FF330120BE
:100F200000F08AFB00F10C0502210446284626F059
:100F300088FC3E230370422343700121284626F09B
:100F400080FC082303704121284626F07AFC0546E0
:100F500000F8017BB7B14022002128F0A5FFBFF3C4
:100F60005B8F56E8003F23F0010346E80032002A79
:100F7000F7D1BFF35B8F2046BDE8F84001F0C8B859
:100F80001F27C8E7344922F04EFB203105F121002C
:100F900022F049FBE3E7BFF35B8F3368BFF35B8F5E
:100FA0009B0750D529492C4822F02FF8002811DB47
:100FB000BFF35B8F264933682648BFF35B8F13F07E
:100FC000040F01F12002214B18BF0146104621F009
:100FD000ACF904464FF0FF324FF0FF33012000F030
:100FE0002BFB00F10C0702210546384626F029FCB0
:100FF0003E230370222343700121384626F021FC52
:10100000092303702121384626F01BFC03460130DA
:101010009CB91F221A70FF21202228F045FFBFF340
:101020005B8F56E8003F23F0020346E80032002AB7
:10103000F7D1BFF35B8F28469EE7002206491A705E
:1010400022F0F1FAEBE7F8BD4C51002034C2050064
:10105000D38F0020E7F20500F38F002070B5214CFC
:10106000BFF35B8F2368BFF35B8FDA0706460D463D
:1010700001D50C2070BD012931D8BFF35B8F54E836
:10108000003F43F0020244E800210029F7D1BFF3FA
:101090005B8F9B07EDD41448314622F0C4FA134805
:1010A00006F1200122F0BFFABFF35B8F75B154E85F
:1010B000003F43F0040344E80032002AF7D1BFF3B5
:1010C0005B8F0B4800F03EFA0020D3E754E8003F66
:1010D00023F0040344E80032002AF0D0F6E712209F
:1010E000C8E700BF4C510020F38F00201390002070
:1010F0004007002070B5067E044676B9C3681D8897
:1011000042F22602954245D00FD842F201029542A2
:101110004FD042F225039D4213D02A4BD3F85C31C5
:1011200020465B69BDE87040184742F25E039D426D
:10113000F3D103210C3026F0ADFBE06890F84010AD
:101140002EE003210C3026F0A5FB204617F082FD8F
:10115000BFF35B8F1C4B1A68BFF35B8F920707D5F9
:101160000C26314642F2250022F039FA002070BDEB
:10117000BFF35B8F53E8002F42F0010143E80010FA
:101180000028F7D1BFF35B8FD307E9D40F4800F0F5
:10119000D9F9E6E703210C3026F07CFBE068314604
:1011A000FFF75CFF0646204617F054FD31462846FF
:1011B000DAE7DA7802F07F02DA701A7922F00102B7
:1011C0001A71AAE7200100204C510020400700209E
:1011D0002DE9F341254CBFF35B8F1F462368BFF316
:1011E0005B8F1646DA0705462BD520B96FF0010054
:1011F00002B0BDE8F08101A920F027FF1C4980461C
:101200000246284628F099FEE8B9BFF35B8F2368B1
:10121000BFF35B8FC3F3C0081B0712D4A4F1D4053E
:10122000072229463846B047062895BF44F8D48C93
:101230000723C5F80380B0FBF3F094BF85F807805F
:10124000E8710020D4E728460A49424628F075FE96
:1012500005460028CAD1102204F18C013846B04757
:101260000028EEDB044484F88C50EAE7F401002007
:101270005CE6050007F305002DE9F04188B09C7994
:10128000DDF838805D791E79DF7893F802C093F835
:1012900001E01B78B8F1000F0ED0CDE90638CDE99A
:1012A00004CE1346CDE90267CDE90045084A1EF099
:1012B00005F808B0BDE8F081CDE905E3CDE9037C90
:1012C0001346CDE90156034A00941DF0F7FFF0E7FD
:1012D0000CF3050030F3050070B504468CB01E46D3
:1012E0001546A2B129B10A4602A804211FF08EFDBD
:1012F00002A900912B462246242103A8FFF7BCFF38
:10130000109A314603A8FEF78DFD0CB070BD034660
:10131000044A242103A81DF0D1FF0028F0DA6FF061
:101320001500F2E751F3050007B5064B0648DA79D8
:10133000C2EBC202009200221146FFF7CDFF03B0BC
:101340005DF804FB200100205CE6050030B5044692
:101350008DB0154692B129B10A4602A804211FF0AA
:1013600055FD02A900912B462246242103A8FFF730
:1013700083FF03A820F041FE0DB030BD0346054AAF
:10138000242103A81DF09AFF0028F2DA6FF015005F
:10139000F2E700BF51F3050007B5009313460A4674
:1013A00001460348FFF798FF03B05DF804FB00BF58
:1013B00051F505000A4601460148FFF7C7BF00BFC7
:1013C00051F5050007B5009313460A460146034848
:1013D000FFF782FF03B05DF804FB00BF4BF505008B
:1013E00007B5009313460A4601460348FFF774FF0A
:1013F00003B05DF804FB00BF3CF505000A4601465A
:101400000148FFF7A3BF00BF3CF5050007B5002268
:101410000346009103481146FFF75EFF03B05DF8F5
:1014200004FB00BF43F5050007B500220346009109
:1014300003481146FFF750FF03B05DF804FB00BFFF
:1014400007F3050008B502481DF072F8002008BD3A
:101450005007002070B51D4CBFF35B8F2368BFF3AE
:101460005B8F13F0010F254622D094F88C30A4F145
:10147000D40613B9164800F063FFF379D3B1BFF374
:101480005B8F2368BFF35B8F5A0701D400F0D6FE51
:10149000BFF35B8F55E8003F23F4803245E800211D
:1014A0000029F7D1BFF35B8FDB0301D5FFF7CAFF3C
:1014B000002009E001F0F2F930B9F379002BDED118
:1014C00001F030FA0028DAD070BD00BFF40100202E
:1014D000C3E8050007B5009313460A4601460348D2
:1014E000FFF7FAFE03B05DF804FB00BF90F50500BE
:1014F0000A4601460148FFF729BF00BF90F50500E5
:1015000030B50A4D0A4B85B0002428460293039457
:1015100028F073F902AB0093284606490A234FF4DA
:10152000A3621DF00BF8204605B030BDC82800208E
:101530005AF30500A8AC0020014601481DF036B85A
:10154000C82800200146014828F046B9C8280020D4
:101550000378012B30B513D0022B27D07BB9194B60
:101560000A4603F1100453F8045B42F8045BA342FB
:10157000F9D11B78137043884B731B0A8B7330BDF2
:10158000104B0A4603F1100453F8045B42F8045B65
:10159000A342F9D11B78137043684B73C3F307223E
:1015A0001B0CCB731B0A8A730B74E8E700F1100362
:1015B00050F8042B41F8042B9842F9D103780B70B2
:1015C000DDE700BF85F3050010B5034686B01C7843
:1015D000012C0846114609D0022C0AD0FCB95B88C0
:1015E000124A06B0BDE810401DF068BE5B68104AA4
:1015F000F7E7B3F801200492D3F803200392B3F87D
:1016000007200292B3F809200192B3F80B20009250
:10161000D3F80D30074A1DF051FE06B010BD002171
:1016200006B0BDE8104028F03FBC00BF80F30500C5
:1016300063F3050068F3050038B50546054826F054
:10164000BBF8044620B100210C3026F0F6F82576D0
:10165000204638BD4C14002070B502460D48BFF33B
:101660005B8F0B46002150E8004F40E80015002D2D
:10167000F9D1BFF35B8F24B9BDE870400120FFF7BB
:10168000DBBF012304F10C002376218226F0D5F87C
:10169000204670BD6002002070B504460F2C0D4638
:1016A0001046194605D80D2C0DD9BDE87040FFF73E
:1016B000D3BF132C07D10C4826F07EF8044638B966
:1016C0000024204670BD02460B4645B10748F3E7AB
:1016D00000210C3026F0B1F801232376F1E7BDE8B4
:1016E00070400120FFF7A8BF78140020C813002025
:1016F000F8B506460F4602F013FC044640B1837865
:10170000012B24D0132123F072F8204622F04FFF42
:101710003946304606F0B0FD054628BB394630460E
:1017200005F014FB144B1B6823B31C6804B10C3C7C
:1017300053F8043C13B1394630469847D4B1234698
:10174000E4689B68A4B10C3C002BF4D1F7E70023BC
:10175000D0F8B850C0F8B830132123F048F820462C
:1017600022F025FF002DD3D0284625F00EFFD5E727
:10177000002BE0D1F8BD00BF8855002038B5C36804
:10178000B3F801401B7893B90F21204602F03CFAD0
:10179000054668B96FEA0450094A05236FEA1050FC
:1017A00032F8021B09B922F8020C013BF8D138BD0E
:1017B000012102F04BF92846BDE8384022F0F7BE7F
:1017C0008A8A002010B5084C0146052294F86F0063
:1017D00002F0F8FB38B994F86F000449BDE81040F6
:1017E000042202F0EFBB10BD20010020CDF2050065
:1017F00010B5012104460C3026F054F82146034A66
:101800000078BDE810400B2322F095B86CC30500AA
:10181000F8B50746907A0E46144617F06DF9284B36
:1018200083424BD1204617F06FF9264D0C2303FB62
:1018300000504388BB4241D1234FD7F8400120B12B
:1018400017F008FA0023C7F84031204617F05CF97A
:101850000C2707FB005043689BB196B9204617F050
:1018600053F907FB005001214268D2E90003127AC4
:1018700003F01F07B9405B09D2B100EB830021F0F0
:10188000D4FF204617F040F90C2707FB005083686F
:10189000A3B1204617F038F978432E54204617F0AC
:1018A00033F907FB0055A868BDE8F8401CF03EBDC1
:1018B000C94300EB830022F055F8E2E7F8BD00BF12
:1018C00020140020505100202001002038B50421B0
:1018D00004460C3025F0E6FF457801784088224622
:1018E000FFF796FF25B10348BDE838401CF01EBD48
:1018F00038BD00BF4802002038B5032104460C3033
:1019000025F0D0FFE36805781978B0F80100224689
:10191000FFF77EFF25B10348BDE838401CF006BD47
:1019200038BD00BF480200202DE9F0473C4FDFF8EA
:101930000C8107F11409FB6848466FF39433FB6090
:1019400002F032F8451C36484FF0FF324FF0FF33BB
:1019500029461DF0FBFB60B13249334840F6E523D0
:1019600042461FF093FE404080F311884FF0030081
:1019700002DF2B4E15B91DF0BDF8DCE7F368C3F3A9
:101980008633042B42D1337B002B42D127480022DF
:10199000002325F016FF044660B92549224840F689
:1019A000772342461FF072FE404080F311884FF0CB
:1019B000030002DFDFF888A01E484FF0FF324FF02F
:1019C000FF331CF0D9FCDAF8400120B117F042F9DE
:1019D0000023CAF84031204625F0F7FECAF840013E
:1019E0002046FFF787FB88B112481CF09FFC204679
:1019F00017F08AF8104B0C2202FB00301F214088A0
:101A00002246FFF705FF204617F024F91436013D62
:101A1000B0E7012BFAD13069383802F0D1FCF5E794
:101A200060070020CAF30500D3F30500640200201C
:101A3000F0F30500480200205051002096F3050005
:101A40002001002010B5C1E900239DF808300B7279
:101A50000C4617F059F8034B0C2202FB00335C6074
:101A600010BD00BF505100202DE9F0474FF0FF326C
:101A70004FF0FF3306461748174D0F4625F09CFEE2
:101A8000044600F10C0A00214FF00008504625F0F2
:101A9000D4FE84F81880204617F036F84FF00C0971
:101AA00009FB00504680204617F02EF809FB005035
:101AB000C0F80880204617F027F809FB00550321DD
:101AC0005046C5F8048025F0BCFE0680877020468D
:101AD000BDE8F087201400205051002038B505469D
:101AE0000C4619B9FFF7C0FF044698B140F63543DC
:101AF0009D4209D12046FFF7FDFA054640B1204638
:101B000017F0A8F8284638BD0448214625F05BFEAA
:101B10000025F7E76FF06805F4E700BF64020020D6
:101B20002DE9F041074686B015460C4621B9FFF76E
:101B30009BFF044600284DD001220021684627F073
:101B40009BFD204616F0E0FFDFF8A8800C2303FB86
:101B50000080C0F808D0204625F037FE0146204816
:101B600025F031FE4FF4A022002368461CF004FC4F
:101B7000064688B14FF4A9731A4A1B491B481FF047
:101B800085FD1B48324639461FF080FD404080F3FA
:101B900011884FF0030002DF204616F0B5FF0C233A
:101BA000584318F800606EB1204617F053F8092E1C
:101BB00013D00D2E0CBF6FF00B006FF0040006B0B9
:101BC000BDE8F08115B12C600020F8E7204617F041
:101BD00041F8F9E76FF06800F1E76FF06E00EEE7AB
:101BE0006402002096F30500CAF30500D3F3050054
:101BF000F4F3050050510020F7B5144B93F99B30D6
:101C0000002B05460C461DDA14B9204603B0F0BD82
:101C1000082C01AA4FF0000142F21800264628BF06
:101C20000826FFF77DFF0028F0D1019FF9683246B2
:101C30000131284628F02AF9384617F00BF83544C8
:101C4000A41BE1E76FF08500E0E700BF2001002062
:101C50000138C0B202289ABF014B185C00207047BF
:101C6000BAF40500F0B587B006460DF10B0100206F
:101C700000F086FE0546002845D1192142F20D00EC
:101C8000FFF7F2FE0746002840D019210C3025F05E
:101C9000D8FD29460446192228F006F91D4A9DF868
:101CA0000B30237392F8211192F82031994294BF9E
:101CB00006F1880106F19601601D21F012FE93895C
:101CC0002380D3896380B6F8A030A4F80D30B6F82D
:101CD000A230A4F80F30B6F8A430A4F81130B6F84A
:101CE000A630A4F81330012300930C230DEB03015D
:101CF000094A3846FFF7A6FE0022394642F20D0097
:101D0000FFF70EFF0546284607B0F0BD6FF06805E7
:101D1000F9E700BF20010020F401002030B50021C8
:101D200087B042F20E00FFF79FFE00250C23044609
:101D30000DEB0301054A0095FFF784FE2A46214674
:101D400042F20E00FFF7ECFE07B030BDF4010020B8
:101D50002DE9F0419A4AB0F80180054686B048F472
:101D600070410023104632F8024BA14220D10022DC
:101D700020F81320012600F0B5FB2C78002C3DD074
:101D80003C2C1AD100F006FF6FF08001103021F0DA
:101D9000E9FD0020FFF716FD054660B3047300213E
:101DA00001F054FE284606B0BDE8F04122F0FFBB2A
:101DB0000133052BD7D10026DDE7022C1BD10021F2
:101DC0000622084602F0FEF8054688B10473002199
:101DD00001F03CFEBFF35B8F6B68BFF35B8FD807EE
:101DE00003D52146284601F031FE284622F0DFFBCC
:101DF000002001F053F906B0BDE8F081EB78012B2B
:101E000008BF704B05F10407384608BF93F86F40D0
:101E100021F0B6FC3946002800F0BB8004A821F070
:101E2000A4FC05F111010DF1090021F061FD012370
:101E30008DF80830E878002840F0B780062204A921
:101E400002F0C0F8EB78012B04460AD100F0A2FEA4
:101E50006FF080010746103021F084FD384622F0F3
:101E6000B3FAEB7823B958486FF4805121F07AFD2A
:101E7000002C00F09C802046B5F8013020F8883B0B
:101E800004A921F02EFDB5F81730A4F89E30B5F85E
:101E90001930A4F8A430B5F81B30A4F8A6300022FD
:101EA000EB782273494AC4F8BC204732C4F8C020FA
:101EB000012B4FF4A472E370A4F8C42015D102A939
:101EC00004F18F0021F00DFD00F064FE217A3D4AFF
:101ED000C1EBC101114404F1960021F002FDD2F8DA
:101EE000E430590601D500F0EBFFE3786BB902A9A5
:101EF00004F1960021F0F5FC217A324BC1EBC101CF
:101F0000194404F18F0021F0ECFC0721204601F078
:101F10009DFD1EB10121204601F098FD204622F0D2
:101F200083FB637B072B2CD1BFF35B8F6368254E4C
:101F3000BFF35B8F13F4005F18D1E3781BB196F801
:101F4000D8301A0712D5022142F21600FFF78CFD95
:101F5000054658B102210C3025F073FC238803801C
:101F60000022294642F21600FFF7DAFD96F8D93032
:101F7000DB0706D50021022300911A46204621F0F6
:101F8000C4FE204622F013FBE378002B7FF433AF2E
:101F90002EE7204622F081F8014604A821F0A1FC9A
:101FA000394602A821F09DFC44E7012804D0132102
:101FB000404621F08FFE1EE704A8FFF703FC41E72F
:101FC0008A8A002020010020F401002001011B006A
:101FD00000B5C16889B00B788DF80030B1F80130D8
:101FE000ADF80130CB788DF80330B1F80B30ADF897
:101FF0001730B1F80D30ADF81930B1F80F30ADF839
:102000001B304B7C8DF81D3001A8043121F069FC98
:1020100007490DF10B0021F06BFC0DF1110021F0CF
:1020200067FC6846FFF794FE09B05DF804FB00BF4B
:10203000E1F2050037B504460D468DF80700A0B95A
:1020400029B10B490722284627F067FF40B9094903
:102050000DF10702002006F053F8002003B030BD58
:1020600029462046FFF744FBF7E76FF01500F5E738
:10207000D4F205004938050029289ABF014B185CA5
:102080000920704790F405002DE9F041044600F165
:102090000C06304625F01EFCB4F81080B8F1010F94
:1020A000054604D82046BDE8F04116F0D3BD3046C1
:1020B000022125F0F7FB0746007821F08BFBC207D1
:1020C00006460CD40E4A0F490F4840F694631FF0A1
:1020D000DDFA404080F311884FF0030002DF052352
:1020E0000A4A3878214621F026FCB307DAD563691D
:1020F000A4F8108013FA85F5E560BDE8F08100BF13
:1021000096F3050020F40500D3F3050014C3050081
:10211000F8B5037E012B04462DD0032B4CD1038A46
:10212000032B03D8204616F095FD22E004210C3045
:1021300025F0B8FB47880688224D204616F0E4FCBF
:10214000C6F30B0325F81030238ABB42EAD12046A0
:1021500016F0DAFC0F2135F8100001F055FD0546A8
:102160000028DFD0320B214622F0B9F9284622F0B0
:102170001EFA0020F8BD038A012BD3D902210C30AE
:1021800025F090FB0546007821F024FB83070CD452
:102190000D4A0E490E4840F668231FF077FA40407A
:1021A00080F311884FF0030002DF0A4A28780623E3
:1021B000214621F0C0FBB5E716F04CFD6FF015008D
:1021C000D8E700BF948A002096F3050039F4050093
:1021D000D3F305003CC3050010B5037E012B044674
:1021E0000CD0094A09490A4840F6E6631FF04EFA46
:1021F000404080F311884FF0030002DF2046FFF7D4
:1022000043FF002010BD00BF96F3050067F40500F2
:10221000D3F30500084A0346D2F85C0130B9D96807
:1022200039B1596929B1C2F85C3170476FF0770054
:1022300070476FF0150070472001002008B5044872
:10224000042121F0F2FABDE80840002000F026BF8A
:10225000F401002010B5F4F7D7F8034B1B6813B155
:10226000BDE81040184710BD6851002070B5284DDA
:10227000D5F85C3188B00646002B43D06FF00201E0
:1022800005F1D40021F06EFB012121F0CEFAC30745
:102290003BD421F00AFA044688BB1E4B1E60012283
:1022A000114605F5947027F0E7F905F5A27027F0BF
:1022B0009EF900220023CDE906236FF00803CDE943
:1022C0000243CDE90044144B144904944FF4806256
:1022D00013481BF019FE1349114827F0F6F8D5F8FA
:1022E0005C31DB689847044648B926B908B0BDE8B8
:1022F0007040F4F789B805F1C4001CF019F92046C4
:1023000008B070BD6FF01204F9E76FF07704F6E7DC
:10231000200100206851002029190300C0B10020CD
:10232000B02900208AF40500044BBFF35B8F1868C6
:10233000BFF35B8FC0F38000704700BFF401002043
:1023400038B50546F4F758F81028044615D80C4857
:102350002946F4F73FF870B122462946084827F08D
:1023600095FD084803190022214600F5B07083F856
:102370006021FFF759F8002038BD6FF00B00FBE734
:1023800080020020200100200048704780020020C9
:10239000F8B50A4DEF7906460024E3B29F4202D811
:1023A0006FF0010007E02946304621F0A8FD07350F
:1023B000631C08B12046F8BD1C46EEE72001002052
:1023C00037B504460D46B9B11649284621F097FDA8
:1023D00090B91548C4EBC4042946204421F0A2FD5D
:1023E000124821F094FD430703D5FFF72BF821F0A5
:1023F0005EF9002003B030BD684621F0A8F900283E
:10240000F8D16846FFF7C4FF0028F5DA064BC4EBA5
:10241000C4001844694621F085FD002DE0D0014636
:102420002846DBE7D4F2050020010020F40100205B
:1024300038B512490622054627F06FFDC8B10621BE
:1024400042F20500FFF710FB0446A0B10622294620
:102450000C3025F0FCF90022214642F20500FFF77E
:102460005FFB38B90548294621F057FD012300F8E4
:10247000013C002038BD6FF06800FBE789010020B7
:1024800008B5034608B9002008BD1448134A21F0D6
:102490003EFD10F4805F06D0104821F038FD400664
:1024A00007D40120F0E7104621F031FD4106F3D4B6
:1024B000F7E712F8D42C012AF3D15A6802F005028A
:1024C000042AE0D01878064AC0EBC003D35C012B85
:1024D000E7D1B0FA80F04009D6E700BFF401002050
:1024E000200100200A4BBFF35B8F53E8002F22F43A
:1024F000004143E800100028F7D1BFF35B8F1304BD
:1025000004D504490022022005F01CBE704700BF1C
:10251000F40100200341050007B50023CDE90003C5
:1025200004496A46022005F00DFE019803B05DF8EB
:1025300004FB00BF0D4005002DE9F341044670B1D6
:102540004E4D95F8202195F821310AB19A4209D2D1
:10255000013385F82131237A43F00403237202B05A
:10256000BDE8F08100210622084601F02BFD05F1AF
:10257000D4030646A0B1BFF35B8F53E8001F41F4BC
:10258000004143E80012002AF7D1BFF35B8F237AA2
:1025900043F00103237202B0BDE8F04122F007B816
:1025A000184621F0B4FC3146C0F38017344800F0DF
:1025B000EBFA17B1304621F022FF95F82131B3B97B
:1025C00095F8212195F820319A4223D10022114615
:1025D00042F22900FFF7A4FA70B995F821310133CE
:1025E00085F82131237A43F00403237204E00020AC
:1025F00021F0DBFC0028E3D0012021F0D6FC17B14C
:10260000012021F0FCFE1F48002102B0BDE8F0418E
:1026100000F0BABA224604F1010812F82A0B41462A
:1026200021F087FC06460028E6D195F821310133D8
:1026300085F82131237A43F00403237295F8A730FB
:102640005B07D9D54146684621F06CFC012308217F
:1026500042F24E008DF80730FFF706FA04460028D4
:10266000CAD0694608220C3025F0F1F832462146DE
:1026700042F24E00FFF754FABEE700BF20010020EF
:1026800063400500DB3F05002DE9F843044668B3CD
:10269000454D95F8202195F82131FAB10132934248
:1026A0001DDC00210622084601F08CFC05F1D40354
:1026B0000646E8B1BFF35B8F53E8001F41F40041C9
:1026C00043E80012002AF7D1BFF35B8F237A43F06F
:1026D00002032372BDE8F84321F069BF13B1013B47
:1026E00085F82131237A23F004032372BDE8F883AF
:1026F000184621F00CFC3146C0F380182B4800F03E
:1027000043FAB8F1000F02D0304621F078FE0020E5
:1027100021F04BFC074688B995F8213195F8202126
:102720009A421DD2013B85F82131237A204923F0BA
:10273000040302462372022005F004FD95F82131BE
:1027400013B1012021F031FCB8F1000F02D00120BB
:1027500021F055FEBDE8F8431648002100F014BAF8
:10276000072142F22800FFF77FF904F1010906462C
:102770000028E3D007210C3025F063F8494621F00A
:10278000D1FB3A46314642F22800FFF7C9F900284A
:10279000D4D195F82131013B85F82131237A23F0FA
:1027A00004032372CAE700BF200100206340050034
:1027B000953F0500DB3F050070B50D46044698B116
:1027C0001D4921F09CFB78B92378012B02D06FF0D2
:1027D000150070BDA37903F0C003C02BF7D12046CC
:1027E000FFF7D6FD002821DA002DF0D1134DEB794B
:1027F000012B1ED005F1D40021F089FBC30707D4BB
:10280000002CE4D00C49204621F079FB0028DED1D1
:10281000EE792146731C3046EB71FFF7D1FD08B904
:102820003046D6E7EB79013BEB71D2E76FF07700EA
:10283000CFE76FF00B00CCE7D4F2050020010020B9
:10284000F7B50446C8B101AA002141F20900FFF71B
:1028500067F9064688B9019F0E49FD6801350622D1
:10286000284627F05AFB28B10B490622284627F0B4
:1028700054FB28B9384616F0EDF9002003B0F0BD3E
:102880002946601C21F049FB3846267016F0E2F913
:102890000120F3E7E1F20500DBF2050007B5684629
:1028A000FFF7CEFF044BD87118B169460020FFF73F
:1028B00087FD03B05DF804FB20010020F7B5184B3D
:1028C00093F8C230DB0705460E4603D400242046A9
:1028D00003B0F0BD01AA00214FF60940FFF720F92F
:1028E00003460028F2D10198C2685478B44228BF48
:1028F0003446023216279C4202DC16F0ABF9E6E7BA
:10290000114607FB035602F1140C51F804EB46F88C
:1029100004EB6145F9D10988318001331632EAE7C9
:102920002001002070B5154DEC7988B02CB901213B
:1029300002A8FFF7C3FFE871C0B90021084608B03C
:10294000BDE87040FFF738BF02AB06FB02310DF166
:10295000010021F0E2FA0123694610468DF80030AB
:10296000FFF72EFD013410B108B070BD1626EB79CB
:10297000E2B29342E8D80020F6E700BF2001002031
:1029800038B50C4669B1084D2B78012B03D02B7854
:102990002370002038BD681CFFF74AFD0028F6D0E0
:1029A000F8E76FF01500F5E72001002039B106487F
:1029B00003780B70012B05D10130FFF739BD6FF0A3
:1029C0001500704700207047200100202DE9F041DC
:1029D00090460E461D460246002852D0002B50D08D
:1029E0003103047807D573074BD421F06AFB88BB09
:1029F00001232B702DE0F7072ED5234FB8F1000FE0
:102A000013D0B0060AD4C4EBC403FB5C012B11D075
:102A10002B70B2061DD543F00203EAE797F8D830D1
:102A20005906F0D46FF0850014E0C4EBC403FB5CDE
:102A3000012BDED1072101FB04710131104621F089
:102A400038FB38B9C4EBC4043B5D2B70B8F1000F00
:102A5000DFD10020BDE8F08173070ED50A4EC4EB2C
:102A6000C407F35D012BC4D1072111FB04313144AC
:102A700021F01FFBF35D2B70ECE721F022FB01231B
:102A8000F9E76FF01500E5E720010020F8B545688B
:102A90006905064635D4046914B115F0010330D038
:102AA000194F3078FB7983422BD9C0EBC00017490E
:102AB0000722384427F031FAA8B115F0010306D1F6
:102AC00097F87020082A02D8B2689F2A19D915F001
:102AD000300F09D0ACB1EA060AD405F46035B5F57B
:102AE000603018BF0120F8BDEB0601D4002CF4D1F2
:102AF000D6E902239A4204D81F2A02D9B3F5804F9F
:102B0000EBD90020EFE700BF20010020D4F2050040
:102B100008B504490722093027F0FFF9003818BF2B
:102B2000012008BDD4F20500F8B5154B067883F8EE
:102B30006F6004460D46FFF7EBFF70B91149304650
:102B400001F0D0F9044610B96FF00B00F8BD042174
:102B500000F07CFF2C600020F8E704F109073946FB
:102B6000304621F03AFE40B92078394601F0BAF9F2
:102B700004460028E8D00521EAE76FF01500E5E7F4
:102B800020010020CDF2050003460148184700BF90
:102B90003801002000487047380100202DE9F04F2F
:102BA000D1F810908DB09A460023B9EB0305064684
:102BB0008948059218BF0125079321F0C3FA0C46F6
:102BC000410740F1FD802046FFF760FF28B96FF014
:102BD000150B58460DB0BDE8F08F2046FFF750FCAE
:102BE00080460028F3D006F11007384621F0AAFAF3
:102BF0000206C0F3C01300F1E680CDE90933CDF839
:102C00002B30A3686068ADF82030E368ADF822305F
:102C100021F089FA6FF400518DF82D006E4821F0F3
:102C200097FA6E4A2378337082F86F3061680DF13D
:102C300025032A463046FFF7C9FE83460028C8D13F
:102C400006F10900B9F1000F13D0216921F08FFAC4
:102C5000204621F082FB63680546D80716D49A0502
:102C600003D4169B0BB9022D4CD102238DF82430CE
:102C700019E05B4921F07BFA204621F06EFB636886
:102C8000D9070546EBD58DF824900CE013F0100F12
:102C90000CBF0123042321698DF824300DF1260097
:102CA00021F065FAD8460F2142F20600FEF7DCFE5D
:102CB0008346002800F08A800F2208A90C3024F0F7
:102CC000C6FD0022594642F20600FEF729FF002801
:102CD0007FD1B9F1000F1BD06368DB0726D43046E3
:102CE000012121F04AFB079E8346002860D0002E78
:102CF0003FF46FAF3046002100F0A8FE304621F0CF
:102D000056FC66E70323DDF858808DF82430CAE7C7
:102D1000179B0093CDE90185169B059952463046D5
:102D200021F0A4FA83460028D6D052E707A93046FE
:102D3000FFF7FAFE83460028D1D010F10C0F7FF484
:102D400048AFB9F1000F7FF444AF636898073FF5CF
:102D500040AF626882F00202C2F3400B0BF0010246
:102D60000E21384621F069FA6B1E5A425A41082159
:102D7000384621F062FAA91E4A424A4138460921E2
:102D800021F05BFA62680A2102F00102384621F064
:102D900054FA42460B21384621F04FFA62680D2161
:102DA000C2F38002384621F048FA4FF0000B10E7DA
:102DB00016B1304621F0FBFBB9F1000FCED1C8E7C8
:102DC0006FF00A0B05E76FF0770B02E76FF0680B07
:102DD000FFE68346FDE600BFF4010020200100204D
:102DE000D4F2050073B51546069A0C46CDE90032BB
:102DF0002B460A4601461148FFF7D0FE21460646FB
:102E0000002340F201109D4202D1304602B070BD55
:102E10000A88824204D14A6812B11278D20702D4D9
:102E200001330831EFE70649064826F0ECFC4FF481
:102E30007022002303481BF017FCE6E7380100204E
:102E4000CF4305005001002010B5194821F0BCFA0D
:102E500018486FF4804121F07BF9164821F072F98F
:102E600003461A06C0F3C01021D5124821F06AF9B2
:102E7000430513D50E48FFF74BFE0F490346087E66
:102E800093B90E49042201F09DF8044630B10021A7
:102E9000017300F0DBFD204621F089FBBDE8104006
:102EA0000348002121F069BA05222131EBE710BD6A
:102EB000380100204801002020010020CDF205004B
:102EC00073B53248314C21F03DF910F4804F5AD09F
:102ED000204621F037F9030655D4204621F032F977
:102EE000460550D501A9A4F11000FFF71DFE0028EA
:102EF00049D1A4F11000FFF70BFE0246204621F055
:102F000021F9C0F38031204621F01CF981F0010144
:102F100045054FEA41011D4848BF41F0010121F03C
:102F200011F9800448BF41F0040119480DF1030371
:102F3000FFF74CFD054630BB1548012121F01DFA75
:102F4000019E28B9304602B0BDE8704021F02FBB89
:102F50002946304600F07AFD6FF480410B4821F09D
:102F6000F7F80546304621F022FB6B040BD5BFF382
:102F70005B8F54E8003F43F4804344E80032002A6A
:102F8000F7D1BFF35B8F02B070BD00BF48010020D6
:102F90003801002030B5022187B0044642F20C000F
:102FA000FEF762FD054618B302210C3024F049FCFF
:102FB000012C1BD1BFF35B8F0F4B1B68BFF35B8FE3
:102FC000C3F340234370631E04705C425C410A4AB1
:102FD000009403A928460623FEF734FD0022294663
:102FE00042F20C00FEF79CFD07B030BD0023E9E77C
:102FF0006FF06800F8E700BFF401002073B500230C
:10300000ADF80530431E8DF8000005465842ADF876
:10301000011058410DF10501ADF80320FFF7C6FC82
:10302000044638BB072142F20B00FEF71DFD0646A1
:1030300048B3072269460C3024F009FC2246314689
:1030400042F20B00FEF76CFD044698B90120FFF731
:10305000A1FF044670B9012D0FD1BFF35B8F0B4B5D
:1030600053E8001F41F4807143E80012002AF7D1B1
:10307000BFF35B8F204602B070BD6FF480710348D0
:1030800021F0A7F9F6E76FF06804F3E7F4010020F8
:10309000014B00221A6070477451002070B5214D19
:1030A000BFF35B8F2B68BFF35B8F1A060646C3F333
:1030B000C01034D4BFF35B8F2B68BFF35B8F5B060C
:1030C00026D400210622084600F07CFF044620BBDF
:1030D0000222014600F076FF08B3BFF35B8F55E88C
:1030E000003F43F4007345E80032002AF7D1BFF3F4
:1030F0005B8F21F05CFA002E204608BF1222BDE84B
:10310000704016BF30224FF400616021FFF776BF98
:10311000FFF740FF0028D4D070BD21F048FA00200E
:10312000FAE700BFF40100202DE9F04F00F10C0692
:103130008BB00446304624F0BDFBDFF8CCA18046BE
:10314000B8F1000F02D10BB0BDE8F08F238A082B35
:10315000F9D90921304624F0A5FB037A228A0133EC
:103160009A420546EFD30123ADF824307F238DF832
:103170001E30037A034400F101095B7A8DF81D309B
:10318000FF238DF81C300023ADF8223002788DF833
:103190001F20042A9CBF584B9B5CADF82030037A5B
:1031A0000193484620F0ECFA00284AD0494604A88A
:1031B00020F0DBFADAF80030B3B1304624F08AFBB5
:1031C000238A0293019B2382834633469DF81F2066
:1031D0009DF91D10DAF8007004A8B847636913FA66
:1031E0008BF3E360029B238204AB0693434B1B6883
:1031F000002B35D01A6802B1083A53F8081CB9B14F
:103200001746A3F108023046039224F063FB238A99
:10321000039A0293019B238212688346314606A8D3
:1032200090476269029B238212FA8BF2E2603A466F
:10323000B2B1976813688FB1083F002BE3D13A46CB
:10324000F7E76B78FF2B04D12D4904A821F0D0F8C3
:10325000B0E7494620F021FF0146F6E7002BD2D126
:1032600000230693274BBDF82010BFF35B8F1A682D
:10327000BFF35B8F1006C2F3C01B20D4CA071ED554
:10328000022204A9584600F09DFE0746B8B1BFF3DC
:103290005B8F1C4B1B68BFF35B8F5B0619D407F178
:1032A0009600494621F0A4F83846FEF7DBFCA8B9A1
:1032B0003846062100F0CAFB384621F078F9297A11
:1032C0003046013108F1FF3824F0E4FA5FFA88F85B
:1032D00036E75846FFF75EFE0028E0D01F233B7319
:1032E0000021384600F0B2FB384621F060F900209A
:1032F000FFF7D4FEE3E700BFBDF405006C510020EA
:10330000D4F20500F401002074510020F8B53D4EC0
:10331000BFF35B8F3368BFF35B8F13F0040F054679
:103320000F4634466AD00278012A03D96FF015049B
:103330002046F8BD43680F2BF8D80089031F9BB2C5
:1033400043F6FC7C6345F1D869890B1F9BB263454A
:10335000ECD88842EAD38AB9BFF35B8F54E8000FF8
:1033600040F0800344E80032002AF7D1BFF35B8FBE
:1033700010F0800007D06FF07704D9E720F0B8FE96
:103380000028E9D1D2E7BFF35B8F3368BFF35B8FCF
:103390005A0609D5FFF7FEFD044628B16FF08001FB
:1033A000184821F016F8C3E76B68DB0715D5BFF3A3
:1033B0005B8F56E8003F43F4007346E80032002A72
:1033C000F7D1BFF35B8FAB896BB10E486FF0800113
:1033D00020F0FFFF6FF08504AAE76FF40071094841
:1033E00020F0F7FFEFE76A8929892878FFF706FEC2
:1033F00004460028D2D1044B1F6099E76FF00A04FD
:1034000096E700BFF40100207451002008B5084879
:103410006FF0800120F0DDFF030606D5054B00208C
:103420001860BDE80840FFF739BE6FF0770008BDAF
:10343000F40100207451002008B50449402226F010
:103440006CFDB0FA80F0400908BD00BFC2F4050071
:1034500070B5314B93F8A23003F00603062B52D11E
:10346000002853D02D4E326832B1131F834250D002
:103470005B680BB1043BF9E742607268031D33607F
:1034800002B97360264CBFF35B8F54E8002F42F003
:10349000200344E800310029F7D1BFF35B8F12F01D
:1034A000200202D00025284670BDBFF35B8F54E890
:1034B000003F23F0100344E800310029F7D1BFF3A7
:1034C0005B8F114642F22500FEF72AFB05460028D5
:1034D000E8D0BFF35B8F54E8003F23F0200344E8BB
:1034E0000032002AF7D1BFF35B8F34683CB154F847
:1034F000043C043C0BB1002098476468F6E70023C5
:10350000C6E90033CFE76FF08505CCE76FF015050E
:10351000C9E76FF07705C6E7200100207C51002045
:10352000F4010020054BBFF35B8F1B680448BFF319
:103530005B8F13F0100F08BF00207047F4010020CC
:103540003390002070B5204E33688B42044635D04E
:1035500013B16FF00F0070BD1C4BBFF35B8F1A6887
:10356000BFF35B8F9206F4D4BFF35B8F1B68BFF38E
:103570005B8FDB0625D5316042F226004021FEF745
:1035800073FA0546B8B140210C3024F05AF92346AD
:1035900004F1400253F8041B40F8041B9342F9D194
:1035A0000022294642F22600FEF7BAFA0028D2D0BD
:1035B00000233360CFE76FF06800F9E76FF0770022
:1035C000C9E76FF07C00C6E778510020F4010020C5
:1035D000F8B51D4BC568BFF35B8F53E8002F22F091
:1035E000200243E800210029F7D1BFF35B8F2A783E
:1035F000AAB916496A1C05F1410052F8044B41F87A
:10360000044B8242F9D1BFF35B8F53E8001F41F0B6
:10361000100143E80012002AF7D1BFF35B8F0C4E74
:1036200034686CB1094F043C23682BB12A78002A16
:103630000CBF38460020984764680CB1043CF3E79F
:103640000023C6E90033F8BDF401002033900020C8
:103650007C51002005490B6833B1C2680020086026
:10366000117801B9501C1847704700BF78510020ED
:1036700070B50B4B1D68044625B90A4D0A4EB5427C
:1036800007D370BD2B6813B1217B204698472D6A64
:10369000F2E72B6813B1217B204698472435EEE7EB
:1036A00084550020E4A60500E4A605002DE9F041BC
:1036B000154F04464FF000084FF02002EFF311833E
:1036C00082F31288BFF36F8F216A29B983F31188BF
:1036D000BFF36F8FBDE8F081606A0A6822628142A1
:1036E00008BF626283F31188BFF36F8FD1E901567F
:1036F000C1F80C80C1E90188384625F0A4FF0022FA
:1037000031462046A847D7E76C13002070B5D1E9B1
:1037100001560022C1E901220446CA60054825F08D
:1037200092FF314620462B466FF06D02BDE8704097
:10373000184700BF6C1300202DE9F047DFF85881CF
:103740001F46B8F80431002B04460E4608F5847075
:10375000154608BF0020002200231AF00DFE0028A5
:1037600040F09580002D71D005F10C0A5046B8F854
:10377000049124F0B3F8484562D9B8F8049156F89A
:103780000C1F4A46504624F062F84946304624F061
:1037900081F8637BAE69072B76D14FF02003EFF3FE
:1037A000118283F31288BFF36F8F002E59D000234C
:1037B0003360A369002B51D1C4E905664FF00009BD
:1037C00082F31188BFF36F8F042105F10C0024F000
:1037D00059F8238807F0FD0743EA073707802B8A4B
:1037E000043B438002232B76284620F043FB074608
:1037F00018B34FF02003EFF3118783F31288BFF360
:103800006F8F002E3AD0314604F1140020F0F9FDFC
:1038100087F31188BFF36F8F6FF00407B8F8043196
:103820001C48002B08BF00201AF080FD2EB1002399
:10383000AB6131462046FFF769FF3846BDE8F087A7
:10384000504624F04BF81FFA80F998E70022002335
:1038500004F1380023F0B5FF05469AE71E60A66123
:10386000ACE7A36933B103F10C09DB680133C9F894
:103870000030A5E7E36904F11C09F7E7D9F8003047
:10388000013BC9F80030C3E76FF07F07C6E76FF070
:103890006807D2E728020020200100200448B0F881
:1038A0000431002B00F5847008BF0020704700BF72
:1038B0002001002038B5002204468A4202D10024AB
:1038C000204638BD04F1C8030120BFF35B8F53E8E5
:1038D000005F002D04D143E8000CBCF1000FF6D1CD
:1038E000BFF35B8F02D0D0340244E6E7002CE6D071
:1038F000C8220021204626F0D7FA04F158000449D6
:1039000025F081FF034904F1280025F038FFD7E7AF
:10391000DD42030081440500F8B51F46CB7A072B32
:1039200006460D46144632D9437B072B1DD162B3A0
:1039300026F044FB194B1A58194B9A42194807BFF5
:10394000002200234FF0FF324FF0FF331AF0BAFC91
:1039500000B3737B072B4FF0000209D0C0E90122AE
:10396000C26001460F4825F06EFE6FF07F00F8BD83
:10397000C0E90147C2600024A8612C7706F1380035
:10398000294623F020FF2046F1E71046F3E76FF0C9
:103990001500ECE76FF06800E9E700BF08000000E1
:1039A000F84300206C1300202DE9F84F0646234809
:1039B000234CDFF8949026F05DFA204B0022012181
:1039C000304626F02DFA012500274FF0140AAB46A9
:1039D00004F1C80020F03FFD58B1637B8BB96FF054
:1039E0004001201D20F028FD43060AD5204620F086
:1039F00053FD0137052F04F1D004E9D12846BDE875
:103A0000F88F637B072BF4D1B9F80431002BF0D089
:103A10000AFB0568D9F81021A36B4BB142B9094BD9
:103A20000221404626F0FCF9013588F80CB0E0E7A9
:103A300004F1380300220421F3E700BFEC07002063
:103A4000782A002028020020200100202DE9F041E2
:103A5000457B8D42044600F0B48041735DB1062D74
:103A60000FD0637B072B00F2AC80DFE803F050112E
:103A7000AAAAAAAA8D308378082BF2D020F07CFD68
:103A8000EFE78378012BECD1583025F0CAFEE8E748
:103A90005B4D002705F584764FF02002EFF311838C
:103AA00082F31288BFF36F8FE269002A00F08380EF
:103AB000013AE26183F31188BFF36F8FB5F80431E7
:103AC000002B14BF304600201AF030FCE4E7A37846
:103AD000042B76D004F1380025F089FD49480021F7
:103AE0001BF090FB0023C4E91433E378012B68D169
:103AF000A378012B04BF032384F8AC304FF42032A9
:103B0000002304F15800BDE8F0411AF079BDA37814
:103B1000042B04D12046BDE8F04120F048BD013D12
:103B2000052D4ED801A353F825F000BF453B0300F7
:103B30007B3B0300153B0300153B03007B3B03006D
:103B40007B3B03002046FFF7B1FDA378012B0AD190
:103B500004F15805284625F062FE10F00C0F02D043
:103B6000284625F05EFE4021201D20F07AFC2548E5
:103B7000BDE8F04100211BF045BB237B002BC9D0E1
:103B80002046FFF775FDC5E7A378012B19D11C4B23
:103B90009D8AB5B10A235D434FF4004640F2E730F9
:103BA00000214FF47A720023C5FB0601F2F7A8FA50
:103BB00002460B46A5E7616929B983F31188BFF373
:103BC0006F8FBDE8F081A0690A686261814208BF19
:103BD000A26183F31188BFF36F8F4FF02002EFF3E0
:103BE000118382F31288BFF36F8FCA68E261CF60DE
:103BF00083F31188BFF36F8F2046FFF787FD5DE7E2
:103C000020010020EC07002010B502460C460748B2
:103C1000052120F0E7FC034610B90023184610BD2B
:103C200082781442FAD120F0C2FCF6E7782A00200C
:103C30002DE9F047DFF834A006460F4690460025F0
:103C40004FF0D00909FB05A020F096FC044620B1F6
:103C500083781E4206D120F0AAFC0135052DF1D152
:103C6000BDE8F0874146B8472046F4E7782A0020AF
:103C7000034BC01A034B00115843C0B2704700BF3A
:103C8000782A0020C54EECC438B50D4606490028F8
:103C900008BF084623F090FD044618B1291D0C30DA
:103CA00023F0CBFD204638BD9C130020F8B5031D42
:103CB0000446184620F0CFFB820512D5B4F89E20AA
:103CC000B4F8A01091420CD8B4F8A210914208D3D5
:103CD000D4E92912914204D16FF40071184620F002
:103CE000ABFB104B1D6825B90F4D104FBD420CD3D7
:103CF000F8BDEE683EB1B4F8A630B4F8A420B4F82C
:103D00009E102046B0472D6AEDE7EE683EB1B4F84C
:103D1000A630B4F8A420B4F89E102046B04724354D
:103D2000E4E700BF84550020E4A60500E4A60500F2
:103D3000F8B50D4B1D68044600F1BE0635B90B4DB4
:103D40000B4E04F1BE07B54207D3F8BDEB6913B1C2
:103D50003146204698472D6AF0E7EB6913B13946A2
:103D6000204698472435EEE784550020E4A6050058
:103D7000E4A60500F8B50D4B1D68044600F1BC062D
:103D800035B90B4D0B4E04F1BC07B54207D3F8BD56
:103D9000AB6913B13146204698472D6AF0E7AB690D
:103DA00013B13946204698472435EEE78455002064
:103DB000E4A60500E4A605002DE9F0410746084603
:103DC0000C461FF0CDFF054618B900252846BDE872
:103DD000F081134B1E6846B9124EDFF84C80464501
:103DE000F4D2B36883B92436F9E7B3680BB9366AFD
:103DF000F1E72146384698470028E6D020461FF0D4
:103E0000AFFF0028F3D1E0E7214638469847002865
:103E1000DBD020461FF0A4FF0028E4D1D5E700BF87
:103E200084550020E4A60500E4A605002DE9F04134
:103E3000C378044673B900F19606104B1D6804F16F
:103E4000880755B90E4D0F4F04F18808BD420CD3B9
:103E5000BDE8F08100F18F06EFE72B691BB13A4610
:103E60003146204698472D6AEBE72B691BB1424645
:103E70003146204698472435E8E700BF84550020A6
:103E8000E4A60500E4A60500F8B5437A837204466B
:103E9000164620F091FD0C4B1D6825B90B4D0C4FBB
:103EA000BD4208D3F8BD6B691BB1617A324620462A
:103EB00098472D6AF1E76B691BB1617A324620465B
:103EC00098472435ECE700BF84550020E4A60500A0
:103ED000E4A60500024B1A6802621860704700BF32
:103EE0008455002038B505460C460B480521FFF7E0
:103EF000E1FC80B105722368C0F88830A388A0F87F
:103F00008C30A37980F88E300123437283728370E2
:103F1000024BC0F8A03038BD782A002018002800D5
:103F20002DE9F0410F4E074688460025304620F027
:103F300023FB044620B18378012B0AD020F037FB05
:103F40000135052D06F1D006F0D100242046BDE84C
:103F5000F0814246394620F020FC0028F6D1204668
:103F6000ECE700BF782A002038B50446144820F05A
:103F700072FA400702D46FF00A0038BD08461FF0FD
:103F8000EFFE10B96FF01500F7E70D4820F063FA67
:103F90000206F0D40A4820F05EFAC304C0F30035EC
:103FA0000AD420F0A5F80028ECD02146284620F0BD
:103FB00014FC0028E1D0E5E76FF07700DDE700BFF3
:103FC000F40100202DE9F047DFF850A006460F4627
:103FD000904600254FF0D00909FB05A020F0CCFA4F
:103FE000044620B18378012B06D020F0E0FA013599
:103FF000052DF1D100240DE037B13A46314620F0CD
:10400000CCFB08B92046F0E7637B4345FAD1237A1D
:10401000B342F7D12046BDE8F08700BF782A0020E0
:1040200010B583780B70C3784B70037A8B70437B29
:10403000023BDBB2062B98BF294C02464FF0000032
:104040008CBF0346E35C81F8270081F82430537A63
:1040500081F82530104620F046FB81F82600937841
:10406000012B3AD102F188038B60137A1D48C3EB10
:10407000C30303444B60D47802F1960302F18F002E
:1040800014B11C4603462046C1E90303B2F89E3032
:104090008B82B2F8A430CB82B2F8A6300B8302F147
:1040A000BC03CB6102F1BE030B62D2F8B8302BB176
:1040B0005B7BD80644BF012381F82730D2F8B830A3
:1040C00013B15B7B9B0601D4002010BD91F8273013
:1040D00043F0020381F82730F6E76FF01500F4E7AC
:1040E00032F50500200100202DE9F0410F46114670
:1040F000054614469846FFF737FF0646002835D197
:104100002146284620F020FB0446002848D097E8A6
:104110000F00254D05F1080C8CE80F00AB8A002B31
:1041200008BF4FF49673AB822B8A03B9AB892B82FD
:104130006B8A03B9EB8995F821216B8295F82031C0
:104140009A4216D902212046FFF780FC0120FEF793
:10415000A5FF054640B120460021FFF777FC204629
:1041600020F025FA2E4601E0C8F800403046BDE8B0
:10417000F08106212046FFF769FC2046FDF772FD1D
:1041800005460028F0D00026314620462673FFF76A
:104190005DFC204620F00BFA3046FEF77FFFE1E79A
:1041A0006FF00B06E2E700BF2001002070B5064665
:1041B0002F4820F050F940070D4653D529B91FF07C
:1041C00097FF40B96FF0150070BD08461FF0C8FD9D
:1041D0000028F4D1F6E731460020FFF7A1FE04469F
:1041E00028B93146FFF77EFE044600283DD0201D49
:1041F0003DB32B88A4F8A0306B88A4F8A230AB881C
:10420000A4F8A430EB88A4F8A630012120F029F905
:10421000C10702D4204620F0AFF9637B63B914488C
:1042200020F019F9430707D51DB102212046FFF7F9
:104230000DFC0020FEF732FF204620F0B8F90020E8
:10424000C2E76FF0010120F0F7F8C207E5D520467C
:1042500020F0ADF9637B022BDFD129462046FFF722
:10426000F5FBDAE76FF00A00AEE76FF00B00ABE7A3
:10427000F401002038B5044608460D461FF070FDD5
:1042800038B3154B93F8D830990707D4E37873B156
:1042900029462046BDE8384000F0EAB994F8AD3030
:1042A0009A07F3D5201D20F0D6F84305EED4294611
:1042B000204620F0D6FA58B92B88A4F8A0306B8895
:1042C000A4F8A230AB88A4F8A830EB88A4F8AA30F0
:1042D00038BD6FF01500FBE720010020F7B510F89E
:1042E0004B3C0446A0F15805FBB9284620F04CFB96
:1042F0002C4B1E684EB92C4E2C4FBE420DD3284677
:1043000003B0BDE8F04020F052B973681BB114F857
:104310004C1C28469847366AECE773681BB114F8C2
:104320004C1C284698472436E7E710F8563C012BEA
:1043300036D110F8553C23B903B0BDE8F040FDF785
:10434000EDBCA0F154066FF40071304620F074F813
:10435000830514D5A36C00936946236D0193284609
:10436000FFF788FF20B96FF48071304620F064F8C1
:104370008021304603B0BDE8F04020F072B80C4A0E
:10438000106851686B4603C369462846FFF772FF01
:104390000028EDD14FF48071304620F062F8E7E755
:1043A00003B0F0BD84550020E4A60500E4A6050096
:1043B000D0A8050001460148FFF766BCF4130020B1
:1043C0002DE9F047437B05465BB96FF040010430AF
:1043D00020F032F8430604D52846BDE8F04720F027
:1043E0005BB805F1380025F043F9044660B9354A59
:1043F000354936484FF466731DF048F9404080F364
:1044000011884FF0030002DF204623F0DEF9DFF8C9
:10441000C090028AB9F804319A420446027F07D854
:1044200032B9022321462846FFF786F9064632E0D4
:1044300017464FF0000A228AB9F804319A4204D88C
:104440000123237700220323ECE74FF0FF334FF0E3
:10445000FF320020FFF7AEFF6B7B072B804606D0B4
:1044600014F0F8FB2046BDE8F04714F0F3BBC0F8A9
:1044700018A080F81CA0637F437702463B46214684
:104480002846FFF759F90646B8B107F00107277724
:10449000404614F0DFFB204614F0DCFB05360ED15D
:1044A000A6690023A361204614F0D4FB3EB1314637
:1044B0002846BDE8F047FFF729B90127BBE7BDE86B
:1044C000F08700BF02F50500F0F30500D3F3050007
:1044D000200100200B4B58B11A6862B942693AB901
:1044E00042685AB982684AB9C2683AB982692AB937
:1044F0001860002070476FF0770070476FF015006C
:10450000704700BF9055002068B10023C360074B7F
:10451000596800F10C0219B9C3E900220020704764
:104520000A605A60FAE76FF015007047885500205E
:10453000F8B51948194D184E25F059F800242946A8
:104540003046013425F07FF8402C05F11005F6D1F6
:1045500000F064FE03F078FD0546D0B920F006FBBC
:104560000F4F2E46384620F007F8044660B104305D
:104570001FF071FFC30704D5257202212046FFF703
:1045800065FA204620F013F80136052E07F1D00712
:10459000E8D12846F8BD00BF6C13002084510020EC
:1045A000782A002030B5094C0023302505FB03F0A4
:1045B0000219205828B10133052BF7D16FF00B00F9
:1045C00030BD034B53600A60FAE700BF94550020EA
:1045D000F4C30500F7B5244D244F04460026BD4220
:1045E00001D303B0F0BD6B6801A9204698470028AD
:1045F00034DB019B2A889A829A8403F11002A8680E
:10460000BFF35B8F52E8001F42E8006CBCF1000F63
:10461000F8D1BFF35B8F9E60616D03F10802F9B9B9
:10462000C4E914221C60D860019843681B6803B178
:104630009847019BBFF35B8F103353E8001F41F095
:10464000010143E80012002AF7D1BFF35B8F019804
:104650004368DB6913B100F1100198470C35BEE7E0
:104660000A606265DEE700BFC0A60500E4A605009B
:1046700073B5174B0E4619780131C9B2012938BFFD
:104680000121054608221220197020F051F9044634
:10469000D0B108210C3023F0D4F83388038073881C
:1046A0004380B3888380F388C38000232846009327
:1046B0002246052120F0A0F9054610B1204614F04D
:1046C000C9FA284602B070BD6FF00B05F9E700BFCC
:1046D0007390002023281FD81A2804D8431E182BB3
:1046E0000ED906207047A0F11B03082B1ED8DFE867
:1046F00003F0051D1B231D19251D05000320704710
:104700000F4A012383401A40C2B90E4A1A40002AB8
:1047100014BF01200620704700F07F03522B05D103
:1047200000207047012070470520704710F0400FAF
:104730000CBF0620002070470420704702207047FD
:10474000AAAA8A0254554501011F014824F091BECE
:104750008C11002010B5044680B10C4B98420DD34B
:1047600003F5A063984209D20021142225F09CFB96
:1047700021460748BDE8104024F065BF20461422BA
:10478000BDE81040002125F08FBB00BF84560020FB
:10479000541300202DE9FF4105460E464FF0000856
:1047A0004FF42053006817688DF8088002A914465A
:1047B000ADF80A301EF07DFFA0B142F60103286873
:1047C0008DF80C8003A9ADF80E301EF072FF48B1D1
:1047D00023691BB15A88B24200D25E80012004B026
:1047E000BDE8F081616828681EF063FF10B1002306
:1047F0002361F3E7E368A0681A786AB1B7F81AC0D2
:10480000798D038A8C4594BFC3EB0C03C3EB010382
:10481000934201DA0020E2E704210C3023F011F882
:104820002061068023695E80074B00930194A26893
:1048300000232946384620F06AFB0028EADB20697D
:10484000003818BF0120CAE7374E05002DE9F843AC
:104850000F46438D418B8B4202F1010228BF0B466C
:104860009A42064625D83846FFF734FF022824D05E
:1048700004283FD04FF0FF384FF0FF390021424667
:104880004B46084620F0B5F8044690B125F096FB5B
:104890001B4B1A581B4B9A421B4807BF0022002390
:1048A00042464B4619F00EFD0546D0B9204614F09D
:1048B000D1F900242046BDE8F8830F2F1AD0212F0C
:1048C00018D0B36D002BF4D1706D22F07EFF04463A
:1048D00022F06DFF082104F10C0006F1580522F0CA
:1048E000ACFF2E600121A56104F10C0022F0A9FFAC
:1048F0000770DFE74FF470284FF00009BEE700BFF4
:1049000008000000F8430020541300202DE9F7436D
:10491000176805468846006851687E6814461EF090
:10492000C8FE8146002842D130469522294621F012
:104930006CFB0646207540B1E3681B780BB184F828
:104940001490002003B0BDE8F083A06822F041FF7E
:1049500002210C3022F075FF164B2061A0F8008078
:1049600000930194A26833462946384620F0CFFAD6
:10497000002807DA10F1FF0F26BF4042C0B20E2018
:104980002075DEE72369002BDBD0A06820F0F9F862
:104990007B8D7A8B9A4294BFC0EB0200C0EB030080
:1049A000E3681B78984294BF00200120CAE70120E9
:1049B000C8E700BF934B0500F7B5002304460E4639
:1049C0002B480022694619F033FA0546D0B925F084
:1049D000F5FA284B009F1A58274B29461A60381DB4
:1049E000282225F061FA3C60009C24480195C4E926
:1049F0000155C4E909550022002301A919F018FA4C
:104A0000054620B16FF00B05284603B0F0BD019BB1
:104A10000146A822184625F047FA194A82603C3020
:104A200024F0E5FD019BBFF35B8F343353E8002F87
:104A300043E800510029F9D1BFF35B8F019B1C6053
:104A4000636A019F1BB904F10C0024F0D0FD626A77
:104A5000C7F8A020A26A07F1A003636202B9A362AB
:104A6000019B17225A855A8304333360CCE700BF79
:104A70007011002008000000845B00208C110020D1
:104A8000FC0700202DE9F347D1F81880CB68D8F84F
:104A90000090BFF35B8F426BBFF35B8F52070646FC
:104AA0000C463AD51B78D22B0FD10368186822F038
:104AB0002FFB054648B1A069FFF74CFE204614F0D5
:104AC000C9F8284602B0BDE8F08704F10C0022F0D6
:104AD00001FFB4F810A0C8F8006033681D68E368EF
:104AE00007461878FFF7F6FD052896BF0C4B0D4BCF
:104AF00053F82030CDF800802846224604211FF0CC
:104B00007BFF05460028DCD06369A4F810A013FAE7
:104B100087F7E760C8F80090D3E76FF01505D0E796
:104B20001CC40500DB53050010B500F1300304463A
:104B3000BFF35B8F53E8001F41F0040143E800120C
:104B4000002AF7D1BFF35B8F201F20F062F804F139
:104B50006C00044924F057FE2068BDE8104002F0C4
:104B60001FB800BF695403002DE9F84F0B8A07688E
:104B700004460D46002B6DD0012105F10C0022F0FA
:104B800091FE7B7B072B064664D154F8043C002B36
:104B900060D00278324FA4F10408002317F83310D4
:104BA00091424FEAC30A07EBC30B16D1284622F005
:104BB0000CFE9BF802902065B9F1010F22D0B9F1EB
:104BC000050F37D02A8A9BF801309A423DD3DBF893
:104BD000043029464046984737E001331E2BDDD18B
:104BE000284622F0F2FD206531780846FFF772FD75
:104BF00058B3052829D041B306230022404620F0AF
:104C00008DFB22E0002104F1300020F0A4FBE0B98C
:104C10009BF801202B8A9A421FD8574429467B686B
:104C200040469847B9F1010F03460ED168B131787B
:104C300059B1E2E7012104F1300020F08CFB20B9EA
:104C40009BF801202B8A9A42E7D9206D14F002F8D4
:104C5000002323650020BDE8F88F0423E7E700BFA9
:104C600034C40500F0B51E4603680D46003987B010
:104C7000044618BF01211868174621F0B7FD48B94E
:104C8000052104F1340020F066FB002848D0002004
:104C900007B0F0BD002E45D018220021684625F04F
:104CA00003F967BB2368204A1B6800930023ADF813
:104CB00012300C9B0393BDF83430ADF81030012353
:104CC0008DF8143031466B4630468DF8085020F090
:104CD00004F89DF81430E3B1002FD8D0019B9869F7
:104CE000FFF738FD019813F0B5FF9DF81430002D43
:104CF000CDD032462946204620F010FBC7E70022DF
:104D000039462046FFF7A2FD01900028CAD11120A4
:104D1000BEE701990029BAD0204620F0D7FAB6E7BD
:104D20001220B5E70120B3E7794C05002DE9F041E9
:104D30000E8A043EF6B2022E04468CB0084601D01C
:104D4000102E6BD104210C3022F0ACFD0DF10808BF
:104D500005884788011D324640461EF0D8FC0028D1
:104D60005ED0002D39D00026002F35D0BD4234D87A
:104D70004FF4205301A940468DF80460ADF8063089
:104D80001EF097FC68BB1422002107A825F08CF8C0
:104D900001221121204620F0A0FB099000283BD0E1
:104DA00001210C30CDE9074822F04BFD00230A9089
:104DB0001C4A037039460B93284607AB1FF08DFF42
:104DC0000A9B1B781BBB099B9869FFF7C3FC0998DA
:104DD00013F040FF0A2301E03D4601232A4610213B
:104DE0000EE042F6010307A940468DF81C60ADF8BD
:104DF0001E301EF05EFC0028C5D010232A4619463E
:104E0000204620F08BFA00200CB0BDE8F081099913
:104E1000204620F05BFAF6E71120F5E70420F3E7DF
:104E20000E20F1E7954703002DE9F043036885B0B4
:104E300004460D461868012121F0D8FC50B905211F
:104E400004F1340020F087FA00283BD1122005B08D
:104E5000BDE8F08310220021684625F025F80022E5
:104E60002121204620F039FB029068B3DFF85C90E6
:104E7000009405F10C074FF001082B8A012B04D890
:104E80000299204620F022FA1CE0384622F01AFD52
:104E90006B464A46014606468DF80C801FF01DFF02
:104EA0009DF80C30002BE8D0029B9869FFF752FC6C
:104EB000029813F0CFFE9DF80C3032462021204698
:104EC00020F02CFA0020C2E71120C0E7F7500500BF
:104ED0002DE9F043036885B004460D4618680121AA
:104EE00021F084FC50B9052104F1340020F033FA9C
:104EF00000283BD1122005B0BDE8F083102200212C
:104F0000684624F0D1FF00220F21204620F0E5FA68
:104F1000029068B3DFF85C90009405F10C074FF045
:104F200001082B8A012B04D80299204620F0CEF9E3
:104F30001CE0384622F0C6FC6B464A46014606464F
:104F40008DF80C801FF0C9FE9DF80C30002BE8D0C6
:104F5000029B9869FFF7FEFB029813F07BFE9DF819
:104F60000C3032460E21204620F0D8F90020C2E74E
:104F70001120C0E7B1500500F0B51D46036885B0AB
:104F800004460E4618680121174621F02FFC40B94F
:104F9000052104F1340020F0DEF970BB122005B0C9
:104FA000F0BD8DB310220021684624F07DFF002261
:104FB0003946204620F091FA029038B3BDF82830E7
:104FC000ADF8043001238DF80C30114A00946B4683
:104FD000294628461FF081FE9DF80C307BB1029BCC
:104FE0009869FFF7B7FB029813F034FE9DF80C3078
:104FF0002A463146204620F091F90020CFE7029959
:10500000204620F063F9F8E70120C8E71120C6E741
:10501000B15005002DE9F0410D8A043DEDB2022D9D
:1050200004468CB0084601D0102D50D104210C301C
:1050300022F038FC0DF1040806884788011D2A4635
:1050400040461EF064FB002843D096B187B1B742BA
:105050000FD3182200210DEB020024F025FF0122BE
:105060000921204620F039FA089060B9112007E0A4
:105070003E46012332460821204620F04FF9002009
:105080000CB0BDE8F08101210C30CDE9064822F0DA
:10509000D8FB0023099003700A238DF82C300E4AA8
:1050A00006AB394630461FF018FE9DF82C304BB148
:1050B000089B9869FFF74EFB089813F0CBFD9DF80D
:1050C0002C30D7E70899204620F000F9D7E70420D4
:1050D000D6E70E20D4E700BF0D4903002DE9F043C9
:1050E0000F4687B00446062107F10C0022F0DAFBD8
:1050F0000588B0F802808288D7F80C90C5B10023EB
:10510000B8F1000F13D0454512D88DF800308DF856
:10511000043001A94FF420536846ADF80220ADF8E1
:1051200006301EF0C6FA064660B10A2301E0454685
:1051300001232A460621204620F0F0F8002007B07F
:10514000BDE8F0830146142201A83F7C24F0ACFEA8
:1051500032460721204620F0C0F90290F8B10A2318
:105160008DF815300F4A019401AB41462846CDE930
:1051700003698DF814701FF0B0FD9DF815304BB128
:10518000029B9869FFF7E6FA029813F063FD9DF819
:105190001530CEE70299204620F098F8CEE711208E
:1051A000CDE700BFF14C05007FB5CB681D885E8858
:1051B00004468DB17EB1B5420ED81022002168465A
:1051C00024F072FE00220521204620F086F901908D
:1051D00058B9112007E0354601232A46042120460C
:1051E00020F09CF8002004B070BD6B460A4A009481
:1051F000314628461FF071FD029B43B9019B986917
:10520000FFF7A8FA019813F025FD0A23E5E70199B5
:10521000204620F05BF8E5E7574E050070B50948D9
:10522000094D084E24F0E3F90024294630460134A4
:1052300024F009FA402C05F11405F6D1BDE87040C0
:1052400000F036BD541300208456002013B50B46E1
:10525000002101910E49024624F0B0FE0C680D4970
:1052600009580D488C4208BF002201A908BF134607
:1052700018F0DEFD014640B9019B1C22184624F0BF
:1052800013FE0346184602B010BD0023FAE700BF24
:10529000845B002008000000C411002010B5836862
:1052A00004463BB19869FFF755FAA06813F0D2FCA9
:1052B0000023A36021460248BDE8104024F0D9B87D
:1052C000C41100202DE9F347044670300E461746FE
:1052D0001D4624F0A6FAA06B30B920681FF082FFAB
:1052E000002002B0BDE8F087104B98424FF0000854
:1052F00002D1C4F83880F0E7D0F80490C0F80480F8
:10530000A06BD0F818A0FFF7C9FF2068C4F8388058
:105310001FF068FFB9F1000FE2D02068CDF800A0BF
:1053200000683B4632462946C847D9E7885B0020DB
:1053300010B5836BCA68044623B117498B4201D06C
:10534000D3783BB9002220460E23BDE81040114619
:10535000FFF7B8BF052B406806D00F2B0ED1437A5C
:10536000012B0BD8022107E0437A012BFAD9022B3B
:105370000FD0032B02D104211FF0BDF904F17000FE
:1053800024F04FFAA26B137C43F001031374002046
:1053900010BD0321F0E700BF885B00202DE9F34139
:1053A00050F8044C0546002C59D000F19C0104F142
:1053B00024001FF053FE2F1F05F1380800220023A0
:1053C000404622F0FEF9064640BB6B6B2BB102460D
:1053D00001460E233846FFF775FF002345F8043CCD
:1053E000022105F130001FF052FE636A002B36D116
:1053F00004F10C0700220023384622F0E2F90646A9
:1054000098B96668C6B917482660214624F031F875
:10541000286802B0BDE8F04101F0FEBCB069FFF7BA
:1054200099F9304613F016FCC8E7B069FFF792F916
:10543000304613F00FFCDDE7A268336863609642E4
:1054400008BFA360776837B1B36900930023206871
:105450001A460E21B8473046FFF720FFD1E702B0C9
:10546000BDE8F0817011002070B550F8703C92B02A
:10547000064618681FF0B9F90378044607AD032BF8
:1054800024D8DFE803F0021D1F2113492846F0F756
:10549000ABFFA379059562780492A2780392E27833
:1054A000029222790192627900921E210B4A0AA887
:1054B00019F004FFA6F16C00FFF770FF12B070BD89
:1054C0000749E3E70749E1E70749DFE7074A0A2118
:1054D000284619F0F3FEDCE747E6050070E6050014
:1054E0004EE6050055E605005FE6050069E60500A5
:1054F00010B50C4620B319B31FF05DFB00B3436A2F
:10550000C3B153F8A02902B1A03A996B8C420AD0DA
:1055100082B11346D2F8A020002AF6D0996B8C42B3
:10552000A2F1A002F5D1074A9A632046BDE81040D7
:10553000FFF7B4BE043021461FF090FD2046F5E78A
:1055400010BD00BF885B002010B504491446184602
:105550001022A04700EAE07010BD00BF402F0020DD
:10556000F8B50B4D06460F46002415F8013CB34232
:1055700007D12946384620F093F910B10548204458
:10558000F8BD1034A02C05F11005EED10020F7E78E
:105590001D5C00201C5C0020F8B50B4D06460F4634
:1055A000002415F8013CB34204D12946384620F0C6
:1055B00077F930B90C34782C05F10C05F1D10020C5
:1055C000F8BD02482044FBE7892E0020882E0020E9
:1055D000F8B50B4D06460F46002415F8013CB342C2
:1055E00007D13946284620F05BF910B10548204420
:1055F000F8BD0C34782C05F10C05EED10020F7E74E
:10560000B38A0020B28A00202DE9F0410D4CDFF86A
:105610003880054600262746621C6DB94146104673
:1056200020F03EF928B901360A2E04F11004F2D117
:1056300000273846BDE8F081217828461FF0ADF8F4
:10564000F0E700BF1C5C0020D4F20500F8B50C4F59
:1056500006464C1C01F133056EB114F8011C2246BC
:1056600030461FF09AF808B1601EF8BD0A34AC420B
:10567000F2D10020F9E73946204620F011F9F2E78F
:10568000D4F205002DE9F0410D4CDFF838800546D5
:1056900000262746621C6DB94146104620F000F9ED
:1056A00028B901360A2E04F11004F2D10027384639
:1056B000BDE8F081217828461FF06FF8F0E700BFC1
:1056C000C85C0020D4F205002DE9F04106460F46E3
:1056D00090461EF0D4FB50B339463046FFF75CFFCE
:1056E000054678B9134A0446104620F019F9C0B9A6
:1056F0000C225443104A601C3946104420F081F9B2
:105700001655A518012101FA08F105F1080020F04D
:10571000E9F8BDE8F04109484FF40042002318F0D1
:10572000A3BF01340A2C02F10C02DDD1EAE7BDE887
:10573000F08100BF902E0020882E0020002F002036
:1057400038B50C4619466BB103F120051B6A8AB9BE
:10575000E268A360954200D1E36000230D680B620C
:105760001A46A847A3685BB9601C0649BDE83840E3
:1057700020F047B91360E3689D4208BFE260ECE7A0
:1057800038BD00BFD4F2050070B5204B14468268C6
:105790009A420FD1A568C66875B92279216830464A
:1057A00020F086F8024628B11949013020F029F985
:1057B00015701581012070BDE0680028FBD02B8892
:1057C0008B420AD0F6D2E068A36801380433E06067
:1057D0000038A36018BF0120EDE72568227929462B
:1057E000304620F065F8024660B90949304620F09D
:1057F0005FF802460028E6D02946013020F001F982
:1058000023791370A3685B881381DCE7E95A0300EE
:10581000D4F205002DE9F04180460F4616461D469C
:10582000FFF7D6FE044648B91449FFF7D1FE0446F7
:10583000F0B100F8018B394620F0E3F82289638942
:1058400092B99BB926816581254615F8010B294639
:105850001EF015FB60B12246294612F8080BBDE880
:10586000F0410423FBF798BD964203D39D42EAD84A
:10587000BDE8F0819D422681E6D9E4E7D4F2050037
:105880002DE9FF410E4617469846044628B96FF0A9
:105890001505284604B0BDE8F08102A91DF0E1FE1F
:1058A00005460028F3D101A920461CF0CEFB019843
:1058B000D0B902A90020FFF78BFE0446D8B9002E0C
:1058C000E7D01149FFF784FE0446D0B1002300F869
:1058D000013B02A920F095F8042204F1080140469A
:1058E000B84700EAE075D4E70A22294619F088FD96
:1058F0000028DED0CBE7002EEED106604660866041
:10590000C7E76FF00B05C4E7D4F205001FB51946D1
:105910001046074B074ACDE9022308230093BDF840
:1059200018206B4420F0F0F805B05DF804FB00BFD0
:105930001E00900106000C0008B513468168074A56
:10594000914209D11A791968C0681FF0B1FF18B1E6
:105950000023036043600381012008BDE95A03006E
:1059600070B50B4B164682689A420ED1C5686C1C06
:105970003335316820461FF093FF18B17168204617
:1059800020F03FF80A34AC42F3D1012070BD00BFD3
:10599000E95A030038B50C4B144682689A420D460A
:1059A0000FD122792168C0681FF082FF48B1D4F876
:1059B000C83004EB83020133158101895181C4F899
:1059C000C830012038BD00BFE95A030002484FF437
:1059D000A472002318F048BEC82F002008B5042187
:1059E00008481FF07FFF07486FF002011FF089FF92
:1059F00004481FF095FFC30701D5FFF7E7FF00201C
:105A000008BD00BFF82F0020024608B50849013044
:105A10001FF0F7FF002313720C32BFF35B8F52E8C5
:105A2000001F42E800300028F9D1BFF35B8F08BDAA
:105A3000D4F205002DE9F047284B164682689A42B9
:105A400007462DD1C5686B8E53B36C1C05F1330A24
:105A50004FF0000806F18809B4F807309BB114F83C
:105A6000011C224630461EF098FEE0B914F8010CE5
:105A70002146FEF755FA30B1437B072B08BF4FF0A4
:105A800001081EF094FD0A345445E5D1B8F1000F29
:105A900006D16B6BA5F8328013B141463846984762
:105AA0000120BDE8F087307A49461EF0E8F978B960
:105AB0000B4B9D4202D130461FF0FFFF09492046A3
:105AC0001FF09FFF002304F8013CA4F80730DAE739
:105AD000494620461FF095FFD5E700BFE95A03006D
:105AE00070080020D4F205002DE9F0471F46BDF8EC
:105AF0002030D1F80C9006468846002B46D17B1EFC
:105B0000012B46D8012F4946157818BF1588FFF795
:105B10009DFD044678B915B93846BDE8F087494679
:105B2000FFF794FD0446B8B306F1880101301FF079
:105B300068FF337A2370D9F83830DBB9B4F808A09D
:105B40002581B9F83230AB4203D0494640461FF0B8
:105B500021FEAA4505D0307A002206F18801FFF720
:105B6000B3FD002DD8D10E49601C1FF04AFF2570EF
:105B70002581D1E72A464146304698470028CCDBAC
:105B800001380128DAD96FF00D00C6E76FF0060082
:105B9000C3E76FF00C00C0E76FF01000BDE700BF77
:105BA000D4F2050037B50C460546082104F11C0067
:105BB0001FF098FE12230422CDE900320349044B62
:105BC0002246284620F04EF803B030BD115A050099
:105BD000E55C050008B5124801211FF083FE10F0B6
:105BE000010F104B0AD1104A9A610D481FF098FE20
:105BF000830713D4BDE80840FFF7E8BE1A8B588B23
:105C0000012A4FF6FF7205D8904207D04FF6FF7277
:105C10005A83EAE790421983E7D0F7E708BD00BF4F
:105C2000F82F0020A82F00200100FFFF10B56FF013
:105C3000020104460E481FF064FE0D481FF070FE7E
:105C4000C20704D50B480022002318F00DFD2046A2
:105C50001FF077FD58B12046FFF7D6FC38B1037A24
:105C6000DB0704D5BDE81040012120F060B810BD6D
:105C7000F82F0020C82F0020F8B50B4C0B4F002543
:105C8000661C394630461FF00BFE014630B92046EF
:105C900020F03DF82078314620F013F901350A2D27
:105CA00004F11004ECD1F8BD1C5C0020D4F2050016
:105CB00010B51E4801211FF015FEC30735D402217F
:105CC0001A481FF00FFE084007D11949194A0B88DE
:105CD000194CA24223D300B10B80184B1849194824
:105CE0000022C3E9002223F08EFD4FF4A4720023AA
:105CF0001448FBF721FC1449144823F084FD0221C9
:105D000013481FF0EFFD1349134823F07CFD13489F
:105D1000FEF7FAFBBDE810401148FEF7DBB850680B
:105D200003449BB208320120D3E710BDBC5C0020C5
:105D30002A8B0020E4A6050014A70500C05C002003
:105D4000CB5F0500502F002051620300C82F0020B8
:105D5000F82F0020D3680500002F002048080020FD
:105D6000240800202DE9F041034648B1008A38B9E3
:105D70001249DFF84CE001244FF0140C714501D3B7
:105D8000BDE8F081D1E90076BB4204D30CFB06727A
:105D9000143A93420ED93444A2B208311446EDE7C6
:105DA0000CFB0578434507D001356219B54292B224
:105DB000F6D1F2E70025F8E71046E1E7E4A6050092
:105DC00014A705002DE9F74FBDF830500091994612
:105DD0004FF6FF73002D08BF1D46244B1B888342DE
:105DE000074690463CD203B0BDE8F08F7368234469
:105DF000BB4232D29CB208361D4B9E42F6D3F2E72C
:105E00008958019340461DF054FC019B90B1013428
:105E10000AF1010AA4B273685345ECD9009B9C4275
:105E2000E1D8BC423168F2D30BFB0AF28B18B8F10F
:105E3000000FE5D1B9F1000F0BD1013DADB218460D
:105E40000E9A0D9B21469847002DCCD00028DED11C
:105E5000C9E7DA689145DAD1EFE74FF0000ADAE7EF
:105E6000044E01244FF0140BC6E700BF2A8B00201C
:105E700014A70500E4A6050010B5C8B000231CAAAD
:105E8000694604A8CDE90033CDE902331DF028FAB4
:105E9000D8B14FF6FF7101200D4A04AB20F08AF80B
:105EA0000C4804A91DF0B1FA78B10A4B082203F19D
:105EB0001001187811F8014D03F8014B013A0870F0
:105EC000F7D1054808211FF00DFD48B010BD00BFF7
:105ED000FB570500302F0020F82F00202DE9F0415E
:105EE0001949BDF818700446A1F1300015461E4648
:105EF00023F0ABFC15481FF013FD010707D4FFF793
:105F0000BBFFFFF7B9FE12481021FBF77FFA2046CE
:105F1000FFF77AFB68B1037ADA070AD500F10C04BF
:105F200020461FF0FDFCC30703D4022120461FF0CA
:105F3000D9FC102306933A4631462846044BBDE867
:105F4000F0411FF0E1BD00BF802F0020F82F00209E
:105F5000302F002010B51B481FF0E2FCC0F3C0003A
:105F600080F0010408B9FFF787FF16481FF0D8FC3E
:105F7000034614481FF0D4FCDA0621D5830608D561
:105F8000F4B1FFF779FEBDE810400F481021FBF790
:105F90003DBA20210B481FF0A5FC0B4910228818A0
:105FA00023F0BBFF48B9094823F03BFCBDE8104093
:105FB00004486FF001011FF0A4BCFFF70BFEE0E7FF
:105FC00010BD00BFF82F0020302F0020C82F002068
:105FD00008B5102103481FF085FCFFF7BBFF002028
:105FE00008BD00BFF82F00202DE9F041B8B00C46E5
:105FF000164621493E986A461F461CF002F80028C2
:1060000037D0009D01A928461CF01FF865B1019802
:1060100070B90DF108080023284641468DF8143068
:106020001DF01FFB054650B16FF0150425461AE020
:106030000A22002119F0E4F90028EAD0F4E7CDF8AB
:106040001080A4B1C02208A93846B047041EEDDB79
:10605000A40808ABCDE90634084A04AB4FF6FF713B
:1060600001201FF0A7FF284638B0BDE8F081234685
:10607000F0E76FF01505F6E739F5050089570300DD
:1060800007B500230193FFF76DFE411C89B2084656
:10609000034A01AB1FF08EFF019803B05DF804FBCB
:1060A0008F5705002DE9F047154689469422696807
:1060B00006461FF0AAFF8046002848D169680222E0
:1060C00030461FF0DCFF002844D04FF47020002140
:1060D000AF8AFFF7BBF80237044680B11F4B476118
:1060E0001D214174C0F80C80436085613A463046FA
:1060F0001FF0CEF9074638B92046FFF7CFF86FF00A
:106100000B052846BDE8F08701234246414607F1CA
:106110000C0A1FF035FB0221504621F092FB80460D
:10612000504628F8029BA98A21F08BFBAA8A29698C
:10613000404623F0ABFEA760214630461FF0D2FA5E
:1061400005460028DDD02046FFF7A8F8D9E74FF034
:10615000FF35D6E76FF01505D3E700BFC957050037
:1061600030B504468BB037481FF0DAFB42070D46C6
:1061700061D514B1637B072B60D168680590FFF788
:10618000F1FD2A68ADF818003AB305A902912E492D
:1061900001910121002300914FF6FF710593FFF754
:1061A00011FE059B1BB96FF001000BB030BD6B6099
:1061B000059B186800238DF8103004A942F60303EC
:1061C000ADF812301DF075FA70B90598C3689B7967
:1061D0009B0605D46FF01500E7E70028E8D1E2E759
:1061E0001FF0A1FEADF81800BDF818003CB1012366
:1061F0000146AB752A462046FFF754FFD5E76FF0FE
:106200007F0307930223ADF8203042F60213ADF866
:10621000123005ABAC7502930C4B01930123009334
:1062200004AA23464FF6FF7109958DF81040FFF739
:10623000C9FD0798B9E76FF00A00B6E76FF07F0075
:10624000B3E700BFF4010020EF57050085640300A9
:1062500073B500F13005044650F8083C0193A0F1F5
:1062600020066FF0010128461FF04BFB0D4B44F850
:106270001C3C0D4B44F8183C01AB002044F8103C8A
:10628000042324F8080C24F8060C24F80C3C3146AE
:10629000FFF766FF18B9022128461FF023FB02B062
:1062A00070BD00BF4CC505002D5C03002DE9F04713
:1062B000344B1468174682689A4206465ED1D0F87D
:1062C0000C8008F1010508F13309B5F80730FBB17E
:1062D00015F8011C2A4620461EF05FFAC0B14FF4A3
:1062E0009572314620461FF090FEA8B103280FD0CA
:1062F000052820460CBF4FF0030A4FF0020A1EF09B
:1063000021FA824508D93B79534501D287F804A088
:106310000A354D45D9D131E0414630461FF03AFAB1
:10632000194B98452AD1207A04F18801FFF750F9DA
:10633000054618B303890BB94389FBB12046FDF725
:1063400097FC124A2B8922F8203002EB80036989DE
:1063500059800F490F4D182303FB001300B202EBC5
:10636000800200EB40005D601A610B4D9D600422CD
:1063700001EBC00120469A82FFF7F2FE0120BDE842
:10638000F08700BFE95A0300700800209E8A0020B1
:10639000A45B00204CC50500D15D050030B5044666
:1063A0008BB035481FF0BCFA42070D465DD514B1DD
:1063B000637B072B5CD168680590FFF7D3FC2A68E4
:1063C000ADF818003AB305A902912C4901910121B9
:1063D000002300914FF6FF710593FFF7F3FC059B37
:1063E0001BB96FF001000BB030BD6B60059B1868E6
:1063F00000238DF8103004A942F60303ADF81230E3
:106400001DF057F970B90598C3689B79DB0605D470
:106410006FF01500E7E70028E8D1E2E71FF083FD01
:10642000ADF81800BDF818002CB101462A462046E8
:106430001FF0ACFED7E742F60212ADF8122005AA13
:106440006FF07F0302920E4A07930123CDE90032D9
:10645000ADF8203004AA23464FF6FF7109958DF858
:106460001040FFF7AFFC0798BDE76FF00A00BAE7EE
:106470006FF07F00B7E700BFF4010020EF57050081
:10648000856403002DE9F84F454B144682689A4213
:10649000814639D1D0F80CA0424B9A451CD1424DCF
:1064A000424F0026394628461FF0FAF978B915F808
:1064B000010C07222946FDF785FD40BB236915F82D
:1064C000010C1A69294653881288FFF7A3F901368F
:1064D0000A2E05F10C05E5D10AF101070AF1330B8B
:1064E000B7F80720A3899A420BD117F8010C394657
:1064F000FDF716FD054620B1437B072B0AD01EF0A1
:1065000056F80A375F45EBD14FF0010844E01EF022
:106510004EF8DCE7DAF83C3023B14946984708B931
:106520002846ECE79422494628461FF06EFD804637
:106530000028F5D1A389022B15D1B7F8073013F045
:10654000020604D128461EF032F8A660D9E7226977
:10655000A1882846FFF7A6FD0646B8B92269937DB3
:1065600001339375EEE7012B05D028461EF01FF886
:10657000C4F80880C5E7B7F8073013F00106E1D08A
:106580002269A18828461FF001FE064628461EF013
:106590000EF8002EA660B4DA4046BDE8F88F00BFC2
:1065A000E95A030070080020B38A0020D4F20500E5
:1065B00070B5437B072B86B005460C4640F09980AA
:1065C0000B7C062B67D8DFE803F004045151598D8A
:1065D00020000B688BB11B786BB1022B5BD11623AB
:1065E0000193062300934449444B224628461FF05A
:1065F00039FB06B070BD0823F2E710230421CDE972
:10660000003122463E4B3F49F0E70868002842D05F
:106610000678002E3FD14FF4245302A98DF808606C
:10662000ADF80A301DF045F800B342F602132068B9
:106630008DF80C6003A9ADF80E301DF03AF8A8B142
:1066400042F6031320688DF8106004A9ADF81230EB
:106650001DF02FF850B142F6041320688DF8146035
:1066600005A9ADF816301DF024F8A0B908230422BE
:10667000CDE900322449254B2246B7E7086888B3A4
:1066800000264FF4205302A98DF80860ADF80A30B7
:106690001DF00FF810B96FF01500AAE742F60103DC
:1066A00020688DF80C6003A9ADF80E301DF001F8DC
:1066B0000028F0D042F6020320688DF8106004A98B
:1066C000ADF812301CF0F5FF0028E4D042F60303C9
:1066D00020688DF8146005A9ADF816301CF0E9FFAC
:1066E0000028D8D00423CDE900330949094B2246BC
:1066F0007CE76FF07F007CE749620500195C0500CC
:1067000059590500E362050019670300895905001E
:1067100073640500415905002DE9F04F93B08046A0
:106720001C9D174631B16B682A46002113B0BDE8A5
:10673000F04F18472A7C022A72D13878062817D0E1
:1067400008280FD15C1E8DF82010A4B207F1010BB0
:10675000002642F6020A3B78A3420BD914B9002E58
:1067600040F02B816B682A460021404698473BE069
:106770001146E7E7BBF800901FFA89F6002EF1D02A
:10678000BBF80200ADF81C009DF82020BBF80410F7
:10679000ADF81E1062B1022A15D0296839B308A8D5
:1067A0001CF087FF18B33B78E41AA4B29B44D2E7ED
:1067B00008AA06929BF806209BF8071042EA0122DD
:1067C000ADF82220E9E70A236881A981A5F808909D
:1067D0007E49019200932A467D4B40461FF042FAC3
:1067E00086B2002E40F0E98013B0BDE8F08F4FF084
:1067F0000003102200210EA88DF81430ADF816A069
:1068000023F052FB05AA0D9206AA10926B68ADF810
:1068100044902A460DA9404698470028C3D1E3E793
:10682000032A62D13A78072A02D0152A9AD1022186
:106830005C1E8DF82010A4B207F1010900260DF1AD
:10684000200A3B78A34289D8B9F800B01FFA8BF62A
:10685000002E87D09DF8203063B1022B13D0296819
:10686000F1B150461CF025FFD0B13B78E41AA4B238
:106870009944E6E799F8053099F8062043EA02239F
:10688000ADF82230EBE709F105030DF1210209F122
:10689000150153F8040B42F8040B8B42F9D1DEE7E3
:1068A00099F80230B9F803208DF81E304FF000033C
:1068B000ADF81C208DF81430102242F6030300219D
:1068C0000EA8ADF81630CDF818A023F0EDFA05AB00
:1068D0000D9306AB1093ADF844B06B682A460DA932
:1068E000404698470028C0D17EE72A6816786EB9DE
:1068F000B2F802A05C1EA4B207F10109AAF5245A5D
:106900003B78A34207D90CB9002E56D16B682A46B2
:10691000002140460AE7B9F800B01FFA8BF6002EB6
:10692000F4D0BAF1040FF1D801A353F82AF000BF54
:10693000456903000D6903004569030045690300CB
:1069400081690300B9F80230ADF820302B68039359
:10695000102200210EA823F0A7FA039B0D9308AB89
:106960001093ADF844B06B682A460DA9404698478D
:1069700000283FF439AF3B78E41AA4B29944BFE74A
:1069800099F802308DF8203099F803308DF82130D5
:1069900099F8052099F8043043EA0223ADF8223033
:1069A00099F806308DF8243099F8073099F80820C6
:1069B00043EA0223ADF82630C8E72A46314640466E
:1069C00013B0BDE8F04F1FF021BC00BFE36305002A
:1069D0002D59050073B5437B072B06460C4663D142
:1069E000FEF750FE054658B9FEF74CFE0546002856
:1069F0005DD006F1880101301FF003F8337A2B7067
:106A0000AB68DBB1203B00229C4253D09889A1891E
:106A1000884204D1188B218B884228BF01221B6A2F
:106A200053B95AB1AA682262EA6804F12003AB6044
:106A300002B9EB60002234E0203BE5E7E18919BBB5
:106A400042F602138DF804101C4DADF80630019B80
:106A500060692B60182223F027FA63695C6163691F
:106A60001D60636904221A746369A2891A816369CB
:106A7000228ADA816369124A5A606169304602B03B
:106A8000BDE87040FFF794BD21463046FFF78AF815
:106A900002460028C6D0AB681BB90A49681C1EF024
:106AA000B0FF104602B070BD6FF07F02F9E76FF0E3
:106AB0000B02F6E76FF07702F3E700BF9A8A002037
:106AC00051660500D4F205002DE9F041437B072B08
:106AD00007460D465BD1FEF7D5FD0646002859D086
:106AE0008468002C56D00023203C9846A54209D04B
:106AF000A189AA89914208BF4FF00108246A1CB1FC
:106B0000203CF3E70123F9E7002B43D005F11C00FB
:106B10001EF006FF430703D5294638461FF0C1FD86
:106B2000B8F1000F19D0B36805F1200253B19A42B1
:106B300023D12B6ADCB9F168B3608A4200D1F360DB
:106B400000232B62B3681BB91449701C1EF059FF57
:106B5000B8F1000F14D1002007E0A5F818802946ED
:106B60003846FFF71FF80028DDD0BDE8F08123602C
:106B7000F3689A4208BFF460E2E71C461B68D5E759
:106B800000232C681A4629463846A047E3E76FF0F1
:106B90007F00EAE76FF01500E7E700BFD4F20500D9
:106BA00070B58EB000F18805044603900123007A89
:106BB0008DF8103029461DF062F990B1227A1AB38F
:106BC00002AE042130461AF021F900960F4A242122
:106BD00005A82B46FAF750FB05AA0D491046F9F710
:106BE00081F94FF6FF710B4A03AB01201FF0E2F968
:106BF00020461DF0A7FD9DF81010884202D22046C5
:106C00001DF079FD0EB070BD0092DFE73CF5050088
:106C1000E95F0300AD620300F8B5084B1C68054648
:106C20000E4617464CB154F8043C043C1BB13A469E
:106C30003146284698476468F4E7F8BDC05C0020F8
:106C400037B501230546009000F18801007A8DF8E0
:106C500004301DF014F978B94FF6FF710120144A81
:106C60006B461FF0A7F9002128461FF0BFFD08B9A9
:106C7000FEF7B0FF03B030BD2846FEF703FD002845
:106C8000EAD08468002CE7D0203C04F11C031846AD
:106C90001EF046FE020708D418461EF041FE830788
:106CA00003D421462846FEF77DFF246AEAE700BFA9
:106CB000AD62030030B5B5B0002301918DF8080036
:106CC00033930A4A01AB04460D4601204FF6FF718B
:106CD0001FF070F9339B3BB19B0003AA2946204665
:106CE000FAF77EFB35B030BD1A46F7E79559030039
:106CF0002DE9F34100F18808CDE9001204460F4662
:106D0000007A414616461DF0BAF80F4A05466B4612
:106D10004FF6FF7101201FF04DF91DB1207A414659
:106D2000FFF7C8FF207A3946FEF71AFC40B131461A
:106D300001301EF066FE1DB1207A41461FF0C1F8F9
:106D400002B0BDE8F08100BF61590300F7B52F4ADA
:106D5000009104460E468DF804006B464FF6FF7115
:106D600001201FF027F931462046FAF747FB00289B
:106D700023DB314620461EF091FE00281DDB314604
:106D80002046FEF7EDFB08B1FEF73EFE31462046F9
:106D9000FAF734FB002810DB1D4F002517F8013CE3
:106DA000A34204D1394630461EF07AFD38B9103579
:106DB000A02D07F11007F1D1002003B0F0BD154B55
:106DC0001D44AB68002BF7D01C6804B1203C0027A1
:106DD00023F8087C3A46203B29463846FEF7B0FCAB
:106DE00054B9E9E7A2F12006002227832346294669
:106DF0001046FEF7A5FC3446226A002AF2D122830F
:106E0000234629461046FEF79BFCD5E73959030077
:106E1000C95C0020C85C00202DE9F74F04460346FA
:106E20003B4A4FF6FF71012004F188061FF0C2F8BB
:106E3000207A31461FF013FD207A31461DF01FF8ED
:106E400050B1237A8DF80430324A00966B464FF6E3
:106E5000FF7101201FF0AEF82046FEF713FC074635
:106E600040B92046FEF7D0FB054600283DD103B0CF
:106E7000BDE8F08F8568002DF3D055F82089B8F172
:106E8000000F01D0A8F120084FF00009CA4601E028
:106E90004546984605F11C0B6FF0080158461EF058
:106EA00030FD207A31461CF0EAFF80B9A5F818A021
:106EB0002B464A4639462046FEF742FCB8F1000F01
:106EC000CFD0D8F82030002BE2D0203BE0E7584666
:106ED0001EF026FDC307E9D47B781BB13146781C30
:106EE0001EF08FFD05F12009E8E7207A31461CF0FD
:106EF000C6FF28B9284603B0BDE8F04FFEF784BDB1
:106F00003146681C03B0BDE8F04F1EF07ABD00BFEB
:106F1000355A03003959030030B50C4C0023224682
:106F2000D4F8EC0038B10133052B04F5AC74F7D17B
:106F30006FF00B0030BD4FF4AC746343D418EC33E6
:106F4000034DC4F8F0501A440A60F3E70030002003
:106F500050C60500084A10B501460023141DE0186C
:106F60001FF0F8FC08B1981810BD03F5AC73B3F529
:106F7000D76FF4D1F8E700BF0030002010B50C4AFD
:106F800011680C4ABFF35B8F00F5A87353E8004FFC
:106F9000944204D143E8001CBCF1000FF6D1BFF3CA
:106FA0005B8FBFF35B8FD0F85001BFF35B8F10BDD9
:106FB000905500200030002008B5FFF7DFFF0346A2
:106FC000C8B1D0E9011221B9002A0CBF0320022068
:106FD00010E032B1C36813B9094B1B7833B90420F0
:106FE00008E00749087828B1DB6833B9003A18BFD0
:106FF0000122500008BD0320FCE70120FAE700BF92
:107000007490002038B50C46037BC17C03EA010272
:10701000150704D5C27A857C2A43D2070ED4042CE6
:107020000ED80B4313F0040306D0FFF7C5FF054B42
:1070300004EB840423441B5C184638BD0523FBE79E
:107040000023F9E774F5050038B50546FFF796FF0C
:10705000D5F8EC309B7A032B04460AD005D8013BC7
:10706000012B8CBF0020012038BD042B0FD0002045
:10707000FAE72846FFF7A0FF032806D1002CF6D038
:107080002069003818BF0120EEE70120ECE7284610
:10709000FFF792FF032802D11CB124690CB1024B07
:1070A0001C7804F00100DFE77490002030B5037A0B
:1070B00087B00446052B18D8DFE803F01A03031A3B
:1070C000172790F8DC20D0F8D830D34003F0010324
:1070D00043F080030E4902AD0095096804F13702C0
:1070E00004F1570020F0EDFA20B1082007B030BDC0
:1070F0000023EFE71022294604F1170022F00DFFCC
:10710000003818BF01208000F0E70020EEE700BF44
:10711000685D002070B50446D0F8EC60FFF72EFFE4
:107120000421054604F1D8000EF024FAC0B9D4F8C1
:10713000D8300C4AB3FBF2F102FB1133C4F8D8305B
:1071400084F8DC0055B16B6843B10B21201D1FF0A2
:10715000BAFC6B68D4F8D81030469847002070BD50
:107160000820FCE740420F0038B5EC22054600211C
:1071700022F09AFE102105F127000EF0FBF90446DB
:1071800048B9052128461FF09EFCFCF7CBF9034BBC
:107190001860204638BD0824FBE700BF685D00206A
:1071A00038B5051D0446082128461FF08CFC064909
:1071B00004F15700FCF7C6F920B1284608211FF05A
:1071C0004EFC082038BD00BFF972050070B50C21D7
:1071D00005461FF0C2FC0446F0B140210C3020F0FF
:1071E00030FB0E4B1B680246014603F1200053F8AA
:1071F000046B41F8046B8342F9D1203203F1200182
:1072000053F8040B42F8040B8B42F9D1284621466F
:107210001FF03DFC002070BD0820FCE7685D0020E9
:1072200073B5047A022C054623D844B190F8DC30BB
:10723000D0F8D840DC4004F0010444F0800403217D
:1072400028461FF08AFC0646A8B110210C3020F019
:10725000F8FA00900F482346006805F1270205F16F
:10726000570120F02EFA044650B1304611F0F2FCDE
:1072700001E0032C02D0082002B070BD0024DEE73C
:10728000314628461FF003FC281D21461FF0E7FB6E
:107290002046F1E7685D002070B50446FFF76EFEFA
:1072A000261D05460E2130461FF054FB38B9214BF0
:1072B0002022196804F1570022F02FFE58B1204611
:1072C000FFF784FF40B9237A052B04D8DFE803F0E9
:1072D000051F1205032F082070BD042120461FF052
:1072E000F2FBFFF79DFF0028F6D12046BDE8704075
:1072F0001FF0FDBB2046FFF70DFF0028ECD1032156
:1073000020461FF0E0FB0E211FF0DDFBEDE72046DD
:1073100003211FF0D8FB0E211FF0D5FB30460A21B8
:107320001FF0D1FBAB68D4F8EC009847DDE70421EF
:107330002046E9E7685D00202DE9F3410E4604464A
:10734000FFF71CFEF36804F157080546424603F1B7
:10735000200153F8040B42F8040B8B42F9D104F1DD
:10736000770203F1200153F8040B42F8040B8B421F
:10737000F9D14046FCF760F8A0B9D4F8EC30DB78DE
:10738000002B40F08580271D0E2138461FF0E2FAC1
:1073900040BB484B20221968404622F0BEFD08BB86
:1073A00008201CE00E21201D1FF08DFBD4F8EC609E
:1073B000D6F8B83033B9307A06F1880100F060FEB3
:1073C000C6F8B800D6F8B830002BD6D0DA8902F06B
:1073D0002402002AD1D05B7B9B07CED4032002B0CD
:1073E000BDE8F081237A052BDAD801A252F823F008
:1073F000097403003F74030013740300097403004D
:10740000A173030053740300032120461FF05BFBAC
:107410000FE02046FFF77EFE0028E0D10321204642
:107420001FF051FB0E211FF04EFBFFF7F9FE002865
:10743000D5D1204602B0BDE8F0411FF058BB0A216B
:1074400038461FF040FBAB68D4F8EC0098470E219B
:10745000DBE7102104F127000EF08CF80646002827
:107460009ED125B32B6913B3134B01A91B88ADF82B
:10747000043020461FF04CFA3846C4E938660C2127
:107480001FF021FB2B69D4F8EC0001A99847D0E745
:10749000084B1D682DB9201D06211FF014FB28463E
:1074A0009DE7204602B0BDE8F041FFF7F5BE02209F
:1074B00095E700BF685D0020DFA80500F0B50F4626
:1074C00085B00446FFF75AFDFB6804F13706054610
:1074D000324603F1100153F8040B42F8040B8B42BF
:1074E000F9D1D4F8EC30DB78002B52D12046FFF7ED
:1074F000DDFD40B9237A052B04D8DFE803F03820FE
:1075000020060338082005B0F0BD03AB5F480093A8
:107510000068334604F1270204F1570100F032FFFE
:107520000028EFD10A21201D1FF0CDFA09211FF0FC
:10753000CAFAEB680399D4F8EC00984721E094F874
:10754000DC300133DBB2142B84F8DC300FD0102197
:1075500004F127000EF00EF80028D3D103212046B5
:107560001FF0B1FA05B0BDE8F040FFF759BE231D8A
:10757000072118461FF0EEF928B1092118461FF01F
:10758000A2FA0020BFE7204605B0BDE8F0401FF09A
:107590003DBB237A052BB5D801A252F823F000BFDA
:1075A000E5750300FD750300FD750300B975030063
:1075B000057503004D76030003AB34490093096859
:1075C00004F12703324604F1570000F0DBFE0028E7
:1075D00098D10A21201D1FF076FAEB680399D4F8A0
:1075E000EC00984720460D211FF06DFA201D102158
:1075F0001FF069FA20461FF0CFFA84E72046FFF714
:1076000055FD00287FF47FAF032120461FF05BFA71
:107610001FF0C2FA00287FF476AF94F8DC30013313
:10762000DBB2142B84F8DC3006D10D2120461FF08C
:107630004AFA1021201DA2E7102104F127000DF0C5
:1076400099FF003818BF0120C0005CE7102104F149
:1076500027000DF08FFF064600287FF453AF95B149
:107660002B6983B10A4B03A91B88ADF80C30204667
:107670001FF04EF90C21C4E93866201D1FF023FAD3
:107680002B6903A957E702203DE700BF685D002092
:10769000DFA8050038B5174B1B78054623B301F06A
:1076A0000F042846FFF788FC134A03280CBF04F098
:1076B0000B0444F0040405F5AA731278BFF35B8F42
:1076C00053E8001F013103D143E800200028F7D11F
:1076D000BFF35B8FBFF35B8FD5F85431BFF35B8F84
:1076E0002BB144F0010038BD01F00704D9E704F0E4
:1076F000FE00F8E77490002084100020F8B50546DD
:107700001FF021F90446002879D0061D04213046D7
:107710001FF020F9002875D1022130461FF01AF918
:10772000002868D1032130461FF014F910B16FF022
:107730000F00F8BD012130461FF00CF90028F6D1EA
:107740002046FFF781FC00285FD0D5F8B83033B170
:107750002046FFF709FD70B16FF06800E9E7287A6D
:1077600005F1880100F08CFCC5F8B8000028EFD1C5
:107770006FF00B00DDE7012120461FF0EEF9074610
:107780000028E9D006210C3020F05BF809210546DD
:107790002046FFF77FFFA8702046FFF70DFC1C4B2B
:1077A00028701B784BBB1B4B1B786B701023EB7046
:1077B000AB7813F0010314BF032200226A712B710E
:1077C00084F8E8306B7984F8E930012363722B6820
:1077D000C4F80A30AB88E381394620461FF057F9D8
:1077E000204602211FF06FF90B211FF06CF90321D5
:1077F00030461FF068F900209BE70123D5E76FF0C2
:107800007F0096E76FF0040093E76FF0150090E7B4
:1078100075900020769000202DE9F341051DD0F8E9
:10782000EC40CB680646022128461FF093F800285A
:1078300055D1032128461FF08DF800284FD1012192
:1078400028461FF087F8002849D1274A1278002AD5
:1078500047D01F783B0744D5D4F8B83053B1DB8903
:1078600003F02403BBB92046FFF748FF00282EDBB6
:107870000F2131E004F18808217A4246202000F0EF
:1078800081FCC4F8B80030B9217A4246042000F0E7
:1078900079FCC4F8B800D4F8B8100029E3D0780710
:1078A00006D54B7BDA0703D43046FFF785FBDAE7D2
:1078B000CB899B06D7D50B7B009301F1180201F110
:1078C0001A03204610311CF0CFFE002803DA0820EE
:1078D00002B0BDE8F081012128461FF0F4F8002035
:1078E000F6E70320F4E700BF7490002037B50546A3
:1078F0000C46FFF743FB0346F8B10068E8B1227875
:107900008DF8002062788DF80120A2788DF8022091
:10791000E2788DF8032022798DF8042062798DF8C1
:1079200005201B68D5F8EC00694698470138C0B2BD
:1079300008289ABF024B185C002003B030BD00BF7E
:107940005CF50500F8B50E46D0F8EC500446FFF79C
:1079500015FBF668F378073B092B72D8327994F857
:10796000E830134084F8E830727994F8E930134035
:1079700084F8E930022323743368C4F81130B388E3
:10798000A4F81530B3781B0706D5237B1F0703D552
:107990000521201D1FF097F8B378980606D5237BA4
:1079A000990603D51421201D1FF08DF8B378DA074E
:1079B00014D5237BDB0711D50D21201D1FF083F883
:1079C00031782046FFF71EFB2072D5F8B81020460C
:1079D0001FF000F830B903252846F8BD0023A4F8AD
:1079E000E830EDE720461FF016F805460028F3D1F1
:1079F000271D052138461EF0ADFF0028EBD094F876
:107A0000E93084F8E85003F0020384F8E9303146A5
:107A10002046FFF76BFF05460028DDD10A4B1B68A7
:107A200023B9062138461FF04EF8D5E720460C2131
:107A30001FF049F80B211FF012F8BDE8F840FFF7DE
:107A4000C5BB0625C8E700BF685D0020F8B50E4637
:107A5000D0F8EC500446FFF791FAF668F378073B4C
:107A6000092B00F2AD80D5F8B8305BB1271D0F218E
:107A700038461EF06FFF88B92046FFF775FB68B1E6
:107A8000C5B209E0287A05F1880100F0F9FAC5F8D5
:107A9000B8000028EAD108252846F8BD0123637202
:107AA0003368C4F80A30B388E38102232374B178C1
:107AB0002046FFF7EFFDE0742046FFF77DFA102324
:107AC00060742375337903F003036375737903F0EE
:107AD0000103A375E37C1A070CD5B3781B0709D5FE
:107AE000052138461EF0EFFF637D03F00203637546
:107AF0000023A375052138461EF02CFF68B3314BD7
:107B00001B78A374E37C980606D5B378990603D551
:107B1000142138461EF0D7FFE37CDA071FD5B3786F
:107B2000DB071CD50D2138461EF0CDFFA37D84F860
:107B3000E830637D84F8E930032138461EF0C3FF46
:107B400031782046FFF75EFA2072D5F8B81020464B
:107B50001EF040FF38B903259EE71B4BD0E70023FA
:107B60006375A375E2E720461EF055FF0546002821
:107B700092D1052138461EF0EDFE0028EBD03146AB
:107B80002046FFF7B3FE0546002885D10C2120468C
:107B90001EF099FF02211EF0E0FF064600283FF488
:107BA0007AAF06210C301FF04CFED4F81130036080
:107BB000B4F815308380314620461EF068FF6BE72D
:107BC000062569E7769000207590002038B51249A7
:107BD0000446A0F1EC05343021F015FE28461FF0D4
:107BE000FCF9BFF35B8F0D4A04F1640353E8001FF7
:107BF00043E800200028F9D1BFF35B8FBFF35B8F10
:107C000068344FF0FF3354E8002F44E80031002976
:107C1000F9D1BFF35B8F38BD4374050000300020FD
:107C2000F8B5D0F8EC40D4F8B8300646051D43B995
:107C3000022128461EF08EFE0927002851D11F215F
:107C40004BE081BB0D2128461EF084FE074620B183
:107C5000D4F8B80008B11FF0F6FC364B1B689BB196
:107C60001D6805B10C3D53F80C3C13B13946204654
:107C700098474DB12B46ED681B681DB10C3D002B9C
:107C8000F4D1F7E7002BF1D130461FF0A6F9637B62
:107C9000072B4DD1627AA37A9A4249D02046BDE89B
:107CA000F8401FF038BA0139C9B20E2998BF224AEC
:107CB0001B7B94BF575C092723BBD4F8B8001FF087
:107CC00064FC0023C4F8B830022128461EF042FEAE
:107CD00038B9072FB3D8194BD95D3A462046FCF77F
:107CE000D3F8032128461EF035FE0028CCD0114BD6
:107CF0001B68002BC8D01D6805B10C3D53F8083C2B
:107D00004BB90BE0022128461EF024FE0028D4D1F6
:107D1000DAE70C3D23B1394620469847002DB3D011
:107D20002B46ED685B68002DF3D1002BF3D1ABE758
:107D3000F8BD00BF8855002065F5050054F5050025
:107D40002DE9F0410B8A04460E46B3B3012106F13A
:107D50000C001FF0A7FDA4F1EC05E83C0746042148
:107D600020461EF0F7FD40BB39780E2925D8DFF8F4
:107D7000508058F8313023B9072128461FF073FA94
:107D80001BE028461FF002F930B9032120461EF0FF
:107D9000E1FD90B10821F0E73B78318A08EBC3029E
:107DA0001279914201D00A21E7E7314658F8333081
:107DB0002846984701460028DFD10020BDE8F08121
:107DC00078C6050038B5164B1860F0B11548164C4A
:107DD00016F0ACFA00250621201D1EF0BBFD78B17F
:107DE000D4F8EC30DB78204683B9FFF7EFF9014691
:107DF00010B120461FF037FA0C2120461EF063FE1A
:107E00000135052D04F5AC74E5D138BDFFF744FA12
:107E100001460028F4D020461FF025FAF0E700BF05
:107E2000685D00203C130020003000202DE9F34164
:107E300090F8E930CF68D0F8EC5023F0020380F8D6
:107E4000E9303B78044623B1BB7903F0C003C02B73
:107E500077D105F1880807223946404622F05DF8BF
:107E600088B1287A394600F007FA064658B101462B
:107E700020461EF0AFFD18B9082002B0BDE8F08121
:107E800030461FF082FB0D21201D1EF063FD0028EF
:107E900038D0297A424602201FF063FB06460028AC
:107EA000EAD0EB78002B45D105F19603187801282C
:107EB00021D19A7902F0C002402A1CD1D3F80120C6
:107EC000C6F83A20B3F80530F38795F8883093B1B7
:107ED00095F88E3003F0C003C02B0CD01B496A46C6
:107EE000CDE90087FBF7A4FE701C39461EF0C6FDE5
:107EF0002846FBF79BFF3046FAF70EFB18BB3046CF
:107F0000FAF71AFB94F8E9305B0703D50A212046FB
:107F10001EF0D9FDEB7843B994F8E9302BB9D4F8C9
:107F2000EC30D3F8B830002BA6D0B4F8E81021B16B
:107F30000020A2E705F18F03B8E72046FFF770FEA7
:107F4000F6E70A2099E7032097E700BFB96F05001D
:107F50002DE9F0410546A0F1E80604460F463046FB
:107F6000012155F8EC891FF011F800285FD0CFB13E
:107F7000032130461EF0EEFC002858D03846FAF7B0
:107F80007BF80138C0B208289ABF2E4B1C5C002435
:107F9000022130461EF097FD21462846BDE8F041FB
:107FA000FFF73EBE98F80B30002B40D0032130463F
:107FB0001EF0D0FC20B92846BDE8F0411FF00DB8F6
:107FC000052130461EF0C6FCB8B114F8043C1F076A
:107FD00007D514F8033C180703D5112130461EF0CD
:107FE00072FD14F8043C23F0080304F8043C14F870
:107FF000033C23F0080304F8033C14F8033CD907BE
:1080000017D5062128461EF05EFD022130461EF0DF
:108010005AFD98F8033013B914F8033C3BB92368B0
:10802000D3F8B8301BB134F8041C0029B5D0BDE832
:10803000F0819A0701D50821E4E75B07E5D50A211D
:10804000E0E700BF5CF5050008B50A4B93F8A230E5
:1080500003F00603062B084B0CBF012200221A7006
:1080600004D10648FBF7F4F9002008BD6FF00100C9
:10807000FBE700BF2001002074900020C80800200A
:108080002DE9F8431B4FDFF8749080460D4600261B
:10809000052417F8013C43450AD1072229463846F2
:1080A00021F03BFF20B9144800EB8610BDE8F883AF
:1080B000052C07D107224946384621F02EFF00281B
:1080C00008BF34460136052E07F14007E1D1052CE3
:1080D0000ED0094AA30102EB841002F80380013399
:1080E0002C68D4509918AB888B80AB798B71DDE705
:1080F0000020DBE76D5D00206C5D0020D4F2050000
:108100002DE9F3410E4C05460E46174604F5A078BE
:10811000E3897BB12378AB420CD1D4F80100B4F8E9
:108120000520E379009039466846ADF804208DF8C3
:108130000630B04740344445EAD102B0BDE8F08192
:108140006C5D00202DE9F041084C05460E461746AF
:1081500004F5A078E3892B4202D039462046B04787
:1081600040344445F6D1BDE8F08100BF6C5D00208D
:1081700008B5034900220220FFF7E4FF002008BDF4
:108180005F7505002DE9F0410F4D06460F469046FC
:108190000024B5F80D3033420DD015F8013CBB4238
:1081A00009D107224146284621F0B7FE18B90748F1
:1081B0002044BDE8F0814034B4F5A07F05F14005CE
:1081C000E7D10020F5E700BF6D5D00206C5D002069
:1081D0002DE9F0410B78012B07460D4602D0002017
:1081E000BDE8F0818B7903F0C003402BF7D11F4E1F
:1081F000002401F1010836F82C3C9A070CD516F83A
:108200003A3CBB4208D106223146404621F085FE69
:1082100010B917482044E3E74034B4F5A07F06F1D5
:108220004006E8D1134E002405F1010836F81C3C45
:108230009B0714D516F82A3CBB4210D14146304664
:108240001BF0A3F958B10A4BD5F8010004F13A022A
:10825000D1189850B8F804208A80E018C0E740345C
:10826000B4F5A07F06F14006E0D1B8E7A65D002096
:108270006C5D0020965D0020F8B50C4D06460F465B
:10828000002415F8013CB34208D10722394628469C
:1082900021F043FE10B906482044F8BD4034B4F53F
:1082A000A07F05F14005ECD10020F6E76D5D0020D0
:1082B0006C5D00202DE9F0479AB01D46DDE923975B
:1082C0002E4B16460CAA84468A4603F1300E904681
:1082D00018685968144603C4083373452246F7D119
:1082E00018681B79206023716146202204A81FF0C2
:1082F000B2F923486B46202204A91FF0C4F90446B2
:10830000C0BB102251460DF135001FF0A4F9102218
:1083100031460DF145001FF09EF92946062211F85D
:10832000013B8DF855300DF156001FF094F922995C
:10833000062211F8013B8DF85C300DF15D001FF055
:108340008AF94B463522414668461FF09CF904469F
:1083500080B948461FF089F901238DF83030352265
:108360003B46414668461FF08EF9044610B9384630
:108370001FF07BF920461AB0BDE8F087E1A80500A0
:1083800095F5050070B598B00E46144601462022BA
:1083900004A81D461FF05FF9202231460CA81FF0EB
:1083A0005AF91022294614A81FF055F91022214627
:1083B00068461FF050F96B46502204A918461FF07A
:1083C00062F940B9039B054A1BBAB3FBF2F102FB09
:1083D00011331C9A136018B070BD00BF40420F00EB
:1083E00000F1070C2CF0030C10B4541E1860A4B25A
:1083F000ACF80020023A93B201FB04F24FF0000CFB
:1084000040F802C074B103FB011403FB01F22044E5
:10841000121B4FF6FF7C013B9BB263458050A0EBE3
:108420000100F8D15DF8044B704700BF03460068B7
:1084300010B102680AB91A60704700F1070C2CF0FD
:10844000030CD11DBCF800C021F003010CF1FF3C6E
:10845000A1F800C0EFE700BF0B687BB1073323F042
:1084600003031A88013292B20346D1F800C043F8E0
:1084700007CB23F003031A80086070470122F3E75B
:1084800002FB0100704700BF401A90FBF2F080B27F
:10849000704700BF531E11449BB242B1DB43013809
:1084A000CA1811F8013D00F8013F9142F9D1704717
:1084B000014402E010F8013B1BB98842FAD10020C8
:1084C00070470120704700BF10600860704700BF10
:1084D0000A6803460068904205BF00220A60002037
:1084E0001A60704710B414682060146861605DF809
:1084F000044B1060704700BF884203D01AB1436834
:1085000013607047002070470B68834209D02AB17E
:10851000586810601A680A6018467047002BF9D135
:10852000FAE70023F8E700BF2DE9F041DFF83480D7
:108530000B4E0C2706F130044546221D21462846E5
:108540000C3CFFF7C1FFA642A5F10805F5D1043F99
:108550003B1DA8F12008A6F13006EBD1BDE8F08163
:10856000B45F0020285F002010B403468C46A2B1FF
:1085700001EB4101154803EB4304090101EB8401C0
:108580000144487A0C7AA04204BF013008725DF8B9
:10859000044B6146184610F0D7B801EB41020B4C72
:1085A000120100EB400302EB830323449C7ADA7A46
:1085B000A24202D05DF8044B704701329A72044B1C
:1085C00001225A545DF8044B10F012B9305F0020BC
:1085D000AC5E0020F8B506461C460D4602B3227874
:1085E0006378D21A12F003023AD1274F71004FEA92
:1085F000450C3144AC44890001EB0C1101330431CA
:10860000DBB27A18606823702146FFF76BFF1F4BBF
:108610000122294630465A5510F0EAF80020F8BDEC
:1086200010F0D0F80028DAD02946304610F0AAF829
:108630000028D4D005EB450206EB4601124F6378C3
:10864000120102EB81023A447100907AD27A904290
:108650004FEA450C0CD02078C01A10F00302C8D0A5
:10866000012A03D00133DBB22370D0E71046F8BDF6
:108670002278D21A920702D00233DBB22370D4E9F7
:1086800002039847CAE700BF305F0020AC5E0020BD
:108690002DE9F04FDFF8649119F8003089B0002B14
:1086A0005AD0DFF85CA13C2204234FF0000B00EB12
:1086B000400712FB00330324CDE904BB09F800B0E6
:1086C0000AEB0717039302948346B8460023B96A5E
:1086D00058F8240F079307AAFFF70EFF044607AACE
:1086E000B4B1079D2E786978761A06F00306012E3C
:1086F00035D02B78591A01F003010129DBB23DD1A5
:10870000D7E90901FFF7F8FE044607AA002CE8D1D3
:1087100097F82E3097F82F209A4203D087F82F3001
:108720000123049397F82C3097F82D209A4203D018
:1087300087F82D3001230593029B5D1EEBB2FF2BC2
:108740000293A7F10C07C0D1049AD846DDF814B003
:1087500012B1BBF1000F45D009B0BDE8F08F01396F
:108760006970079BD3E902039847079D2A786978C7
:10877000D3B2521A02F00302012A21D0B86A01933F
:1087800000224146FFF7C0FE6C60019B6A786B7067
:108790002B789B1A03F00303012B08D0D7E90901BA
:1087A00007AAFFF7A9FE012E044698D10EE0039B0D
:1087B0006A70294620460AEB0302FFF793FEEDE7B5
:1087C000D7E9090107AAFFF797FE0446029B8BB180
:1087D00001235946584609F80B3010F009F809B042
:1087E000BDE8F08F5A464146404609B0BDE8F04F1B
:1087F0000FF0AABF002C8BD0EAE700BFAC5E0020D0
:10880000305F00204B1EDBB271B1411E00EB030C48
:10881000002011F8013F23B15A1E01301340C0B2AD
:10882000FAD16145F5D1704708467047F0B5514D12
:1088300083B0074603260124042138460DF018FAB8
:1088400038681F2320FA03F2013BDBB2FF2B4FF005
:10885000000C4FF0010E14D020FA03F101F00101D9
:108860008A4232D00CF101021C2BD2B24ED9192A05
:108870003BD094464FF0010E0A46013BDBB2FF2B82
:10888000EAD180EA050301930DF1040C0DF1080E05
:1088900000221CF8013B23B1591E01320B40D2B219
:1088A000FAD1E645F5D1012A07D983B2B3EB104FCF
:1088B00028D1C3B2B3EB106F24D1013E16F0FF06EE
:1088C000BAD16FF00D0003B0F0BD0EF10102D2B2CB
:1088D000062A2CD904FA03F271B120EA0200002121
:1088E0000CF10102D2B2192AC3D1013304FA03F305
:1088F00029B15B421840C4E710430121F0E7013B76
:108900001843BEE73860002003B0F0BDAFD0012AA5
:10891000ADD104FA03F239B120EA02000021BCF122
:10892000010FDDD00A46A8E710430121F7E701D087
:108930001C2B02D996460A469FE7BCF1000F0AD1CC
:10894000012202FA03FE69B120EA0E008E4661465A
:108950000A46F44691E71C2BECD0BCF1010FD8D0AD
:108960009646E8E7114640EA0E00944696460A46C7
:1089700083E700BFD6BE898E30B5037E0568FF2B26
:1089800014D003EB43028B4205EB021227D04FF0C9
:10899000000C01E099420BD09E4613789468FF2B9F
:1089A00003EB4302A44405EB0212F3D1002030BDD7
:1089B000714517D00FFA8EFE137890680EEB4E0EAD
:1089C0004FEA0E1EFF2B05F80E3006D003EB4303D3
:1089D00005EB03139A6802449A60604430BD9E46DA
:1089E0004FF0000C13780376E4E700BFA2EB010C14
:1089F0001CF4000F10B4836844690BD12CF07F4C39
:108A00006344A3420ED8E41A0023446183605DF8F6
:108A1000044B7047891A21F07F418B4209D95B1AB8
:108A2000A342F0D91B1B0024446183605DF8044B12
:108A300070470C44E41AE7E72DE9F843284DBDF8E8
:108A40002C7004464FF02C0E0EFB045E084604EB1F
:108A5000840104EB4104DEF8041001EBC00605EBD1
:108A60008405F47811F83080717804F1010C5FFA14
:108A70008CFCE04598BF4FF0000C61452DD071682B
:108A800004EB44044FEA041901EB04144FF004080A
:108A900001F809806360089BA360099BE3600A9B5F
:108AA00023610C9BA361119B63620D9BE3610E9B91
:108AB00023620F9BA362109BE36202236270A78272
:108AC000A37086F803C0DEE9083698472B46414676
:108AD0000022B047A078BDE8F8830120BDE8F88304
:108AE000F05F00202DE9F04F0346407AD3E90045BE
:108AF00087B0002800F0FC80421ED2B205EBC20213
:108B00009A468B46039205952346039A51685678F8
:108B10000491BBF1FF0F66D00BEB4B044FEA041836
:108B2000CDF804B013F808B003EB041400254FF09F
:108B3000FF0C84F800C0DAF800709AF8182007EBF0
:108B400008096245D9F8081018BF02960ED1C9E08D
:108B5000091A06D1B9F81E80BEF81EE0F04500F2F1
:108B6000B580B85DFF2894466DD0024602EB420600
:108B700007EB061E3601DEF808008842E8D9029E9F
:108B8000C9F80810BCF1FF0F89F8002064D00FFA73
:108B90008CFC0CEB4C0C4FEA0C1C019807F80C00F9
:108BA000FF2A06D002EB420207EB0217BA68521AFC
:108BB000BA60A27801326270002DAAD0AA6A4FF082
:108BC00000012970A97022B1E96A01930020904741
:108BD000019B6268002A9CD1AA6A2262EA6A6262E8
:108BE000BBF1FF0F98D1039A049F9278994606EB48
:108BF0004601701CB2424FEA011CC6B207EB0115D8
:108C000067D0039B17F80C101878B04208BF0026F5
:108C10000429ECD16A7802EB420809EB0814012020
:108C200094F801E0A1788E454FEA081818D04FF06B
:108C3000000307F80C30AA6AA8700AB1E96A9047E5
:108C4000039B9A78D3E70246BCF1FF0F029EC9F856
:108C5000081089F800209AD101988AF818009FE737
:108C60000192AA8ADAF814104FF6FE7082424B463F
:108C700007D04FF6FF70121AB2FA82F2520984F846
:108C80002C206A6AA262EA6862602A692262AA8A61
:108C900002934FF6FD739A4288BF0022A283AA690D
:108CA000A261EA69E2602A6A2261AA68A2600023DE
:108CB00063616A682046FFF799FEE278002342F07C
:108CC00001026362E383E270029B30E7029E014689
:108CD00056E70399059881424B46A1F1080207D057
:108CE000039212E707F80820019A8AF8182060E733
:108CF00007B0BDE8F08F00BF2DE9F04F447E01239F
:108D00008BB08376002C42D1037EFF2B06463DD0EC
:108D10000EF0D2FF7269F369357ED6F800A0801A92
:108D200020F07F47BB4294BF00230123FF2D029315
:108D3000A34600F087800494B14605EB45050AEB95
:108D400005142D01A368BB427AD8A0781AF8055003
:108D5000FF1A9B4463781B1ADBB2012B6DD1A36908
:108D6000A26A0393B3B9002A00F092801668002E1D
:108D700033D0029BC3B9D9F81C309B4514D3FF2DC7
:108D800000F004810423E18B069390E084760BB01D
:108D9000BDE8F08F029B23B9D9F81C305B4540F247
:108DA00081803AB1166816B1137A002B73D04FF058
:108DB00000031372E38B94F82C2001339BB2E383FE
:108DC000002A5BD0A28B9A4258D2A26A002A00F0F5
:108DD000DA80137A012B51D00126002351685360A9
:108DE000A36A4FF000021A72A078D4F80C80013800
:108DF000A070B8F1000F20D06069D9F81430626A11
:108E0000D4F810C0ABEB00001844E37820F07F40AA
:108E100003F00103002E35D1B4F81EE0CDE9003C8B
:108E20007346C047E378E68366F30003E370A36903
:108E3000002B029B18BF01230293FF2D7FF47DAF0F
:108E4000049C4E46F37AB27A9A4207D10132D2B2EA
:108E5000022A1ABF144623460023F47206EB83034A
:108E60000022C3F80CB0746AB276334601220421A2
:108E70000320A4460BB0BDE8F04F6047A378013B48
:108E8000A370DAE7CDE9003C4FF6FF73C047D4E7A3
:108E900016460021A9E7A18BE38B994287D80123CD
:108EA000137287E7FF2D51D0039BE18B0693A38BB1
:108EB0006668994224BFCB1A99B205EB45030AEBC9
:108EC000031C01FB06630593DCF80810069B8B422C
:108ED0003CD3CDE9077BDDF818E00995A346884629
:108EE000344663460690986900B3DF8BB3F81CC024
:108EF0005E6867452DD2002E43D1BAB1354616685B
:108F000026B1039911B94044864246D867450DD32E
:108F1000D9789BF8030001F0010700F00106B74281
:108F200036D84140C90701D4002D31D11B78FF2B21
:108F300007D003EB43030AEB031399688844F04519
:108F4000D1D95C46DDE9077B099D06986AB3002606
:108F500043E796B1A7EB0C05ADB254B105FB06652E
:108F60006D1A0599A9422CBF00250125002AC6D1FA
:108F7000CCE72546002AC2D1C8E7002ABED1154653
:108F8000C6E73D46E9E7A078012682E7029E24E78E
:108F90005C46099DDDE9077B03E75C46099DDDE949
:108FA000077B002E3FF403AFFEE6164611461CE792
:108FB0002DE9F04F8FB0837E0090002B40F09A8215
:108FC000437E0C93002B78D10098837AC27A0121DA
:108FD00041769A424169079100F0EB830133DBB29D
:108FE000022B00990ABF0C9A1A46134601EB820223
:108FF0008B72D368079A0593D31823F07F434B6194
:1090000001230B93009C267E0EF056FE677A2368A0
:1090100001937B1E65680490DBB2002F00F0D084C2
:1090200005EBC30A0027FF2303930D960897DAF890
:1090300004B00024A9469AF803009AF802800FFAB7
:1090400088F505EB450508F1010340454FEA051792
:10905000DBB20BEB051500F013819AF800209A4261
:1090600008BF00238AF802301BF807206978042A19
:1090700039D9019801EB410300EB0316082A4FEAA6
:1090800003130293B078737821D81B1A13F0FF03EF
:109090002BD1062A1BD1009BDB7E8B4250D00BF8D4
:1090A0000740AB6AAC70002BC5D00020E96A984736
:1090B0009AF803009AF80280C1E7446A0421034643
:1090C00001220420A4460FB0BDE8F04F60470BF822
:1090D00007404FF00103AB70AB6A002BABD0E96ADD
:1090E00001209847A7E79846A9E7052A1FD16A6893
:1090F0004AB9AA683AB9EA682AB92A691AB96A69FA
:1091000032F07F42E3D0012B1CD0009B04215C6A2B
:109110004D4601220846A0470123AA4508938AF834
:109120000280AAF1080300F0B1809A467FE7012B84
:1091300000F09681062AE8D1009BDB7E8B42AED1FF
:109140006968AFE1DDF800804046FFF715FCB060CC
:10915000D8F81410049B059A5B1A23F07F4313443C
:10916000984240F2B781C01A7368002B56D0AB8A80
:10917000002B53D0013B9AB2AA82D6F804C0F38BDD
:10918000604526D90CF10108CDF8189009911BE033
:10919000726ADFF8FC917D499144894584BF02F1F0
:1091A000E87202F5D432C646316A94BFE64602F54B
:1091B000A572013BA0EB0E00521A9BB26045726291
:1091C000F38340F2ED81AA8A9342E1D8DDF818904A
:1091D00009999A4221D9CDE909910CF10102D6F8F9
:1091E00020E00692726ADFF8A891684972449144BF
:1091F0008945E04607D8A2F1E872A2F5D432DDF83D
:109200001880A2F5A57201339BB27262F383AA8A19
:109210009A424044E6D8DDE90991B2836B68034481
:10922000B360AA687369B06A1344736128B10368B4
:109230001BB1D5E901329B1A4360049A3046FFF70F
:10924000D5FBEA68B3691344B3612A6993428CBFC2
:109250009B1A0023B361AB7D1BB1F27863F300026C
:10926000F270EB7D13B1013B86F82C30DDE9013261
:109270000399995473786A780392013373700EE7F7
:109280004D46AA45AAF108037FF44FAF0D9E089FF3
:10929000009A0B9B92F818B0BBEB060518BF01258E
:1092A000002B00F09581049B07995B1A23F07F48FF
:1092B000BBF1FF0F1346126801924ED0DDF814A0E7
:1092C0000695CDE908674FF0000956461D46019AFC
:1092D0000BEB4B0302EB03144FEA031AA268B242F2
:1092E00000F23883A1786378E08B5B1AE9698A42DF
:1092F000A6EB02069144A8EB020831BF891A4FF091
:10930000FF320021EA76E961A269DBB212B1022BD9
:1093100000F04B810022A260019A12F80A202A76FE
:109320006168002940F00481A26A1AB1127A012A08
:1093300000F0E3803BB1012B00D020B1236A13B1D0
:10934000616A01209847A378637095F818B0BBF163
:10935000FF0FBCD1DDE90867069D009C0B9B0399BC
:1093600020465E4518BF1D46FFF7BCFBD4F800B091
:1093700002954FF0000CB246009B1A7EFF2A104661
:1093800000F036831146FF2605E000BF592B177FFA
:109390005A2B17FF19460BB203EB43030BEB0315D4
:1093A0001B01AC6A2CB194F808E0BEF1010F00F08B
:1093B00004821BF80330FF2B0E46EBD1029D56466C
:1093C000BCF1000F00F00A81924500F0DC82002F12
:1093D00000F027811046FF2800F01583FF2E00F0D3
:1093E000FE82009B1B6800EB400003EB0013D3F8E8
:1093F00008B0BBF1000F00F0C2820EF05DFCDFF898
:10940000B882AA4FAA4EDDF800A00A250246DAF873
:1094100014300192D11A21F07F418B4505F1FF35BF
:1094200001F103015CD959452CBF5B185B4423F063
:109430007F494846DAF8283098470EF03DFC019AFB
:10944000A9EB0203821A22F07F42033223F07F430A
:109450009A42044646D9002D00F0D4802246D6E731
:10946000062A3FF418AEDDF800804046FFF784FA84
:10947000B378B060737098F81B206B789A427FF4D1
:109480000EAE1BF80730062B3FF45AAE009AFF23AE
:10949000D3761BF80730062B3FF452AE082B3FF46F
:1094A0004FAE0499009B5A698B1A1E0209D4059A83
:1094B00023F07F4313440099CA699A4288BFCB6165
:1094C000EDE5059B521A22F07F4293428CBF9B1A16
:1094D0000023F0E7726913441B1A7361002043E60E
:1094E00001230C93009A00235376937E0C9A1A431F
:1094F00040F083800FB0BDE8F08FA378A660637062
:10950000079B696903EB09022046FFF76FFA019B8D
:10951000039A03F80A206378CDF80CB00133DBB26C
:10952000637095F818B0BBF1FF0F7FF4D0AE11E770
:10953000A36A13B11B7A012BDFD0B4F81EC0BCF1B3
:10954000000F40D1B4F81CC0E646481C0290D4E994
:10955000087300220494704604E001388E46441CCF
:10956000724412D0DFF854E1524C3B449E44A6456D
:10957000F3D8DDF808E0A3F1E8730138A3F5D4339C
:10958000441CA3F5A5737244ECD1049C94F82C0000
:109590006362002800F0E380A260A4F81EC0AFE779
:1095A000DDF818900999AA8A13E600287FF4B2AE74
:1095B000A26A1AB1127A012A3FF4ACAE85F81BB048
:1095C000A269EA61A6E6A37863704FF0000EBCE7DB
:1095D000009C03992046FFF785FA227E96427FF48D
:1095E000F6AE002F00F0EF81009B002D40F04E8280
:1095F0005D769B7E002B3FF47DAF009B01225C6A71
:1096000003215EE540F6C13342463946304618F044
:109610003DF8404080F311884FF0030002DF2246FE
:10962000F5E6009B597A5C684B1EDBB201250029E8
:109630003FF4D0AECDE9075604EBC3030193069483
:10964000019B5E78DA785B68B24218BF1D4671D024
:1096500036B206EB4606330105EB0616EB5C012B32
:1096600053D0022B5BD1D6E901C133699CF800408D
:10967000D6F80CE00593009BDEF80080D3F800904C
:109680005869FF2CD6E905AB02D00B68834260D045
:10969000009B4FF000081C7E0860FF2C31D0CDE904
:1096A0000256CDF810C05646F24613E0A4C9050094
:1096B00088C70500592B177FF0C605005A2B17FFE6
:1096C000BA684244B04788B919F80540BB68FF2C16
:1096D000984438D004EB440509EB05172046B969D6
:1096E0005B462D01002EEBD10029EDD00599DDF868
:1096F00010C0BB68DDE90256D64609B17A6A0A6035
:1097000098448CF80040CEF80080B36A4FF0000215
:10971000B27013B1F16A00209847019BDA78019981
:109720004E780B780136F6B2B34208BF0026B2423B
:109730004E708DD1019A06998A42A2F1080300F079
:10974000068101937CE7DDE90256DDF810C0D646BC
:10975000D7E704EB4404230119F803409DE7904543
:109760007FF61AAF8646481C0290029C0A95704606
:1097700005E08E4672440130904580B212D9DFF880
:10978000C8E2AD4D3B449E44AE45F2D8A646A3F197
:10979000E8737244A3F5D43301309045A3F5A57363
:1097A00080B2ECD8049C0A9D636260441FFA80FC7E
:1097B000F2E60C9B0B93059324E4009A0598D2697A
:1097C000904234BF121A00220492626801921BF880
:1097D00003200A92AA6920680392019A824280F0CB
:1097E000C480039A002A019AA0EB0200039A18BFD2
:1097F00091460A9A08BF4FF00409FF2A00F0B8808A
:1098000048450246C0F0B4800020CDE906A7CDE966
:1098100008541746DDF810A00A9A0A93CE46039B17
:109820008046844621E0646874B3BCF1040F2ED9ED
:10983000ACF104004044B84228BF3846704526D9F0
:1098400063B3B0EB090001D0504534D2E04405EBDE
:10985000080AA7EB09001BF802204FF0000CFF2AB2
:1098600029D009EB080E774525D302EB42020BEB1A
:1098700002141201A568AC44A56A15B12D7A012D18
:1098800002D0A569002DCED11BF80220E7E7E04405
:1098900005EB08008246002BDDD0DAE7BAF1000FB5
:1098A00004D0A0EB0900824540F2E680E04405EBDD
:1098B00008008246CFE7DDE906A7DDE908540A9BE8
:1098C000019A02449446AA68ACEB02026260A86066
:1098D0001BF803C0BCF1FF0F31D04FF0FF099E46CB
:1098E00000E094460FFA8CF202EB42020BEB0218F6
:1098F0001201D8F80830834280F09480C01AA86022
:109900001BF80220FF2AE146EBD17346BCF1FF0FA2
:1099100015D0FF2E1BF803205ED036B206EB4606AC
:1099200036010BF806200FFA8CFC0CEB4C0C4FEABE
:109930000C121BF802000BF803000BF80210EB8B63
:10994000013BEB83022323724FF0010C14E5DDE9A8
:10995000075649E6B246009B069D099F089EA2EB6A
:109960000A02A26093F818B0F7E4039B184317D0DB
:10997000AB68019AD31A63600023AB60DFE7009BFA
:1099800083F819B039E6002F7FF42BAD009B5A7A8B
:109990005C68531EDBB2002A3FF423AD654649E6FE
:1099A000264A2749274840F66A1317F06FFE4040C1
:1099B00080F311884FF0030002DF63680193D7E75B
:1099C000FF23039364E4009B5A7A5C68531EDBB266
:1099D000002A7FF42FAE07E600980276A3E70EF088
:1099E0006BF904460EF032F9009BC0B1187EF8E422
:1099F000029D5646BCF1000F3FF4F0ADFF2E25D07E
:109A0000002F3FF40EAE0EF031F9044648B3009A31
:109A100000235376937E002B7FF4EFAD6AE5187E2A
:109A20005C61DEE472469E46AEEB00001346C8F869
:109A30000800CC466AE700BF592B177FF0C6050027
:109A400030C7050088C705005A2B17FF002FDAD151
:109A5000009B5A7A5C68531EDBB2002AD3D065465D
:109A6000E8E5009DE8610EF027F96C766861AB7E51
:109A7000002B3FF43FADC0E5CDF810A0DDE9077540
:109A8000099CDDF818A00A9B049819E7187EA2E447
:109A9000F8B5069E9DF81C50089CB8B9144F3A6062
:109AA0005A1E39727B727E60D2B273B106EBC2026B
:109AB0005460114612F808398E4203EB4300A5EBBF
:109AC000030304EB0014DDB2F2D10DB10120F8BDA7
:109AD000099B3B620A9B7B62FF240B9BBB623C762B
:109AE0000EF0EAF87D817861FC76FD612846F8BDCC
:109AF000F05F0020044B2C2202FB0033187A003860
:109B000018BF0120704700BFF05F002010B40B4B5E
:109B10002C2202FB0032546A64B100EB800200EB9D
:109B2000420003EB8003A44601225DF8044B0321AD
:109B3000022060475DF8044B704700BFF05F0020D3
:109B400010B58AB00C9C00940D9C01940E9C02945C
:109B5000BDF83C400394109C0494119C0594129C05
:109B60000694139C0794149C089400240994FEF70F
:109B700063FF0AB010BD00BF10B4039C0294049CA4
:109B80000394BDF814400494069C0594079C069425
:109B9000089C0794099C08940A9C099400240A9440
:109BA0005DF8044BFEF748BF10B4BDF810400494B4
:109BB0005DF8044BFEF740BF2DE9F84F294DBDF885
:109BC00034609DF83880044608462C2101FB04517E
:109BD00004EB840704EB470405EB84054C6804EBB5
:109BE000C00E14F830909EF803409EF8017004F106
:109BF000010C5FFA8CFCE14598BF4FF0000C674503
:109C00009DF844902AD0DEF8047004EB44044FEA37
:109C1000041A07EB04144FF0050B07F80AB0636051
:109C20000A9BA3600B9BE3600C9B23610F9BA362C9
:109C3000109BE36202236270A68284F8168084F887
:109C40001790A3708EF803C0D1E9083698472B46C9
:109C500000220421B047A078BDE8F88F0120BDE8BC
:109C6000F88F00BFF05F002010B588B00A9C009408
:109C70000B9C01940C9C0294BDF8344003949DF815
:109C8000384004940F9C0594109C0694002407947B
:109C9000FFF792FF08B010BD2DE9F0411E4D0646BA
:109CA00008462C2101FB065E06EB860406EB440405
:109CB000DEF8046005EB840706EBC00516F830609B
:109CC000EC78697804F1010C5FFA8CFC664598BF6A
:109CD0004FF0000C61451BD0696804EB4404260179
:109CE00001EB04144FF0070801F80680A362069BFD
:109CF000E36202236270A37085F803C0DEE90835D1
:109D000098473B4600220421A847A078BDE8F0818F
:109D10000120BDE8F08100BFF05F00202DE9F04197
:109D20001F4D064608462C2101FB065E06EB860405
:109D300006EB4404DEF8046005EB840706EBC0057F
:109D400016F83060EC78697804F1010C5FFA8CFC4D
:109D5000664598BF4FF0000C61451DD0696804EB63
:109D60004404260101EB04144FF0080801F80680B2
:109D70006360069BA362079BE36202236270A37089
:109D800085F803C0DEE9083598473B4600220421E8
:109D9000A847A078BDE8F0810120BDE8F08100BFB0
:109DA000F05F00202DE9F041234D064608462C21A6
:109DB00001FB065E06EB860406EB4404DEF8046055
:109DC00005EB840706EBC00516F83060EC7869787F
:109DD00004F1010C5FFA8CFC664598BF4FF0000C53
:109DE000614525D0696804EB440426014FF60278EA
:109DF00001EB041421F80680C4E90123069BE3600B
:109E0000079B2361099B63610A9BA3610B9BA36270
:109E10000C9BE3620223A37085F803C0DEE90835DA
:109E200098473B4600220421A847A078BDE8F0816E
:109E30000120BDE8F08100BFF05F002070B50A4D41
:109E40002C2202FB0052D2E9083604460846984705
:109E500004EB840304EB430305EB8303B4460022C5
:109E6000BDE8704004216047F05F00200DF024BF82
:109E7000401A20F07F40704701480021704700BF22
:109E8000FF410100022801D00120704738B5044687
:109E900008461D4603F0AAFF10B10020287038BD07
:109EA000204638BD002303700B70704738B5054657
:109EB00000200C4603F034FB98B903F089FD10F044
:109EC000060F0ED13DB9084B44B120681860A28836
:109ED0009A80002038BD054B002CF6D11C609C8078
:109EE000F7E70C2038BD00BF246000201C60002074
:109EF0000128034605D8044A0448002B08BF104631
:109F000070470020704700BF246000201C600020C4
:109F100001280AD8064A074B002818BF13461868BC
:109F200008609A888A801846704700231846704750
:109F30001C6000202460002010B504460BF0C6FE13
:109F400070B90CF0F5FAE0B90DF094F850BB0DF0D3
:109F5000E9F9002837D12046BDE8104014F0E6B9F1
:109F6000224A2349234840F6ED0317F08FFB404077
:109F700080F311884FF0030002DF0CF0D9FA0028BB
:109F8000E2D01A4A1A491B4840F6F20317F07EFB4A
:109F9000404080F311884FF0030002DF0DF06AF8B3
:109FA0000028D4D0114A1249124840F6F80317F09D
:109FB0006DFB404080F311884FF0030002DF0DF08D
:109FC000B1F90028C7D0094A09490A4840F6FE03FA
:109FD00017F05CFB404080F311884FF0030002DF74
:109FE0002046BDE8104014F0A1B900BFA8C7050085
:109FF000E4C7050088C705000860014814F096B959
:10A00000F467002014F092B92DE9F84F2A4D0C782E
:10A01000AB788A4629799C4228BF0C46A24229780F
:10A0200042D014FB01F105F108070134E4B2A34268
:10A0300008BF00247B18795A018093468146002688
:10A040004FF001081CE001282BD012225A608AF838
:10A050000040A8782B792978A04288BF23469B45E9
:10A0600023D013FB01F10133DCB2A04208BF00246E
:10A0700037F801C0B9F80000844507EB010314D19B
:10A08000586860B1FF28DED9017901F00301013978
:10A0900001290DD91221596003F0C2FED7E7C3F898
:10A0A00004800136F6B2D2E700263046BDE8F88FCC
:10A0B0000136F6B20121EEE7200900202DE9F84F24
:10A0C0003D4F3B88984268D913F0FF062CD03B4D9A
:10A0D000DFF8EC806C79DFF8EC9005F1080AAA78DB
:10A0E0002B790134E4B2A24208BF0024A3424046C7
:10A0F0001CD0FEF79BF983464846BBF1000F13D0F6
:10A10000FEF794F900284AD0C0F800B06B792A789D
:10A1100013FB02F34AF803003B886C71013E013BDC
:10A1200016F0FF063B80DAD1BDE8F88F3B88002BA4
:10A13000FAD0DFF89490224D99F80540214E09F1AC
:10A14000080899F8022099F804300134E4B2A242D8
:10A1500008BF0024A3422846E6D0FEF767F98246EE
:10A160003046BAF1000FDFD0FEF760F90023E0B10E
:10A17000CAF80430C0F800A099F8053099F800201A
:10A1800013FB02F348F803003B8889F80540013BC4
:10A190009BB23B80002BD4D1C6E7064697E75846D2
:10A1A0000749BDE8F84FFEF757B950460449BDE8E6
:10A1B000F84FFEF751B900BF6C6000207C09002009
:10A1C0007060002024610020480900202DE9F04F34
:10A1D000DFF88C82DFF87892DFF87CB2DFF898A2A3
:10A1E00087B0D8E9000103AAFEF786F905460028E2
:10A1F00034D0039B002B71D0187804AA02A904F074
:10A20000C5FA0446002855D0DDE90313BDF808203F
:10A210000F78ADF80A20059305AE0DF10A0504F09C
:10A22000CFFA2146059ABDF80A0004F011FB20463A
:10A2300004F084FA32462946384604F0A7FA044668
:10A240000028ECD1D9F8000014F070F8D8E900012A
:10A2500003AAFEF751F905460028CAD104AA02A9AB
:10A260000DF1070004F076FA0446002845D0049B5F
:10A2700005939DF80770BDF80830ADF80A3005AEBB
:10A280000DF10A0504F09CFA2146059ABDF80A0072
:10A2900004F0DEFA204604F051FA324629463846E8
:10A2A00004F074FA04460028ECD1694B186814F0E5
:10A2B0003DF896E7039B05931B79013B172B1FD8AD
:10A2C000DFE803F02C3F851E2C1E1E1E1E1E1E1EC8
:10A2D0001E1E1E1E1E1E1E1E1E1E7A2C5D4840F6D1
:10A2E0009A135A46514617F0D1F9404080F311882D
:10A2F0004FF0030002DF039B7EE707B0BDE8F08F5D
:10A30000554A5649534840F6323317F0BFF940409A
:10A3100080F311884FF0030002DF62E75049D8F85C
:10A3200004000022FEF7F0F84E4B05995B792846B1
:10A330000B704D4AFEF7D6F8454B186813F0F6FF40
:10A340004FE74749D8F804000022FEF7DDF8059EE4
:10A35000F46934B12378002B6BD02378013BDBB256
:10A36000237096F8203023B1012B54D13046ECF7FE
:10A37000B7FE3E4A002386F8203053799178107951
:10A380000133DBB2994208BF00239842117834D0E0
:10A390003560507900FB01218E605371002C3FF431
:10A3A00020AF2378002B7FF41CAF6369002B3FF4B0
:10A3B00018AFA069984714E72949D8F8040000228B
:10A3C000FEF7A2F80599284603F0F8FF09E705A96A
:10A3D000284604F01BF82249D8F804000022FEF7B2
:10A3E00093F8059900293FF4FCAE0B792C2B3FF430
:10A3F000F8AE1C4B28465B799AE7174A1C4915486A
:10A4000040F6A13317F042F9404080F311884FF035
:10A41000030002DFC2E7104A10490E4840F69A33A3
:10A4200017F034F9404080F311884FF0030002DF49
:10A430009FE7094A0F49074840F6433317F026F9CA
:10A44000404080F311884FF0030002DF85E700BF32
:10A45000F067002088C70500A8C7050008C80500E8
:10A46000646000202009002060600020800A002035
:10A470000CC80500F0C70500ECC705002DE9F04742
:10A48000DFF8E8A0324F82B080468946AAF1040581
:10A490000023C8F80030D7E9000101AAFEF72CF824
:10A4A0000646002842D0019B51461A784846FFF7DD
:10A4B000ABFD0346002840D12A798DF801206A7946
:10A4C0000DF101010DF102001C46FFF79DFD44EA6C
:10A4D000000212F0FF020346F1D1019B1979012914
:10A4E0002FD11C4C78683946FEF70EF8211D3046F6
:10A4F000FDF7B2FF23880D2B09D8019816490133C7
:10A500002380FDF7A9FF0120FFF7D8FDC0E7134A1C
:10A510001349144840F28A6317F0B8F8404080F3BA
:10A5200011884FF0030002DF2388E6E70E49484612
:10A530004A790431FFF768FD0346184602B0BDE8CA
:10A54000F087C8F800301346184602B0BDE8F0871F
:10A550005C6000206C60002024610020A8C705001A
:10A560001CC8050088C70500200900202409002018
:10A5700070B5574982B000234868019301AAFDF7DE
:10A58000C3FF0446002859D052492046FDF764FF16
:10A5900001990A791D2A06D84F48012393400340A8
:10A5A00033D1172A0ED04D4A4D494E4840F24253FE
:10A5B00017F06CF8404080F311884FF0030002DF81
:10A5C00002B070BD0A7F8D683C2A2C6844D04A7F57
:10A5D00062B3606E18B144496366FDF73DFF94F8BD
:10A5E0006A306FF3000384F86A30002003F0F0F95A
:10A5F0000446002002F094FF40EA440010F0FF00FF
:10A60000DED10AF02FFB02B070BD002AD8D1334A48
:10A610003649344840F23E5317F038F8404080F352
:10A6200011884FF0030002DF02B070BD94F848308B
:10A63000226262F3000384F84830D6E7274A2C49A7
:10A64000284840F20C4317F021F8404080F311886D
:10A650004FF0030002DF97E76E68EEB100236B60F6
:10A66000F36E63B11D4A23491E4840F2854317F03B
:10A670000DF8404080F311884FF0030002DF06F12F
:10A68000600106F15C00FDF723FF054690B13068DC
:10A69000F56603F095FBA2E7104A1749114840F20E
:10A6A000824316F0F3FF404080F311884FF003001F
:10A6B00002DFD3E7094A11490A484FF4916316F0C3
:10A6C000E5FF404080F311884FF0030002DFDEE732
:10A6D0005C600020706000202900003FA8C70500D2
:10A6E00008C8050088C70500246100208CC8050043
:10A6F0003CCD050068C805005CC8050080C80500A1
:10A700002DE9F047046880460CB35B4FDFF88C916D
:10A710005A4E254624682A791D2A09D8584901230A
:10A72000934013EA010A2ED1182A4AD0172A16D0CC
:10A7300040F27E633A464946304616F0A7FF404055
:10A7400080F311884FF0030002DF002CE1D10023D9
:10A75000C8F80030BDE8F047FF20FFF7AFBC2B7F03
:10A760003C2B64D0022B6AD0DBB1434A45494348B5
:10A7700040F2A65316F08AFF404080F311884FF054
:10A78000030002DF2A7962B93F4940F2FC533A469E
:10A79000304616F07BFF404080F311884FF00300F5
:10A7A00002DFDFF8FCA0BAF800300D2B2FD8013300
:10A7B0003649AAF800302846FDF74EFE002CA8D1F5
:10A7C000C5E7E8880428C0D803F008FBD0F8883033
:10A7D000054663B1284A2E49284840F26D6316F0B9
:10A7E00055FF404080F311884FF0030002DF05F170
:10A7F0007C0105F17800FDF76BFE824670B3C5F869
:10A8000088A0284603F0DCFA002C82D19FE721497A
:10A8100040F28A633A46304616F038FF404080F3F3
:10A8200011884FF0030002DFBAF80030BFE7174984
:10A830002846FDF711FE002C7FF46BAF87E7284612
:10A8400009F09CFC504602F05DFE00287FF47DAFCD
:10A850000AF008FA002C7FF45CAF78E7064A0E494C
:10A8600006484FF4CE6316F011FF404080F3118884
:10A870004FF0030002DFC2E7A8C7050088C7050044
:10A880002900003EACC80500B8C8050024610020BE
:10A89000DCC805001CC805003CCD050008C8050043
:10A8A0006C6000200148FDF7C1BD00BF7060002052
:10A8B0000149FDF7D1BD00BF706000200148FDF7E0
:10A8C000B5BD00BF246100200149FDF7C5BD00BF33
:10A8D00024610020024B034A5B790B70FDF702BE36
:10A8E000200900206060002008B5064B064A5B790D
:10A8F0000B70FDF7F7FD054B1868BDE8084013F035
:10A9000015BD00BF2009002060600020F067002016
:10A910000E490B794A7993420DD8A2EB030C5FFAEA
:10A920008CFC60450FD893420DD00978084A13FB80
:10A9300001F3D0587047B1F802C0ACEB030C62448D
:10A94000D2B29042F1D90020704700BF48090020E0
:10A9500050090020094B19795A79187893F802C0E8
:10A960008A4209D04A1C01FB0030D2B2944508BF8C
:10A97000002280681A717047002070474809002043
:10A9800038B5144C627994F802E094F804C0257844
:10A99000531CDBB29E4508BF00239C4509D012FB27
:10A9A00005F204F1080C2CF8020062445160637156
:10A9B00038BD094A09490A4840F2E46316F066FEC8
:10A9C000404080F311884FF0030002DF00231B801A
:10A9D000FFDE00BF20090020A8C705005CCE0500EF
:10A9E00088C7050000220A2302700B70704700BF61
:10A9F000002208B511460A4B0120FDF7EBFD00B916
:10AA000008BD084A0849094840F2037316F03EFEA3
:10AA1000404080F311884FF0030002DF08BD00BF03
:10AA200000090020A8C70500F4C8050088C7050074
:10AA3000022810B50C4602D00B68022B07D0044840
:10AA40004FF0FF324FF0FF3313F096FC206810BD3B
:10AA5000F467002004490A680AB1104670470246AC
:10AA600008601046704700BF54600020044A136815
:10AA700023B1984206BF0021116000231846704799
:10AA800054600020014B1868704700BF54600020DC
:10AA900004490A680AB11046704702460860104629
:10AAA000704700BF58600020044A136823B19842E1
:10AAB00006BF00211160002318467047586000202F
:10AAC000014B1868704700BF5860002030B505681A
:10AAD0002B7887B04BB304460122002168461EF054
:10AAE000CBFD2B78124AC5F818D06A61EBB1114B37
:10AAF0000022114603209C60FDF76CFD38B94FF42D
:10AB000000420023684613F037FC07B030BD0A4A04
:10AB10000A490B484FF4F76316F0B8FD404080F344
:10AB200011884FF0030002DFE9E76FF07700ECE7F0
:10AB300005A00300F0080020A8C70500F4C8050020
:10AB400088C70500F0B5254E336885B00C4617461A
:10AB5000002B36D0994215D10223039303AB024652
:10AB6000009303211E4B0020FFF796F802280546AC
:10AB70000CD0039B022B09D195B133680BB19C42D9
:10AB800021D014B36FF02D0005B0F0BD15484FF083
:10AB9000FF324FF0FF3313F0EFFB039D002DECD19C
:10ABA0003846FFF793FF33680BB19C4211D0002C5D
:10ABB000E8D10028E8D010F1780F08BF002005B0D8
:10ABC000F0BD3160C8E7002333606FF0770005B057
:10ABD000F0BD35600028D7D0EDE700BF54600020FD
:10ABE000F99F0300F46700200E490B794A799342DC
:10ABF0000DD8A2EB030C5FFA8CFC60450FD8934292
:10AC00000DD00978084A13FB01F3D0587047B1F80A
:10AC100002C0ACEB030C6244D2B29042F1D90020E6
:10AC2000704700BF7C09002084090020094B197976
:10AC30005A79187893F802C08A4209D04A1C01FB5D
:10AC40000030D2B2944508BF002280681A71704764
:10AC5000002070477C09002038B50C46054603F0FB
:10AC600073FD207021462846024ABDE83840FDF7B2
:10AC700039BC00BF686000200122024B1146002051
:10AC8000FDF7A8BCE008002070B50C46054603F0AF
:10AC90005BFD21462070064A2846FDF723FC012271
:10ACA000BDE87040034B11460020FDF793BC00BF88
:10ACB00068600020E00800202DE9F0431A4C9DF860
:10ACC0001C6094F805C0277805460CF1010EA078A9
:10ACD0005FFA8EFE704508BF4FF0000E2079704578
:10ACE0001ED01CFB07FC04F10800D2F80090D2F83B
:10ACF00004809768D26840F80C906044C0E904353D
:10AD0000037FC0F8048006F0010623F003033343F9
:10AD10008760C2608161037784F805E0BDE8F08355
:10AD20000020BDE8F08300BF9C0A0020054802799E
:10AD3000417990F800C091421ABF083002FB0C0024
:10AD4000002070479C0A002000B50D4B02789978CE
:10AD500093F805C093F800E091429CBF1A79027005
:10AD600094450AD0531CDBB2994208BF0023054921
:10AD7000037002FB0E105DF804FB0020FBE700BF30
:10AD80009C0A0020A40A00202DE9F04F2B4C2279C8
:10AD90006179237883B09142019032D004F108099F
:10ADA0004FF00008DFF898B002FB0393C2461A7F09
:10ADB000DF689107C2F3400502F0010624D56179EE
:10ADC00023792278A07899421BD00133DBB29842D4
:10ADD00008BF00239942237113D003FB0293002D77
:10ADE000E5D176B1BAF1000F26D0B8F1000F08BF57
:10ADF000B8461A7FD207DAD5DA68924501D0904575
:10AE0000D5D103B0BDE8F08FCBF8083001980C4BDA
:10AE10002A462946FDF7DEFB0028D0D0094A0A4918
:10AE20000A4840F62A0316F031FC404080F31188AE
:10AE30004FF0030002DFC2E7BA46DAE79C0A0020BF
:10AE4000D0080020A8C70500F4C8050088C7050081
:10AE5000064B1A7959791878914205D002FB0033D4
:10AE6000986810B12030704700207047800A002099
:10AE700070B5144A13795479117895789C421FD093
:10AE800003FB012101338C68DBB29D4208BF002324
:10AE90001371ACB102230025266823712560E0619F
:10AEA00003F052FC084A207021463046FDF71AFB99
:10AEB0000122064B11462846FDF78CFB204670BD4B
:10AEC0000024FBE7800A002068600020E0080020E2
:10AED0002DE9F04F83B01D469DF83C300C9CDDF809
:10AEE0003890019417460D9A009253B35C1E95F862
:10AEF00000A080460E46E4B20AF101035FFA83FA2D
:10AF0000564508BF4FF0000A5745484619D0FDF78F
:10AF10008DFA83460098BBF1000F12D0FDF786FA38
:10AF200090B10023CBF80430C0F800B02A78019B20
:10AF300012FB08F29850013CE4B2FF2C85F800A007
:10AF4000DAD103B0BDE8F08F4946584603B0BDE8FA
:10AF5000F04FFDF781BA00BF70B5334C334DA27985
:10AF6000A188334E002084B02346A88004F1080055
:10AF7000FDF736FAE379A279301D1A4408213346E9
:10AF8000FDF72EFA02962E46A37916F8080B0393C6
:10AF90002A79A9786B1DCDE90064FFF799FF254B4D
:10AFA0001122181D6421FDF71BFA234B1622181DD0
:10AFB0000821FDF715FA2048FDF738FA0446B8B124
:10AFC0001E4A2046111FFDF77FFA1B48FDF72EFA97
:10AFD0000446D8B11A4A2046111FFDF775FA194BDD
:10AFE0000E22FF201A80FFF769F8002004B070BD20
:10AFF000154A1649164840F6D40316F047FB404060
:10B0000080F311884FF0030002DFD9E70E4A0F49A1
:10B010000F4840F6DB0316F039FB404080F31188FF
:10B020004FF0030002DFD5E798090020800A0020D6
:10B03000CC67002024610020706000206860002040
:10B04000606000206C600020A8C705003CCD0500B2
:10B0500088C7050030B5354B354C186087B00CF00B
:10B06000E7FD2378002B5CD03249334A334D0595F8
:10B070004FF0050C81F808C0314C0492314A02208F
:10B08000CDE9022404230D24CDE900142E4A0874CE
:10B0900008760B7000200C21FEF7FAFC002832D154
:10B0A0000122002129481EF0E7FA0AF0A1FD04461A
:10B0B00010B1204607B030BDFFF74EFF0446002810
:10B0C000F7D10BF01DFA04460028F2D102F0D4F9B2
:10B0D00004460028EDD10BF0CBFF04460028E8D150
:10B0E00002F09EFB04460028E3D10CF00FF9044661
:10B0F0000028DED103F0D6F804460028D9D101207B
:10B10000EDF71EFAD5E7124A1249134840F25A23C6
:10B1100016F0BCFA404080F311884FF0030002DFC4
:10B12000BEE7FDF701FA012323709DE7F0670020D9
:10B13000779000207C6A0020AD880400FD8904001F
:10B14000498804000C6800209C6A0020F4670020F5
:10B15000A8C70500E4C7050088C7050010B586B07C
:10B1600002F09AF9002838D102F0DAFB002845D124
:10B1700003F09AF8002852D10024454B20469C80C9
:10B18000EDF7DEF94349444A444B8C8094809C801F
:10B190000122214668461EF06FFA414B22462146A5
:10B1A0000320C3F808D0FDF715FA002861D14FF04D
:10B1B000FF324FF0FF33684613F0DEF802F072F909
:10B1C000002848D1FFF7C8FE002836D10021012011
:10B1D00006B0BDE81040FEF769BE324A3249334836
:10B1E0004FF4407316F052FA404080F311884FF04C
:10B1F000030002DF02F094FB0028B9D0294A2A4953
:10B200002A4840F2123316F041FA404080F3118888
:10B210004FF0030002DF03F047F80028ACD0214ACA
:10B220002149224840F2323316F030FA404080F390
:10B2300011884FF0030002DF9EE71A4A1A491B48A3
:10B2400040F27B3316F022FA404080F311884FF031
:10B25000030002DFBAE7134A1349144840F26E3381
:10B2600016F014FA404080F311884FF0030002DF1B
:10B27000A8E70C4A0E490D4840F2613316F006FA71
:10B28000404080F311884FF0030002DF8FE700BFDA
:10B29000200900209C0A00207C0900204809002089
:10B2A00010090020A8C70500E4C7050088C70500ED
:10B2B000FCC8050008B5FFF751FFBDE808400AF0DB
:10B2C000C7BC00BF10B582B00024CDE90044049B88
:10B2D0000AF0BCFE02B010BD10B50346007F1A692B
:10B2E0009969012482B02040CDE9000458690AF030
:10B2F000ADFE08B1773001D102B010BD064A074952
:10B3000007484E2316F0C2F9404080F311884FF0F1
:10B31000030002DF02B010BD04C9050048C90500E2
:10B3200088C7050008B50248F6F774FF002008BD7D
:10B33000BCC9050030B5038A83B023B1037E04463F
:10B34000C3B1022B04D06FF01505284603B030BD01
:10B3500001A900F0B3FF019B054613B11846F6F7AB
:10B360003BFF002DF1D120460DF074FC002528464E
:10B3700003B030BD01A9019300F0D8FA0028F2D043
:10B38000F6F72AFF019D002DEDD0284601F058FC6C
:10B390006871019901481EF056F9E4E7DC6C002061
:10B3A00008B5FFF787FF0448F5F710FA0348F5F7EB
:10B3B0000DFA002008BD00BF80370020B8360020FD
:10B3C0002DE9F041424EDFF81481424F82B04FF038
:10B3D000FF324FF0FF33304612F074FF0028F6D0F2
:10B3E00043790190042B21D8002B4BD13A4840F2ED
:10B3F000CB134246394616F049F9404080F3118894
:10B400004FF0030002DF019B00221A6001A8FFF742
:10B4100077F94FF0FF324FF0FF33304612F052FF12
:10B420000028D4D043790190042BDDD9052BDDD140
:10B430004FF0FF324FF0FF330320F6F7FDF80446DC
:10B440002146019800F0C0FF019B00221A6001A86C
:10B45000FFF756F9002CBAD020461CF0B6F9214669
:10B46000054600201CF0D7F92B8A0446284633B144
:10B47000F6F74EFE13F03EFB002CEDD1A7E70DF0E2
:10B48000E9FBF7E7022B13D04FF0FF324FF0FF3309
:10B490000120F6F7D1F8044601989CB1214600F04E
:10B4A000CDFF019B00221A6001A8FFF729F9D3E71D
:10B4B0000022002301210020F6F7EEF8044601984F
:10B4C000002CEBD1046001A8FFF71AF97FE700BF59
:10B4D000DC6C002008C8050088C705005CC90500B1
:10B4E0002DE9F0412E4F2F4E82B00CE0F6F7D4F844
:10B4F0002246BDF80210044601F08AFB2046F6F70A
:10B500006BFE13F0F7FA0DF1020101A8FEF7B6FF8A
:10B5100004464FF0FF324FF0FF3300211320002C80
:10B52000E4D1019BB3B1FFF723F8DDF80480404676
:10B5300001F086FB019D88F805006B79032B02D191
:10B540002B79182B0ED0294630461EF07CF8019B33
:10B55000002BD8D14FF0FF324FF0FF33384612F0B6
:10B560000BFFD0E74FF0FF3321464FF0FF320520AD
:10B57000B5F80680F6F790F841460246044605F114
:10B580001C0000F0F9FE404600F016FF204624B1F2
:10B59000F6F722FE20460DF05DFB019DD3E700BFCC
:10B5A000F46C0020DC6C0020D0B588B01E481EF082
:10B5B0001EF84FF0FF3200211C481EF05DF81B48BA
:10B5C000FFF748FD044658BBEBF746F90026002775
:10B5D0006FF00902CDE90324CDE90667CDE9014406
:10B5E000134B144900944FF4E072134812F08CFC92
:10B5F000124911481DF069FF6FF00702CDE90324DD
:10B60000CDE90667CDE901440D4B0E49009440F6A3
:10B6100098020D4812F078FC0C490B481DF055FFBC
:10B62000204608B0D0BD00BFDC6C0020F46C0020C8
:10B63000E1B40300A0C10020803700209CC90500B0
:10B64000C1B3030008B90020B8360020A8C905001E
:10B6500010B513F017FA054C20461DF0D4FF204614
:10B660001DF0C5FFBDE8104013F020BADC6C0020CF
:10B670002DE9F047DFF8A4A0DAF80090B9F1000F47
:10B6800032DB80460F46164610D0214C002521465D
:10B69000062230461EF041FC18B914F8013CBB42AA
:10B6A00025D00135A94504F10804F0D1194C1A49F7
:10B6B00023683568DA00501CB9F10F0F0D500844AB
:10B6C000B588858001F83370D4BF09F101030133D7
:10B6D0000A44D8BFCAF800300121102B01FA08F142
:10B6E00008BF0023D17123600020BDE8F0870A4B1A
:10B6F00003EBC503DA7922FA08F1C90702D5012064
:10B70000BDE8F087012101FA08F10A43DA71EBE79D
:10B71000196D0020106D0020186D0020146D0020A0
:10B720002DE9F0411A4C6468A40004D51646194A64
:10B730001268120701D4BDE8F08103F10C0405463C
:10B740000F46204602211CF07CF840F63E43038061
:10B75000012120461CF075F80346042220461A7089
:10B760000B211CF06EF80570A0F801603DB97B68F4
:10B77000BA68C0F80720C0F80330BDE8F0814FF088
:10B780000008C0F80380C0F80780BDE8F08100BF62
:10B79000A002002098020020F0B5013887B01446BE
:10B7A00011280AD8DFE800F0233F55090967097915
:10B7B00098AB090909090909090D6FF0150007B0CF
:10B7C000F0BDCB68DA789978188808F0A9FB554B5A
:10B7D00006460121188818F06EFB012105460C3041
:10B7E0001CF02FF806702560002007B0F0BD4D4B0F
:10B7F0000D21188818F05FFB0D2120600C301CF023
:10B8000020F84FF0021400234FF44071052203701A
:10B81000C0F80140A0F80510C27103724372837230
:10B82000C3720373E0E73F4B4121188818F043FBD4
:10B83000412120600C301CF004F8002104463E2217
:10B8400000F8031B1EF030FB40F2A733A4F80130D0
:10B85000CAE7344B0921188818F02DFB0921206014
:10B860000C301BF0EEFF0346002203F8012BC0F85A
:10B8700001205A60B8E7C9680020FEF717FB294B82
:10B880000121188818F017FB012105460C301BF028
:10B89000D8FF002303702560A6E7234E214F0FCE6B
:10B8A00001AD0FC5336838882B70122118F003FBE7
:10B8B000122120600C301BF0C4FF0446002301AEAF
:10B8C00004F8013B84460FCE2D78CCF8010061606E
:10B8D000A260E360257487E7124B1821188818F0DE
:10B8E000EAFA182120600C301BF0ABFF002304465D
:10B8F000012100F8023B0DF085F8607074E7094BF8
:10B900002121188818F0D7FA212120600C301BF073
:10B9100098FF0146002301F8113B01300DF0C2F8F9
:10B9200062E700BF2C8B0020D4C905002DE9F0414F
:10B93000038A8EB00022022B099231D904460E46AA
:10B940000C3003211BF0AEFF228A83789A4227D362
:10B950000088D24FC0F38523082B1FFA80FC388063
:10B96000C0F3090509D8A3B1013B072B11D8DFE8C3
:10B9700003F01C10284C101010653F2B09D109AAA8
:10B9800021462846FFF708FF163040F07E84B7F8BE
:10B9900000C0012160460EB0BDE8F04118F09DBA2C
:10B9A000002420460EB0BDE8F081062D00F0208472
:10B9B0001D2DEED1E368188802F04EFB0146388851
:10B9C000E9E7632D00F05E8400F2EF80032D00F0C4
:10B9D00031842D2D40F0D480E368604604211E8818
:10B9E00093F8028018F067FA042104460C301BF02B
:10B9F00028FFB7B20546C31C424639460220FEF76F
:10BA000041FAA5F801602870CBE7681E0828C0D865
:10BA100001A353F820F000BF71BC030025BC030054
:10BA2000FFBB030093B9030093B9030093B903006C
:10BA300093B9030093B90300DFBB0300681E4D28D0
:10BA4000A7D801A353F820F0EBBE0300C9BE030042
:10BA500013C0030093B9030009C00300EDBF030046
:10BA6000D3BF0300C7BF0300BBBF0300B1BF0300C8
:10BA700099BF0300C5C1030087C103007FC1030054
:10BA80005FC1030059C1030051C1030049C1030054
:10BA900027C103001FC10300F7C00300E9C0030072
:10BAA000AFC003008FC0030077C003006DC0030068
:10BAB0005DC00300A9BE030093B9030093B903005E
:10BAC00093B9030089BE03006FBE03005FBE03008D
:10BAD0002BBE03001FBE030093B9030093B90300FC
:10BAE00011BE030009BE030003BE0300E3BD030053
:10BAF000B1BD03007FBD03005FBD030051BD030066
:10BB000007BD0300B1BC030079BF030027BF0300DA
:10BB100093B9030093B9030093B9030093B90300E9
:10BB200093B9030093B9030093B9030093B90300D9
:10BB300093B9030093B9030093B9030093B90300C9
:10BB400093B9030093B9030093B9030093B90300B9
:10BB500093B9030093B9030093B9030093B90300A9
:10BB600093B9030093B9030093B9030093B9030099
:10BB700005BF030093B9030093B90300FBBE0300A4
:10BB8000012D7FF406AFE268454B116852681960D9
:10BB9000604629465A6018F08EF9012104460C309F
:10BBA0001BF04FFE00230370FBE67B2D00F0298382
:10BBB0007C2D7FF4EEAEE3681E885988B0B202F0A7
:10BBC0004BFB05460321388818F075F9032104461C
:10BBD0000C301BF036FE0570A0F80160E1E660460F
:10BBE000072118F068F9072104460C301BF029FEE4
:10BBF0000146002001F8010BFEF78AF9D1E6092180
:10BC0000604618F058F9092104460C301BF019FE63
:10BC10000346002203F8012B6021C0F801205A607E
:10BC20004171BEE66046412118F045F941210446C4
:10BC30000C301BF006FE002105463F2200F8021BD7
:10BC40001EF032F90423174AEB72EB7520231649D4
:10BC5000C5F81A20C0204FF490626B704FF40A733D
:10BC6000A871C5F82110A5F82720A5F80F3098E68F
:10BC70000921604618F01FF9092104460C301BF019
:10BC8000E0FD4FF450610023084A01800D218370CC
:10BC9000C3700171C0F8052083E600BF2C8B002023
:10BCA000A0020020F7FFFF0F30F0F97FF105FFFF42
:10BCB000E368604605211E8818F0FDF8052104465A
:10BCC0000C301BF0BEFD05462A1DB0B2E91C02F087
:10BCD0003BFAEB782A792870002B93FAA3F3B3FA96
:10BCE00083F308BF4FF0FF330133EB70002A92FA61
:10BCF000A2F3B3FA83F308BF4FF0FF330133A5F883
:10BD000001602B714DE66046092118F0D4F8092135
:10BD100004460C301BF095FD0AAB05460DF12202DE
:10BD200008A90DF11E0002F003FABDF81E30A5F8B7
:10BD30000130BDF82030A5F80330BDF82230A5F859
:10BD40000530BDF82820A5F8072000232B7028E631
:10BD5000E368188808F026FF388801211BE7E368AC
:10BD6000187808F007FF05463888012118F0A3F875
:10BD7000012104460C301BF064FD057011E6E368F8
:10BD800018680A909A889B798DF82E3060460721B2
:10BD9000ADF82C2018F08FF8072104460C301BF06A
:10BDA00050FD0546411C0AA808F0B0FE2870F8E5D1
:10BDB000E36818680A909A889B798DF82E3060465F
:10BDC0000721ADF82C2018F076F8072104460C3036
:10BDD0001BF037FD0546411C0AA808F05DFE2870DF
:10BDE000DFE56046022118F066F8022104460C30B7
:10BDF0001BF027FD054608F0F3FC002368702B704C
:10BE0000CFE508F0EFFCAEE7E06808F02FFDAAE709
:10BE1000E06800F11702C11D09F012F9A3E7E36819
:10BE20005988188802F07AF99DE76046052118F0D4
:10BE300042F8052104460C301BF003FD0AA9054613
:10BE40000DF1220002F05EF9BDF82230A5F80130B4
:10BE5000BDF82820A5F8032000232B70A1E5E36896
:10BE60001E889A885988B0B202F01AF9A9E6E268E9
:10BE7000168892780023CDE90233CDE90033022100
:10BE8000B0B202F021F89CE6E16800220E884B88EF
:10BE9000039208890290C888019089880091B0B205
:10BEA000022102F011F88CE60921604618F003F82F
:10BEB000092104460C301BF0C4FCBF49BF4A016095
:10BEC0000023426003726CE50421604617F0F3FF23
:10BED000042104460C301BF0B4FC00231B21032278
:10BEE000037041708370C2705BE5E268B44B116807
:10BEF00052681960604601214CE6E068C17908F09B
:10BF00005BFE30E76046032117F0D5FF03210446AE
:10BF10000C301BF096FC0146002301F8023B013077
:10BF2000FDF7C0FF3DE5E26891781088B2F8054062
:10BF3000CB0703D5D37843F00303D37013798E076F
:10BF4000D17844BF43F00303137143EA0102032A8B
:10BF500000F2A4814D0700F09E815A0700F09B81FA
:10BF600014F003021CBF04F1FF3404F0010202F0DC
:10BF700017F9014638880EE5E3681A78D10744BFFF
:10BF80000721597092074CBF07219978587848BF0C
:10BF9000997002F0FBF8E6E6E4686379B4F80320F0
:10BFA000B4F801102078A4790094EAF7C9FEDAE623
:10BFB000E3681878EAF784FCD5E6E16811F8010B2C
:10BFC00001F0DCFBCFE6E16811F8010B01F066FB44
:10BFD000C9E60221604617F06EFF022104460C30CC
:10BFE0001BF02FFC002303704370DAE4E468A57BA8
:10BFF000A3796279217920880295657B01950734C0
:10C00000009401F045F9AEE6E1680120FDF74EFF2E
:10C01000A9E66046092117F04EFF092104460C30BD
:10C020001BF00FFC0346002503F8015BC0F801502C
:10C030005D600646FDF720FF2B4661F30703C1F361
:10C04000072262F30F23090C61F31743090A61F316
:10C050001F63C6F80100C6F80530A2E4E3681E8835
:10C0600000220621B0B207F049FFAAE5E2680021EC
:10C0700032F8026BF6E7E268114602F10C0331F880
:10C08000020B0A3208F02AF80146388883E4604639
:10C09000092117F010FF092104460C301BF0D1FBD9
:10C0A000002300F8013B082109F0E2FD79E4E06893
:10C0B00000230AAA00F110010BF034FE3888112188
:10C0C00017F0F9FE112104460C301BF0BAFB0646AE
:10C0D000002306F8013B0AAD07460FCDC7F8010063
:10C0E0007160B260F3605CE4E368188801F090FF6F
:10C0F000014638884FE4E368604608211E8817F03F
:10C10000DAFE082104460C301BF09BFB0546E91CB7
:10C11000B0B201F021FFA5F80160287041E4E068A9
:10C1200008F0A2F81FE6E16800224B880888039215
:10C130000C890294CC88019489880091114601F001
:10C14000C3FE0146388826E4E06808F0B1FA0AE642
:10C15000E06808F019FA06E608F0ECF903E6604634
:10C16000022117F0A8FE022104460C301BF069FBE7
:10C1700000230370054608F0DBF9687011E43046CF
:10C1800007F05EFFEFE5E468B4F813506188637967
:10C19000227920880495B4F811500395B4F80F5013
:10C1A0000295257B019506340094EBF7C5FC01460A
:10C1B0003888FFF7F0BB00BF00FFFF3FFFFF030021
:10C1C00098020020E3681878002861D05B78002B83
:10C1D0005ED0344A00231360334A136001F044FBFD
:10C1E0000C2805464FF00101388808BF0025BDE541
:10C1F000E3689978188801F0D3FE01463888FFF784
:10C20000CABBE3681E880AA9B0B201F0FFFF05218E
:10C210000546388817F04FFE052104460C301BF008
:10C2200010FB0570A0F80160BDF82830A0F80330BD
:10C23000FFF7B7BB1C481D491D4A1E4B4FF0FF348A
:10C24000046041F6FF754FF0FF34C1E9004500205E
:10C250000021C2E900011F200021C3E90001FEF70F
:10C260007DFF3888012117F026FE012104460C309D
:10C270001BF0E7FA0023104A03701360FFF7E8F998
:10C28000FFF78FBBE2680A4B31E6099CFFF789BBD9
:10C290004FF0FF33A0E71221FFF77CBB1121FFF71E
:10C2A00079BB00BF106D0020146D0020A00200209B
:10C2B00048380020980200200C6D00202DE9F8433A
:10C2C00000230B60038A032B2ED9054688460C30C9
:10C2D00004211BF0E7FA2B8A4788B0F80090BB4294
:10C2E00022D31B2F20D801F095FD4FEA1936334693
:10C2F0000446F8B19B0817D1D6B1012E14D1237989
:10C30000677166F301032371E9683A46E01D1DF089
:10C31000BDFD2146C9F30B0001F088FD08B9BDE859
:10C32000F883204601F07CFD6FF01500BDE8F8832E
:10C330000226E4E70F4B1B689B0117D54FF0FF3235
:10C340004FF0FF330120F5F777F90221C8F800001C
:10C350000C301BF076FA4FF48D730380D8F8000090
:10C3600001210C301BF06DFA012303706FF068009F
:10C37000D5E700BFA0020020F8B50E4B1B68DB0616
:10C3800000D4F8BD02F10C0406460D4620460221F9
:10C390001BF057FA034640F205421A80204604215A
:10C3A0001BF04FFA00270770A0F801503278C270D6
:10C3B000F8BD00BFA0020020024A1368013B1360D1
:10C3C000704700BF0C6D002070B5037FC68803F076
:10C3D0000303013B012B0DD9154A1649164842F2B9
:10C3E000342315F053F9404080F311884FF00300D7
:10C3F00002DF70BD044601F10C05284604211BF044
:10C4000020FA237F03F00303022B0CBF46F40056EF
:10C4100046F480560680637F4380617F28461BF088
:10C4200010FA627F04F11F01BDE870401DF02EBDBF
:10C43000E8C9050008C8050088C705002DE9F04FC8
:10C4400090F804C0C688BCF1030F89B004460D46BD
:10C4500000F11C071FD0ACF1050CBCF1180F34D84B
:10C46000DFE81CF0430033003300330033003300B7
:10C470003300330033003300330033003300330024
:10C480003300330033003300BE001D012501540189
:10C490006B017E01AE01C37F033B122B00F2C7810B
:10C4A000DFE813F04302C501C5016A028302C5013A
:10C4B000F901C501C501C5010202C5011D02C50181
:10C4C0002000C501C501D301D301B54AB549B6481D
:10C4D00042F2241315F0DAF8404080F311884FF04F
:10C4E000030002DF09B0BDE8F08FB04A037EA67EEC
:10C4F00094F8198092E803005B425FB20B0C8DF850
:10C500001E30237FADF81C1059060690C6F3400676
:10C5100000F16C82A64B5B6803F00053002E40F0E4
:10C52000A582002BDED0A34B1B689B07DAD5207FAA
:10C5300004F11E09C0F380114A4600F00F00FFF716
:10C5400097F80028CED1237F03F00F03012B00F0D2
:10C550003C83627F931DA2F1060A05325FFA8AFAD4
:10C560005FFA83FBD3B2059356460C350221284669
:10C570001BF067F93E23037080F801B001212846C3
:10C580001BF05FF9034602221A70059928461BF03A
:10C5900058F901230370237F03F00F0320336B440A
:10C5A000054613F8083C437008F01AF98045C0F0BE
:10C5B0001283237FC3F38013AB70D4F81E30C5F809
:10C5C0000330B9F80430A5F8073085F809A00A351A
:10C5D00004F12401324628461DF058FCAF5581E78E
:10C5E000F80700F1F581277F002F00F0E881704BFC
:10C5F0005B6899007FF576AF6E4B1B6840F20122B5
:10C60000134203F400783FF46DAF0C35002F40F077
:10C610000082694A136801331360B8F1000F00F01B
:10C620007D82022128461BF00CF941F63E730380FF
:10C63000012128461BF005F903460A221A702846F4
:10C640001E211BF0FEF80770A0F80160637FC37025
:10C65000A37F0371D4F81F30C0F80530B4F823303D
:10C66000A0F80930D4F82B30C0F80B30B4F82F30D4
:10C67000A0F80F30D4F82530C0F81130B4F82930C4
:10C68000A0F81530638EA0F81730A38EA0F81930EB
:10C69000E38EA0F81B3094F83830437722E70A463F
:10C6A0003846314609B0BDE8F04FFFF765BE404B54
:10C6B0005B689A007FF516AF3E4B1B685B077FF502
:10C6C00011AF0C35022128461BF0BBF840F63E2383
:10C6D0000380012128461BF0B4F8034603222846B4
:10C6E0001A7009211BF0ADF8FF07054600F15F82C3
:10C6F000237F2B70A5F80160E38BA5F80330238C12
:10C70000A5F80530638CA5F80730EBE6284B5B688D
:10C7100018044FF000047FF5E5AE0C3502212846E1
:10C720001BF08FF84FF44C730380032128461BF055
:10C7300088F80470A0F80160D4E6204B1B68190249
:10C740007FF5D0AE0C35022128461BF07AF840F276
:10C7500057230380022128461BF073F80680C1E6A8
:10C76000134B5B689A007FF5BDAE124B1B681B0331
:10C770007FF5B8AE0C35022128461BF062F840F276
:10C780003E430380012128461BF05BF8142303700D
:10C79000032128461BF055F80680237F8370A1E60D
:10C7A000E8C9050008C8050088C70500B8A8050045
:10C7B000A0020020980200200C6D002048380020C4
:10C7C000A44B5B689F007FF58DAEA34B1B681805DB
:10C7D0007FF588AE0C35022128461BF032F840F276
:10C7E0003E630380012128461BF02BF80C230370C5
:10C7F000052128461BF025F8237F0370A0F801606F
:10C80000627F002A92FAA2F3B3FA83F308BF4FF0D3
:10C81000FF330133C370A27F92FAA2F3002AB3FA66
:10C8200083F308BF4FF0FF33013303715AE68B4A9D
:10C830008B498C4842F2082314F028FF404080F3D3
:10C8400011884FF0030002DF4CE6824B5B689A00D0
:10C850007FF548AE804B1B685B067FF543AE0C3519
:10C86000022128461AF0EDFF40F63E3303800121F5
:10C8700028461AF0E6FF072303700A2128461AF01B
:10C88000E0FF0680A38C4380E38C8380238CC380ED
:10C89000638C038126E60B4632463946002009B0F8
:10C8A000BDE8F04FFEF73CBF6A4B90F820401B6894
:10C8B0001F067FF517AE0C35022128461AF0C1FF7E
:10C8C0004FF481630380042128461AF0BAFFB4FABA
:10C8D00084F35B090470A0F80160C37002E65D4B4D
:10C8E0005B68980040F18A805B4B1B68990640F1B9
:10C8F00085800C35022128461AF0A3FF40F63E330E
:10C900000380012128461AF09CFF062303700A21A8
:10C9100028461AF096FF0680238C4380638C838020
:10C92000A38CC380E38C0381DCE54A4B5B689900F0
:10C930007FF5D8AD484B1B68DA067FF5D3AD0C35D3
:10C94000022128461AF07DFF40F63E530380012164
:10C9500028461AF076FF052303700C2128461AF0AA
:10C9600070FF034623F8026B216A626AC0F8021066
:10C970005A60238D4381B5E5364B1B681B064FF08B
:10C9800000047FF5AFAD0C35022128461AF059FF9F
:10C990004FF481630380042128461AF052FF0123DB
:10C9A0000470A0F80160C3709CE590F820300E2B55
:10C9B0007FF498AD0B46324600211A206FE7A07F26
:10C9C00004F12503FF2204F11F0107F0FFFF0EE62B
:10C9D000224A2549234841F6427314F057FE40404D
:10C9E00080F311884FF0030002DFFCE5002104F121
:10C9F0001E034246084607F0E9FF8BE50023CDE918
:10CA00000233CDE900331A220221304601F05CFAEC
:10CA100068E5B8F1000F40F0B180022128461AF015
:10CA200010FF41F23E330380012128461AF009FF2E
:10CA300001230370122128461AF003FFC0F8018079
:10CA4000C0F80580C0F80980C0F80D8080F811801A
:10CA5000077047E5A002002098020020E8C9050001
:10CA600008C8050088C705004CCA0500002B3FF424
:10CA700039AD624B1B685A057FF534AD207F00F05D
:10CA80000F03012B0DD05E4A5E495F4841F66403F7
:10CA900014F0FCFD404080F311884FF0030002DFEA
:10CAA000207F04F11E06C0F38011324600F00F0013
:10CAB000FEF7DEFD00287FF415AD0C350221284677
:10CAC0001AF0BFFE41F23E230380012128461AF0EE
:10CAD000B8FE03460B221A70284611211AF0B1FE47
:10CAE00040F201130380054607F07AFE80457BD3B0
:10CAF000237FC3F38013AB70D4F81E30C5F8033026
:10CB0000B388A5F80730237FC3F3C0136B72636A41
:10CB1000C5F80A30238DEB812F74E3E40221284607
:10CB20001AF08FFE41F23E330380012128461AF0AD
:10CB300088FE034601221A70284612211AF081FE4F
:10CB40000770A0F80160637FC370A37F03F0010347
:10CB50000371D4F81F30C0F80530B4F82330A0F8C2
:10CB60000930638EA0F80B30A38EA0F80D30E38E51
:10CB7000A0F80F3094F838304374B3E4022128460B
:10CB80001AF05FFE41F63E730380012128461AF039
:10CB900058FE0A2303701E2128461AF052FE04464E
:10CBA0001D22002101301DF07FF927709AE4144AFC
:10CBB0001649154841F6CB7314F068FD404080F3E8
:10CBC00011884FF0030002DF92E50B2305934FF02D
:10CBD0000C0BB246C9E44046EA1CA91C07F0B8FD9C
:10CBE000AB780233AB70F0E4EA1C4046A91C07F0B6
:10CBF000AFFDAB780233AB7085E700BF9802002031
:10CC0000E8C9050024CA050088C7050088CA0500D0
:10CC100070B500F10C040E462046022115461AF0AC
:10CC200010FE40F213530380052120461AF009FE3E
:10CC300001230370A0F80160A0F8035070BD00BF8D
:10CC40000379032B08D0053BDBB2182B01D9002058
:10CC50007047054AD05C7047037F03F00303032B42
:10CC600014BF052004207047C4CA050030B583B046
:10CC7000194B079D194AEB1AA2FB032313F47F5F9C
:10CC8000C3F3871419D1A21C154B0095D2B2012110
:10CC90000020FDF701F810F0FD0F0CD0114A1249E9
:10CCA000124840F69E1314F0F1FC404080F31188C6
:10CCB0004FF0030002DF03B030BD0A4A0C490B48B5
:10CCC00040F6991314F0E2FC404080F311884FF0D5
:10CCD000030002DFD7E700BFCC6D00208988888879
:10CCE000F5CC0300E0CA05002CCB050088C7050081
:10CCF00020CB050000B170470C4B10B502460C4626
:10CD0000022001219C60FBF765FC00B910BD084AB8
:10CD10000849094840F6BA1314F0B8FC404080F3C3
:10CD200011884FF0030002DF10BD00BFC40B0020CC
:10CD3000E0CA0500F4C8050088C70500F8B5056815
:10CD40002F6E0646C7B16C6E00232B663CB30021E4
:10CD50001723696623714FF6FF73E38004F11C000B
:10CD60001E221DF0A1F83C232377A66021463846F9
:10CD7000BDE8F840FDF7B8BD104A1149114840F62A
:10CD8000E61314F083FC404080F311884FF0030059
:10CD900002DF6C6E2F6E00232B66002CD7D1074A62
:10CDA0000949084840F6EA1314F070FC404080F34B
:10CDB00011884FF0030002DF6C6EC8E7E0CA05007F
:10CDC00048CB050088C705005CCB050038B5044694
:10CDD00010F81C3B53B3174D6369A8606BB1164A3A
:10CDE0001649174840F6CF1314F050FC404080F32A
:10CDF00011884FF0030002DFA86812490D4B002292
:10CE0000C4E9051011460120FBF7E4FB00B938BD69
:10CE1000094A0D490A4840F6D61314F037FC404041
:10CE200080F311884FF0030002DF38BDBDE83840C1
:10CE3000FFF784BFB40B0020E0CA050074CB0500E7
:10CE400088C705003DCD0300F4C8050038B591F84A
:10CE5000293001EB8303DB6A1D7800B938BD0C462D
:10CE6000FDF710FE8442F9D015F00E0F02D1236AAF
:10CE7000002BF3D0064A0749074840F6861314F002
:10CE800005FC404080F311884FF0030002DF38BDFD
:10CE9000E0CA050088CB050088C7050000B5134B24
:10CEA0009A8C93F8291093F86AC003EB810122F45D
:10CEB000437222F00202C96A42F00E029A840620EE
:10CEC00000224FF4006E6FF3420CA3F868E083F881
:10CED0006AC00A70487093F8351003EB810304228E
:10CEE0009B6B1A7058705DF804FB00BFCC6D00207E
:10CEF00070B51B4C256AEB6E63B11A4A1A491B4880
:10CF000040F6132314F0C2FB404080F311884FF029
:10CF1000030002DF05F1600105F15C00FBF7D8FAC0
:10CF2000064670B12868EE6600F04AFF0025606E84
:10CF30002562FDF7C9FC206E6566FDF7B9FC256624
:10CF400070BD084A0A49094840F6152314F09EFBB3
:10CF5000404080F311884FF0030002DFE2E700BF9A
:10CF6000CC6D0020E0CA0500E0CB050088C70500B5
:10CF70003CCD050030B5524C94F86A30D90785B0E5
:10CF800063D5236A53B193F8202042F0020283F85C
:10CF90002020236A93F82030DA076BD44848FDF745
:10CFA00059FD84420CD0474A4749484840F6DE23A1
:10CFB00014F06CFB404080F311884FF0030002DF57
:10CFC00094F82430DB0703AD0DD502210391404BCB
:10CFD0000095032101220020FCF75EFE2946FDF7A3
:10CFE00027FD002859D102220321394B009500204A
:10CFF0000392FCF751FE2946FDF71AFD40BB354868
:10D00000FDF764FD08B1783036D12D48FDF72EFDCF
:10D0100084420CD02B4A2C492C484FF4306314F036
:10D0200035FB404080F311884FF0030002DF236A94
:10D030000BB1FFF75DFF94F86A3000206FF3000337
:10D0400084F86A3000F0AAFC20B3002005B030BD9F
:10D050001B48FDF70BFD84420CD01A4A1A491B48A5
:10D0600040F6F72314F012FB404080F311884FF094
:10D07000030002DF0C20E9E7124A1749134840F683
:10D08000FD2314F003FB404080F311884FF00300B0
:10D0900002DFBAE707F0E6FDD7E70948FDF7E6FC4F
:10D0A0008442E7D0074A0849084840F6E92314F0CB
:10D0B000EDFA404080F311884FF0030002DFD9E71A
:10D0C000CC6D0020E0CA0500F4CB050088C7050040
:10D0D000F99F0300E86D002000CC0500037803F001
:10D0E0000F0302F1FF3C022B1FFA8CFC25D0012B11
:10D0F0000DD01031C9009BB1062B11D04FF4F37342
:10D1000013FB0CF340F25320184480B2704740F2F6
:10D11000162313FB0CF340F2E330184480B270473F
:10D1200040781030C00001F21B3100F5B37313FBDF
:10D130000CF30844184480B2704741780CEB8C0320
:10D14000C3EB0310400001F11003DB0000F23B10C1
:10D1500003FB020290B270472DE9F0411D468AB0F0
:10D160004FF6FF739D429DF84080119C18D02378A4
:10D170000133DBB2074616462370002B63D03949D2
:10D18000394B0D8104F11C000022C860C1E9007612
:10D1900081F80A80996001201146FBF71BFA38B923
:10D1A00094F8240010F0010514D00AB0BDE8F08115
:10D1B0002E4A2F492F4840F6441314F067FA404096
:10D1C00080F311884FF0030002DF94F8240010F080
:10D1D0000105EAD1042109A808F066FD099B264A49
:10D1E0000694A2FB0312991A02EB5102120A40F2B2
:10D1F000471101FB1233214A2149A21AA1FB021255
:10D20000920920490232CDE904510133CDE902559A
:10D21000CDE90055D2B2012128460993FCF724FD3F
:10D2200010F0FD0FC1D0114A1749124840F2937314
:10D2300014F02CFA404080F311884FF0030002DF15
:10D240000AB0BDE8F081094A10490A4840F62213A5
:10D2500014F01CFA404080F311884FF0030002DF05
:10D260008DE700BFA06D0020A40B0020E0CA0500E0
:10D27000F4C8050088C7050021F1D490CC6D0020CA
:10D28000898888884DCE03001CCC050018CC050089
:10D290002DE9F04F714C1F46714B94F86A60864639
:10D2A0008C4693E8030083B016F001061546DDF8BE
:10D2B00030809DF834209DF8383000908DF80410AF
:10D2C00040F0A980A18C02F0070203F00303520092
:10D2D00021F4437142EA032221F002010A43A284AD
:10D2E00094F8292004EB8202BCF1010F0CF1080331
:10D2F000D2F82C9008BF4FF0000E0DEB030CA4F8F1
:10D3000068E099F800A01CF8083C2AF01F0113F00F
:10D310000E0F03F00F030CBF012200220B4362F338
:10D32000451389F8003003F00F03012B0AF00F0AB0
:10D330005BD094F86A3065F3420384F86A30DAB25D
:10D340005B070CD5134667F3C30384F86A30D8F83B
:10D350000030C4F86B30434BB8F804209A8099F839
:10D36000003003F00F02012A05F0010B2BD099F8D1
:10D370000120E2B96BF3861362F3C71389F800301A
:10D38000062389F8013094F83530E46104EB830416
:10D39000AD01A36B05F040055A7845F004051D70FA
:10D3A0000AB906225A70304603B0BDE8F08FBAF1D0
:10D3B000010F23D099F800306BF386136FF3C71376
:10D3C00089F80030DFE74A466BF3861367F3C7132B
:10D3D00002F8083BD8F80010C9F80810B8F8041093
:10D3E00091800C2389F80130CDE7BAF1010FA0D06C
:10D3F00099F80120A2B984F840609AE794F8402097
:10D40000194909F108001CF041FD94F84030063339
:10D4100089F80130CEE70C26304603B0BDE8F08F26
:10D42000052A0AD9063AD2B2372309F108010E4873
:10D4300084F840201CF040FD7BE70C4A0C490D4865
:10D440004FF4D77314F022F9404080F311884FF065
:10D45000030002DF99F80120E4E700BFCC6D002053
:10D46000C0A80500376E00200D6E0020E0CA050040
:10D4700054CC050088C7050010B5064C204609F0BD
:10D480006FF804F10C0009F06BF8FFF707FD0020BE
:10D4900010BD00BFF46D002008B5FFF76BFD002044
:10D4A00008BD00BF38B5094C04F10C05204609F051
:10D4B00067F8284609F064F8204609F051F8284634
:10D4C00009F04EF8FFF7EAFC002038BDF46D0020AB
:10D4D000034A044B801AA3FB0030C0F38F1070473F
:10D4E000CC6D002089888888044A0068044B801A23
:10D4F000A3FB0030C0F38F10704700BFCC6D00203D
:10D500008988888838B9054890F86A3013F0010F87
:10D5100008BF002070470020704700BFCC6D00207E
:10D5200028B9044B93F86A0000F00100704700200E
:10D53000704700BFCC6D002050B9064B93F86A00CD
:10D5400010F0010005D093F8250000F003007047AB
:10D5500000207047CC6D002070B506460C4690F850
:10D56000260007F0F7FC23780546C3F38010FCF78C
:10D57000BFFC0368C6F871308388A6F875308DB19A
:10D58000237843F04003237023782A68C4F80220EC
:10D5900003F00F03AA88E280012B04F1020503D0F7
:10D5A000284670BD0546EFE796F8260007F000FD17
:10D5B0000028F5D02278234642F0800203F8082B99
:10D5C0000268A26082889A80284670BD1F2957D8B9
:10D5D0002DE9F04190F8293000EB830382B0DF6A37
:10D5E0003B7803F00F03012B0E46054690463FD0D3
:10D5F0000DF10701283009F035F83A78037802F088
:10D600000F0223F01F03134303703B780278C3F328
:10D61000401363F3451202703B78D2B2C3F3801318
:10D6200063F3861202703A46044612F8023B007811
:10D63000DB0963F3C7102346414603F8020BD7F812
:10D640000200C4F8020092889A8004F10800324671
:10D6500006361CF01BFC667095F86A30DB0711D4A7
:10D660009DF8073085F82930002002B0BDE8F08130
:10D6700080F840100A46413041461CF007FCF3E7B1
:10D680001220704795F8353005EB830321469A6BDD
:10D690002846E9F7F5FA0028E2D0E6E703460A460D
:10D6A00001481946FFF792BFCC6D00201F2961D8B1
:10D6B0002DE9F04190F8353000EB830382B09F6B89
:10D6C0000E460546904600F13404002F43D0204614
:10D6D0000DF1070108F0C6FF037823F03F033A4637
:10D6E00043F004030370044612F8020BDBB2C0F3EC
:10D6F000801003F03F0343EA80132370B31D63706F
:10D70000D7F80230C4F802309388E38032464146AD
:10D7100004F108001CF0BAFB95F86A30DA0707D468
:10D720009DF8073085F83530002002B0BDE8F08163
:10D7300095F8292005EB82024123D16A0A7802F08C
:10D740000F02D340DB07EBD522462846E9F798FACB
:10D750000028E5D0E9E7204608F002FFC0B258B93A
:10D7600095F8353005EB83039F6B04233B7006234C
:10D770007B70ACE7122070470720D6E703460A46C5
:10D7800001481946FFF792BFCC6D00202DE9F84300
:10D79000099C9DF820902546804615F81C1B0131F8
:10D7A000C9B217461E46217081B1174C174B26810E
:10D7B000002211460120C4E90087E56084F80A9040
:10D7C0009C60FAF707FF78B9BDE8F883104A114961
:10D7D000114840F2963313F059FF404080F311880E
:10D7E0004FF0030002DFE0E7094A0C490A4840F223
:10D7F000A33313F04BFF404080F311884FF0030038
:10D8000002DFBDE8F88300BF4C6E0020D40B00207F
:10D8100094CC050018CC050088C70500F4C80500A5
:10D8200000207047043008B501F11C02C0B2FDF7BA
:10D8300089F900B908BD783001D10C2008BD074A2C
:10D84000074908484FF4247313F020FF404080F349
:10D8500011884FF0030002DF0C20EFE794CC0500A5
:10D86000D4CC050088C7050038B52C4C94F8483056
:10D8700003F0010258B35ABB9A07C3F341050BD515
:10D880000120FCF735FB0621FAF712FE002842D0F2
:10D8900094F84850C5F3410594F83200C0F3C10034
:10D8A00007F020FA94F8333094F832206FF34103F4
:10D8B000FF2184F83330930684F8341002D5023DFA
:10D8C000012D1ED9BDE838401448E9F79DBA12B9B8
:10D8D0000C25284638BD236A002BF9D12146FFF7D5
:10D8E000A1FF05460028F4D194F8483060F3000306
:10D8F00084F84830FFF706FE0028EAD107F0B2F9B5
:10D90000E7E7002007F012FA94F8333043F00203FF
:10D9100084F83330D6E71225DBE700BF503800200B
:10D9200038B50F4D00243CB995F8484014F0010477
:10D9300002D0286A0A4908B1002038BDFFF772FFFB
:10D940000028F0D195F8482060F3000285F84820BF
:10D95000FFF7D8FD0028E6D107F084F9E3E700BF20
:10D9600050380020044A054B801A8008A3FB003081
:10D97000C0F34700704700BF50380020BD86F21A40
:10D98000044A0068044B801A8008A3FB0030C0F3EF
:10D990004700704750380020BD86F21A38B9054854
:10D9A00090F8483013F0010F08BF002070470020A6
:10D9B000704700BF50380020044A92F8483003F006
:10D9C000010318430CBF1046002070475038002058
:10D9D000A0B90B4A92F8483013F001000FD0106A3A
:10D9E00092F832100038C1F3401203F0010303FA39
:10D9F00002F318BF012043EA8000704700207047FF
:10DA00005038002050B9064B93F8480010F0010040
:10DA100005D093F83200C0F3C10070470020704772
:10DA20005038002010B5134B1348144C05224FF406
:10DA3000D471FAF7D5FC124B0322181D2421FAF7F2
:10DA4000CFFC104B1722181D0821FAF7C9FC02F071
:10DA500063FF0D4A0D4B0E49002010601B221A80F7
:10DA60000C4A03234FF4A47CA4F800C00B7013707D
:10DA700010BD00BF886E0020A03800202E8B002033
:10DA8000486F00208C6E0020B86F0020308B002083
:10DA900079900020789000202DE9F043D0F80080A4
:10DAA000334983B005464FF4D4724046FAF7ECFC94
:10DAB00005F15C06294609F037FC286E01AA3146BB
:10DAC000FAF722FD28B32B4C4FF6FF7704F1080933
:10DAD000627994F802C02179531CDBB29C4508BFDF
:10DAE0000023994294F800C031D012FB0CF202EBF3
:10DAF000090129F80270019A4A6012680260019ACD
:10DB00001060286E637101AA3146FAF7FDFC002807
:10DB1000DED1D8F8540108F5AA7440B10023C8F842
:10DB200054312146FDF7B0F803B0BDE8F083124A46
:10DB30001249134840F29D7313F0A8FD404080F352
:10DB400011884FF0030002DFD8F85401E6E70A4AD3
:10DB50000C490B4840F2897313F098FD404080F364
:10DB600011884FF0030002DF00231B80FFDE00BF9F
:10DB7000A0380020240C0020ECCC050034CD05009A
:10DB800088C705002CCD050010B50C46B0B9124B66
:10DB90000022012102209C60FAF71CFD00B910BD93
:10DBA0000E4A0F490F4840F2437313F06FFD404097
:10DBB00080F311884FF0030002DF10BD074A0A49C5
:10DBC000084840F23D7313F061FD404080F3118836
:10DBD0004FF0030002DFDAE7040C0020ECCC050074
:10DBE000F4C8050088C7050044CD050008B50B4BF7
:10DBF0000022986011460120FAF7ECFC00B908BD3C
:10DC0000074A0849084840F26F7313F03FFD40404F
:10DC100080F311884FF0030002DF08BDE40B002001
:10DC2000ECCC0500F4C8050088C7050038B50446EB
:10DC300010F81C3B53B3174D6369A8606BB1164ACB
:10DC4000164917484FF4EB6313F020FD404080F372
:10DC500011884FF0030002DFA86812490D4B002223
:10DC6000C4E9051011460120FAF7B4FC00B938BD2B
:10DC7000094A0D490A4840F25F7313F007FD40401E
:10DC800080F311884FF0030002DF38BDBDE8384053
:10DC9000FFF7ACBFF40B0020ECCC050074CB050003
:10DCA00088C70500EDDB0300F4C8050083685A68E7
:10DCB000537FDB0900F1080101D0E9F7E5BCEAF781
:10DCC00053B900BF00B9704710B50C46FCF7F8FE19
:10DCD000844210D0FCF7D6FE84420CD0064A074995
:10DCE000074840F2776313F0D1FC404080F311887D
:10DCF0004FF0030002DF10BDECCC050050CD050055
:10DD000088C7050010B50C4690B92046FCF7CCFE3C
:10DD100084420CD00D4A0E490E4840F28D6313F038
:10DD2000B5FC404080F311884FF0030002DF10BDC6
:10DD3000064A0949074840F28A6313F0A7FC4040AD
:10DD400080F311884FF0030002DFDEE7ECCC050022
:10DD5000A4CD050088C7050044CD050010B50C46CC
:10DD600090B92046FCF794FE84420CD00D4A0E492F
:10DD70000E4840F2836313F089FC404080F3118821
:10DD80004FF0030002DF10BD064A094907484FF46F
:10DD9000D06313F07BFC404080F311884FF0030008
:10DDA00002DFDEE7ECCC0500A4CD050088C7050046
:10DDB00044CD05000148FAF739BB00BF886E00204A
:10DDC0000149FAF749BB00BF886E002002494FF4B1
:10DDD000D472FAF759BB00BFA038002002464FF4B6
:10DDE000D4710148FAF74CBBA038002004280DD8A4
:10DDF00010B50446224606484FF4D471FAF740FBAA
:10DE0000038DA34200D110BD002010BD002070473B
:10DE1000A03800200148FAF709BB00BF486F002076
:10DE20000149FAF719BB00BF486F0020042842D807
:10DE300070B504460E46214822464FF4D471FAF7D5
:10DE40001FFB038DA34205461FD11D4A92F805C052
:10DE5000917810780CF10103DBB2994208BF0023DE
:10DE60001179994224D01CFB00FC02F1080121F831
:10DE70000C408C44CCF8046053712B7843B995F96D
:10DE80003930002B0FDB002070BD6FF0150070BD26
:10DE90000C4B0022012103209D60FAF79BFB95F9B2
:10DEA0003930002BEFDA2146284605F0EFFFEAE78C
:10DEB0006FF0680070BD6FF015007047A03800204B
:10DEC000EC0C0020140C00202DE9F04F85B0042844
:10DED000BDF83890BDF83CA0BDF840B0039214D80E
:10DEE00004460D461B4822464FF4D4711E46FAF7ED
:10DEF000C7FAB0F82880A045074606D175B1022DB3
:10DF000007D0012005B0BDE8F08F022005B0BDE8C4
:10DF1000F08F039BABB902F0C7FF0EE0119B01939A
:10DF2000CDF800B053464A46314602F037FF00288C
:10DF3000ECD197F93930002B07DB002005B0BDE8A4
:10DF4000F08F039902F0C0FFF7E74146384605F02D
:10DF50009DFFF2E7A038002004281DD870B50446C4
:10DF60000D460E4822464FF4D471FAF789FA038D14
:10DF7000A342064608D102F0ABFE38B103682B601D
:10DF800003792B71002070BD022070BD736B2B6074
:10DF900096F838302B71F5E702207047A038002042
:10DFA000042870B502D90224204670BD05460C46EF
:10DFB00015482A464FF4D471FAF762FA038DAB4242
:10DFC00006461FD11A2C04D8042C16D81224204639
:10DFD00070BD292C01D03B2CF8D12146304602F0EF
:10DFE00047FE04460028DFD196F93930002BDBDAF2
:10DFF0002946304605F04AFFD6E7044BE340DB07ED
:10E00000EBD4E3E70C24CFE7A0380020200038044D
:10E01000042870B515D8044622460E484FF4D47132
:10E02000FAF72EFA068DA64205460AD1012102F022
:10E0300079FD044618B995F93930002B04DB2046E8
:10E0400070BD0224204670BD2846314605F01EFFF3
:10E05000204670BDA0380020042870B514D80446AE
:10E0600022460E484FF4D471FAF70AFA068DA642FA
:10E07000054609D102F06CFD044618B995F939300E
:10E08000002B04DB204670BD0224204670BD2846CC
:10E09000314605F0FBFE204670BD00BFA0380020D1
:10E0A000042825D82DE9F04104460E4617464FF4C2
:10E0B000D47102461248FAF7E3F9B0F82880A04577
:10E0C00005460FD1D0F830319B060ED53A46314681
:10E0D00002F010FE20B995F93930002B0ADB002040
:10E0E000BDE8F0810220BDE8F0811A20BDE8F08192
:10E0F000022070474146284605F0C8FEEFE700BF02
:10E10000A0380020034A044B12881B8802800B8031
:10E11000704700BF308B00202E8B0020024A034B3B
:10E120001080198000207047308B00202E8B00203B
:10E130004FF0450CA0F800C04FF42670A2F800C0C4
:10E1400008801880704700BF04281BD870B50446AB
:10E150000E4615464FF4D47102460B48FAF790F973
:10E16000028DA24203460BD190F87640C4F302041C
:10E17000347093F87730C3F302032B70002070BD26
:10E18000022070BD02207047A0380020024A034BD5
:10E19000107019700020704779900020789000204E
:10E1A0002DE9F043042883B024D804468846174656
:10E1B0004FF4D471024614481E46FAF761F9B0F8DC
:10E1C0002890A145054615D1D0F83031DB0516D58C
:10E1D0000124009433463A46414602F023FD0446AA
:10E1E00048B995F93930002B05DA4946284605F03B
:10E1F0004DFE00E00224204603B0BDE8F0831A245F
:10E20000204603B0BDE8F083A038002004281DD8C4
:10E2100038B504460D460E4822464FF4D471FAF73D
:10E220002FF9038DA3420FD1418DB0F88631094AF1
:10E2300001FB03F3C3EB431103EB8103A2FB0323B5
:10E240009B092B80002038BD022038BD022070477A
:10E25000A0380020D34D621004281ED838B50546DA
:10E260002A460F480C464FF4D471FAF709F9028D8B
:10E27000AA4203460FD1428D40F2E24101FB02F275
:10E2800042F2107101FB04210139B1FBF2F1A3F854
:10E290008611002038BD022038BD0220704700BF23
:10E2A000A0380020FFF7BEBB2DE9F04105F038FF94
:10E2B000194EDFF87880194F0025AAB24FF4D471B7
:10E2C0003046FAF7DDF80446681D04F11C022146C9
:10E2D000C0B2FCF737FC70B178300CD0104840F277
:10E2E000C2634246394613F0D1F9404080F31188A9
:10E2F0004FF0030002DF01354FF6FF720023052DBA
:10E300002285C4F88830D8D10649074A8B8093808B
:10E31000BDE8F041FFF786BBA0380020D4CC050053
:10E3200088C70500EC0C0020240C0020ECCC050074
:10E33000014B1878704700BF79900020014B187886
:10E34000704700BF789000202DE9F84FDFF8688013
:10E3500082468B4617469946002501E0052D28D0B8
:10E36000AEB232464FF4D4714046FAF789F8038DC5
:10E37000B342044605F10105F0D190F89A61C6F365
:10E380004003BB42EAD10622494600F2A1101BF02D
:10E39000C4FD0028E2D106F001065645DED104F2A4
:10E3A0009B10062259461BF0B8FD0028D6D101204B
:10E3B00000E00020BDE8F88FA038002038B58B6859
:10E3C00008601D682B780C4693B16B6963B10B4AEA
:10E3D0000B490C4840F24A3313F058F9404080F39F
:10E3E00011884FF0030002DF074BC5E9053438BD43
:10E3F000BDE838400846FFF759BC00BFECCC05002B
:10E4000074CB050088C70500ADDC0300F8B50B68C8
:10E41000DE88042E30D80C460746324618484FF4A2
:10E42000D471FAF72DF8038DB342054623D102F0DB
:10E4300087FD2268137F03F00303032B08D1012318
:10E440001371226839462846BDE8F84002F08CBDB9
:10E4500053B995F880319B0703D53D2385F850319A
:10E46000226801231371F8BD95F880319A07FAD517
:10E470003D2385F85031236801221A71F8BD00BF91
:10E48000A0380020F8B50446008D1D464FF6FF73F6
:10E4900098420F4616460CD02046C4E94376A4F8AD
:10E4A000145102F0D7FA94F8803113F001000ED124
:10E4B000F8BD0A4A0A490B484FF4647313F0E6F8B2
:10E4C000404080F311884FF0030002DFE4E76FF370
:10E4D000000384F880316FF08B00F8BDECCC0500B0
:10E4E000E0CD050088C705002DE9F843204C214EFA
:10E4F0006279074604F108051BE0F9F7C1FF0346FE
:10E50000D4301B8D434526D1D9F8041001F0CCFF3F
:10E5100023796279A1789A4207F1FF3703F1010369
:10E5200004D0DBB2994208BF0023237117F0FF0724
:10E530001CD0237994F800C0934213FB0CF34FF4E2
:10E54000D471304603EB050910D035F80380B8F1DB
:10E55000040F4246D1D9D9F804100B796FF30103A7
:10E560004FF6FF700B71FCF70BFAD1E7BDE8F883AB
:10E57000EC0C0020A03800202DE9F04F3F4A146831
:10E58000A04206460B4604BF00211160008DA6F88C
:10E590005A01182283B0012186F8582186F870317B
:10E5A000304602F061FA06F1D407304602F070FA04
:10E5B000384601F061FF384601F096FF0446002816
:10E5C0003AD00379DFF8C890DFF8BCB0DFF8C4A018
:10E5D00003F00303032B0CBF0346002303604846EC
:10E5E000F9F724FF06F17C080546B8B121464246FA
:10E5F0002846F9F777FF384601F076FF0446D8B190
:10E60000037903F00303032B0CBF034600230360CD
:10E610004846F9F70BFF05460028E7D1184840F2B5
:10E620002E735A46514613F031F8404080F311885A
:10E630004FF0030002DFD9E7328D124B009605320E
:10E64000D2B201210020FBF727FB10F0FD0F0CD008
:10E650000D4A0E490A4840F2F46313F017F840409F
:10E6600080F311884FF0030002DF4FF6FF73FF20A5
:10E67000338503B0BDE8F04FFFF736BFB86F002019
:10E6800088C7050089DB0300ECCC0500B0CD050090
:10E690008C6E00203CCD050000293AD02DE9F84FC2
:10E6A0004D1EDFF87490DFF874B0DFF874A00746F1
:10E6B000EDB200F1D40815E0237903F00303032B36
:10E6C0000CBF234600232360F9F7B0FE064690B145
:10E6D000013D07F17C0221463046EDB2F9F702FF19
:10E6E000FF2D06D0404601F0FFFE04464846002CB0
:10E6F000E2D1BDE8F88F074840F25A535A465146D6
:10E7000012F0C4FF404080F311884FF0030002DF95
:10E71000DEE7704788C705008C6E0020ECCC050052
:10E720003CCD050010B504460120FFF7DDFE204674
:10E730000121BDE81040FFF7AFBF00BF0149F9F765
:10E740008BBE00BF8C6E0020014B5879704700BF14
:10E75000240C002010B50C4B93F804C093F805E08E
:10E760001C78F4450DD01CFB04FC083380F800E055
:10E770000CEB030033F80C300B804368136018680F
:10E7800010BD002010BD00BF240C002000B50B4BB5
:10E7900093F804C093F800E084450CD01CFB0EFCF9
:10E7A00008330CEB030033F80C300B804368136024
:10E7B00018685DF804FB0020FBE700BF240C002074
:10E7C000094B19795A79187893F802C08A4209D00E
:10E7D0004A1C01FB0030D2B2944508BF0022806879
:10E7E0001A71704700207047240C002038B5144C73
:10E7F000627994F802E094F804C02578531CDBB2E7
:10E800009E4508BF00239C4509D012FB05F204F188
:10E81000080C2CF8020062445160637138BD094A4B
:10E8200009490A4840F2995312F030FF404080F302
:10E8300011884FF0030002DF00231B80FFDE00BFC2
:10E84000240C0020ECCC050058CE050088C705003C
:10E8500070B55379144605460E466BB3237903F021
:10E860000302032A0CD04FF6FF72954204BF6FF3E8
:10E870000103237121462846BDE87040FCF780B8AB
:10E880004FF6FF739D4225D133689C4239D0002B4F
:10E89000F0D01F4A1F49204840F2BB5312F0F6FE49
:10E8A000404080F311884FF0030002DF21462846E4
:10E8B000BDE87040FCF764B8154A1849164840F2A4
:10E8C000A65312F0E3FE404080F311884FF003009E
:10E8D00002DFC3E72A464FF4D4711148F9F7D0FD9F
:10E8E000214602F00FFB3368A342D0D1042D08D893
:10E8F0000B482A464FF4D471F9F7C2FD038DAB42A1
:10E9000000D000202146BDE8704002F057B800BF9B
:10E91000ECCC05006CCE050088C7050060CE050074
:10E92000A038002090F85A20B0F85030C2F30212FC
:10E93000022A14BFDB089B0890F87220B0F84C0044
:10E9400014BF0A3B0B3B9BB2D20644BF043B9BB2B5
:10E95000984228BF18467047704700BF90F8803132
:10E9600043F0020380F88031704700BF90F8803197
:10E970006FF3410380F88031704700BF0278438E07
:10E9800012B1581E80B27047C18DB0F814215818CA
:10E99000104480B2704700BF10B50B684363044653
:10E9A00034300B7903710521F9F72CFF94F83930D5
:10E9B00060F3050384F8393010BD00BFB0F8703043
:10E9C000B3F5267F28BF4FF42673B3F5A47F4FF429
:10E9D000267038BF4FF4A47308801380704700BFBF
:10E9E00000B5B0F86020B0F85A1003468A4290F89B
:10E9F0007700B3F85EC028BF0A4600F00700B3F8FE
:10EA000064101B2A38BF1B22042814BF4FF4A470C3
:10EA10004FF42960614528BF61468142B3F86EC05A
:10EA200038BF01468C45B3F86A0044D09042A3F841
:10EA30006E1001D0A3F86A2093F8D12042F00202B0
:10EA4000012083F8D120B3F858C0B3F8622093F8BE
:10EA50007610B3F85CE0624528BF624601F007011A
:10EA60001B2A38BF1B220429B3F8661014BF4FF4C9
:10EA7000A47C4FF4296C714528BF71466145B3F8F9
:10EA80006CE038BF61468E45B3F868C017D0624568
:10EA9000A3F86C1001D0A3F8682093F8D1206FF38D
:10EAA000410283F8D12093F8D1200120024383F85A
:10EAB000D1205DF804FB9042BCD10020C3E7624541
:10EAC000E9D193F8D11041EA510202F0010221F09C
:10EAD00003010A4383F8D1200028E4D15DF804FB48
:10EAE000B0F86020B0F85A1003468A4290F87700D8
:10EAF000B3F85EC028BF0A4600F00700B3F8641000
:10EB00001B2A38BF1B22042814BF4FF4A4704FF4F3
:10EB10002960614528BF61468142B3F86EC038BFA5
:10EB200001468C45B3F86A000DD09042A3F86E10F0
:10EB300001D0A3F86A2093F8D12042F0020201200C
:10EB400083F8D12070479042F3D10020704700BF76
:10EB5000B0F86220B0F8581003468A4290F8760068
:10EB6000B3F85CC028BF0A4600F00700B3F866108F
:10EB70001B2A38BF1B22042814BF4FF4A4704FF483
:10EB80002960614528BF61468142B3F86CC038BF37
:10EB900001468C45B3F8680014D08242A3F86C108B
:10EBA00001D0A3F868204FF0010C93F8D110604613
:10EBB000C1F3400242EA0C0221F003010A4383F848
:10EBC000D12070478242ECD193F8D110002001F09F
:10EBD000010CEDE71B2928BF1B21B2F5A47F064BD2
:10EBE000A0F8721028BF4FF4A472A0F87020C3657B
:10EBF000A0F85810704700BF48019802F8B50023EC
:10EC00008366C366A0F87430314B324A1B88128881
:10EC10001B2B28BF1B23A0F87230A0F858304523C7
:10EC200001F00305A0F85A304FF01B1305F1280638
:10EC30000366523590F87730B2F5A47FC1F34001F6
:10EC40004FEAC6064FEAC50528BF4FF4A472CE406E
:10EC5000CD4003F00703B7B2ADB2A0F87020042B8B
:10EC60004FF4A4720446A0F85E50A0F86470A0F8B7
:10EC70006670A0F85C2020D0AF423B4628BF2B46F0
:10EC8000934238BF1346A4F86E301B23A4F86A30B1
:10EC900094F8D13043F0020384F8D1302046FFF7D6
:10ECA00057FF94F8D130AF4243F0010384F8D130DC
:10ECB00006D0012384F87430F8BD4FF42963E2E7ED
:10ECC000B6F5A47FF5D1A36DB3F11B1FF1D1F8BD4B
:10ECD000308B00202E8B002008B50022D0E91E01C9
:10ECE000F9F70AFCB0FA80F0400908BDF8B506460D
:10ECF0000F46154601F020FD044678B3EA1E201D9C
:10ED0000082A06D8DFE802F0250505220505051FBB
:10ED10001C00194A19491A48CF2312F0B7FC404089
:10ED200080F311884FF0030002DFE3797B73214603
:10ED3000304601F017FD304603F016F82046F8BDC6
:10ED400003F060FBF1E703F053FBEEE703F046FB53
:10ED5000EBE70146384603F0E1FAE6E7064A0949DF
:10ED60000748BC2312F092FC404080F311884FF01A
:10ED7000030002DFC2E700BF78CE050008C8050027
:10ED800088C705005CCE050070B5CD690C46064607
:10ED90000DB303232B71338DEB8094F8281005F10C
:10EDA0001C00A1B9237A052B22D0062B02D11A23ED
:10EDB0002B7170BD104A11491148F42312F066FC02
:10EDC000404080F311884FF0030002DF70BDBDE8C2
:10EDD000704003F021BB084A0A490948E42312F0B5
:10EDE00055FC404080F311884FF0030002DFD0E76C
:10EDF000BDE8704003F0F2BA78CE050008C80500FF
:10EE000088C70500BCCE0500F8B506460F46154676
:10EE100001F092FC044600283AD02A1F201D092A3E
:10EE200006D8DFE802F01D20230505050526052983
:10EE3000214A224922484FF4337312F027FC404004
:10EE400080F311884FF0030002DFE3797B732146E2
:10EE5000304601F087FC304604F05EFD2046F8BDE8
:10EE600003F09AFAF1E703F0AFFAEEE703F0B6FA2F
:10EE7000EBE703F0C7FAE8E796F8203197F86E1051
:10EE80001BB1D6F830315B0710D403F0C5FADCE7CC
:10EE9000094A0C490A4840F2B12312F0F7FB4040FE
:10EEA00080F311884FF0030002DFB6E70A4697F8B7
:10EEB0006D1003F0BDFAC8E778CE050008C805005C
:10EEC00088C705005CCE050070B5044600F18F05CB
:10EED00008462B46164643310022333008F022FF05
:10EEE000D4F89310D4F89730D4F89B00D4F88F203E
:10EEF000C4F8B410C4F8B830D4F8AC10C4F8B020DA
:10EF00000023012E94F8A720C4F8BC00C4F8CD104B
:10EF10004FF000004FF0000184F89F3084F8A030DB
:10EF200084F8A13084F8A23084F8A33084F8A430A7
:10EF300084F8A53084F8A63094F8C830D4F8A850E6
:10EF4000C4F8C950C4E9300115BF002001200121D7
:10EF5000002160F3000261F3000384F8A72084F825
:10EF6000C83070BD38B503220C460546FFF7BEFE1B
:10EF7000D0F81230D0F81620C4F84720C4F8433037
:10EF8000D0F81A20C5F8A82040F202436381284631
:10EF9000BDE8384004F0B8BCF8B504220C4606467B
:10EFA000FFF732FF8368C268C4F84F20C4F84B30C3
:10EFB0000369C6F8AC30E5690023E361ADB1032312
:10EFC0002F792B71338DEB8005F11C01204603F066
:10EFD000CBF92C2F02D00323A372F8BD2868294651
:10EFE000FBF782FC0323A372F8BD074A07490848D0
:10EFF00040F2E32312F04AFB404080F311884FF0C7
:10F00000030002DFDBE700BF78CE0500BCCE0500C1
:10F0100088C7050070B50C46897A82B00546092973
:10F0200000F20981DFE801F009191C6C903E4C5B8D
:10F030005E05002A5BD002B070BD002AFBD1012121
:10F04000284601F093FB2146284601F06DFB00287D
:10F0500040F0A4800123A372EDE7002AEBD1F2E790
:10F06000012A00F0A280042AE5D10121284600935C
:10F0700001F090FB009BDA780D2A00F0DA80112A6B
:10F0800040F0B7805B7984F82830284604F040FCD3
:10F0900021462846FFF778FE284602F02DFF002380
:10F0A000A372C8E7032AC6D10121284601F072FBEA
:10F0B00000262846FFF75AFC284684F8286037E0E7
:10F0C000002AB8D10121284601F050FB21462846EC
:10F0D00001F02AFB002858D10723A372ABE7002ACE
:10F0E000A9D1F3E7062AA6D12846FFF737FC214627
:10F0F000284601F019FB00286CD10923A3729AE776
:10F10000022A24D0042A96D101212846009301F036
:10F1100041FB2846FFF72AFC009BDA780D2A00F015
:10F120008680112A74D15B7984F82830284600261D
:10F1300004F0EEFB214628462673FFF725FE2846FD
:10F1400002F0DAFEA67276E7002A7FF474AF214659
:10F15000284601F0E9FA10B90423A3726BE70022F4
:10F1600021462846FFF7B0FE062221462846FFF733
:10F17000BDFD40F20563638195F88E3023F01803DE
:10F1800043F0180385F88E3055E70A2221462846B9
:10F19000FFF7ACFD40F6083363814CE72146284673
:10F1A00002B0BDE87040FFF7DDBE2846CDE9002380
:10F1B000FFF7D4FB019B009A59689868C4F84F0088
:10F1C000C4F84B10D968C5F8AC1040F20353227351
:10F1D000638130E70B2221462846FFF787FD4FF475
:10F1E0007F43638195F88E3023F0180385F88E30C5
:10F1F00021E7184A184919484FF4C47312F046FA27
:10F20000404080F311884FF0030002DF1F233AE7EC
:10F21000104A114911484FF4C47312F037FA4040B4
:10F2200080F311884FF0030002DF1F237CE71B7976
:10F230007AE71B7927E7074A0749084840F2612324
:10F2400012F024FA404080F311884FF0030002DFEF
:10F25000F1E600BF78CE050008C8050088C70500A4
:10F2600070B50C46897A82B0064615460C2900F224
:10F270004381DFE801F05F64949807071823424553
:10F280004A5C0C00002D00F09F8002B070BD082D7C
:10F29000FBD140F20133638190F88E306FF3041399
:10F2A00080F88E30F1E7002DEFD1214601F03CFAD5
:10F2B000002840F0D5800623A372E6E7022DE4D1B2
:10F2C000E5690023E361002D00F0FA8003232B7130
:10F2D000338DEB80237A052B00F0ED80062B40F078
:10F2E000DC801A232B712146304601F01DFA0028DC
:10F2F00040F08C800823A372C7E7002DC5D1F2E748
:10F30000002DC2D10A23A372BFE7072DBDD1012171
:10F3100001F02CFA3046FFF721FB2146304601F080
:10F3200003FA002840F08D800B23A372ADE7002D77
:10F33000ABD1F2E7002DA8D10123A372A5E7012DDF
:10F34000A3D12946019301F011FA3046FFF706FBDD
:10F35000304602F001FD019B5A689968C4F82D10EF
:10F36000C4F829201A7B84F831205A7B84F8322093
:10F37000D3F80E20D3F81210C4F84710C4F8432075
:10F38000D3F81630C6F8A8302146304601F0CCF943
:10F3900008BB204601F00AFA0223A37275E7002D8C
:10F3A0007FF473AFF0E7032D0BD0042D7FF46DAF26
:10F3B000062340F2036284F82830A4F86D20A3727B
:10F3C00063E70423A37260E7214601F0ADF948B971
:10F3D0000523A37259E72146304602B0BDE87040CC
:10F3E000FFF7DABD012221463046FFF76DFD052209
:10F3F00021463046FFF708FD40F20763638196F827
:10F400008E3043F0080386F88E303EE70622214610
:10F410003046FFF7F9FC304604F012FC0023A372DB
:10F420000121304601F0B6F93046FFF79FFA304629
:10F4300002F096FC96F88E3043F0100386F88E307A
:10F4400023E70B2221463046FFF7DEFC40F60C3363
:10F45000638196F88E306FF3C30386F88E3014E71D
:10F460000D2221463046FFF7CFFC304604F0E8FB82
:10F4700094F82830062B31D0242B3FF406AF254AD0
:10F48000254926484FF4597312F000F9404080F3A3
:10F4900011884FF0030002DFF7E61E4A1E491F489D
:10F4A00040F20B3312F0F2F8404080F311884FF035
:10F4B000030002DF17E705F11C0002F08FFF12E7DF
:10F4C000144A174915484FF43F7312F0DFF84040D3
:10F4D00080F311884FF0030002DFF7E60121304688
:10F4E000A57201F057F93046FFF740FA304602B0F6
:10F4F000BDE8704002F034BC064A0749074840F2B4
:10F50000AD4312F0C3F8404080F311884FF0030080
:10F5100002DFBAE678CE050008C8050088C70500F6
:10F52000BCCE050092F81FC0ACF1040C02F11C0324
:10F53000BCF10D0F08D8DFE80CF00E141707070711
:10F540000711070B0707070B3D2380F85031704761
:10F550000422FFF75FBD0122FFF75CBD0622FFF723
:10F5600059BD0222FFF756BD0322FFF753BD00BF6E
:10F5700008B5037A052B0FD0062B10D0094A0A498B
:10F580000A4840F29A2312F081F8404080F3118833
:10F590004FF0030002DF08BD0023837208BD8372B1
:10F5A00008BD00BF78CE050008C8050088C7050063
:10F5B00013460022FFF72EBD92F81FC0ACF1030CDA
:10F5C00002F11C03BCF1080F06D8DFE80CF01205AD
:10F5D000050F0505050C09003D2380F850317047E3
:10F5E0000822FFF73DBE0722FFF73ABE0222FFF7CF
:10F5F00037BE0122FFF734BE08B5037A052B0FD0C2
:10F60000062B10D0094A0A490A4840F2E24312F098
:10F610003DF8404080F311884FF0030002DF08BD41
:10F620000023837208BD0923837208BD78CE0500CC
:10F6300008C8050088C7050000230322FFF710BE95
:10F6400000230422FFF70CBE887AA0F10300B0FA71
:10F6500080F04009704700BF13460022FFF700BE4C
:10F6600070B591F8343091F83520042B0C4603D84E
:10F67000032B01D0042A0DD91343112113F00703E2
:10F6800084F830104FF001050CD184F8303001259A
:10F69000284670BD032A0DD0134313F007034FF023
:10F6A0000005F2D0668EFFF769F9801B0304EFD4E2
:10F6B0002823EAE7112381F830300125F2E700BF63
:10F6C000F0B50E4683B00DF1060201A9B0F86C50FA
:10F6D000B0F86E700446FFF771F996F83520002AED
:10F6E0005CD196F83430FBB9B4F86C30AB420ED331
:10F6F000BDF806209A420AD3B4F86E30BB4206D356
:10F70000BDF804209A4202D3002003B0F0BD94F863
:10F71000D130A4F86C5043F001030120A4F86E70BE
:10F7200084F8D13003B0F0BD94F9390000281DDB16
:10F7300094F8761094F8685001F003032B440D33CD
:10F74000DB00C1F34001CB409BB2BDF80650B3F5DE
:10F75000A47F38BF4FF4A4739D4228BF1D4632B327
:10F76000002803DA96F83430002BBDD094F87720C7
:10F7700094F86A10BDF8047002F003030B440D33D3
:10F78000DB00C2F34002D3409BB2B3F5A47F38BF85
:10F790004FF4A4739F4228BF1F46A5E794F9390090
:10F7A0000028C5DB96F83430002BDFD0C0E796F890
:10F7B0003430002B98D0002896DAD7E770B5CD69A1
:10F7C0000C460646002D35D094F82930DB0720D5AD
:10F7D0002B792C2B20D11D232B71338DEB8094F8AA
:10F7E00030302B7796F87730C3F30203AB7796F877
:10F7F0007630C3F302036B7728682946FBF76AF873
:10F8000094F8293000226FF3000384F82930E26174
:10F8100070BD01232B71EFE70D4A0E490E4840F2EF
:10F82000B71311F033FF404080F311884FF003000D
:10F8300002DFD0E7064A094907484FF4DA7311F0AE
:10F8400025FF404080F311884FF0030002DFBBE743
:10F85000C0CE050004CF050088C70500BCCE05005A
:10F8600070B591F82930CD6A9B070C4603D4CDB111
:10F8700001232B710AE00646ADB103232B71338DB2
:10F88000EB8005F11C01304602F08CFF2868294608
:10F89000FBF72AF894F8293000226FF3410384F82B
:10F8A0002930E26270BD074A0749084840F2E31375
:10F8B00011F0ECFE404080F311884FF0030002DFAE
:10F8C000DBE700BFC0CE0500BCCE050088C7050041
:10F8D00030B58B7A032B83B00D4604461AD0052B26
:10F8E00006D00221204603B0BDE8304000F052BFF0
:10F8F00090F93930002B42DBAB8EABB395F8343046
:10F900002BB194F8762063F3061284F8762008234E
:10F91000AB72E6E790F93930002B17DA1F4994F8FB
:10F92000762095F8283003C9134303F007030DF13F
:10F93000080C0CE9030008336B4413F8083C63F32C
:10F940000612062384F87620AB72CAE7144A1549DA
:10F95000154840F25B4311F099FE404080F3118856
:10F960004FF0030002DFD9E794F87630C3F30202C8
:10F9700062F30613092284F87630AA72B1E7084AC6
:10F980000A49094840F2644311F080FE404080F388
:10F9900011884FF0030002DFAEE700BFC8A80500E2
:10F9A000C0CE05002CCF050088C7050044CF050058
:10F9B00091F8282030B5940740D402F0070313F0E3
:10F9C000010535D1032B94BF002301234FEA830E99
:10F9D000754691F8283065F3020381F82830C3F3A7
:10F9E000C202DB062DD412F0010424D1032A94BFF5
:10F9F000002201224FEA820C644691F8283064F319
:10FA0000C50381F8283090F8763003F00703AB4245
:10FA100008BF4FF0000E81F834E090F8773003F023
:10FA20000703A34208BF4FF0000C81F835C030BD7A
:10FA30004FF0010ECDE74FF0010CDEE70225AE4698
:10FA4000C7E70224A446D8E7F8B50B6A0C4605467A
:10FA5000002B74D0637B162B2FD195F93930002BF6
:10FA60002BDB266AA66100232362371D94F8283019
:10FA700095F89421C3F3C20363F3C50285F894217A
:10FA800094F8282095F8943162F3020385F89431B4
:10FA900094F8283095F87620C3F3801363F3C302FB
:10FAA000394685F87620204602F0D8FC0221284607
:10FAB00000F05CFE0223A37222E000F049FE10B9C0
:10FAC0000723A372F8BD00F04BFEE062002844D08B
:10FAD000637B266AA6610022162B226206F10407C8
:10FAE000C4D0182B15D0244A2449254840F2A3132A
:10FAF00011F0CCFD404080F311884FF0030002DF8D
:10FB00002846314600F02EFE2846BDE8F84002F0B7
:10FB10002BB921462846FFF74BFFA38E43B96386D6
:10FB20003946204602F0DEFC4FF605736381E7E7B5
:10FB3000FEF724FFAB8D063303449BB2EFE70E4A7A
:10FB400010490F4840F27D1311F0A0FD404080F3B2
:10FB500011884FF0030002DF7CE7074A0A49084892
:10FB60004FF4C47311F092FD404080F311884FF0C0
:10FB7000030002DFACE700BFC0CE050008C80500E7
:10FB800088C705005CCF050070CF050038B5054675
:10FB90000C4602F0D9F810B10123A37238BD2846F3
:10FBA00003F0A0FE0028F7D12146284600F0BCFD56
:10FBB0000028F1D0284603F093FE0728ECD0284611
:10FBC000012103F087FE28460D2103F087FE16234E
:10FBD00021466373284600F0AFFD20622146284687
:10FBE000BDE83840FFF730BF38B505460C4602F097
:10FBF000ABF810B10423A37238BD2146284600F0AB
:10FC000093FD0028F6D0182321466373284600F0A0
:10FC100093FD206221462846BDE83840FFF714BF17
:10FC200030B5034690F876C093F9394001F00300EF
:10FC300093F87710002C0CF0070502F0030201F096
:10FC4000070E20DB1AB162F3020183F8771088B146
:10FC500093F8761060F30201024683F8761095421D
:10FC600018BF012006D030BD0028FCD060F302018F
:10FC700083F8771093F8770000F00700B0EB0E00E0
:10FC800018BF012030BD002AEED062F3020C83F8C9
:10FC900076C00028E3D060F3020183F87710DEE736
:10FCA000F0B50C46897A83B0074615461E460929E9
:10FCB00000F2A281DFE801F005050AA97F8815425C
:10FCC0004A6C002A00F0C68003B0F0BD032AFBD1C5
:10FCD00090F83930DB0940F0238141F203736381EE
:10FCE000F2E7052A00F00F81062A00F0EB80022AD5
:10FCF000EAD190F93930002B0CDBC64AC649C74817
:10FD000040F2CE2311F0C2FC404080F311884FF046
:10FD1000030002DF3146204602F0DAFB2146384676
:10FD2000FFF79EFC0546204600F040FD002D40F008
:10FD30003A8194F83530002B5BD054E0002AC3D1CF
:10FD4000214603B0BDE8F040FFF77EBE002ABBD1DC
:10FD5000668EFEF713FE801B0304B5D494F835209D
:10FD600094F834103846FFF75BFF002840F03281EA
:10FD70002946384603F0AEFD94F8283084F8305018
:10FD8000DB0994F8292063F3000284F8292056E067
:10FD9000042A99D12146FFF711FD21463846FFF785
:10FDA0005FFD384602F0A8F80021384603F096FDC2
:10FDB0000023A37288E7002A86D12146384603B083
:10FDC000BDE8F040FFF710BF032A7FF47DAF90F944
:10FDD0003930002BC0F2D980A58E002D00F0BA80FA
:10FDE00094F834302BB197F8762063F3061287F835
:10FDF0007620384601F0C2FF0823A372022138465C
:10FE000003B0BDE8F04000F0C5BC012A28D0062AA6
:10FE10007FF45AAF002103F05DFDD7F8303123F4B1
:10FE20008073C7F83031204600F0C0FC94F82930C8
:10FE30001A2243F0010384F8302084F8293097F81F
:10FE40007630C3F3020262F30613092287F8763094
:10FE5000A27239E7214603B0BDE8F040FFF796BE35
:10FE6000022103F037FD94F828303146204603F094
:10FE70000706C3F3C20502F049FB0221384600F031
:10FE800075FC94F82830C3F3C202154065F3C5032E
:10FE90001E4066F3020384F8283097F93930002BAE
:10FEA0000CDB94F8283013F0380F01D05A0705D135
:10FEB00094F8283023F03F0384F82830204600F0DF
:10FEC00075FC7AE7002103F005FDD7F830311A22DE
:10FED00023F48073C7F8303184F83020204600F0D6
:10FEE00065FC94F8293043F0010384F8293097F831
:10FEF0007630C3F3020262F30613092287F87630E4
:10FF00000221A2727BE73146204602F09FFA94F864
:10FF10006E3084F830300021384603F0DBFCDDE73A
:10FF20003F4B90F8762093E8030094F82830134371
:10FF300002AD03F0070305E9030008336B44022117
:10FF400013F8083C63F3061241F6060387F876209F
:10FF5000638154E72946384603F0BCFC94F8283006
:10FF600094F8292084F83050DB0963F3000284F808
:10FF7000292097F8762002F0070297F8761062F3AE
:10FF80000611092387F8761037E7224A25492348C6
:10FF900040F2AA2311F07AFB404080F311884FF021
:10FFA000030002DF18E70021384603F093FC94F8C1
:10FFB00030300BB187F8503194F8283094F829206C
:10FFC000DB0963F3000284F8292097F8762002F019
:10FFD0000702D2E721463846FFF772FB94F8293032
:10FFE00060F3410384F829302946384603F072FC57
:10FFF00084F830500123C4E6064A0B49074840F212
:020000024000BC
:10000000673311F043FB404080F311884FF0030049
:1000100002DF59E6C0CE05002CCF050088C70500D9
:10002000C8A8050044CF050008C80500F8B50B6A4C
:100030000C4605465BB300F08BFB10B90723A37297
:10004000F8BD00F08DFBE062002845D0637B266A96
:10005000A6610022172B226206F1040725D0182B77
:100060002BD0284A284929484FF4747311F00EFB0D
:10007000404080F311884FF0030002DF28463146EC
:1000800000F070FB2846BDE8F84003F045BC1D4A6F
:100090001F491E4840F2AB3311F0F8FA404080F39C
:1000A00011884FF0030002DFC5E73946284602F009
:1000B000F9F941F603036381E0E721462846FFF79B
:1000C00077FCA38EB3B963863946204602F00AFA5C
:1000D0004FF605736381D1E70A4A0E490B4840F297
:1000E000B53311F0D3FA404080F311884FF003008C
:1000F00002DFABE7FEF742FCAB8D063303449BB255
:10010000E1E700BFC0CE050008C8050088C70500AC
:100110005CCF050070CF050038B505460C4603F0EE
:10012000EBFB10B10223A37238BD2146284600F034
:10013000FBFA0028F6D0284603F0D2FB0728F1D0BE
:1001400028460D2103F0CAFB172321466373284676
:1001500000F0F2FA206221462846BDE83840FFF759
:1001600065BF00BF38B505460C4603F0C5FB10B1AE
:100170000423A37238BD2146284600F0D5FA002892
:10018000F6D0284603F0ACFB0728F1D02846FEF74E
:10019000A3FD0028ECD028460D2103F09FFB182377
:1001A00021466373284600F0C7FA2062214628469C
:1001B000BDE83840FFF73ABFF8B50C46897A0646E5
:1001C0001546092900F2CC80DFE801F0676CA5052F
:1001D000090510282F54022D00F0A080F8BD002D35
:1001E000FCD12146BDE8F840FFF7BCBF032DF5D197
:1001F0001946204602F06CF921463046FFF730FAE6
:100200000546204600F0D2FA002D00F0988094F8C0
:100210003030282B23D186F8503120E0002DDDD15D
:100220002146BDE8F840FFF701BF002DD6D1678E0B
:10023000FEF7A4FBC01B0304D0D484F8305094F81C
:10024000352094F834103046FFF7EAFC05460028C4
:100250007BD194F8293065F3000384F8293096F8AF
:100260007630C3F3020262F30613092286F8763071
:10027000A272F8BD042DB1D12146FFF79FFA2146A5
:100280003046FFF7EDFA304603F0DAFC0021304645
:1002900003F024FB0023A372F8BD002D9ED101239F
:1002A000A372F8BD1946204602F0EEF894F8282013
:1002B00096F89431C2F3C200C3F3C2010140C3F304
:1002C0000203C2F30200034043EAC10322F03F02EB
:1002D000134384F8283096F93930002B0ADB94F860
:1002E000283013F0380F1ED194F8283023F03F0344
:1002F00084F828300221304600F038FA012D7FF4CE
:100300006DAF96F83930DB0910D021463046BDE894
:10031000F840FFF701BF002DF7D0F8BD2146BDE83A
:10032000F840FFF7D5BA5A07E4D1DDE7204600F0E0
:100330003DFA21463046BDE8F840FFF713BF30468E
:1003400003F0F0FA0823A372F8BD21463046FFF708
:10035000B7F994F8293060F3410384F8293078E73D
:10036000064A0749074840F2115311F08FF94040FF
:1003700080F311884FF0030002DFF8BDC0CE050006
:1003800008C8050088C7050092F81FC0ACF1070C2B
:1003900002F11C03BCF1110F0AD8DFE80CF02009B0
:1003A00009090909090909091D09090909091A178A
:1003B00000B5242383B080F85031019101F09CFDF9
:1003C000019900238B7203B05DF804FB0222FFF752
:1003D00067BC0122FFF764BC0522FFF761BC06225F
:1003E000FFF75EBC00238372704700BF13460022F4
:1003F000FFF756BC13460322FFF752BC002304222A
:10040000FFF74EBC10B592F81FE0BEF1160F02F1D7
:100410001C030BD0BEF1180F0DD024230C4680F81E
:10042000503103F00DFC0023A37210BDBDE8104055
:100430000122FFF7C1BEBDE810400322FFF7BCBE9A
:1004400000238372704700BF13460022FFF7B4BE3B
:1004500013460222FFF7B0BE00230422FFF7ACBE12
:100460000023037043608360C3600361704700BF73
:10047000037801330370704703785BB9C3687BB1BD
:1004800002691AB1816861B10B6082600023C360A8
:1004900003617047013BDBB20370002BEED0704765
:1004A00070474360F1E700BF03783BB100230C3095
:1004B0000B60436843B1196041607047002304300A
:1004C0000B604368002BF6D101604160704700BFAC
:1004D00000230B60836813B119608160704741602D
:1004E00081607047406870470346406828B199684A
:1004F00002685A60884208BF9A6070474078A0F14D
:100500000C00B0FA80F04009704700BF4078A0F1BD
:100510000800B0FA80F04009704700BF4078A0F1B1
:100520000200B0FA80F04009704700BF4078A0F1A7
:100530001700B0FA80F04009704700BF4078A0F182
:100540000D00B0FA80F04009704700BF4078A0F17C
:100550000100B0FA80F04009704700BF4078A0F178
:100560000900B0FA80F04009704700BF4078A0F160
:100570000600B0FA80F04009704700BF4078A0F153
:100580001800B0FA80F04009704700BF4078A0F131
:100590000300B0FA80F04009704700BF4078A0F136
:1005A0000500B0FA80F04009704700BF70B50646FC
:1005B00008460D46F7F73AFF044680B10021456032
:1005C0000672016141628161C1614422283019F0E3
:1005D0006BFCFF234FF47F42E372A28163722046DB
:1005E00070BD00BF4078A0F10200B0FA80F0400971
:1005F000704700BF4078A0F10100B0FA80F04009D8
:10060000704700BF4078A0F10200B0FA80F04009C6
:10061000704700BF4078A0F10900B0FA80F04009AF
:10062000704700BF4078A0F10100B0FA80F04009A7
:10063000704700BF4078A0F10100B0FA80F0400997
:10064000704700BF4078A0F10200B0FA80F0400986
:10065000704700BF4078A0F10900B0FA80F040096F
:10066000704700BF4078A0F11800B0FA80F0400950
:10067000704700BF4078A0F10100B0FA80F0400957
:10068000704700BF4078A0F10100B0FA80F0400947
:10069000704700BF4078A0F10900B0FA80F040092F
:1006A000704700BF4078A0F10900B0FA80F040091F
:1006B000704700BF4078A0F10300B0FA80F0400915
:1006C000704700BF4078A0F10300B0FA80F0400905
:1006D000704700BF4078A0F10300B0FA80F04009F5
:1006E000704700BF10B54168044621B12046BDE8FF
:1006F0001040F7F7B1BE094A09490A48612310F0D2
:10070000C5FF404080F311884FF0030002DF6168AD
:100710002046BDE81040F7F79FBE00BF8CCF050014
:10072000CCCF050088C70500024B1868003818BFF9
:1007300001207047240D002010B50448F7F776FE1D
:1007400004460430FEF708F9204610BD240D0020B1
:1007500008B50120FAF7DCF8003818BF012008BD01
:10076000FAF7F8B8D430FFF7B3BE00BF38B590F849
:10077000463105460C461BB11C4385F8464138BD41
:10078000D430FFF775FE95F846311C4385F8464195
:1007900038BD00BF90F8463123EA010180F84611C8
:1007A00001B17047D430FFF767BE00BF10B5C36911
:1007B00004462BB12C221A71E36962691A6010BDDC
:1007C000074A0849084840F21D1310F05FFF4040F7
:1007D00080F311884FF0030002DFE369EAE700BF0E
:1007E0008CCF0500D8CF050088C70500CB6913B1B1
:1007F0001A792C2A0BD00B7A072B12D00B6A2BB14B
:10080000D0F84C211A600B6AC0F84C3170471B6855
:10081000D0F848215A60CB69C0F848310B7A072BD1
:10082000ECD1CB6A002BE9D01B68D0F848215A6084
:10083000CB6AC0F84831E1E710B51749FFF7B6FEBB
:10084000044668B1037A013B0B2B17D8DFE803F0AD
:10085000060606060A0A100D0D06130601F014F925
:10086000204610BDFEF784FEFAE702F0D3FDF7E75D
:10087000FFF7B8FDF4E702F015FEF1E7074A084973
:1008800008484FF4D37310F001FF404080F3118803
:100890004FF0030002DFE3E71C0D00208CCF0500C2
:1008A00008C8050088C7050010B51749FFF77EFE88
:1008B000044668B1037A0C2B18D8DFE803F0090767
:1008C0000707070B0B140E0E0711070001F0EEF8D7
:1008D000204610BDFEF790FEFAE702F0C9FDF7E7EB
:1008E00002F096FEF4E7FFF7ABFDF1E7074A08498F
:1008F000084840F2FD1310F0C9FE404080F3118813
:100900004FF0030002DFE3E7140D00208CCF050059
:1009100008C8050088C7050010B50A4B05225868AD
:100920007021F7F75DFD084B052258687021F7F735
:1009300057FD064BBDE81040586814222C21F7F7EC
:100940004FBD00BF1C0D0020140D0020240D002001
:1009500038B50446002501F091FA2046C4E93A551D
:1009600084F8F45003F060F9C4F81851C4E93E5516
:1009700084F80651A4F80451A4F80851C4F81B5196
:10098000A4F83851C4F82051C4F82451C4F82851AF
:10099000C4F82C51C4F83051C4F83451F9F76CFA4A
:1009A00094F88E3084F84651C4E94C01C4E952559C
:1009B00023F0180384F88E30658638BD0846014957
:1009C000F7F74ABD240D002038B5B0F8F2500346C1
:1009D000144625B1A9420ED26D1AA0F8F250B3F810
:1009E000022122B191420DD2521AA3F80221002312
:1009F0001846237038BD01F03BF9054658B12B7AF3
:100A00000A2B03D022236FF07300F2E795F8283009
:100A10006FF07300EDE7074A0749084840F2822368
:100A200010F034FE404080F311884FF0030002DFE5
:100A3000E5E700BF8CCF0500ECCF050088C70500B7
:100A4000034B0B44B3FBF1F3A0F80831704700BF30
:100A5000FF59620210B5044603F0EEF82046BDE8E7
:100A6000104001F013BA00BF10B5044611B10129BE
:100A700007D010BD03F0E8F82046BDE8104001F0B3
:100A800063BA03F0E5F82046BDE8104001F07EBAF5
:100A900070B5D0F84841064644B10125206821468A
:100AA00044680D71F9F716FF002CF7D1D6F84C41C8
:100AB0000023C6F848313CB1054D2046246829463C
:100AC000F7F7CAFC002CF8D10023C6F84C3170BDF2
:100AD000240D002090F93930002B13DA70B504464C
:100AE00003200E461546FFF7A7FE014640B180F8E9
:100AF000286080F82950204601F086F8002070BD5B
:100B00000C2070BD0C20704710B504460120FFF783
:100B100093FE28B10146204601F076F8002010BD72
:100B20000C2010BD38B5044602200D46FFF784FEA8
:100B300058B190F8283065F30003014680F828305A
:100B4000204601F061F8002038BD0C2038BD00BF00
:100B500010B504460420FFF76FFE28B10146204679
:100B600001F052F8002010BD0C2010BDF8B505466C
:100B700090F93900002824DB05200F4616461C4654
:100B8000FFF75AFE0146E0B13B687A68C1F82D20B4
:100B9000C1F82930337881F83130737881F83230F8
:100BA0006268A36828462568E468C1F83F40C1F838
:100BB0003350C1F83720C1F83B3001F025F8002050
:100BC000F8BD0C20F8BD00BFF8B5054690F9390016
:100BD000002824DB06200F4616461C46FFF72CFE95
:100BE0000146E0B13B687A68C1F82D20C1F8293090
:100BF000337881F83130737881F832306268A368D5
:100C000028462568E468C1F83F40C1F83350C1F870
:100C10003720C1F83B3000F0F7FF0020F8BD0C2072
:100C2000F8BD00BF2DE9F041054607209DF818608A
:100C3000884617461C46FFF7FFFDA8B1E30008F001
:100C4000070803F03803BF0143EA080307F0400731
:100C50003B4343EAC613014680F82830284600F09B
:100C6000D3FF0020BDE8F0810C20BDE8F08100BF7B
:100C700038B504460D4601F0DFF9204603F044F88C
:100C80000A20FFF7D9FD38B1014680F828502046E8
:100C900000F0BAFF002038BD0C2038BD38B590F9FF
:100CA0003930002B11DB04460B200D46FFF7C4FD45
:100CB000014650B12B68C0F82A302B7980F82E30CD
:100CC000204600F0A1FF002038BD0C2038BD00BF39
:100CD00008B590F93930002B08DB00F0C9FF20B1CE
:100CE000037A0B2B0CBF2A30002008BD02F000FE57
:100CF000F5E700BFF8B505460C200E461746FFF78E
:100D00009BFD58B104463A4631462846FDF762FF3E
:100D10002846214600F078FF0020F8BD0C20F8BDE1
:100D200070B506460D4602F0E3FD20B1037A053B9F
:100D3000012B044601D90C2070BD01463046FEF758
:100D400083FC0028F7D029686A68AB68ED68C4F8AE
:100D50003F503046C4F83310C4F83720C4F83B3055
:100D60002146FEF769FC002070BD00BF38B505467E
:100D700002F0BEFD20B1037A053B012B044601D9E8
:100D80000C2038BD01462846FEF75EFC0028F7D04F
:100D900028462146FEF754FC002038BD2DE9F047D7
:100DA0000546D0F83001BDF82090099E9A46830789
:100DB0008846174635D495F93930002B50DB08208A
:100DC000FFF73AFD0446002C57D0237A082B2DD08C
:100DD000092B37D1A4F82E802786A4F832A0A4F8D6
:100DE0003490002E3FD03388A4F840307388A4F8A4
:100DF0004230B388A4F84430F388A4F846303389ED
:100E0000A4F848307389A4F84A3095F93930002B9A
:100E100011DA2846FCF7DAFF0146284603F036F8D7
:100E200009E00920FFF708FD0446CCE72786A4F86F
:100E300032A0A4F834902846214600F0E5FE0020B8
:100E4000BDE8F0870E4A0F490F4840F27E4310F08C
:100E50001DFC404080F311884FF0030002DFEAE7F9
:100E60001A20BDE8F087094A4FF0FF33C4E9102388
:100E7000A4F848304FF6FF73C5E70C20E0E700BF49
:100E80008CCF050008C8050088C705000000FFFFDB
:100E900008B502F02DFD28B1007AA0F10C00B0FADF
:100EA00080F0400908BD00BF10B5044602F020FDE7
:100EB00010B1037A092B00D010BD01462046BDE8D1
:100EC000104002F0DDBA00BF38B504460D4602F00E
:100ED0000FFD10B1037A092B00D038BD80F82850DF
:100EE00001462046BDE8384002F0CEBA08B502F00F
:100EF000FFFC28B1007AA0F10900B0FA80F04009A7
:100F000008BD00BF38B505460C4600F0B1FE10B173
:100F10008369A3420ED0284602F0EAFC10B183692F
:100F2000A34200D038BD224601462846BDE83840DD
:100F300002F050BE01462246284600F069FFEAE76B
:100F400010B5044600F094FE18B10146204600F0AA
:100F500083FF204602F0CCFC014620B12046BDE8CC
:100F6000104002F04FBE10BD2DE9F041537F1446F2
:100F700005460E46002B3FD0D37F1E2B29D928468D
:100F800000F076FE0746284602F0B2FC0146002F2C
:100F90005ED0FA7AE37F002848D09342C07A51D0DD
:100FA0003A7B002A5DD098424ED00A7B002A4BD172
:100FB000072B6DD0112B04D14A7B94F820309A4234
:100FC00042D02346324639462846BDE8F04100F07B
:100FD000D9BE444A52F8232022B104F11C009047A4
:100FE00060B1E37F022BCAD1012322463146284655
:100FF000BDE8F04102F030BEFF23D377284600F071
:1010000037FE28B1E27FC37A9A420DD0037B5BB9E9
:10101000284602F06DFC002850D0E27FC37A9A4245
:1010200002D0037B002BE0D0BDE8F0819342C8D012
:101030003A7B002AC5D1072B4DD0112B4BD00D2B5D
:10104000BFD0D1E798421CD11F2385F85031EBE780
:101050000028C9D0234632462846BDE8F04102F0B8
:1010600073BD072B2CD0112B18D0B3F10D0218BF74
:10107000012298421FD00B7BEBB9002AA1D0242378
:10108000E3E70A7B002ADFD1072B95D0112B98D1FB
:101090004B7B94F820209A42D6D092E77A7B94F842
:1010A0002030D21A18BF0122112804D0087B10B9B1
:1010B000487B9842E1D1002ACCD1C5E7034694E7AA
:1010C0007A7B94F82030D21A18BF01220728EDD17C
:1010D000002ABFD1B8E77A7B94F820309A4283D1B6
:1010E0006FE700BFF0CF050070B506460C46FFF76E
:1010F00023FB0546002860D0237A013B291D0B2BDA
:1011000007D8DFE803F020262C330606060606394A
:101110000640304A30493148D12310F0B7FA4040F8
:1011200080F311884FF0030002DFEB7963732946E7
:101130003046FFF717FB237A0A2B2AD03046BDE84A
:10114000704000F011BE084600F094FF1323E372D4
:10115000EBE7304600F0C2FF0923E372E5E72046E3
:1011600001F07AF8FF23A561E372DEE7084601F09B
:101170009DF80C23E372D8E7204601F087F8FF239F
:10118000A561E372D1E7304601F0DCFA1523E37282
:10119000CBE7738DB6F88C1140F2E24202FB03F309
:1011A00042F2107202FB013101393046B1FBF3F11A
:1011B000BDE8704089B200F0DDBD064A0849074825
:1011C000962310F063FA404080F311884FF003003B
:1011D00002DF91E76CD0050008C8050088C705004C
:1011E0005CCE05002DE9F04107460C46164602F09C
:1011F00083FB28B10323A37200252846BDE8F081B4
:1012000021463846FFF790FA05460028F2D02146DD
:101210003846FFF791FA804670B3237A013B08F114
:1012200004010B2B07D8DFE803F035430649060617
:1012300006060606063B244A2449254840F2534345
:1012400010F024FA404080F311884FF0030002DFD1
:1012500098F80730637341463846FFF783FA3846FB
:1012600002F05AFB0423A372002EC6D0384602F0C7
:10127000E7FC0023A372C0E7134A1649144840F262
:101280000D4310F003FA404080F311884FF0030043
:1012900002DFC2E7084600F0F7FEFF23E372D7E75C
:1012A000384601F067FAFF23C4F81880E372CFE7ED
:1012B000384600F037FFFF23E372C9E7084600F025
:1012C000F5FFFF23E372C3E76CD0050008C80500F3
:1012D00088C705005CCE050038B50B7A013B0C468B
:1012E00005460B2B12D8DFE803F006060B1F111181
:1012F0001111112C1133BDE838400122FFF772BFE4
:10130000284602F09DFC0023A37238BD174A1849F5
:10131000184840F2025310F0B9F9404080F31188A8
:101320004FF0030002DF38BD90F81831002BE7D1F1
:101330000122FFF757FF0028E7D0012385F8183175
:1013400038BD90F93930002B07DB02238B7238BD92
:10135000BDE838400022FFF745BF02F071FC94F869
:1013600028300022A27285F8503138BD6CD00500BB
:1013700008C8050088C70500F8B50C46897A0546F7
:10138000042900F2D780DFE801F0060B202F0300CC
:10139000012A31D0F8BD002AFCD10123A372F8BD87
:1013A000022AF7D1DA786272023A172A62D8DFE8A5
:1013B00002F08F61616161616F6161618A616F617A
:1013C00061611D61796161616174002AE2D1237AF2
:1013D0000A2B41D1284602F033FC94F82830002231
:1013E000A27285F85031F8BD002AD3D12146284693
:1013F000BDE8F840FFF770BF237A0C2BCAD128460E
:10140000FDF7A6FB94F82830042140EA030628469D
:10141000FFF7C0F9E769F6B2002F7DD03B792C2B9E
:101420000CD04B4A4B494C4840F2754310F02EF912
:10143000404080F311884FF0030002DF002E50D1AE
:1014400001233B7138683946F9F74EFA284602F015
:10145000F7FB0023A372F8BD3D4A40493E484FF4D4
:10146000A36310F013F9404080F311884FF003009C
:1014700002DFAFE7364A3A49374840F2024310F0FC
:1014800005F9404080F311884FF0030002DFADE71B
:101490001946284600F086FEA8E71946284600F0BF
:1014A000EDFEA3E71946284601F094F904212846E9
:1014B000FFF75CF92846FDF713FB84F82800204667
:1014C000FFF774F992E71946284600F017FF8DE7F9
:1014D0001946204600F0E6FE08212846FFF746F9A7
:1014E00084E703233B712B8DFB80237A0C2B07F1C0
:1014F0001C060CD0164A1B49174840F27E4310F0D8
:10150000C5F8404080F311884FF0030002DF3146F8
:10151000284601F047F995E70D4A13490E4840F275
:10152000724310F0B3F8404080F311884FF003008D
:1015300002DF73E7064A0A49074840F27E5310F07B
:10154000A5F8404080F311884FF0030002DFF8BD9A
:101550006CD0050004CF050088C70500B4D0050095
:1015600008C80500D0D00500BCCE0500F8B5CF698D
:1015700000260C460546CE61002F55D001260323D8
:101580003B712B8DFB80237A042B07F11C012ED09D
:101590000C2B28D0022B14D02D4A2E492E4840F275
:1015A0009F1310F073F8404080F311884FF0030050
:1015B00002DF06B1F8BD38683946BDE8F840F9F7F2
:1015C00093B9637A072B2BD0092B21D0204A2149CC
:1015D0002148F62310F05AF8404080F311884FF06C
:1015E000030002DFE5E7284601F0DCF8E1E7637A73
:1015F0000C2B11D0164A1749174840F2031310F06C
:1016000045F8404080F311884FF0030002DFD0E737
:10161000284600F0A9FDCCE7284600F059FEC8E7AF
:10162000204600F04DFDC4E7FFF79AF80746002872
:10163000A5D1074A094908484FF4C07310F026F8AD
:10164000404080F311884FF0030002DF3F71FFDE5E
:101650006CD0050008C8050088C70500BCCE050091
:1016600038B50B7A013B0C4605460B2B15D8DFE845
:1016700003F006220E3014141414143F14474B7A4E
:10168000072B04D0132B02D0242385F85031284691
:1016900000F032FC0023A37238BD314A3149324890
:1016A0004FF410730FF0F2FF404080F311884FF0B9
:1016B000030002DF38BD4B7A072B01D0092BE3D1A1
:1016C00094F82830DB07E2D521462846FFF74EFF85
:1016D000DDE74B7A0C2BD7D1CB6993B32146284653
:1016E000FFF744FF284600F007FC0023A37238BD33
:1016F00000F002FC00221623A27285F8503138BD9A
:101700004B7A152B16D0072BBED1D0F8303123F0F1
:101710002003C0F8303100F0EFFB0023A37228460D
:10172000FFF7B6FB0028B7D128460421BDE83840B2
:10173000FFF730B8FDF754F968B9284600F0DCFB34
:10174000EBE7FFF705F80028C8D1284600F00CFBAE
:101750000423A37238BD21462846FFF707FFECE7B4
:101760006CD0050008C8050088C7050070B50E7A62
:10177000731E0C4605460B2B07D8DFE803F0141B3D
:101780002F43060606060660066E504A5049514829
:1017900040F2BF230FF07AFF404080F311884FF0F2
:1017A000030002DF70BD00F0CFFA00287CD00123D7
:1017B000A37270BD00F0C8FA0028F8D1214628466F
:1017C000FEF7B2FF0028F2D021462846FFF78CFC36
:1017D000A369002B08BF0326A67270BD00F0B4FAFF
:1017E0000028E4D121462846FEF79EFF0028DED0DF
:1017F00021462846FFF778FCA369002B18BF022674
:10180000A67270BD90F81831002B3FD100F09CFA01
:101810000028CCD121462846FEF786FF0028C6D0F6
:1018200021462846FFF760FCA269002A4FF0010319
:101830000CBF03220222A27285F8183170BDFEF798
:1018400073FF0028B3D021462846FFF74DFC16222F
:10185000022384F82820A37270BDFFF719FBE8B9B2
:10186000284600F071FA0028A1D121462846FEF74B
:101870005BFF00289BD004212846FEF777FF214616
:101880002846FFF731FC0323A37270BD0C2200230E
:101890004A72CB61BDE87040FFF7E2BE284600F017
:1018A0002BFB0023A37270BD21462846FEF73CFFA8
:1018B00000283FF47CAF21462846FFF715FCA369BA
:1018C000002B0CBF03230223A37270BD6CD0050054
:1018D00008C8050088C7050030B50C46897A83B072
:1018E0000546042900F2B280DFE801F003031B295A
:1018F0000700002A5ED003B030BD002AFBD1237A56
:10190000042B00F09380584A584959484FF45B73B0
:101910000FF0BCFE404080F311884FF0030002DF5F
:10192000E9E7052AE7D1237A032B01D00A2BE2D17C
:101930002146284603B0BDE83040FFF791BE012A9A
:10194000D9D1DA786272023A172A3AD801A151F84D
:1019500022F000BF111A0400C3190400C3190400C7
:10196000C3190400C3190400071A0400C3190400B2
:10197000FD190400C3190400C3190400F31904007D
:1019800031190400C3190400C3190400C319040069
:10199000E9190400C319040031190400C319040033
:1019A000DF190400C3190400C3190400C31904009B
:1019B000311904002146284603B0BDE83040FFF746
:1019C000D5BE294A29492A4840F23F330FF05EFE2E
:1019D000404080F311884FF0030002DFA8E719466A
:1019E000284600F01FFFA3E71946204600F02EFD11
:1019F0009EE71946284600F081FC99E719462846DB
:101A000000F0FEFB94E71946204600F055FB8FE7F7
:101A1000154A1649164840F226330FF037FE40406B
:101A200080F311884FF0030002DF81E70192FEF797
:101A30008FFE00283FF45FAF21462846FFF796FD52
:101A4000284600F059FA019AA27254E7064A07495B
:101A5000074840F28A330FF019FE404080F31188A6
:101A60004FF0030002DF46E76CD0050008C8050010
:101A700088C70500131D0522FFF72EBF02F11C03C6
:101A80000122FFF729BF00BF00238372704700BF08
:101A900013460022FFF720BF02F11C030222FFF7CA
:101AA0006BBC00BF131D0122FFF766BC00238372CD
:101AB000704700BF13460022FFF75EBC70B50446B6
:101AC00006F0BEFE68B1D4F8E85045B1D4F8EC2079
:101AD0002B68C4F8E830954208BFC4F8EC302846BB
:101AE00070BD05460121032006F04CFE2A4606463D
:101AF00001210320F6F738FDD4F8E85045B1D4F8B9
:101B0000EC202B68C4F8E830954208BFC4F8EC30EC
:101B1000002EE4D0012211460320F6F725FD2846C9
:101B200070BD00BF70B5044606F08AFE40B1D4F81F
:101B3000E850DDB100220123A4F8F2206B6270BDF1
:101B400005460121032006F01DFE2A460646012116
:101B50000320F6F709FDD4F8E850002EE9D0012261
:101B600011460320F6F700FD002DE3D1064A074990
:101B7000074840F2C9130FF089FD404080F31188F7
:101B80004FF0030002DFD5E7F8D0050040D1050093
:101B900088C70500F8B505460C4606F051FEB8B1F9
:101BA000D5F8E860B4420BD0144A154915485223C1
:101BB0000FF06CFD404080F311884FF0030002DF0E
:101BC0002846FFF77BFF2046BDE8F840FEF78ABDB8
:101BD00006460121032006F0D5FD324607460121C5
:101BE0000320F6F7C1FCD5F8E860002FDAD0012217
:101BF00011460320F6F7B8FCD4E700BFF8D0050083
:101C000054D1050088C70500F8B505460C4606F016
:101C100017FE40B100232360D5F8EC30F3B11C600F
:101C2000C5F8EC40F8BD06460121032006F0AAFDE8
:101C30003246074601210320F6F796FC2660D5F8C8
:101C4000EC3083B11C60C5F8EC40002FEAD00122D3
:101C5000BDE8F84011460320F6F786BCC5F8E84019
:101C6000C5F8EC40F8BDC5F8E840C5F8EC40ECE735
:101C700070B5054606F0E4FD18B1D5F8E8402046F9
:101C800070BD04460121032006F07CFD2246064675
:101C900001210320F6F768FCD5F8E840002EEED0CD
:101CA000012211460320F6F75FFC204670BD00BFFD
:101CB00038B50546FFF7DCFF037A013B04460B2BE2
:101CC0002DD8DFE803F0060606061A1A20141406BB
:101CD0002606014600222846FFF7DAFE636A03B9AA
:101CE00038BD21462846BDE83840FFF753BF0146BE
:101CF0000022284601F092FBF0E701460022284628
:101D0000FDF756FCEAE7014600222846FEF76EFB87
:101D1000E4E701460022284601F0C8FBDEE7074A57
:101D20000749084840F2BD130FF0B0FC404080F373
:101D300011884FF0030002DFD0E700BFF8D00500A4
:101D400008C8050088C7050090F8F400A0F101005C
:101D5000B0FA80F040097047012380F8F4307047F2
:101D6000002380F8F4307047B0F80831A0F8F23062
:101D7000704700BFA0F8F210704700BF0023A0F822
:101D8000F230704738B50C46097AE36101390546EF
:101D900062610B2928D8DFE801F00606060618184C
:101DA0001D13130622061A462146FFF767FE636AD3
:101DB00003B938BD21462846BDE83840FFF7EABEE2
:101DC0001A46214601F0D2FAF1E71A462146FDF7FC
:101DD000A9FBECE71A462146FEF7D6FAE7E71A46D2
:101DE000214601F055FBE2E7064A0749074840F261
:101DF00037130FF04BFC404080F311884FF0030085
:101E000002DFD4E7F8D0050008C8050088C7050040
:101E100038B50B7A033B0C460546092B09D8DFE899
:101E200003F0050808080D08080508052146FFF716
:101E300021FE636A0022A26143B938BD2146FEF744
:101E4000D9FA636A0022A261002BF6D02146284607
:101E5000BDE83840FFF79EBE38B50B7A072B0C461D
:101E6000054608D0636A03B938BD21462846BDE857
:101E70003840FFF78FBEFEF7C1FAF3E702220023D6
:101E800080F8F020A0F8F230704700BF38B590F825
:101E9000F0300446032B1AD8DFE803F002100F10CD
:101EA000FFF7E6FE48B1057A2046FFF701FF0A2D4D
:101EB00014BF0123032384F8F03038BDFFF7D8FEA8
:101EC0000028FAD02046BDE83840FFF7F1BE074AA7
:101ED0000749084840F24B230FF0D8FB404080F3FD
:101EE00011884FF0030002DF38BD00BFF8D00500B5
:101EF00008C8050088C7050010B590F8F030044602
:101F0000032B0DD8DFE803F008020702FFF70AFEF3
:101F1000002384F8F03010BDBDE81040FFF702BE8A
:101F2000064A0749074840F24B230FF0AFFB4040F9
:101F300080F311884FF0030002DF10BDF8D00500D8
:101F400008C8050088C7050008B590F8F030022BD6
:101F500011D000D808BD032BFCD0094A09490A4812
:101F600040F24B230FF092FB404080F311884FF07A
:101F7000030002DF08BD002380F8F03008BD00BF79
:101F8000F8D0050008C8050088C7050038B590F8E6
:101F9000F0300446032B3AD8DFE803F00926121389
:101FA00020462946FEF722FC2846FEF79BFB2046EA
:101FB000FFF784FD05460028F2D1022384F8F030B3
:101FC00038BDFFF77BFD05460028F6D029462046A0
:101FD000FEF70CFC2846FEF785FB2046FFF76EFD5A
:101FE00005460028F2D1E8E7FFF768FD054600281E
:101FF000E3D029462046FEF7F9FB2846FEF772FBA0
:102000002046FFF75BFD05460028F2D1D5E7074AD9
:102010000749084840F24B230FF038FB404080F35B
:1020200011884FF0030002DF38BD00BFF8D0050073
:1020300008C8050088C7050038B50546FFF73EFD0E
:1020400068B1044621462846FEF7D0FB2046FEF73D
:1020500049FB2846FFF732FD04460028F2D1002450
:10206000A5F8F2402146284601F034FC85F8F040FE
:1020700038BD00BF03780121122243F0030303702F
:102080004170C270704700BF03780121132243F0F2
:10209000030303704170C270704700BF0B784FF0AC
:1020A000020C43F0030307220B7081F801C0CA70D1
:1020B00090F86C300B7170470B7980F86C3070477A
:1020C0000B784FF0020C43F0030307220B7081F8EA
:1020D00001C0CA7090F86C300B71704710B50B7866
:1020E0000C460922082143F00303E170627023705B
:1020F00090F93930002BACBF0B460E23E370F7F795
:10210000BBFE002261F30702C1F3072C0B0C6CF33A
:102110000F2263F317421B0A63F31F626060A26021
:1021200010BD00BF38B50C460546F7F7A5FE23786D
:1021300043F00303237009236370E370D5F8303153
:10214000217263F0FF031840020C0B0CC0F307254B
:102150002071C1F30721100AA2711A0AE07165719A
:102160006172A372E27238BD0B78092243F0030357
:102170000B704A70CA70D0E94A23100CC2F3072CC6
:102180000A711A0C81F805C088714FEA102C0B7285
:10219000C3F30720130A81F807C048728A72CB7212
:1021A000704700BF2DE9F0414B68144F8E685A0FFD
:1021B00082EA137202F001021F4000219318494184
:1021C0009B18054641F1000887EA0374F7F754FEAF
:1021D00004EA0003C5F8303163F0FF0306F0EF06B0
:1021E0003B4046EA0878C5E94A3608EA010101227F
:1021F000C5F8341185F82021BDE8F0812FCF87F78D
:102200002DE9F0414A68134F8E68530F83EA127329
:1022100003F00103D91807EA02074FF00002524108
:10222000C918054642F1000487EA0178F7F724FE51
:1022300006F0EF0646EA0474C5E94A7608EA0000AB
:102240000C400123C5F83001C5F8344185F8203130
:10225000BDE8F0812FCF87F70B784FF0030C43F0E8
:10226000030319220B7081F801C0CA7090F828305E
:102270000B7190F829304B71704700BF0B7980F8D3
:1022800038314B7980F83931704700BF0B78022222
:1022900043F003030B704A70CA7090F828300B713A
:1022A000704700BF0B7980F8283070470378074AE1
:1022B000C0F805204FF0060C43F0030340F60C5124
:1022C000037080F801C0A0F803107047F105FFFF0C
:1022D0000B784FF0060C43F003030C220B7081F8CF
:1022E00001C0CA7090F81A310B71B0F81B31A1F817
:1022F0000530B0F81D31A1F807307047012380F890
:1023000019310B7980F81A31B1F80530A0F81B317A
:10231000B1F80730A0F81D31704700BF10B50B7839
:10232000172443F0030303224C700B70CA70D0F8DB
:102330002930D0F82D208A604B6090F831300B7333
:1023400090F832304B7301F10E0406F079FA0C214B
:1023500020B12046BDE8104003F094BC2046BDE803
:10236000104003F085BC00BF0B78032243F0030349
:102370004FF0170C0B7081F801C0CA70D0F82930EB
:10238000D0F82D208A604B6090F831300B7390F8B4
:1023900032304B73704700BF10B503780D21042213
:1023A00043F0030341700370C270841806F048FACA
:1023B0000C2120B12046BDE8104003F063BC20464C
:1023C000BDE8104003F054BC03780121052243F01E
:1023D000030303704170C270704700BF037801218E
:1023E000062243F0030303704170C270704700BFC0
:1023F000037801210A2243F0030303704170C27085
:10240000704700BF037801210B2243F003030370E0
:102410004170C270704700BF037801714FF0020C29
:1024200043F003030D22037080F801C0C2707047AF
:102430000378017143F003034FF0030C0370112381
:1024400080F801C0C3704271704700BF0B7980F8FB
:102450006D304B7980F86E30704700BF0B784FF0CD
:10246000030C43F0030316220B7081F801C0CA70FD
:1024700090F82830C3F3C2034B7190F82830C3F3AF
:1024800002030B71704700BF0A7990F8283062F39D
:10249000C50380F828304A7962F3020380F82830B7
:1024A000704700BF0B784FF0030C43F00303172273
:1024B0000B7081F801C0CA7090F89431C3F3C20365
:1024C0004B7190F89431C3F302030B71704700BF56
:1024D000CB8843860B7980F834304B7980F83530DF
:1024E000704700BF0B784FF0050C43F00303182230
:1024F0000B7081F801C0CA70438ECB8090F83430E5
:102500000B7190F835304B71704700BF0A7990F825
:10251000283062F3C50380F828304A7962F3020359
:1025200080F82830704700BF0B784FF0180C43F04C
:1025300003030F220B7081F801C0CA70C38D8B801A
:10254000038ECB80438E0B81838E4B8190F83C3081
:102550000B73C38FA1F80D30B0F84030A1F80F30E5
:10256000B0F84230A1F81130B0F84430A1F813307F
:10257000B0F84630A1F81530B0F84830A1F817305F
:10258000B0F84A30A1F81930704700BF0B784FF00F
:10259000180C43F0030310220B7081F801C0CA70BD
:1025A000C38D8B80038ECB80438E0B81838E4B81BA
:1025B00090F83C300B73C38FA1F80D30B0F8403069
:1025C000A1F80F30B0F84230A1F81130B0F8443023
:1025D000A1F81330B0F84630A1F81530B0F8483003
:1025E000A1F81730B0F84A30A1F81930704700BF91
:1025F0008B88C385CB8803860B8943864B8983866A
:102600000B7B80F83C30B1F80D30C387B1F80F3048
:10261000A0F84030B1F81130A0F84230B1F81330D2
:10262000A0F84430B1F81530A0F84630B1F81730B2
:10263000A0F84830B1F81930A0F84A30704700BF10
:102640008B88C385CB8803860B8943864B89838619
:102650000B7B80F83C30B1F80D30C387B1F80F30F8
:10266000A0F84030B1F81130A0F84230B1F8133082
:10267000A0F84430B1F81530A0F84630B1F8173062
:10268000A0F84830B1F81930A0F84A30704700BFC0
:102690000B78002243F003034FF00C0CCA700B7050
:1026A00081F801C090F82B300B71836B094AA2FBB3
:1026B00003239B0AA1F80530438EA1F80930038E4D
:1026C000A1F80730838EA1F80B30838DA1F80D306F
:1026D000704700BF5917B7D10B7980F82B30B1F88C
:1026E000053040F2E24202FB03F38363B1F80930A4
:1026F0004386B1F807300386B1F80B308386B1F812
:102700000D308385704700BF0B784FF0080C43F005
:10271000030301220B7081F801C0CA70038DA1F878
:102720000930D0F82A304B6090F82E300B72704789
:10273000B1F8093003854B68C0F82A300B7A80F86D
:102740002E3070470B784FF0090C43F0030314222E
:102750000B7081F801C0CA70B0F85A308B80B0F8A5
:1027600058300B81B0F85E30CB80B0F85C304B81D4
:10277000704700BF0B784FF0090C43F0030315229C
:102780000B7081F801C0CA70B0F85A308B80B0F875
:1027900058300B81B0F85E30CB80B0F85C304B81A4
:1027A000704700BF0B784FF0090C43F0030315226C
:1027B0000B7081F801C0CA70B0F86A308B80B0F835
:1027C00068300B81B0F86E30CB80B0F86C304B8144
:1027D000704700BF8B88A3F11B02E02A21D8B1F813
:1027E00008C0ACF11B02E02A1BD830B5CD88A5F596
:1027F000A47244F2481E92B2724511D84A8900214F
:102800000C4662F30F04A2F5A4726CF30F0192B2AE
:1028100063F31F4165F31F44724598BFC0E9181464
:1028200030BD70478B88A3F11B02E02A21D8B1F894
:1028300008C0ACF11B02E02A1BD830B5CD88A5F545
:10284000A47244F2481E92B2724511D84A890021FE
:102850000C4662F30F04A2F5A4726CF30F0192B25E
:1028600063F31F4165F31F44724598BFC0E9181414
:1028700030BD7047F8B50E6A00230C460746154672
:102880000B6296B30F2D06F1040119D0112D1FD044
:10289000D5B11F4A1F4920484FF49B730EF0F6FE36
:1028A000404080F311884FF0030002DFF379637337
:1028B00031463846FDF756FF237A092B10D0F8BD74
:1028C0002046FFF731FEF1E72046FFF7E1FEEDE796
:1028D000084694F8282094F82910FFF7A9FDE5E7A9
:1028E0003846BDE8F840FFF73FBAFDF725FF06463A
:1028F0000028C7D1064A0949074840F21F130EF0C5
:10290000C5FE404080F311884FF0030002DFB9E7B5
:1029100068D1050008C8050088C705005CCE050021
:1029200070B5CC6900230D460646CB6104B319236C
:1029300022792371338DE38095F82830237743B9CA
:102940002B8EE3836B8E2384AB8E63842C2A09D079
:1029500070BD738DE383B38D2384B6F88C316384AB
:102960002C2AF5D120682146BDE87040F7F7BCBF9E
:10297000064A07490748F7230EF088FE404080F3D7
:1029800011884FF0030002DFD1E700BF68D10500D6
:10299000BCCE050088C70500F8B5CC6900230D46FC
:1029A0000646CB6194B1032327792371338DE380ED
:1029B00004F11C012846FFF7B7FD2C2F00D0F8BD0D
:1029C00020682146BDE8F840F7F78EBF064A074960
:1029D000074840F22A330EF059FE404080F3118838
:1029E0004FF0030002DFDEE768D10500BCCE050032
:1029F00088C7050030B5438D0A8E4C8E8D8E93426C
:102A000085B002D1838DA34214D0012381F82A30EE
:102A100002958B6BCDE900240C7A91F82B20898DDF
:102A20000391A4F10801B1FA81F14909E4F728FD05
:102A300005B030BDB0F88C315B1B18BF0123E5E752
:102A4000F8B50D6A00230C46074616460B62002DAA
:102A50003DD0291D112E0AD8DFE806F02C090909FE
:102A60000909092809090909090909093020214A20
:102A70002149224840F20E330EF008FE404080F318
:102A800011884FF0030002DFEB7963732946384663
:102A9000FDF768FE237A092B14D0F8BD084694F898
:102AA000282094F82910FFF7C3FCEDE72046FFF734
:102AB000F5FAE9E72046FFF7EBFDE5E72046FFF7EB
:102AC00065FDE1E73846BDE8F84000F025BFFDF7B9
:102AD00033FE05460028BCD1064A094907484FF491
:102AE0003D730EF0D3FD404080F311884FF003009A
:102AF00002DFAEE768D1050008C8050088C70500F9
:102B00005CCE05002DE9F0411B4E336804460D46AE
:102B10002BB1834203D00123AB72BDE8F081204684
:102B2000FFF712F90028F6D1204600F0DBFE074639
:102B30000028F0D129462046FDF7F6FD0028EAD00E
:102B40002046FBF71BFF01218046204600F0C2FE15
:102B5000A5F83E8085F83C700F2229462046346057
:102B6000FFF788FE94F83930DB090CBF41F202030D
:102B700004236B81D1E700BFB86F0020C38D052B04
:102B800003D9028EB2F5486F01D9002070479342F5
:102B9000FBD8438EB3F5FA7FF7D200B5B0F834C056
:102BA000ACF10A0189B240F6764E714502D9002097
:102BB0005DF804FB01339BB202FB03F3B3EB8C0F14
:102BC000F5D290F83C0090428CBF00200120EFE746
:102BD00038B5CB690C46054663B11A4A1A491B48F9
:102BE0004FF453730EF052FD404080F311884FF0C4
:102BF000030002DFFDF7B4FD2C23E061037194F8BC
:102C00003C200121002384F82B10A3634AB1238EBA
:102C1000E18DB3FBF2F313FB02F39BB2994298BF31
:102C200023862846FBF7AAFEAB8D06331844A08501
:102C3000002221462846FFF703FF4FF60B736381FE
:102C400038BD00BF68D10500B4D1050088C70500B4
:102C500038B505460C4600F04FFE10B10923A372AB
:102C600038BD21462846FDF75FFD0028F6D02146F5
:102C70002846FDF761FD2062FDF76AFD10B90C23BF
:102C8000A37238BD21462846BDE83840FFF7A0BFF3
:102C900038B505460C46FFF757F810B10323A37269
:102CA00038BD21462846FDF73FFD0028F6D02146D5
:102CB0002846FDF741FDE36920621BB32C221A71FF
:102CC00094F83C200121002384F82B10A3634AB11F
:102CD000238EE18DB3FBF2F313FB02F39BB2994217
:102CE00098BF23862846FBF749FEAB8D0633184470
:102CF000A085002221462846FFF7BCFDFF23E37292
:102D00000623CCE7FDF724FD38B1E369002BD5D1CC
:102D1000FDF726FD0346E061D0E70723BFE700BFCC
:102D200070B50C460546FBF729FEA38DC31A1B049C
:102D300000D570BD21462846FFF75CFE237A092B9B
:102D400019D094F82A6006BBE36901221A71E1697F
:102D50000868F7F7C9FDE661284600F071FF237A9D
:102D6000092B05D10D4B1A68954204BF00221A6049
:102D70000023A37270BD284600F0D4FD237A092BEE
:102D8000DFD194F82830002BDBD0002384F82830E2
:102D900021462846FFF7C4FDDEE700BFB86F0020DC
:102DA00070B506460C4600F0A7FD10B10623A372CD
:102DB00070BD054621463046FDF7B6FC0028F5D02B
:102DC000112221463046FFF73BFE304600F038FF27
:102DD000237A092B04D1044B1A68964208BF1D6060
:102DE0000023A37270BD00BFB86F002038B51B4A26
:102DF000136805460C465BB1834209D002238B72EF
:102E000000F07AFDE0B12046BDE83840FDF7CEBCC9
:102E1000218E6B8D15609942628EA08E06D0214660
:102E20002846FFF7B9FD0423A37238BDAB8D93424A
:102E3000F5D1B5F88C318342F1D10523A37238BDA9
:102E400021462846FDF770FC0028DCD04FF4726361
:102E5000238521462846FFF7A3FFD4E7B86F00205B
:102E600070B50C46897A05460C2900F28F80DFE8A0
:102E700001F00B172A323C46588D606A72850700B4
:102E8000002A00F0918070BD002AFCD1237A082B23
:102E900000F0AD80092B40F09C800123A37270BD2F
:102EA000012AF0D120461946FFF7A2FB2046FFF782
:102EB00065FE50B940F61E73238521462846BDE8BD
:102EC0007040FFF76DBF012ADDD821462846BDE8D6
:102ED0007040FFF78BBF002AD5D1FDF739FC0028E1
:102EE00040F0AF800323A37270BD032A67D0042A89
:102EF000C9D10F22062384F82920A37270BD002AAD
:102F0000C1D195F93930002B5CDA94F8283093B1AF
:102F10000F2384F8293021462846BDE87040FFF78A
:102F20003FBF002AAFD121462846BDE87040FFF7D9
:102F300037BF002AA7D1284600F0DEFC002859D070
:102F40000823A37270BD002A9DD121462846BDE802
:102F50007040FFF77DBE022A95D195F83920C2F363
:102F6000C011D20954D184F86C10284600F0C4FC7A
:102F70000646002875D00D23A37270BD002A82D1A9
:102F800021462846BDE87040FFF7CABE404A414985
:102F9000414840F206530EF079FB404080F311881F
:102FA0004FF0030002DF70BDFDF7D2FB00283FF4B5
:102FB0006AAF21462846BDE87040FFF709BE0523E9
:102FC000A37270BDE26121462846BDE87040FFF75C
:102FD0003FBE2F4A2F4930484FF46E730EF056FB18
:102FE000404080F311884FF0030002DF70BD0A23D8
:102FF000A37270BD21462846FDF796FB00289FD09E
:10300000102221462846FFF71BFD0A23638170BD6D
:1030100019462046FFF760FB2846A68DFBF7AEFC5D
:10302000331A9BB247F6FE72934211D82046FDF741
:10303000BDFB0B23A37221462846BDE87040FFF775
:103040006FBE21462846FFF7A7FC0423A37270BD7C
:10305000282385F85031284600F0F2FD0023A372A2
:1030600070BD21462846FDF75FFB002883D007226C
:1030700021462846FFF7E4FC284600F0E1FD237ACC
:10308000092BEBD1054B1A689542E7D11E60E5E7A5
:1030900068D1050008C8050088C70500B86F002082
:1030A00070B506460C46FEF74FFE10B10523A3721D
:1030B00070BD054621463046FDF736FB0028F5D0A9
:1030C0002946304600F006FC112221463046FFF723
:1030D000D1FB3046FEF710FF237A092B02D00023E4
:1030E000A37270BD96F93930002B06DB064B1A68C7
:1030F0009642F4D100221A60F1E73046FDF7F6FE61
:103100000028F3D0EBE700BFB86F002070B50C4685
:10311000897A82B00546072900F21281DFE801F0C2
:10312000091F284750626504002A00F09A8002B007
:1031300070BD002AFBD1237A082B00F08280092B76
:103140000FD0864A864987484FF4ED730EF09EFAF9
:10315000404080F311884FF0030002DFE7E7002AC8
:10316000E5D12146284602B0BDE87040FFF7CABC51
:10317000032A00F0AD80042A65D0012AD7D1194670
:103180002046FFF75DFA2846022100F0A3FB204607
:10319000FFF7F4FC002840F0B98041F21E032385BC
:1031A0002146284602B0BDE87040FFF779BF002AEB
:1031B000BDD12146284602B0BDE87040FFF768BD8A
:1031C000032A00F0A180042A00F09380022AAED1E5
:1031D00019462046FFF780FA2046FDF7E7FA062356
:1031E000A372A4E7002AA2D1DAE7002A9FD12846D9
:1031F0000192FBF7C3FBA38DC01A030497D4019A75
:103200002846114600F066FB21462846FFF7F2FBF0
:10321000237A092B7CD094F82A60002E40F0848019
:10322000E36901221A71E1690868F7F75DFBE6615D
:103230002846FEF761FE237A092B3ED00023A372B5
:1032400075E7E261B5E72846022100F043FBD5F8B7
:10325000303123F002032046C5F83031FDF7A6FADD
:10326000A7E7FDF775FA00283FF461AFE069002891
:1032700062D02C23037194F83C200121002384F8B0
:103280002B10A3634AB1238EE18DB3FBF2F313FB42
:1032900002F39BB2994298BF23862846FBF76EFB48
:1032A000AB8D06330344A385002221462846FFF751
:1032B000E1FA4FF60673638139E795F93930002B4F
:1032C00034DB294B1A689542B8D100221A60B5E761
:1032D0005A791A2AB7D000212846019300F0FAFA49
:1032E000019B5B7984F8283021462846FFF718FBBC
:1032F0009EE7D5F830311A2223F00203C5F83031A9
:10330000214684F82820F0E75B79EBE72046A5E723
:103310002846FEF733FD237A092B7FF47CAF94F81F
:103320002830002B3FF477AF0023DBE72846FDF77A
:10333000DDFD0028C5D081E7FDF712FAE06198E7CE
:10334000064A0749074840F2B9230EF09FF940406A
:1033500080F311884FF0030002DFE8E668D1050032
:1033600008C8050088C70500B86F002010B592F89E
:103370001FC082B0044602F11C03BCF1110F0AD831
:10338000DFE80CF02C0909090909092509090909CF
:10339000090909091E17242380F850310191FEF70D
:1033A000ABFD01990B7A092B1FD000238B7202B061
:1033B00010BD0322204602B0BDE81040FFF7A6BEB4
:1033C0000122204602B0BDE81040FFF79FBE042254
:1033D000204602B0BDE81040FFF798BE022220460A
:1033E00002B0BDE81040FFF791BE94F93930002BD0
:1033F00006DB074B1A689442D7D100221A60D4E743
:1034000020460191FDF772FD01990028F1D0CCE72B
:10341000B86F002000238372704700BF134600225C
:10342000FFF774BE70B5D57F02F11C0335B10F2DC7
:1034300009D1BDE870400122FFF712BDBDE8704020
:103440000222FFF70DBD24230E4680F850310446BA
:1034500000F0F6FB337A092B05D1044B1A6894422D
:1034600004BF00221A600023B37270BDB86F002041
:1034700000238372704700BF13460022FFF7F0BCA1
:1034800000230322FFF7ECBC00230422FFF7E8BC73
:1034900010B524230C4680F85031FEF72DFD002393
:1034A000A37210BD00238372704700BF70B58B7A82
:1034B000012B0C46054615D9022B06D1FBF75EFA07
:1034C000238DC01A030413D570BD2B4A2B492C48F9
:1034D000B6230EF0DBF8404080F311884FF0030074
:1034E00002DF70BDFEF730FC88B10123A37270BD0E
:1034F0000021284600F0EEF904F12A012846FBF7E6
:103500004BFA2846FEF7F8FC0023A37270BD28464C
:1035100000F0E8F90028E8D121462846FDF704F933
:103520000028E2D00121284600F0D4F92846FBF714
:1035300025FA831D238521462846FDF7FDF806461A
:1035400060B1311D2046FFF7DFF8F3796373314630
:103550002846FDF707F90223A37270BD064A094900
:1035600007485C230EF092F8404080F311884FF03A
:10357000030002DFE5E700BFD4D1050008C805005D
:1035800088C705005CCE050070B5D37F012B0546CA
:103590000C4607D0242380F8503100F051FB002363
:1035A000A37270BD8B7A012B10D013F0FD0FF8D0F1
:1035B000144A154915484FF496730EF067F84040C9
:1035C00080F311884FF0030002DF70BD02F11C018F
:1035D0002046FFF7ADF82846268DFBF7CFF9361ABF
:1035E000B6B247F6FE739E4202D80223A37270BDA4
:1035F000282385F85031284600F022FB0023A372CF
:1036000070BD00BFD4D1050008C8050088C70500FB
:1036100000238372704700BF38B58B7A012B10D01E
:10362000022B0C460ED0FBB1114A124912484FF43E
:1036300096730EF02BF8404080F311884FF0030092
:1036400002DF38BD0546FBF799F9238DC01A030444
:10365000F7D404F12A012846FBF79EF9284600F02A
:10366000EFFA0023A37238BD01238B7238BD00BF6F
:10367000D4D1050008C8050088C7050038B5D0F8C2
:10368000F8308B4204460D461CD00F4A0F491048B3
:1036900077230DF0FBFF404080F311884FF00300CB
:1036A00002DFD4F8F83043B1D4F8FC101A68C4F83B
:1036B000F820994208BFC4F8FC202846BDE83840ED
:1036C000FDF710B80B46EEE71CD2050054D10500FB
:1036D00088C7050038B5D0F8F8502B7A013B04466E
:1036E0000B2B28D8DFE803F00606060618181D1372
:1036F0001306220600222946FEF7DCF96B6A2BB17D
:1037000029462046BDE83840FFF7B8BF38BD002243
:103710002946FFF7B1FEF1E700222946FBF79CFF9F
:10372000ECE700222946FCF78FFEE7E70022294656
:10373000FFF772FFE2E7074A074908484FF4DA73D8
:103740000DF0A4FF404080F311884FF0030002DF2A
:10375000D4E700BF1CD2050008C8050088C70500D3
:1037600070B5D0F8F85004461DB394F80431012B1D
:1037700003D1022384F8003170BD29462046FCF7AE
:10378000D3FF0028F5D029462046FCF7D5FF064692
:10379000E8B1311D2846FEF781FCF3796B733146A1
:1037A0002046FCF7DFFF01236B62002384F8003121
:1037B00070BD0E4A0E490F484FF4FE730DF066FFC0
:1037C000404080F311884FF0030002DFCDE7074A45
:1037D000094908484FF4E2730DF058FF404080F368
:1037E00011884FF0030002DFD3E700BF1CD20500B1
:1037F00040D1050088C705005CCE050070B5D0F843
:10380000F8500446ADB394F80431012B03D10123E1
:1038100084F8003170BD29462046FCF785FF00285A
:10382000F5D029462046FCF787FF064600283BD006
:103830002046FEF71DFA2A7A037A934206F1040025
:1038400025D0082B25D02A2194F820311BB1D4F89B
:1038500030315B0722D4FEF7DFFDF3796B7331461D
:103860002046FCF77FFF01236B62002384F80031C0
:1038700070BD144A144915484FF4F6730DF006FF55
:10388000404080F311884FF0030002DFBBE72321A3
:10389000DAE7092A14BF2A212321D5E70A4694F83A
:1038A0000711FEF7C5FDD8E7064A094907484FF456
:1038B000E2730DF0EBFE404080F311884FF00300FF
:1038C00002DFB5E71CD2050040D1050088C705001E
:1038D0005CCE050080F80611704700BF704700BF3E
:1038E0000020704790F80501003818BF012070478C
:1038F000D0F8F800704700BF90F80401A0F1010073
:10390000B0FA80F040097047012380F80431704715
:10391000002380F804317047B0F80831A0F8023174
:10392000704700BF0023A0F80231704738B5D0F8C7
:10393000F840A4B10546D5F8FC202368C5F8F83056
:103940009442214608BFC5F8FC302846FCF74EFFDC
:103950002046FCF7C7FED5F8F840002CEBD138BD67
:10396000022938B5054612D004290C460AD001298F
:1039700000D038BDD0F8F830002BFAD0BDE8384080
:10398000FFF7A8BEFFF7D2FF85F8004138BDD0F899
:10399000F840002380F805313CB100230122A5F84E
:1039A0000231626285F8003138BD074A074908488C
:1039B00040F20F230DF06AFE404080F311884FF073
:1039C000030002DFE9E700BF1CD2050040D105007B
:1039D00088C70500F8B590F8003104460E46154634
:1039E000052B00F29A80DFE803F00E1607030B03A5
:1039F000BDE8F840FFF7B4BFBDE8F840FFF7B0BE40
:103A000003290CD0F8BD71B10429FBD1FFF78EFF5B
:103A100084F80061F8BDBDE8F840FFF7EFBE002371
:103A200080F80031F8BDD0F8F870002FEAD03B7A6A
:103A300090F806C190F839E0102B11D83E4A0121C8
:103A400001FA03F0024042B30A2B1FD0B3B184F84D
:103A500005612046FFF73EFE032384F80031F8BDE0
:103A6000364A374937486A230DF010FE404080F34C
:103A700011884FF0030002DF3B7AE5E7EB7F87F820
:103A80006C302046BDE8F840FFF76ABE2046FFF7DD
:103A900021FE052384F80031F8BD10F4386FDFD023
:103AA0000A2BF3D0002BE9D0BCF1000F01D10E4658
:103AB000CDE71EF0800F12D1BCF1010F1FD0BCF179
:103AC000020F9FD12046FEF7D3F83B7A027A9A4242
:103AD0001FD0082A1BD02A2384F85031F8BDBCF12E
:103AE000010FECD12046FEF7C3F808B1FF22C272E5
:103AF0002046FFF7EFFD032384F80031F8BDEB7F8C
:103B000084F807312046BDE8F840FFF777BE092B5F
:103B1000E1D1232384F85031F8BD084A0849094807
:103B20004FF43B730DF0B2FD404080F311884FF02D
:103B3000030002DFF8BD00BF7FF401001CD20500C6
:103B400008C8050088C7050038B50C46097AE36146
:103B5000054662610C2929D8DFE801F00B07070749
:103B60000719191E1414072307001A462146FDF7EA
:103B700093FF636A2BB121462846BDE83840FFF722
:103B80007DBD38BD1A462146FFF74CFCF1E71A46C9
:103B90002146FBF711FDECE71A462146FCF732FC03
:103BA000E7E71A462146FFF7EFFCE2E7064A074936
:103BB000074840F233130DF069FD404080F311884F
:103BC0004FF0030002DFD4E71CD2050008C805004F
:103BD00088C7050038B50B7A072B0C4605460ED072
:103BE0000C2B01D1FDF75EFF636A0022A2612BB1AD
:103BF00021462846BDE83840FFF740BD38BDFCF7F8
:103C000027FCF1E738B50B7A072B0C46054608D0A0
:103C1000636A2BB121462846BDE83840FFF72EBD28
:103C200038BDFCF719FCF3E70422002380F80021DB
:103C3000A0F80231704700BF00220121FFF7CABE81
:103C400000220221FFF7C6BE00220321FFF7C2BEF9
:103C500000220421FFF7BEBEF0B5044683B00E4635
:103C600015467BB1D37F1B2B31D8DFF898C090F875
:103C700039100CEB4307C9097F781AB201238B4036
:103C80003B402BD11846FCF70FFE0746E8B1002356
:103C90000360D4F8FC30E3B11860C4F8FC002A4695
:103CA00000212046FFF796FE7B6A1BB1394620466D
:103CB000FFF7E4FCD4F8F81039B12B463246204621
:103CC00003B0BDE8F040FFF73FBF03B0F0BD0023F5
:103CD000D8E7C4F8F800C4F8FC00E0E71CF812309C
:103CE0000A2BCFD10193FFF721FE0022A4F8022175
:103CF00084F8052184F800212046FEF79DF9019BF8
:103D0000C0E700BF64D2050010B50446FFF70EFE01
:103D10000023A4F8023184F8053184F8003110BD85
:103D200010B50C4630B994F874316FF3000384F881
:103D3000743110BD094A0A490A4840F289230DF03E
:103D4000A5FC404080F311884FF0030002DF94F897
:103D500074316FF3000384F8743110BD9CD20500F8
:103D6000E4D2050088C7050000B9704708B5074AC6
:103D70000749084840F281230DF088FC404080F359
:103D800011884FF0030002DF08BD00BF9CD2050080
:103D900044CD050088C70500012800D0704710B544
:103DA0000C46F6F76FFE84420CD0074A07490848D4
:103DB00040F279230DF06AFC404080F311884FF007
:103DC000030002DF10BD00BF9CD20500F8D2050041
:103DD00088C705002DE9F041079C9DF8188005462D
:103DE000208D4FF6FF71884225D029462046174680
:103DF0001E46FAF747FBF0B921780131C9B22170AC
:103E000049B31C491C4B0E8104F11C000022C86000
:103E1000C1E9005781F80A80996001201146F4F742
:103E2000D9FB50B9FF20FAF75FFB2046FF21BDE820
:103E3000F041FAF731BCBDE8F081104A1049114851
:103E400040F233230DF022FC404080F311884FF004
:103E5000030002DFE6E7094A0B490A4840F226233D
:103E60000DF014FC404080F311884FF0030002DF96
:103E7000C7E700BF947700202C0D00209CD20500DE
:103E8000E4C7050088C7050018CC0500038E23B1E0
:103E900090F8742112F0010300D0704710B542F081
:103EA000010288B0114C80F8742105310122CDE95E
:103EB00002320690CAB2CDE90434CDE900330321C1
:103EC0001846F5F7D1FE10F0FD0F0CD0084A09494D
:103ED00009484FF4F6730DF0D9FB404080F3118888
:103EE0004FF0030002DF08B010BD00BF213D040009
:103EF0009CD20500B0CD050088C7050038B50C463A
:103F00001546F9F773FF48B11CB1BDE83840FCF71E
:103F10002DBF2946BDE83840FCF702BF022038BD5E
:103F200038B50C461546F9F761FF58B190F93930AC
:103F3000002B05DA2A462146BDE83840FCF7CABD09
:103F40000C2038BD022038BD704700BF00B9704753
:103F500008B5074A0749084840F212430DF096FB9E
:103F6000404080F311884FF0030002DF08BD00BF1E
:103F700028D3050044CD050088C705002DE9F04190
:103F8000079C9DF818800546208D4FF6FF718842EA
:103F90002CD02946204617461E46FAF773FA28BB4E
:103FA00021780131C9B2217081B30220FAF79CFA5D
:103FB00002212046FAF770FB1B491C4B0E8104F1CD
:103FC0001C000022C860C1E9005781F80A8099608E
:103FD00001201146F4F7FEFA50B9FF20FAF784FAEF
:103FE0002046FF21BDE8F041FAF756BBBDE8F0815D
:103FF0000F4A1049104840F2C1330DF047FB4040D2
:1040000080F311884FF0030002DFE6E7084A0B490E
:10401000094840F2AE330DF039FB404080F311887F
:104020004FF0030002DFC0E7AC7700203C0D00201A
:1040300028D30500E4C7050088C7050018CC050093
:104040002DE9F84306460020F9F7A8FC68B3036A97
:10405000044653B393F8202042F0020283F8202054
:10406000076A17B301460020F9F7DCFB0546C8B91B
:104070003F68D7F8548107F5AA79B8F1000F18D036
:104080004046F6F715FC172387F858314FF6FF73B3
:10409000A7F85A311C340223C7F85C4187F8703105
:1040A000C6F800902846BDE8F8830C252846BDE8F0
:1040B000F883074A0749084840F209230DF0E6FA59
:1040C000404080F311884FF0030002DFD8E700BFC3
:1040D00028D305003CCD050088C7050070B50C4607
:1040E00015461E46F9F782FEB8B190F88EC01CF056
:1040F000180C04D0BCF1180F08D00C2070BD33464A
:104100002A462146BDE87040FCF730BD33462A46BA
:104110002146BDE87040FCF757BD022070BD00BFCE
:1041200030B583B001A8FFF78BFF044610B12046DD
:1041300003B030BDF9F732FC054650B195F8483070
:1041400000226FF30003204685F848302A6203B04E
:1041500030BD074A0749084840F25D230DF096FA42
:10416000404080F311884FF0030002DFE6E700BF14
:1041700028D305006CD3050088C7050070B5836897
:104180001D682C6A1CB300232B62E36E63B11E4AC8
:104190001E491F4840F279230DF078FA404080F321
:1041A00011884FF0030002DF04F1600104F15C00AC
:1041B000F4F78EF90646C0B12068E666F9F700FE0E
:1041C00095F848306FF3000385F8483070BD0E4A0B
:1041D00010490F4840F276230DF058FA404080F322
:1041E00011884FF0030002DFCDE7074A0A4908486B
:1041F0004FF41F730DF04AFA404080F311884FF0DE
:10420000030002DFD8E700BF28D3050068C8050017
:1042100088C705005CC805003CCD050070B50424C6
:1042200082B04FF6FF762046F9F7E0FD0546684676
:1042300055B195F93930002B06DB00F02BF86946B3
:104240002846FCF72BFD20B9013CA4B2B442EAD1C8
:10425000002002B070BD00BF086070470538042818
:104260008CBF00200120704708B5084A034600684B
:1042700010601B79137105211046F4F7C3FA044B43
:104280001870FFF7CBFF002008BD00BF4C0D0020C9
:1042900085100020044A0549034610681860127909
:1042A00008781A71704700BF4C0D0020851000205F
:1042B00030B5044600789DF80C5002FB01111F4AEE
:1042C000014482FB01020A44521102EBC20002EBDC
:1042D00080028A1AD0B2C1082070595C02F007022D
:1042E00041FA02F212F001021FD1B0FBF5F405FB16
:1042F0001404E4B25D1E1046043300F1080E15F8F4
:10430000011F5FFA8EFE024611F0010F02F1010C4F
:104310004FEA510102D04CB1013CE4B25FFA8CF299
:104320007245F1D110469D42E7D130BDC11D891AB9
:10433000C9B207291046F6D830BD00BFA7C867DD4F
:104340004288008850407047F0B5344D344C4840A6
:104350004FF0030C060A5FFA80FE0EEB8E2E06EB82
:10436000862004EA401705EA400605EA4E0004EA02
:104370004E1E3E4340EA0E0000EB002706EB062EE1
:1043800006EB0E2600EB0720360CC0F3074040EA90
:10439000062000EB00100CF1FF3C08441CF0FF0C61
:1043A00080B2D7D141401F48A0FB01400C1A00EB5E
:1043B0005400400900EBC00400EB8400081AC0F36D
:1043C000C40400F00705145D2C41E407C0B21CD4FE
:1043D00001FB03F3561EC3F307430432604600F1AA
:1043E000080516F801CFEDB201461CF0010F01F1EE
:1043F00001044FEA5C0C02D043B1013BDBB2E1B2F5
:10440000A942F2D108469642E9D1F0BD0730401AE0
:10441000C0B207280846F6D8F0BD00BF1021020040
:10442000408408004D91CFBA1A491B482DE9F0414C
:104430000023451EA1F1020C012606E00133082BE2
:1044400001F1060100F1280022D003EB830215F8E8
:104450003220D407F2D59CF800409CF801E0D0F857
:104460000080C2F3801206FA03F79A4001333C43FE
:104470004EEA020287888F80082B8CF800408CF867
:10448000012001F1060141F8068C00F12800DCD181
:10449000BDE8F081C2770020AD7800202048214A95
:1044A0002DE9F047204FDFF884800023951EA0F10E
:1044B000020C012615F83310C90706FA03F926D5B0
:1044C0003C7812F8011C4CB1072901EB810405D896
:1044D00018F834104C0701D5C90618D515F8331053
:1044E0009CF801E09CF80040D2F800A0C1F3400124
:1044F00099404EEA010144EA0904B2F804E08CF85C
:1045000000408CF80110A0F804E0C0F800A00133CE
:10451000082B00F1060002F10802CBD1BDE8F087BC
:104520002E7A0020EE7900207B900020AC780020CD
:104530000820704738B50020F8F7FEFFF0B9F9F70A
:1045400061FA10F0010019D10D4C0E4D621E14F8E5
:104550003030072B03EB830105D815F831306FF3AA
:10456000451305F8313012F830306FF3000302F8CC
:10457000303001300828EAD1002038BD0C2038BD89
:10458000ED790020AC7800202DE9F04F074683B08C
:104590000020F8F7D1FF00286DD1F9F733FA10F0B9
:1045A000010568D13B78FF2B73D03F4E07F101091D
:1045B0004FF0FF0A2C46A6F1020803F0010B06E0BB
:1045C00059455CD00134082C06F108060FD018F8C4
:1045D0003420C2F34001D207F2D4BAF1FF0F08BF72
:1045E0005FFA84FA0134082C06F10806EFD1BAF11B
:1045F000070F52D818F83A2063F3410208F83A201E
:10460000022314FB0A34D7F8013048F8043044443C
:10461000B9F80430A38097F800B0244C0BF0010BDC
:10462000661E04E00135082D04F1280439D005EB9D
:104630008503DF0016F83330C3F38012DB07F1D5B2
:104640005A45EFD120460622494615F066FC00285F
:10465000E8D1F35D43F02003F355EDB218F83A309A
:1046600008EBCA0243F0010308F83A305570002005
:1046700003B0BDE8F08F0C2003B0BDE8F08F3046EA
:1046800006224946019315F048FC019B002899D168
:10469000EDE7284603B0BDE8F08F072003B0BDE882
:1046A000F08FFF25DAE700BFEE790020AD7800201B
:1046B0002DE9F04106460020F8F73EFF00283AD1E8
:1046C000F9F7A0F910F0010435D196F80080B8F19F
:1046D000FF0F36D01C4D0136AF1E08F0010804E074
:1046E0000134082C05F1080528D017F83430C3F33D
:1046F0004002DB07F4D54245F2D106222846314676
:1047000015F00BFC0028EBD107EBC4035B78072BFB
:1047100008D80E4A03EB830312F8331060F34511F7
:1047200002F8331017F834306FF3000307F8343011
:104730000020BDE8F0810C20BDE8F0810220BDE83A
:10474000F0812046BDE8F081EE790020AC780020B1
:1047500007282DE9F04104460F46154619D81B4E8F
:1047600004EB84034FEA840816F83330DB071ED5C8
:10477000A044012216F83830C3F380133B7028237D
:1047800013FB0423F218F3582B609388AB80BDE829
:10479000F0810F4A0F4910484FF48C730CF076FFEC
:1047A000404080F311884FF0030002DFD7E7084A4A
:1047B0000A49094840F219130CF068FF404080F3A1
:1047C00011884FF0030002DFD2E700BFAC78002071
:1047D000C8D305000CD4050088C7050018D405000F
:1047E0000820704710B50020F8F79AFE08B10C2099
:1047F00010BD0446F9F7ECF80128F8D8194B1A480F
:10480000197893F82820047064F3000164F300021F
:10481000197083F8282093F8501093F8782064F3E7
:10482000000164F3000283F8501083F8782093F8B5
:10483000A01093F8C82064F3000164F3000283F829
:10484000A01083F8C82093F8F01093F8182164F3AF
:10485000000164F3000283F8F01083F81821204669
:1048600010BD00BFAC7800207A9000202DE9F04FF9
:1048700083B083460020CDF800B0F8F751FE18B1A0
:104880000C2003B0BDE8F08F0446F9F7A1F8012829
:10489000F6D8DDF800B0DFF828911BF8012B019263
:1048A00002F0010309F1FF381E4604E00134082C30
:1048B00009F1280971D004EB840208EBC20518F84D
:1048C0003270FB074FEA840AC7F38012EED5B2427A
:1048D000ECD148460622594615F01FFB0028E5D1C9
:1048E0003E467607019A07462FD5DFF8D8C09CF8D8
:1048F0000060013E16F0FF0625D095F81790B145EF
:1049000021D02C4A019002EB061302EB0912154646
:104910000FCBDFF8B4E085E80F003D4605EB8503DB
:1049200008EBC30218F83330D80705D5590703D56B
:104930009EF81730B34234D00135082D0EF1280E01
:10494000ECD1009B1A788CF800601B4D02F0010935
:10495000AE1E04E00137082F05F1080512D016F845
:104960003730C3F34002DB07F4D54A45F2D10622C3
:104970002846594615F0D1FA0028EBD106EBC706B8
:10498000FF237370A244002018F83A306FF300033D
:1049900008F83A3003B0BDE8F08F022003B0BDE85C
:1049A000F08F009B82F817901A78044B03F8095097
:1049B000C9E700BF2C780020EE7900202478002081
:1049C000AD7800207A900020AC7800202DE9F843E3
:1049D0001D465B7903F0C003402B01D0BDE8F8838E
:1049E0000F46F1B1DFF8A890002400F0010609F1AC
:1049F000FF3804E00134082C09F12809EED004EB5B
:104A0000840318F83330D907C3F38012F2D5B242C9
:104A1000F0D106224846394615F07FFA0028E9D140
:104A2000E2B2072ADAD8DFF86C8002EB820318F8CA
:104A30003330DB07D2D502EB8202D40004F1180335
:104A4000286848F8030008EB0309AB88A9F804308C
:104A5000002601E0052EC1D0B0B2F9F7C7F9013642
:104A600006224946054600F2A1170028F2D0384632
:104A700015F053FA0028EDD1013408EB040358F87F
:104A80000420C5F8A1219B88A5F8A531A6E700BFA1
:104A9000AD780020AC7800202DE9F84F82461A4E00
:104AA0001AF8018B8946002408F00108771E03E0FC
:104AB000082C06F128061BD004EB8402D50017F859
:104AC0003230C3F38012DB0704F10104F0D5424514
:104AD000EED106225146304615F01FFA83460028D3
:104AE000E6D118357C1906212046F3F7E1FC10B910
:104AF0000220BDE8F88F7859C9F80000A388A9F80A
:104B000004305846BDE8F88FAD7800202DE9F04715
:104B10008246174E1AF8018B8946002408F00108D6
:104B2000771E03E0082C06F128061DD004EB840252
:104B300007EBC20517F83230C3F38012DB0704F12C
:104B40000104EFD54245EDD106225146304615F01D
:104B5000E4F90028E6D16B6A1A68C9F800209B883E
:104B6000A9F80430BDE8F0870220BDE8F08700BF57
:104B7000AD78002010B504460020F8F7D1FC08B14C
:104B80000C2010BDF8F724FF0128F9D80CB1012C36
:104B900003D1034B1C70002010BD122010BD00BFBC
:104BA0007B900020034B4FF47A7202FB00F01860F8
:104BB000704700BFBC7700202DE9F04782460020F7
:104BC0008846F8F7ADFC10B10C20BDE8F08704462C
:104BD000F8F7FEFE0128F7D81B4E1AF8019B771E46
:104BE00009F0010903E0082C06F1280620D004EBA7
:104BF0008402D50017F83230C3F38012DB0704F1CA
:104C00000104F0D54A45EED130460622514615F052
:104C100084F90028E7D1B8F1000F0FD0B8F1010FE7
:104C200009D17B5D43F010037B550020BDE8F08780
:104C30000220BDE8F0871220BDE8F0877B5D68F3B5
:104C400004137B550020F1E7AD780020034A044BA4
:104C5000002814BF10461846704700BF2C7A002069
:104C6000C0770020A8B110B50B4A12684FF400437A
:104C700040F2E7300021E2FB03014FF47A72002397
:104C8000E1F73EFABDE8104002460B46034809F042
:104C9000B7BC024814F0C5BDBC770020E840002036
:104CA0000D4A08B50023138070B90C4B0C4A1B78D1
:104CB0000020108003B908BDF8F78AFE0028FAD159
:104CC000BDE80840FFF7B0BB1846F8F79BFEC307E6
:104CD000EBD4FFF7E3FBE8E72C7A00207B90002081
:104CE000C07700200E4A08B500231380C2070ED4F7
:104CF0000C4B0D4A1B780020108003B908BDF8F753
:104D00000FFC0028FAD1BDE80840FFF78DBB18461C
:104D1000F8F712FC0028EBD1FFF7C0FBE8E700BF73
:104D20002C7A00207B900020C07700202DE9F04FE6
:104D3000834687B014F0F3FE4A0143011B1A42EA8E
:104D4000D06262EB0102920042EA93729B001B1850
:104D500041EB02094FEAC90949EA5379C3F3103319
:104D600043EA49434FEAD939BBF1000F16D1624AF1
:104D7000D2E90012B2F1FF3F08BFB1F1FF3F0DD001
:104D80005E480068591A69EB0202814272F1000222
:104D9000ACBF4FF0010A4FF0000A01E04FF0010AEA
:104DA000574ECDF804B0DFF86C810024F71F9B4606
:104DB0000DE0254417F8353043F0020307F835308D
:104DC0000134082C08F1060806F1280625D004EB6A
:104DD0008403A50017F83330DA07F1D5BAF1000FD4
:104DE00001D19807ECD42B1917F83330590750D458
:104DF0002B1917F833301A07DBD502A930460EF00D
:104E0000D7FB00286AD1BDF80C300298A8F804300E
:104E1000C6F81D80C8F80000CBE75B46DDF804B09B
:104E2000BAF1000F02D0344AC2E90039BBF1000FD9
:104E300008D00020F8F766FB044618B194F86A30F1
:104E40005B0702D407B0BDE8F08F94F82630072B3B
:104E5000F8D8FF238DF8083094F8293004EB830349
:104E600002A9DE6A04F1280001F0FCFB7278054615
:104E70000232314615F00AF829462046F8F76CFB55
:104E80009DF80830FF2BDDD084F8293007B0BDE84D
:104E9000F08F317C1B4B0F2202EB01121A440DF1F3
:104EA00017000DF1070312F8011903F8011F8342DF
:104EB000F9D106F1170102A80EF07AFB002897D06D
:104EC000114A1249124840F2F3230CF0DFFB404034
:104ED00080F311884FF0030002DF89E70A4A0B498B
:104EE0000B4840F201330CF0D1FB404080F31188B5
:104EF0004FF0030002DF86E718410020BC77002056
:104F0000B37800202C780020C8D30500E4C7050042
:104F100088C70500F477002010B50120FFF706FFD1
:104F20000A4A12684FF4004340F2E7300021E2FBE6
:104F300003014FF47A720023E1F7E2F8BDE8104074
:104F400002460B46024809F05BBB00BFBC7700205D
:104F5000E8400020072813D870B500EB8003104DFF
:104F600015F833301A0704464FEA8006C3F3C00031
:104F700005D59B0706D5264405EBC605686A70BDB6
:104F800000207047074A084908484FF44A730CF05C
:104F90007DFB404080F311884FF0030002DFEAE719
:104FA000AC780020C8D305002CD4050088C70500C4
:104FB00007280CD800EB8003064A12F833104B0781
:104FC00005D5282303FB002202F11E0070470020B4
:104FD000704700BFAC7800202DE9F047894616469F
:104FE0000AB1FF231370154D002400F0010805F1EC
:104FF000FF3A09E01EB13378FF2B08BF3770013448
:10500000082C05F1280514D004EB8403E7B21AF844
:105010003330C3F38012DB07ECD54245EFD10622D3
:105020002846494614F079FF0028E8D13846BDE803
:10503000F087FF273846BDE8F08700BFAD78002035
:105040002DE9F04F074685B000200E469046F8F750
:1050500067FA18B10C2005B0BDE8F08F0446F8F7E8
:10506000B7FC0128F6D8BA460DF10F021AF8010B69
:105070005146FFF7B1FF072840F2B6809DF80F9028
:10508000B9F1070F00F2AC8009EB8902D200584D4C
:10509000D7F801100192531C09EB890BE9502B44FE
:1050A000BAF8041099803B7815F83B10009263F32E
:1050B0008611A95430461021F3F7FAF9009BE95CF8
:1050C00060F38201E95440461021F3F7F1F9009BA7
:1050D000019AE95C00F0010060F3C30111F0040FD4
:1050E000E95405EBCB0B4FEA89031CD0DFF808E14C
:1050F000DFF808C19EF800108BF817100CF801902B
:10510000DFF8FCB04FF0FF3C0CEB011C01318EF8D6
:105110000010DC4406F10F01013E11F801E90CF822
:1051200001EFB142F9D1002841D118320021A95034
:105130002A44304E918003EB090215F8321021F019
:10514000120105F8321097F80080B71E08F0010828
:1051500004E00134082C06F1080616D017F83420B4
:1051600012F0010BC2F34001F3D04145F1D13046BA
:1051700006225146009314F0D0FE009B0028E8D18F
:1051800007EBC40787F8019001E04FF0000B4B4498
:105190004FEA4B1215F8331042F0010221F02101C1
:1051A0000A43002005F8332005B0BDE8F08FD61D76
:1051B000A81903EB0901D8F800B0D8F804E0D8F832
:1051C00008C0D8F80C8045F806B005EBC101C0F85E
:1051D00004E0C0F808C0C0F80C8000204862A4E7D2
:1051E000072005B0BDE8F08F122005B0BDE8F08FB4
:1051F000AC780020EE7900207A90002024780020FE
:105200002C780020072807D8044B00EB800013F807
:105210003000C0F3C000704700207047AC78002019
:10522000072812D800EB8000094A12F8303013F03A
:10523000080F4FEAC001C3F3C00007D0C3F340001A
:105240009B0703D50A44506A70470020704700BF8F
:10525000AC780020024B1B7803700248704700BFF7
:105260007A9000202C78002038B50C4650B10729E0
:1052700013D82A4D15F83430DA0720D505EBC405CC
:10528000687838BD07292BD8254B04EB840213F826
:105290003230DB0732D5204638BD224A2249234826
:1052A00040F269330CF0F2F9404080F311884FF07E
:1052B000030002DF194D15F83430DA07DED4194A3D
:1052C0001B491A4840F26A330CF0E0F9404080F381
:1052D00011884FF0030002DF05EBC4056878D0E7C2
:1052E000104A1449114840F26D330CF0CFF9404098
:1052F00080F311884FF0030002DFC5E7094A0E4929
:105300000A4840F26F330CF0C1F9404080F3118835
:105310004FF0030002DF2046BEE700BFEC7900201B
:10532000AC780020C8D3050044D4050088C7050028
:10533000F0D4050008D50500B0D5050010B5204B08
:105340001B78834204460CD91E4B1C5D072C19D8D0
:105350001D4B04EB840213F83230DB0720D52046C6
:1053600010BD1A4A1A491B4840F279330CF08EF9E5
:10537000404080F311884FF0030002DF114B1C5DA9
:10538000072CE5D9114A1449124840F27B330CF03E
:105390007DF9404080F311884FF0030002DFD7E72A
:1053A0000A4A0E490B484FF45F730CF06FF9404006
:1053B00080F311884FF0030002DF204610BD00BFCC
:1053C0007A90002024780020AC780020C8D3050013
:1053D000BCD5050088C70500DCD50500B0D50500A3
:1053E000072823D870B500EB8003114E16F8333030
:1053F000DB0704464FEA800505D5254416F835003D
:10540000C0F3401070BD0B4A0B490C4840F2873383
:105410000CF03CF9404080F311884FF0030002DFAC
:10542000254416F83500C0F3401070BD00207047C9
:10543000AC780020C8D3050018D4050088C7050043
:10544000144B1B789BB1072970B50C460DD860B979
:10545000114E01EB81038D0016F83330DA070BD5BE
:10546000254416F83500430703D4012070BD012000
:105470007047C0F3001070BD084A094909484FF44D
:1054800068730CF003F9404080F311884FF003007B
:1054900002DFE5E77B900020AC780020C8D3050050
:1054A00018D4050088C705001378FF2B19D12DE902
:1054B000F047194D0446AE46002303EB830C9E00D3
:1054C00015F83CC01CF0010003D0CCF3801CA445AF
:1054D00009D00133082B0EF1280EEED10120BDE8D2
:1054E000F0870120704701F1FF3877464FF0000C3C
:1054F00017F801AF18F8019FCA450CF1010CE8D16B
:10550000BCF1060FF4D11E44137015F836305A075B
:10551000E5D5C3F30010E2E7AC78002010B40F4BE0
:105520001C787CB1072A0DD80D4C02EB820C14F8C4
:105530003CC01CF0080F05D020B14B7903F0C0032C
:10554000402B03D000205DF8044B7047282303FB59
:10555000024007305DF8044B0EF017B87B90002036
:10556000AC780020024B1878003818BF0120704733
:105570007B90002000F07CBB08B5002302F0D2FB3A
:10558000002008BD10B584B0079BD3E900209047E8
:10559000012812D004460DF10F010DF10E00F5F7B0
:1055A00021FA0021064B00919DF80F209DF80E0076
:1055B0000121F4F771FB034BDC6004B010BD00BFA8
:1055C000C9550400787A002000B585B00DF10F01AF
:1055D0000DF10E00F5F706FA9DF80F20064B9DF829
:1055E0000E00002101320091D2B20221F4F754FBE7
:1055F00005B05DF804FB00BF99560400F0B58DB00E
:105600000E4605460DF12F010DF12E001C461746E2
:10561000F5F7E8F99DF82FC006940CF1010C002471
:10562000CDE90744CDE90344CDE901449DF82E00BE
:10563000059700962B465FFA8CF20121F4F780FA69
:1056400010F0FD0F0AD006480094064BC4609DF888
:105650002F209DF82E000121F4F71EFB0DB0F0BDA8
:10566000787A0020C9550400019B024A3121FFF7D6
:10567000C5BF00BF7956040070B5059D0446F5F717
:10568000B7F92B462046034ABDE870400621FFF7D4
:10569000B5BF00BF85550400014808F047BE00BFF4
:1056A000607A002008B501220021024813F0E4FFCF
:1056B000002008BD607A0020024BA0F2A462C3E97A
:1056C00000207047787A00200020F4F713BA00BF5A
:1056D00008B5F4F7CBFB014B986008BD787A002041
:1056E000684620F007018D4601B502F03FFBEAF75E
:1056F00001FFBDE801408546704700BF08B50A4B71
:10570000D3F840213AB90120F2F7C2FFBDE80840C2
:105710000220F2F7BDBF0020C3F84001D3F84031AA
:10572000F4F7F4F9EFE700BF00B000400020F2F713
:10573000AFBF00BF38B5F8B91F4B204C1B7821789C
:105740009942DAB20DD01E4A1E491F484FF45473D5
:105750000BF09CFF404080F311884FF0030002DF04
:1057600022781A4B1A4D19782B78013299422270FF
:1057700010D001332B7038BD114A1649124840F23F
:105780004B330BF083FF404080F311884FF0030050
:1057900002DFD1E70A4A10490B4840F256330BF0BA
:1057A00075FF404080F311884FF0030002DF2B7833
:1057B00001332B7038BD00BF7C9000207D9000200D
:1057C000E4D505002CD6050088C70500819000208F
:1057D0008090002044CD050048D6050010B50E4B42
:1057E0000E4C1A7823789A4206D00D490D4A097852
:1057F00011700133237010BD0B4A0C490C4840F264
:1058000042330BF043FF404080F311884FF0030018
:1058100002DF2378E9E700BF7F9000207E90002020
:105820007C9000207D900020E4D5050070D6050016
:1058300088C7050002F0B0BB10B5184A184C1278A2
:1058400023789A421BD02178164B0131C9B200222D
:1058500021700399996001201146F2F7BBFE00B94F
:1058600010BD114A1149124840F2D6330BF00EFF19
:10587000404080F311884FF0030002DF10BD0A4A58
:105880000C490B484FF474730BF000FF404080F359
:1058900011884FF0030002DFD5E700BF7D900020A4
:1058A0007C900020540D0020E4D50500F4C80500CC
:1058B00088C7050098D605002DE9F047494E1446E3
:1058C000494A337812789A428AB058D019B10A7F7F
:1058D00012F0020503D000200AB0BDE8F087E368AB
:1058E000D4F800901B68DFF82CA1DF68D3E9012110
:1058F00091422CBFC7EB0107C7EB020709EB070872
:1059000028F07F48DAF800104046F4F7B1FA0302B5
:10591000E1D5364A364B11781A7891422DD1354A65
:10592000354912780978914227D000951A780132CA
:10593000D2B21A702946314B2A462846F4F7ACF900
:1059400010F0FD0F19D02E4A2E492F4840F2C233D5
:105950000BF09CFE404080F311884FF0030002DF03
:10596000274A2849284840F28A330BF08FFE4040EE
:1059700080F311884FF0030002DFE36818E01D4B4D
:105980001D4A1B7812789A42A0D1C368D0F80090C3
:105990001A68DFF880A0D768D2E9011088422CBFCE
:1059A000C7EB0007C7EB010709EB070828F07F48A2
:1059B000CAF800800693154B0022CDE90732144B3C
:1059C000CDE90222CDE90423CDE900723478013417
:1059D000E4B24B46114610463470F4F7B1F80AB001
:1059E000BDE8F08781900020809000207E9000200C
:1059F0007F9000207C9000207D900020DD570400E7
:105A0000E4D505002CCB050088C7050035570400F8
:105A100039580400907A0020F0B56E4EB36889B012
:105A200083B1336873B1FF2305468DF80A3002E075
:105A3000037F980708D00DF10A00F5F785F90446B1
:105A40000028F5D109B0F0BDE368AB4244D00DF1B8
:105A50000A00F5F779F907460DF10A00002F00F06A
:105A6000A1803B7F9907F4D1FB689D421CD0F5F7DC
:105A70006BF903460DF10A00002B00F093801A7FAA
:105A80009207F4D1DA68AA42F1D19F420CD0524A6F
:105A90005249534840F20B430BF0F8FD404080F36D
:105AA00011884FF0030002DF237FA269E16843F011
:105AB0000203237720469047FF238DF80A3002E047
:105AC000037F990707D00DF10A00F5F73DF9044669
:105AD0000028F5D1B6E7C56873683168284603AA7F
:105AE00098470546002853D0B3683168002098478E
:105AF00015F10B0F0FD08C35A4D0374A39493848EF
:105B00004FF489630BF0C2FD404080F311884FF0E1
:105B1000030002DF96E7FF240DF10B008DF80B4028
:105B2000F5F712F960BB0123306800930021CDE93D
:105B30000411069107903160039BD6E9010104AA84
:105B4000F5F7BAF800287FF47DAF234A26492448A8
:105B500040F246430BF09AFD404080F311884FF02D
:105B6000030002DF6EE743F002030377836998477F
:105B70008DF80B400DF10B00F5F7E6F80028D2D0B8
:105B8000037F9A07F6D4C26831689142F2D1EAE7FE
:105B9000237FA269E16843F0020323772046904700
:105BA00009B0F0BD224600212046FFF785FE30F007
:105BB00002033FF447AF084A0C49094840F2014349
:105BC0000BF064FD404080F311884FF0030002DFCA
:105BD00038E700BF947A0020E4D50500B4D605006C
:105BE00088C70500D4D60500CCD605002CCB05000F
:105BF00010B5154813F0A3FB10B3144B00249C60A0
:105C000000F004FB00281ADB214601202246EAF7B7
:105C100097FE22460B200121EAF792FE22462146FA
:105C20001820EAF78DFE0120EAF75AFE0B20EAF76A
:105C300057FE1820EAF754FE02F0C8F8204610BDBF
:105C40006FF0120010BD00BF10A20500947A002072
:105C500008B500F0EBFA002809DB0120EAF74EFE58
:105C60000B20EAF74BFE1820EAF748FE002008BD9B
:105C7000034603488AB2194683681B68184700BF69
:105C800010A2050030B4074DAB685C6834B18AB22D
:105C9000A44601460023284630BC60476FF08500CB
:105CA00030BC704710A2050030B4074DAB685C688B
:105CB00034B18AB2A44601460023284630BC60476E
:105CC0006FF0850030BC704710A2050000207047BF
:105CD00030B5044683B078B3234B1A68824225D08E
:105CE000FF250DF107008DF80750F5F72DF838B9AD
:105CF0001AE0A1420AD00DF10700F5F725F898B196
:105D0000037F9B07F7D4C168002CF2D1037F82691F
:105D100043F00203037790470DF107008DF8075019
:105D2000F5F712F80028EBD103B030BD9B686BB1DA
:105D3000014600209847D3E70B4A9368002BCFD049
:105D400011680029CCD000209847C9E7074A0849C4
:105D5000084840F215130BF099FC404080F311887D
:105D60004FF0030002DFBBE7947A0020E4D5050082
:105D7000E0D6050088C705000020704738B5044606
:105D8000F4F7D4FF54B110B324680020F4F7FCFFFB
:105D90002046F5F76DF858B1002038BD1A4DAB68B4
:105DA0001BB32C680023AB602B60002CECD1ECE71C
:105DB000164A174917484FF4C3730BF067FC40406D
:105DC00080F311884FF0030002DF002038BD0F4A36
:105DD0001149104840F24F130BF058FC404080F33B
:105DE00011884FF0030002DFCEE7084A0B4909484B
:105DF0004FF4AA730BF04AFC404080F311884FF037
:105E0000030002DFCDE700BF947A0020E4D505004F
:105E10000CD7050088C70500E8D60500F8D60500B0
:105E2000054A136892681B1A18BF0123B2FA82F060
:105E30000B704009704700BF947A00206FF08B0010
:105E4000704700BFD0E90132002A04DB9A4238BF14
:105E50001A4610467047C068984238BF18467047C7
:105E600010B51446F4F702F82146F4F701F803469A
:105E700010F4000004D10333092B88BF184610BD6D
:105E8000002010BD262810B504461CD0272812D0AB
:105E9000252808D00A281ED9272821D803304000F9
:105EA00001F0E2FF02E0022001F0DEFF2046BDE843
:105EB000104001F0DFBF502001F0D6FF2046BDE8C2
:105EC000104001F0D7BF1A2001F0CEFF2046BDE8F8
:105ED000104001F0CFBF0230400001F0C5FFE5E700
:105EE000064A074907484FF4FC730BF0CFFB4040CC
:105EF00080F311884FF0030002DFD7E7E4D50500F7
:105F000008C8050088C7050002F014B802F01AB8E6
:105F100008B502F041F8BDE8084002F0ABB900BF97
:105F200008B502F039F802F0A5F9BDE8084002F022
:105F300049B900BF08B502F02FF802F09BF902F052
:105F40007FF902F0B3FBBDE8084002F03BB900BFA7
:105F500008B50146174801F019FF02F043F860B197
:105F600002F04CFA01F06AFF00F09CF900280EDB09
:105F7000BDE808400020FFF701BF01F0F7FF02F085
:105F80003DFA01F05BFF00F08DF90028F0DA0A4AD3
:105F90000A490B484FF41D730BF078FB404080F327
:105FA00011884FF0030002DF0020BDE80840FFF732
:105FB000E5BE00BF35580400E4D5050014D7050040
:105FC00088C7050010B5044601F0E6FF02F052F95B
:105FD00002F036F902F06AFB02F0F4F82046BDE860
:105FE0001040FFF7B5BF00BF08B50146134801F0E8
:105FF000CDFE01F0F7FF40B100F054F900280ADBB4
:10600000BDE808400020FFF7B9BE01F0AFFF00F087
:1060100049F90028F4DA0A4A0A490B4840F2832376
:106020000BF034FB404080F311884FF0030002DF97
:106030000020BDE80840FFF7A1BE00BF35580400AE
:10604000E4D5050014D7050088C705002DE9F04701
:1060500084B01D46FF239DF830908DF80F30064622
:106060000F46904604E090F81CC01CF0030F3AD095
:106070000DF10F00F4F768FE04460028F3D1DFF8B5
:106080002CA1DAF80830002B45D1EB68CAF80030B3
:10609000CAE901672846C047044603E0017F11F0C2
:1060A00003010AD00DF10F00F4F74EFE024600285E
:1060B000F4D1204604B0BDE8F087FFF7FDFB30F0D7
:1060C0000203F6D0344A354935484FF43E730BF09D
:1060D000DDFA404080F311884FF0030002DF2046D4
:1060E00004B0BDE8F087DFF8C4A0DAF8083093B94F
:1060F000B9F1000F36D1AC42C7D0274A2949284808
:106100004FF436730BF0C2FA404080F311884FF021
:10611000030002DFB9E72A46CDF80090434639462E
:106120003046F4F7C9FD024630B3B9F1000F16D17D
:10613000002C14BF204610462146FFF7BDFB30F06F
:1061400002030CD0144A1549154840F2B3230BF052
:106150009DFA404080F311884FF0030002DF6FF09A
:106160007604A6E7CDF8009043462A4639463046E5
:10617000F4F7A2FD0028F2D1074A0B49084840F283
:10618000A6230BF083FA404080F311884FF0030000
:1061900002DF0022C9E700BFE4D505002CCB0500D3
:1061A00088C7050028D7050020D70500947A00206D
:1061B00001F1100008F0BAB870B505468AB00C4677
:1061C0000122002104A813F057FA0F4B0193002677
:1061D000032369462846039602930BF0E9F800284A
:1061E00010DB4FF40043314640F2E730E4FB03019B
:1061F0004FF47A720023DFF783FF02460B4604A8B0
:1062000008F0BAF80AB070BDB161040010B5012001
:1062100003F0FEFD0449002301244B608C60CB6039
:10622000BDE810400BF0C4B8A47A002008B50120E6
:1062300003F0EEFDBDE808400BF012B90C4B1A78E4
:106240000AB10020704710B50120187003F0E0FD7E
:106250004FF4FA710446FFF7AFFF38B920460BF050
:10626000FFF802280CBF00206FF0040010BD00BF33
:106270008290002008B50A4BBFF35B8F53E8002FD4
:10628000511C43E800100028F8D1BFF35B8F002AAF
:1062900001DD002008BD03F0C3FD002008BD00BFE4
:1062A000A07A002008B50C4B1A68002A11DDBFF354
:1062B0005B8F53E8002F511E43E800100028F8D1EF
:1062C000BFF35B8F012A01DD002008BD03F0BEFD96
:1062D000FAE76FF0770008BDA07A0020052070472C
:1062E00032207047014B33F8100070475CD705002F
:1062F00010B50446FFF71EFE01F098FF2046BDE8EA
:106300001040FFF725BE00BF30B583B00546FFF74C
:10631000FFFD962001F0BEFF002318461A461946DD
:1063200001F0D0FE0120F4F75FFC0446002843D0C2
:1063300004F11C0001F0F2FD01F040FEE0B9254837
:10634000294601F023FDFFF70DF950BB02F0AAF832
:1063500000210446084601F0F7FD002105460846E5
:1063600001F0EEFD2C44C334201A02F053F803B0C0
:10637000BDE8304002F088B8174A1849184840F282
:106380009F430BF083F9404080F311884FF00300E6
:1063900002DF1048294601F0F9FCFFF7E3F8002876
:1063A000D4D00DF10700FEF755FF002201469DF8FD
:1063B000070002F039F9C9E7074A0A49084840F2DC
:1063C0009B430BF063F9404080F311884FF00300CA
:1063D00002DFADE7856A04006CD70500C0D7050071
:1063E00088C70500B8D70500814208B50ED00B7AE2
:1063F000DB0702D46FF08B0008BD124B1360FFF770
:1064000039FF00280FDB6FF00A0008BD0B7B01EBA2
:1064100083010B691B7803F00F03012B14BF6FF08E
:106420008B00002008BD084A0849094840F254433F
:106430000BF02CF9404080F311884FF0030002DF8D
:10644000E1E700BF956804006CD7050014D705008C
:1064500088C7050010B50446FFF76CFD01F0E6FEA5
:106460002046FFF775FD0B4B0021012208469C607A
:10647000F2F7B0F800B910BD074A084908484FF4D0
:10648000B5630BF003F9404080F311884FF003002F
:1064900002DF10BD640D00206CD70500F4C80500B4
:1064A00088C7050010B5D8B10C46FFF7FBFE0028E1
:1064B00004DB2046BDE81040FFF760BC0C4A0D49E4
:1064C0000D4840F27A430BF0E1F8404080F3118828
:1064D0004FF0030002DF2046BDE81040FFF74EBC3E
:1064E000064801F053FCBDE8104001F03FBD00BF7D
:1064F0006CD7050014D7050088C70500F1620400B9
:10650000084B042210B598182821F1F769FF064BB3
:1065100000249C8002222146044813F0ADF8204656
:1065200010BD00BFD47A0020740D0020BC7A00207A
:10653000084B042210B598182821F1F751FF064B9B
:1065400000249C8002222146044813F095F820463E
:1065500010BD00BFD47A0020740D0020BC7A00204A
:1065600010B504460548F1F761FF20B1034600204D
:106570005870636010BD6FF00B0010BDD47A00201E
:1065800003460020187058709860704738B52D4C3D
:10659000227961792378914203D002FB03439D68FD
:1065A00035B92948F1F742FF054688B1284638BD7C
:1065B000264807F009FF23796279A1789A42F5D03D
:1065C0000133DBB2994208BF00232371284638BD4E
:1065D0001E484FF42032002307F0CEFEB0B91B480E
:1065E00007F0F2FE237961792278A07899421BD0D6
:1065F00013FB02F2164901338A58DBB2984208BFF6
:106600000023237182B11546284638BD114A12492C
:10661000124840F2B9130BF039F8404080F311886A
:106620004FF0030002DFDAE70A4A0D490B484FF446
:10663000DF730BF02BF8404080F311884FF003001C
:1066400002DFB3E7740D0020D47A0020BC7A00206A
:106650007C0D00206CD70500E4C7050088C7050045
:10666000D4D7050010B5027843789A4214D0D4B23A
:1066700044700278944204D05A1C4370D3B2022B67
:106680000ED01A4600EB82040B70606800B110BD9A
:10669000FFF77CFF606010BD0133DBB2022BF0D14D
:1066A00000221346EEE700BFF8B502784378934224
:1066B00004462CD0D5B2184A92F805E000EB8507C5
:1066C0000EF101039078DBB2984208BF00231079E5
:1066D00098420E4679680BD094461CF8080B10FBC4
:1066E0000EF04CF8001053710C4807F01FFE00210B
:1066F0006B1CDBB2022B0ABF00221A4613467960DC
:106700002370012104EB820431706068F8BD1A46E1
:1067100004EB82046068F8BD740D0020BC7A002090
:1067200070B5037AC3F302130446002B93FAA3F067
:10673000B0FA80F008BF4FF0FF3082B000F10105E1
:1067400045D0217A5A1E134063F3061105F1240047
:106750002172FFF797FB00230DF1070104F10C00F4
:106760008DF80730FFF7A0FF0546002840D02846E7
:1067700001F0DAFB2B7803F00F03022B1ED00DF192
:10678000070104F11800FFF78FFF064600283DD0EF
:106790009DF807302BB1D5F80230C6F80230EB88EF
:1067A000F3802146204801F0F1FA962001F072FDB5
:1067B000002002B0BDE8704001F03CBC1B482146FF
:1067C00001F0E4FA02B0BDE8704001F0DBBC184A09
:1067D0001849194840F2B3530AF058FF404080F37B
:1067E00011884FF0030002DF237AC3F30213A8E7F6
:1067F0000F4A1249104840F2BC530AF047FF40408C
:1068000080F311884FF0030002DFB0E7084A0C491B
:10681000094840F2C6530AF039FF404080F311881E
:106820004FF0030002DFB3E709630400456804008A
:106830006CD70500D8D7050088C70500E0D705004C
:10684000E4D7050010B50446FFF774FB237A03F084
:106850007102012A05D1C3F3420262F306132372C7
:10686000DBB213F0700F05D0636853B193F820309A
:106870009B0706D501F0DAFC2046BDE81040FFF783
:1068800067BB2046FFF74CFF01F06AFBBDE81040F4
:1068900001F0FABD70B5C36804461E68F3F7E6FA66
:1068A00005463046FFF7CEFA00232D1AC4E90053FF
:1068B00023812046BDE87040E1F75EBF10B582B08D
:1068C0000446FFF7D7FC00281ADB144A1449154880
:1068D00000940023F4F7F6FC08B1773001D102B040
:1068E00010BD114A1149124840F2B2230AF0CEFEFF
:1068F000404080F311884FF0030002DF02B010BD6A
:10690000094A0C490A4840F2AF230AF0BFFE404052
:1069100080F311884FF0030002DFD6E77987020089
:10692000A5640400E96304006CD7050048C90500AC
:1069300088C7050014D705002DE9F0410D46417ABE
:106940009DF818801746CA071E4609D5B8F1000FF2
:1069500017D02B78B7EBD31F1AD00020BDE8F081F9
:106960002946044611F8020B079AC0F38010FEF77F
:106970009BFD0028EDD1637ADB07EED5B8F1000F5F
:10698000E7D1079B1878FEF72BFD0028E1D1E4E75B
:10699000062205F10801304613F0BFFAB0FA80F084
:1069A0004009BDE8F08100BF2DE9F84F1F460B9B61
:1069B0009DF828909DF8305006460C4692466BB9DB
:1069C000437A03F00303012B2CD9002D3AD023780E
:1069D000BAEBD31F4AD00020BDE8F88F88460D9A45
:1069E00018F8020BC0F380104146FEF75DFD002849
:1069F000F2D094F800B0BAEBDB1FECD104F108013F
:106A00003846062213F089FA0028E4D10D9B1B7842
:106A1000FF2B1ED0B27AFF2A1BD0981AB0FA80F052
:106A20004009D9E711F8020B0D9AC0F38010FEF768
:106A30003BFD0028CBD1737A03F00303012BCAD9A5
:106A4000002DC4D10D9B1878FEF7CAFC0028BED1DA
:106A5000C1E7CBF3801BCB45BDD10B980622414645
:106A600013F05BFAB0FA80F04009B5E7062204F1B2
:106A70000801384613F051FAB0FA80F04009BDE839
:106A8000F88F00BF2DE9F0438BB0044601F0A0FA67
:106A9000C0B250B9FFF74EFA7A48214601F076F9B4
:106AA0000BB0BDE8F04301F061BA01F0B1FA054660
:106AB00001F0D0FB814601F0D7FB01F00FFE064646
:106AC00001F0EEFDEDB2804601F086FBFFF732FAF1
:106AD000002DE1D016F0FF0677D1FF2301208DF8BD
:106AE0002730F4F781F80546002800F09F80237BCB
:106AF00004EB830305F11C011F693B465FFA89F92A
:106B000013F8020B00F00F0CBCF1010F08BF07F1E6
:106B10000808C0F380124FEAD017287F00F00F005A
:106B200018BF4FF00008032857D00528B4D1687F5C
:106B30002228B1D160680028AED090F820008007EC
:106B4000AAD40DF127000390CDE9018900972046D2
:106B5000FFF72AFF00289FD00420F4F745F800280B
:106B60009AD04948214601F011F901F0FFF901F0EE
:106B700025FA00284CD1626892F8203043F00103D6
:106B800082F82030F4F752F817224FF6FF730271A3
:106B9000C3808460054601F02BFC286101F07CFC79
:106BA00000210446084601F0CFF9241A6C6196B121
:106BB0009DF827306B76F4F739F82946E8602868A5
:106BC000F4F762F80BB0BDE8F0835FFA88F0FEF7E7
:106BD000B5FB034682E7FF23ECE7687F0C287FF4D0
:106BE0005BAFB8F1000F7FF457AF0DF127000190B4
:106BF000CDF800902046CDE906230591FFF79CFED5
:106C000010BB287F079BDDE9051200F00F008CE721
:106C10001E4A1F491F4840F256630AF037FD4040A4
:106C200080F311884FF0030002DFA4E7174A1A49E6
:106C3000184840F2F6530AF029FD404080F31188CD
:106C40004FF0030002DF52E70E48214601F09EF8A4
:106C500001F098FA237E04EB8303D86901F064F90C
:106C600001F0ACF90028ADD0084A0949094840F2C2
:106C70000F630AF00BFD404080F311884FF00300D2
:106C800002DF9FE745680400556404006CD70500E7
:106C9000C0D7050088C70500B8D705000021E1F777
:106CA00023BE00BF30B5044683B0FFF743F9A37D90
:106CB0006FF30003A3759B0601D46368B3B39620FA
:106CC00001F0E8FA00231A461946184601F0FAF9CD
:106CD0000120F3F789FF0546D0B105F11C0001F052
:106CE0001DF9FEF73FFC40B901F05CFA114821465E
:106CF00003B0BDE8304001F049B80DF10700FEF7E0
:106D0000A9FA002201469DF8070001F08DFCEBE78F
:106D1000094A0A490A4840F25D330AF0B7FC40408C
:106D200080F311884FF0030002DFD6E701F02AFA62
:106D3000CEE700BF498C020028D80500B8D705006F
:106D400088C7050010B50446FFF7F4F801F06EFAA5
:106D50002046BDE81040FFF7FBB800BF08B5FFF7BD
:106D6000A1FF01F0F7F8BDE8084001F08DBB00BFBE
:106D700070B582B00546FFF7CBF801F003FA0120A9
:106D8000F3F732FF044600283FD004F11C0001F065
:106D9000C5F801F013F9E0B9FEF7E4FB50BB01F0D0
:106DA00081FB00210446084601F0CEF8002106468A
:106DB000084601F0C5F83444C334201A01F02AFB18
:106DC00001F0F0F91848294602B0BDE8704000F023
:106DD000DDBF164A1649174840F21A330AF056FC2E
:106DE000404080F311884FF0030002DFFEF7BAFB4A
:106DF0000028D4D00DF10700FEF72CFA002201463E
:106E00009DF8070001F010FCC9E7084A0A49094843
:106E100040F216330AF03AFC404080F311884FF0FC
:106E2000030002DFB1E700BF498C020028D805004B
:106E3000C0D7050088C70500B8D7050070B5C3687E
:106E400004461E68F3F712F805463046FEF7FAFFCF
:106E500000232D1AC4E90053238120460121BDE8F7
:106E60007040E1F741BD00BF00B9704708B5074A5F
:106E70000749084840F28F230AF008FC404080F39D
:106E800011884FF0030002DF08BD00BF28D80500BD
:106E900044CD050088C7050008B54B6823B14B6891
:106EA00093F82030DB0714D481420DD04B6A13B124
:106EB0006FF08B0008BD0F4B1360FFF7DBF9002864
:106EC00009DB6FF00A0008BD0B4800F05FFF01F01E
:106ED0004DF8002008BD094A09490A484FF40D73CE
:106EE0000AF0D4FB404080F311884FF0030002DF2A
:106EF000E7E700BF3D6E0400A98B020028D805001B
:106F000014D7050088C7050008B50C4B0398986096
:106F1000002211460120F1F75DFB00B908BD084AC7
:106F2000084909484FF422730AF0B0FB404080F34F
:106F300011884FF0030002DF08BD00BF880D00205C
:106F400028D80500F4C8050088C7050030B50446F8
:106F500085B0FEF7EFFF0DF10F012046FEF760FF51
:106F6000C0B9054601F062F9A27D0095C2F3410364
:106F7000013303F00303032B08BF002363F3420232
:106F8000A2752B46032229462846F2F785FE2046A5
:106F9000FEF7DEFF05B030BD2DE9F8439DF82090E7
:106FA000164680460D464A46194630461F46FEF7AD
:106FB000B5FA0446A0B91DB198F817309B071CD448
:106FC00098F81650C5F38013B3420CD0C5F3C10531
:106FD000012D05D926B17B7903F0C003402B12D0D7
:106FE0002046BDE8F88308F119000622394612F060
:106FF00094FF0028EAD10124F2E74846FEF710F991
:107000000028EDD1DCE7099B002BF4D0099A01237D
:107010001370F0E710B5D8B10C46FFF743F900281C
:1070200004DB2046BDE81040FEF7A8BE0C4A0D491F
:107030000D484FF41E730AF029FB404080F311887D
:107040004FF0030002DF2046BDE81040FEF796BE79
:10705000064800F09BFEBDE8104000F087BF00BF6F
:1070600028D8050014D7050088C705004D6F040017
:10707000002070470020704710B582B00446FFF72B
:10708000F9F8002819DB134A134914480094002327
:10709000F4F718F908B1773001D102B010BD104AE9
:1070A0001049114883230AF0F1FA404080F3118817
:1070B0004FF0030002DF02B010BD094A0B490A4835
:1070C00080230AF0E3FA404080F311884FF0030078
:1070D00002DFD8E79D6C040015700400996E04006F
:1070E00028D8050048C9050088C7050014D7050041
:1070F00090F816C01CF0080F02D132B90120704779
:10710000002AFBD11846FEF76BB910B504460846B5
:107110001946FEF795F918B9A07DC0F3C00010BD5F
:10712000012010BD2DE9F04F83B00C469DF838507A
:107130009DF83010D0F80490AD01984605F0400558
:10714000237845F0250545EAC11503F010031D43DA
:1071500017460F9B2570222262701A68C4F802201D
:107160009B88E3800D9B1968A1609B88A381D9F857
:107170000430C4F80E30B9F8083099F80A102175B7
:10718000012263826275B9F80EA0064601F084F907
:107190000546002F3CD007F0030B0BF12B0B4FEAF9
:1071A000CB0BC7F340032BFA03FB4146384600F0F4
:1071B000CBFE05F5AF683569D844A8EB00028346DD
:1071C0004DBB109B1A60A575E575B9F80E30238389
:1071D000B9F810306383B38AA383D9F81830C4F8A0
:1071E0001E3099F81C3084F8223099F81E2094F84B
:1071F000233062F3040384F82330FFF76FF894F828
:10720000233060F3471384F8233003B0BDE8F08FD8
:107210004FF4B07BC9E740F2E243384601210192C6
:1072200003FB0AFA00F08EFE019A2B18002B01DBFB
:10723000934201D25344F9E7109AABEB080B136069
:10724000044A5B44A2FB0323627D9B0A0132E38272
:107250006275BAE75917B7D1F8B50546FEF76AFE69
:10726000F3F7F6FD0446002836D02249A2790878C3
:10727000214B60F30002A271204A1B881278A38080
:107280000121217022721BB195F91D30002B04DB06
:107290002846BDE8F840FEF75BBE95F85B3003F08A
:1072A0000703022B16D0042B0CBF4FF4BC77282702
:1072B00001F0DEF8064601F0E1F8361AE6602A6BC6
:1072C000C4E9042700232B63AB632846BDE8F840DC
:1072D000FEF73EBE1827EBE7094A0A490A484FF471
:1072E00052730AF0D3F9404080F311884FF0030045
:1072F00002DFBAE784900020328B002083900020C8
:1073000088D8050088CF050088C7050008B500F0BB
:1073100089FE02780346012161F301021A70002000
:1073200008BD00BF00207047704700BF10B406487A
:10733000064C0749074A0023238003700B70137023
:107340005DF8044B704700BF84900020328B002012
:10735000859000208390002038B550B30D46044638
:10736000FEF7A0FF002817DBE2682389518A01336A
:107370000B445382F3F76CFD044608B3A279002353
:1073800063F3000201212170A380A27123722846B9
:10739000BDE83840FEF7F2BC104A11491148AC2351
:1073A0000AF074F9404080F311884FF0030002DFC7
:1073B000DAE70D4800F0EAFCBDE8384000F0D6BD41
:1073C000064A0A490748B4230AF060F9404080F3AE
:1073D00011884FF0030002DFD0E700BF88D8050016
:1073E00014D7050088C705005972040088CF05002E
:1073F000F8B505460120F3F7F7FB044650B395F8BE
:107400005B60B5F84E7006F007060021304600F0CC
:1074100017FD95F87230B2001B07F9B242F0010275
:1074200004F11C040ED50431C9B2082000F04CFD53
:107430002246314605F1730001F03AF8BDE8F84004
:1074400000F06CBD082000F03FFD2046BDE8F8408C
:1074500000F064BD064A074907484FF421730AF05B
:1074600015F9404080F311884FF0030002DFC6E7B2
:1074700088D80500B8D7050088C7050038B5044688
:10748000FEF746FD962000F005FF94F85A2094F888
:107490005B00C2F3C00300F0070002F00702002106
:1074A00000F010FE2046FFF7A3FF00F087FD58BB59
:1074B00000F0F8FF054694F85B00012100F007009A
:1074C00000F042FD94F85B3003F007030544022B03
:1074D00005F1A30516D0042B0CBF4FF4BC73282371
:1074E00094F85A00C0F3C00100F007001D4400F0FA
:1074F00027FD281A00F08EFF21460A48BDE83840D3
:1075000000F044BC1823EBE7074A0849084840F25A
:1075100039230AF0BBF8404080F311884FF0030094
:1075200002DFC5E74976040088D80500C0D705000A
:1075300088C70500F8B50F4690F85A10B0F84C60AF
:1075400001F007040546C1F3C001204600F078FCB5
:1075500095F87230A200DB0642F00102F1B20DD5BF
:107560000431C9B2082000F0AFFC394605F194009F
:1075700000F0ECFFBDE8F84000F0D6BC082000F0B9
:10758000A3FC3846BDE8F84000F0CEBCF0B5054697
:1075900083B001AAC06D0F46296EF0F7ADFF95F8D4
:1075A00072305A07064638D448B3019C95F87130BA
:1075B00095F8702004341C4412B9627885F8702064
:1075C00033B12378012262F30103237095F87130FF
:1075D00095F87020D31A63702846F7F7A3F96378FB
:1075E00083422AD960700121237803F00F0300221F
:1075F00043EA01132370A2703C6003B0F0BD43F076
:10760000040385F8723000F00DFD044623786FF313
:10761000041323703C6003B0F0BD43F0040385F80D
:10762000723000F0FFFC0446002EEFD0037843F0E8
:10763000100303703C6003B0F0BD32682B6E9A42B9
:10764000D1D10021D0E700BF2DE9F04383B004463B
:1076500000F0BEFCC0B250B9FEF762FCB84821464B
:1076600000F094FB03B0BDE8F04300F07FBC00F0F5
:10767000CFFCC5B200F0B0FDFEF752FCB14A138852
:10768000012003441380F3F7AFFA0746002800F007
:107690000181002D4DD1AC4A1378002B40F0BF8002
:1076A000012301A920461370FFF770FF4FF0000877
:1076B000019E4546962000F0EDFD94F85B0000F039
:1076C000070000F0B7FCA148214600F05FFB00F086
:1076D000DBFE94F87220337862F3C303337094F8BE
:1076E00072303278C3F3400363F382023270314662
:1076F0002046FFF71FFF00F061FC002840F00081EA
:1077000000F0B6FE00287DD0002D00F08280A08918
:107710004FF6FF73984200F003812946F7F766F8A9
:10772000B8F1000F40F0998003B0BDE8F043F3F7E3
:10773000A3BA94F872303A7F03F00101C2F38000DB
:10774000884200F0B78094F91D2081F0010161F3B7
:107750000003002A84F8723005DA94F8203043F0F0
:10776000040384F8203094F8723013F0040640F0DB
:10777000FD80D4E9170101AAF0F7BEFE05460028F6
:1077800000F00A81019B94F8719003F1040808EB62
:1077900009035A7872B194F87230DB060AD5D4F82E
:1077A000A4300133C4F8A430D4F8A83043F1000366
:1077B000C4F8A83094F870304A44D2B29A42C0F06B
:1077C000F18000F01B81624A624963484FF475738F
:1077D00009F05CFF404080F311884FF0030002DFA6
:1077E000002594F91D30002BC0F2FD803A7F94F8FB
:1077F0007230D0065EBF18F8096086F01006C6F336
:10780000001659E000F028FE00F02CFE002D7FF459
:107810007EAFB8F1000F20D103B0BDE8F08303F1D3
:10782000FF3894F872305FFA88F801A9204682F890
:107830000080C3F38009FFF7A9FEB8F1000F7FF4C1
:1078400035AF3F48214600F0A1FA94F91D30002BD6
:1078500012DA00F097FC019E3BE7F3F7E7F9032308
:107860003B71A3893868FB803946F3F7F5F903B01B
:10787000BDE8F043F3F700BA00F078FB00F09EFBA0
:10788000002840F0A28094F8723069F3820384F8F3
:10789000723035E72E4A31492F48FF2309F0F6FEB2
:1078A000404080F311884FF0030002DF002D3FF4C9
:1078B000F2AE3EE700263546C2F3C002C3F34001F4
:1078C0008A4272D04FF000081F4A0021C3F380099A
:1078D000234B11702046012201A91A70FFF756FEB2
:1078E000002EAED13B7F019EDA063FF5E3AE337842
:1078F000DB063FF5DFAE7378002B7FF4DBAEA0E74D
:10790000134A1849144840F28F1309F0BFFE404053
:1079100080F311884FF0030002DFF1E64FF000081A
:107920000B4A11490C484FF4CF7309F0AFFE4040A9
:1079300080F311884FF0030002DFA089EDE600BF5D
:1079400059720400328B0020859000207D74040061
:1079500088D8050008C8050088C70500B8D7050005
:1079600084900020C0D70500DCD805006FF38203A7
:1079700084F8723000F056FB94F91D30002B0BDBBD
:107980003A7F12F0100508D1067894F8723086F02C
:107990001006C6F300168FE73A7F94F8723000267F
:1079A000354689E784F871201AE70320F3F71CF9BC
:1079B00094F87230002885D083F0020384F8723086
:1079C0007B7FA3B994F872307CE7514A5149524801
:1079D0004FF4AB7309F05AFE404080F311884FF02A
:1079E000030002DF4FE794F872303A7F64E794F8BF
:1079F0007230190711D44FF0010865E70022206E9C
:107A0000A4F8702004F15C01F0F77EFD019B1B6877
:107A10002B60019B1D60019DE3E600F0D1FD002875
:107A200068D000F0F7FD002852D1D4F88330D4F8A4
:107A30008720134304D13B7F03F00303032B30D093
:107A4000364B3748022221461A7000F09FF900F0A9
:107A50008DFA00F0B3FA78B900F00AFDD0B1002D2C
:107A60003FF4DAAEA0894FF6FF7398423FF456AF69
:107A70002946F6F7BBFE57E6254A264926484FF425
:107A8000887309F003FE404080F311884FF0030033
:107A900002DFE1E700F0E0FC00F0E4FC002DE1D1C2
:107AA000BAE600F0C3FA4378272B0146C8D803335F
:107AB000DAB207F11C0012F0E9F9D4F88330013B87
:107AC000C4F88330D4F8873043F1FF33C4F88730EB
:107AD000D4F883300133C4F88330D4F8873004F10C
:107AE000830243F1000353600C4B01221A7094F897
:107AF000723080E7064A0B49074840F2EF3309F03D
:107B0000C5FD404080F311884FF0030002DF88E795
:107B100088D80500C0D7050088C7050083900020DD
:107B200059720400D4D8050010B582B00446FEF79F
:107B3000A1FB002825DBE16820894B6ACA6A00FBAB
:107B40000333886A1344834228BF0346CB62134A37
:107B50001349144800940023F3F7B4FB08B17730BD
:107B600001D102B010BD104A104911485D2309F03F
:107B70008DFD404080F311884FF0030002DF02B01A
:107B800010BD094A0B490A484C2309F07FFD4040CB
:107B900080F311884FF0030002DFCCE7C1910200AF
:107BA000597304003D5E0400F4D8050048C905007F
:107BB00088C7050014D7050010B582B00446FEF74B
:107BC00059FB002819DB134A134914480094002379
:107BD000F3F778FB08B1773001D102B010BD104A3D
:107BE00010491148502309F051FD404080F311889D
:107BF0004FF0030002DF02B010BD094A0B490A48EA
:107C00004B2309F043FD404080F311884FF00300FF
:107C100002DFD8E7F1930200597304003D5E0400CF
:107C200054D9050048C9050088C7050014D70500C8
:107C3000054B4FF480320021C3F80815C3F84423E4
:107C4000C3F80423704700BF00B00040054B18780C
:107C5000421C1A7018B9044B01221A6070470120A7
:107C6000704700BF8690002000B0004010B50D4C5A
:107C7000207848B10138C0B2207018B90A4B0122EF
:107C80005A6010BD012010BD084A0949094828233F
:107C900009F0FCFC404080F311884FF0030002DF44
:107CA0002078E7E78690002000B00040B0D90500BA
:107CB000FCD9050088C70500014BD3F804057047BF
:107CC00000B00040024B00F5A87043F82010704748
:107CD00000B00040124B30B401210446002059602E
:107CE000C3F80445C3F80001C3F80401196005E0B6
:107CF000D3F8042132B9D3F804251AB1D3F80021FE
:107D0000002AF5D05960D3F80421002AE7D1D3F82E
:107D10000455002DE3D0C3F8042530BC704700BFE4
:107D200000E0004070B58CB00E46154601461022AA
:107D300068461C46F0F7AEFB10220DEB0200314600
:107D4000F0F7A8FB6846FFF7C5FF25B1102208A988
:107D50002846F0F79FFB3CB10DF1200CBCE80F006A
:107D600020606160A260E3600CB070BD044BD3F88A
:107D7000103123B1034A044B10681B681847704741
:107D800000100040A47D0020A87D002038B50446E6
:107D900001200D46E8F7B2FD084B094A1C6009496D
:107DA000094B156010200222C1F80403C3F880219A
:107DB000BDE838400120E8F793BD00BFA87D002052
:107DC000A47D00200010004000E100E04FF080435F
:107DD0004FF0FF320021C3F8002EC3F8042EC3F881
:107DE000081EC3F80C2EC3F8101EC3F8142EC3F8D7
:107DF000182EC3F81C2EC3F8202EC3F8242EC3F867
:107E0000282EC3F82C2EC3F8302EC3F8342E70471A
:107E100010B50120E8F772FD064B074800244FF427
:107E200090514FF41052C0F81845C3F80018C3F829
:107E3000042810BD00F0014000100040704700BF52
:107E4000054B02280CBF0421032140F20122C3F894
:107E50001015C3F85026704700100040014BC3F8BE
:107E60000C05704700100040014BC3F8080570472F
:107E700000100040074BC3F85405D3F8182522F032
:107E80000072C3F81825D3F8182542F00072C3F821
:107E900018257047001000400A4A00210123C2F84B
:107EA0002C15C2F83035C378C2F82435437890F8E1
:107EB00002C001781B0443EA0C6343EA0123C2F8C1
:107EC0001C35704700100040C2F38203A3F1020387
:107ED00002F00302B3FA83F3013A5B091B06022A9C
:107EE00098BF43F4801300F00F000A4A184340F48F
:107EF0008070C2F81405D2F81805074B0340C2F889
:107F00001835D2F81835194341F44031C2F8181524
:107F1000704700BF001000400000F8FE014BC3F89E
:107F20000405704700100040014BC3F8040570477A
:107F30000010004002280CBF28202920704700BFF5
:107F4000012070472920704702280CBF05200A2015
:107F5000704700BF014B01225A607047001000407B
:107F6000014B01221A60704700100040084A09497D
:107F700010B401234FF410640020C2F80845536088
:107F8000D360C1F800020B615DF8044B704700BF7D
:107F900000F0014000100040074B0022C3F8002110
:107FA000D3F80011C3F80C21D3F80C11C3F8102139
:107FB000D3F81031704700BF00100040034BD3F8D6
:107FC0000001003818BF0120704700BF00100040BA
:107FD000034BD3F80C01003818BF0120704700BFD5
:107FE00000100040034BD3F85005B0FA80F0400970
:107FF000704700BF00100040044B40F20312C3F86A
:108000003425C3F83805C3F83C157047001000400C
:10801000034BD3F80004003818BF0120704700BF9D
:108020000010004000487047A07D002000487047C5
:108030009C7C0020F0B41D4B1D4D1E4E1E4C1F4F4E
:108040000322C3F800222A78C6F8687502F10C03EF
:10805000DBB2D000DB00910003F1804300F18040EF
:1080600003F5F83300F5F83001F18041C6F86C05EE
:1080700001F5104104EB82041148C3F81045C3F820
:108080001405D1F840352D2B8ABFD1F84035012396
:108090002D3BC1F840350132064B4FF4106102F020
:1080A0000102C3F804152A70F0BC704700100040AC
:1080B0008790002000F00140409100400C110040EA
:1080C000041000402DE9F041284E294C294FDFF8DB
:1080D000ACE0DFF8AC800323C6F800322178CEF89C
:1080E000688501F10C03DBB2DB00CD0003F18043B6
:1080F00003F5F83305F1804507EB810705F5F83501
:10810000CEF86C554FEA810CC3F8107549F634650A
:10811000C3F814654AF2B813022A18BF1D460CF1C1
:10812000804C42F2B84241F28833022818BF13460D
:108130000CF5104C104A2B44A2FB0323DCF840251D
:10814000B2EB931F85BF9809DCF8403501231B1A59
:10815000CCF840350131094B4FF4106201F00101B8
:10816000C3F804252170BDE8F08100BF0010004075
:108170008790002040910040D34D621000F00140F4
:108180000C1100400449054B03204FF41062C1F864
:108190000002C3F8082570470010004000F00140BD
:1081A00000207047034AD2F8003243F48873C2F8C3
:1081B0000032704700100040014BD3F8480570476B
:1081C00000100040034B0022C3F81C21D3F81C31DF
:1081D000704700BF00100040034BD3F81C0100386B
:1081E00018BF0120704700BF0010004010B44FF0CE
:1081F000000C4FEA8C0303F1804303F580531468AD
:10820000C3F800460CF1010C9488C3F82046BCF179
:10821000080F02F10602ECD1034B40EA0120C3F83B
:1082200040065DF8044B704700100040034AD2F846
:10823000403623F0FF03C2F840367047001000407C
:10824000034B0022C3F81421D3F81431704700BF48
:1082500000100040034BD3F81401003818BF012070
:10826000704700BF00100040014BD3F81004704766
:10827000001000400449054B054A4FF48020C1F826
:108280004803C3F80825704700B0004000F00140E3
:10829000C000700E034B044A1B7803F5A87342F824
:1082A000230070478790002000900040F0B4A2F5B2
:1082B00074232F4DA3F51073AB42044606D902F187
:1082C000E87202F5D432013902F5A572294B2A4829
:1082D0002A4D2B4E0127DF600027C3F80475A0FB51
:1082E00002020427C3F81075900C0227C3F8087522
:1082F000244AC3F84005C5F848154FF48021C5F855
:1083000044134021C2F84065C2F84435C2F8041550
:108310004CB34FF48013C2F804351B4A01210024EA
:108320000423D160C2F80445C2F81035154BC2F8D9
:10833000084511601549C3F850150C32C3F854258F
:1083400002F5AF32124CC3F8584502F5FC7201F544
:108350000041C3F85C2538310832C3F86015C3F812
:108360006425F0BC70474FF40013C2F80435D4E71D
:10837000BFBDF07F0080004083DE1B4300B00040A3
:1083800048B1004000F00140009000400C11004056
:1083900040910040134A30B40123134C53604FF412
:1083A0008025D360C2F84035104BC4F84815C4F896
:1083B0004453402104F5A474C3F84045C3F8442550
:1083C000C3F8041530B14FF48012C3F8042501201E
:1083D00030BC70474FF40012C3F80425012030BCB4
:1083E000704700BF0080004000B0004000F0014036
:1083F000014BD3F84805704700B000400349044AD8
:1084000001234B600B615360136170470080004093
:10841000009000400449054BC1F844054FF08862C4
:10842000C3F80425704700BF0080004000F0014001
:10843000054B06480649074AC3F84805C3F84C15DA
:10844000C3F80425704700BF00F001400011004050
:108450004080004080000004014BD3F84405704781
:1084600000800040014B1860704700BF987C0020DE
:10847000014B1868704700BF987C0020014BD3F86F
:108480004005704700800040024B4FF00062C3F887
:108490000425704700F00140014BD3F848057047B0
:1084A00000800040014BD3F8480570470080004031
:1084B0001F4B30B40024C3F800450224A142C3F886
:1084C000004505462DD003F580334FF00071194C5F
:1084D000C3F804151849164BD1F818151748C9B236
:1084E0000439C3F81815C3F804450021144CC3F827
:1084F0000855C3F80C05C3F81025C3F81445C3F894
:108500000012C3F80011D3F80021C3F80411D3F806
:108510000421C3F808110122D3F808111A6030BCF5
:108520007047084B084C4FF00071C3F80415D1E7B1
:1085300000F0004001000001001000409C7C002081
:108540008C7B002000F001400100010130B4174B8A
:1085500000240222C3F80045C3F80025144AD2F8CB
:108560001825D2B2043AC3F818250546114AC3F8B3
:1085700004251148C3F808550122C3F80C150F490A
:10858000C3F81005C3F81415C3F80022C3F800415E
:10859000D3F80011C3F80441D3F80411C3F808411B
:1085A000D3F808111A6030BC704700BF00F00040DB
:1085B00000100040000001019C7C00208C7B00200A
:1085C00010B5124C0223C4F80433D4F804316BB94B
:1085D0004FF02003EFF3118083F31288BFF36F8F06
:1085E000E8F772FAD4F80431002BF1D0074B084AAF
:1085F00002204FF40041C3F80803C2F88011D3F8F9
:108600000801B0FA80F0400910BD00BF00F0004042
:1086100000E100E0034BD3F80004003818BF01204C
:10862000704700BF00F00040F0B4194A194BD2F86F
:108630000455194E0024013D0327C3F80075C3F803
:108640000405C3F80815C3F81055C3F81465C3F83A
:108650000041D3F80011C3F80441D3F80411C3F862
:1086600008414021D3F80831C2F86015D2F8003231
:108670000A4943F04003C2F80032C2F828414FF4DF
:108680000003D2F82821C1F80435F0BC704700BFC0
:108690000010004000F00040887B002000F0014006
:1086A000014BD3F80004704700F0004010B4084AB2
:1086B000084C09490023C2F828314FF40000D2F8D1
:1086C0002821C4F80035C1F808055DF8044B70474F
:1086D0000010004000F0004000F00140174BD3F8BC
:1086E00028314BB310B5164C0123C4F80433D4F829
:1086F00000316BB94FF02003EFF3118083F3128840
:10870000BFF36F8FE8F7E0F9D4F80031002BF1D018
:108710000B4B0C4A01204FF40041C3F80803C2F888
:108720008011D3F804212AB1D3F80801B0FA80F0FF
:10873000400910BD002010BD00207047001000400F
:1087400000F0004000E100E00139012905D80B20CC
:108750000AB1E8F7C5B8E8F7D1B808B5064A07493D
:1087600007482D2308F092FF404080F311884FF016
:10877000030002DF08BD00BF08DA050008C80500D5
:1087800088C7050029B10139012905D80B20E8F770
:10879000C9B81820E8F7C6B808B5074A0749084815
:1087A000412308F073FF404080F311884FF003002D
:1087B00002DF002008BD00BF08DA050008C8050078
:1087C00088C7050088420FD0012807D002280DD1A4
:1087D000A1F10100B0FA80F040097047A1F1020058
:1087E000B0FA80F0400970470120704700207047C0
:1087F000012908B50FD002290DD091B10C4A0D49BD
:108800000D487B2308F042FF404080F311884FF071
:10881000030002DF08BD094B4FF40062C3F80021DA
:1088200008BD064B4FF08072C3F8002108BD00BFA1
:1088300008DA050008C8050088C7050000E100E067
:1088400008B510F03CFE08BD032810B5044604D856
:10885000114B1C5D8CB1204610BD104A10491148C7
:10886000292308F013FF404080F311884FF00300E4
:1088700002DF094B1C5D002CEDD1084A0A4909486A
:108880002C2308F003FF404080F311884FF00300D1
:1088900002DF204610BD00BFD8DA050058DA050017
:1088A000A8DA050088C70500C8DA0500013810B548
:1088B0001C46042800F28280DFE800F01221303FDD
:1088C000030004294AD0444A44494548B82308F0E3
:1088D000DDFE404080F311884FF0030002DF10BD41
:1088E000042943D03C4A3D493D484C2308F0CEFE84
:1088F000404080F311884FF0030002DF10BD0329D0
:108900003CD0354A35493648632308F0BFFE404025
:1089100080F311884FF0030002DF10BD042935D029
:108920002D4A2E492E487A2308F0B0FE404080F3AD
:1089300011884FF0030002DF10BD032936D004294F
:108940002CD0254A25492648A02308F09FFE404008
:1089500080F311884FF0030002DF10BD214B9C60B3
:10896000BDE8104002210320EFF734BE1E4B9C608F
:10897000BDE8104002210020EFF72CBE1B4B012167
:108980009C60BDE810400846EFF724BE184B9C6081
:10899000BDE8104002210120EFF71CBE154B02215B
:1089A0009C60BDE810400846EFF714BE124B9C6077
:1089B000BDE8104001210220EFF70CBE064A07492E
:1089C0000748BE2308F062FE404080F311884FF054
:1089D000030002DF10BD00BF58DA050008C805001B
:1089E00088C70500A80D0020F80D0020E80D002024
:1089F000D80D0020B80D0020C80D00200146002031
:108A0000FFF760B94FF080530246D3F8A41001314C
:108A100007D04FF08051D1F8A00010F0010009D12B
:108A20007047D3F8A8304FF6FF719BB28B42F0D15C
:108A300000207047D1F8A4301360D1F8A83013712A
:108A4000C3F3072363F03F035371D1F89030013330
:108A50001CD0D1F89430013318D0D1F898300133BC
:108A600014D0D1F89C30013310D0D1F89030C2F836
:108A70000630D1F89430C2F80A30D1F89830C2F8F4
:108A80000E30D1F89C30C2F8123008E00023C2F852
:108A90000630C2F80A30C2F80E30C2F81230012097
:108AA000704700BF00234FF0805203604360836033
:108AB000C360D2F88030013318D0D2F8843001334B
:108AC00014D0D2F88830013310D0D2F88C30013372
:108AD0000CD0D2F880300B60D2F884304B60D2F8E2
:108AE00088308B60D2F88C30CB60704700230B60ED
:108AF0004B608B60CB607047024B2C2202FB003036
:108B0000704700BF9C130020827A064B2C2101FB8A
:108B100002339A6A1B7F1B33801A23F00303B0FBD6
:108B2000F3F070479C13002038B50A4B827A2C244E
:108B300004FB02330C685B6A5B681A68944294BF5A
:108B40000C600A60D3E90054FFF7DEFF05FB00402C
:108B500038BD00BF9C1300202DE9F04385B00546C9
:108B60006846039190461C4610F0DBFFDDE9006784
:108B70004FF02003EFF3118983F31288BFF36F8F57
:108B80006B8B002B45D02A8B9A4229D900220023D7
:108B9000284605F097FB044610B389F31188BFF30C
:108BA0006F8F039B002B45D032463B46684610F042
:108BB000DCFF264DA37A2C2606FB035303A95B6A30
:108BC0001B6820461F68DDE90023B8476061002864
:108BD00031D1A07A214600FB065010F03FFD24E081
:108BE000698B4B1E6B8389F31188BFF36F8F2B7FCB
:108BF0002A8BAC6A1B3323F00303521A02FB034493
:108C0000124B134AEB1A9B105343A3722B7FE37250
:108C1000C7E789F31188BFF36F8F23464246284682
:108C200005F050FB04460028BBD10024204605B0C7
:108C3000BDE8F08363610023012263602281238207
:108C4000039A63696282E360F0E700BF9C1300202F
:108C5000A38B2EBA2DE9F041164D044600262C2791
:108C60000CB9BDE8F081237AD4F80480013BDBB273
:108C70002372002BF5D1616959B1637ADB0707D400
:108C8000A37A07FB035320465B6A1B689B689847DF
:108C90006661A07AE66007FB005366601B6A1BB141
:108CA000204698474446DBE7214600FB075010F07A
:108CB000D5FCF7E79C1300202DE9F84F07460E4638
:108CC0009046054629466D68002DFBD1DFF868B057
:108CD0004FF02C0A01F10C0420460EF0FFFD8642F5
:108CE0001AD320460EF0FAFD1FFA80F941464A4693
:108CF00020460EF0ACFDB6EB09064D44C84417D033
:108D00000C9B63B1DDE90A010D9A9847014678B1E1
:108D100038460EF06FFDDDE71FFA86F9E6E7B87A10
:108D2000DDE90A23314600FB0AB0FFF715FFEDE746
:108D30002846BDE8F88F00BF9C130020020600F013
:108D40007F0312D5082B05D1010700F00F0306D5CC
:108D50000E48704710F0780F12D100F00F034C202E
:108D600000EB43100A4B18447047082B05D102074B
:108D700000F00F0306D50748704710F0780FF6D0C3
:108D800000207047044800EB43107047287F002004
:108D9000DC7D002048800020487F002001490248F7
:108DA00010F01ABD047E0020204100200146014839
:108DB00010F049BC8413002002480022002305F073
:108DC00081BA00BF8413002013B5124804F042F9A1
:108DD000114B98421AD1114803F048FA0024104868
:108DE00003F08AFA0F49104800944FF0FF334FF414
:108DF000806205F0A3FB0D490B4810F066FB0C48A0
:108E00000C4910F0BCFC204602B010BD6FF004000D
:108E1000FAE700BF1D9004000000AD0BB3F505009C
:108E2000E8DA050060C3002020410020A5F5050018
:108E3000047E00203991040010B50E49BFF35B8F0A
:108E4000002351E8002F012A03D141E80030002817
:108E5000F7D1BFF35B8F0CD151F8044C1439204685
:108E600008F023FB783004D12046BDE8104008F01C
:108E7000F7BA10BDFC7D002038B5002464F07F00F7
:108E8000C0B2FFF75BFF01340EF030FD082CF5D1C6
:108E90000E4D0024E0B2FFF751FF036903B90561ED
:108EA00001340EF023FD082C05F14005F2D10848ED
:108EB0000EF01CFD074BD3F87C2212B9064AC3F80A
:108EC0007C2206480EF012FD002038BD6C84002084
:108ED000287F0020DC7D00206C800020488000205E
:108EE00010B5054CFFF768FF20B14168204610F02F
:108EF000C0FAF7E710BD00BFA811002007B5002396
:108F00000E48002201A904F093FF90B1FFF7E8FF9B
:108F10000A480022002301A904F08AFF38B9019809
:108F2000042340600374FFF741FFFFF737FF002081
:108F300001E00198406003B05DF804FBA811002037
:108F4000022810B511D8094B1C5CFFF7D7FF60B1A0
:108F5000002202740472FFF729FF054B93F82430B6
:108F60001BB1BDE81040FFF719BF10BDB0F50500FB
:108F7000DC7D0020F8B5877806463846FFF7DEFE30
:108F80003B06F578044612D5002D43D1FFF7B6FF16
:108F9000034600283ED00122A57702740322027303
:108FA0009C60FFF703FFBDE8F840FFF7F7BE4DB147
:108FB000012D2FD1FFF7A2FF034658B36577057443
:108FC0000573EDE7FFF79AFF20B3B278124B12F06A
:108FD000800F02F0080111D041B1D3F8A836E36048
:108FE00001230374022303738460DAE702F00F02A3
:108FF000142101FB0233D3F80836F0E711B1D3F89E
:10900000A837ECE702F00F02142101FB0233D3F87A
:109010000837E4E7F8BD00BF00700240F0B506462F
:1090200089B01422002103A810F03EFF3378013BE1
:10903000052B21D8DFE803F07A0314146A16032302
:109040008DF814300024FFF759FF0346A0B10474D3
:1090500000F10802DDE9050182E8030018461DE081
:109060000423EDE7B7783846FFF768FE837A0446B5
:1090700023B1013B022B43D909B0F0BD3B06F57883
:1090800013D5002DF8D1FFF739FF03460028F3D0A0
:109090000122A5770274032202739C60FFF786FE0B
:1090A00009B0BDE8F040FFF779BE55B1012DE3D11D
:1090B000FFF724FF03460028DED0657705740573AB
:1090C000EBE7FFF71BFF07460028D5D00123037409
:1090D00002230373846004F10C01B07810F0BDF832
:1090E000134AE168B2F88C328B4206D95B1AA2F8B7
:1090F0008C3204F003FA3846D0E7A2F88C52FAE733
:10910000304609B0BDE8F040FFF734BF01A804F0D5
:10911000D3F99DF80530052B04D19DF8043013F0E8
:10912000600FA9D0034B059301248CE702248AE742
:10913000DC7D0020487F00202DE9F043A64CDFF8BD
:109140009C9285B08046FFF737FE074610B905B000
:10915000BDE8F08394F825303A7C3BB9002A00F052
:10916000868079689D4810F084F9ECE7042A42D89B
:10917000DFE812F07D0005000001160140013B7B95
:10918000BD68032B37D8DFE803F0023D5A5F6E69F4
:10919000934B002232607260D3F880143170D3F8A0
:1091A00084147170D3F88814D3F88C0441EA002138
:1091B0007180D3F89014D3F8940441EA0021B1806F
:1091C000D3F89814D3F89C3441EA0323F38008239E
:1091D000EB6030687168834B03C311462B68687A73
:1091E000984796F90030002B08DBF38833B1A4F8D8
:1091F0008C3204F083F979684846B4E70023A4F878
:109200008C32F8E76B7F002BF5D02B7F002BF2D050
:1092100000266E774FF0FF3273482E774FF0FF3302
:109220000EF077FB6B6901936B68CDE9023601A9FB
:10923000687A03F051FF6C480EF06DFBDBE72B689A
:109240000121687A9847D6E7AB7A6BB9EB7F5BB9B7
:1092500065484FF0FF324FF0FF330EF05AFB04F039
:109260007DF961480EF057FB2B680221E9E73A7A55
:10927000042AC0D8DFE802F059032367730003F023
:1092800079FE05460028B6D103F0AAFDBFF35B8F37
:109290005649012351E8002F002A03D141E800304C
:1092A0000028F7D1BFF35B8FA5D141F8085C41F8E6
:1092B000105CE0696361143908F07AF89BE70025D7
:1092C00065F07F00C0B2FFF739FD037A13B1407A31
:1092D00004F00CFB0135082DF2D194F854311BB188
:1092E00094F8550104F002FB0025E8B2FFF726FDD3
:1092F000037A13B1407A04F0F9FA0135082DF4D15C
:1093000094F874321BB194F8750204F0EFFA00205F
:1093100003F012FE012384F825302368002B3FF46C
:109320006AAF00210220984765E7002584F82550A0
:1093300004F080FAFFF780FD2368002B3FF45BAF59
:1093400029460420EFE7002B3FF455AF03F01CFE45
:109350002368002B3FF44FAF00210520E3E722688C
:10936000002A3FF448AF002B3FF445AF0021062010
:10937000904740E708F110054FF0FF334FF0FF3200
:1093800028460EF0C6FAFFF777FD28460EF0C3FA1E
:1093900058F8283C002B3FF42EAF00210120C2E7F3
:1093A00094F874327BB1012584F8895284F888528C
:1093B000FFF7A4FD38B10E4A057405738260FFF70C
:1093C000F5FCFFF7EBFC58F8283C002B3FF413AFFB
:1093D00000210A20A7E700BFDC7D0020A8110020A3
:1093E00000700240E07D0020147E0020FC7D002003
:1093F000488000200FF02AFE04F01CFA03F0E6FC7F
:10940000FFF76EFDFFF738FD0FF019FE014803F07E
:1094100021FEF0E61D90040038B5164D95F8244065
:109420002CBB05F1380010F069F8204600F0F0FC84
:1094300022460121E8612720E7F782FA0FF0FFFDBD
:10944000FFF71AFD044610B9012385F824300A4BB2
:109450001B680BB1FFF7A2FC4FF08043D3F8383400
:10946000DB0702D50020FFF76BFD204638BD002446
:10947000FBE700BFDC7D002084130020074B93F83E
:1094800024203AB193F82530002B14BF00206FF050
:10949000120070476FF01200704700BFDC7D0020A3
:1094A00038B5104B93F824300446C3B105782846EC
:1094B000FFF744FC10B96FF0150038BD45722379F1
:1094C0008372638843602078618810F0080F02D1AE
:1094D0004B1E0B42EFD10FF0BBFE0020EDE76FF00B
:1094E0001200EAE7DC7D002038B5124B93F8242007
:1094F0000546CAB193F82530B3B1FFF71FFC044607
:10950000A8B1837A012B12D007D9023B012B07D9CE
:109510006369A3610020E06038BD04F027F8F7E735
:10952000284603F09BFFF3E76FF01200F4E76FF0BB
:109530001500F1E7DC7D002038B50E4B93F82420B0
:10954000054682B193F825306BB1FFF7F7FB68B1A0
:1095500015F008040AD1284603F0A2FF284604F0BB
:1095600019FA204638BD6FF01200FBE76FF01500C6
:10957000F8E700BFDC7D002038B50C4B93F82420C1
:1095800005460C4662B193F825304BB1FFF7D6FB88
:1095900048B144B1284603F069FF2070002038BD6F
:1095A0006FF01200FBE76FF01500F8E7DC7D00209C
:1095B00070B5134E96F824300446C3B1FFF7BEFBD6
:1095C0000546B8B1230705D4204603F069FF2046BD
:1095D00004F0E0F92B7A83B901232B7296F8253039
:1095E0000BB9002070BD204604F080F9F9E76FF058
:1095F0001200F7E76FF01500F4E76FF07700F1E77E
:10960000DC7D00202DE9F043DFF8EC801E4698F861
:10961000243085B0074689461546002B61D098F85E
:109620002530002B5DD003065ED5FFF787FB04468F
:10963000002859D0037A002B56D04FF0FF334FF05B
:10964000FF3208F138000EF064F9A37F4BB108F146
:1096500038000EF060F96FF00A04204605B0BDE84E
:10966000F083A37AC5B13BB30123A3774FF0000881
:1096700001A93846CDE90195CDF80C8003F02CFD09
:109680001B4B984229D084F81E801EBB6FF0040447
:1096900018480EF040F9E0E7E27F02B1E577002BD1
:1096A000E2D103F06BFFB842DED003F057FF114860
:1096B0000EF031F90024D0E7B8F80A30AB42F0D907
:1096C0006268B5FBF2F302FB1353002BE9D10123CF
:1096D000E377E6E7C6F80080D8E706B135600024F6
:1096E000D6E76FF01204B8E76FF01504B5E700BFD6
:1096F0000000AD0B147E0020DC7D00202DE9F04140
:109700001D46204B174693F824200E46002A33D0DE
:1097100093F8253083B3030631D401B97FBBFFF73B
:109720000DFB044658B3037A4BB34FF0FF33164892
:109730004FF0FF320EF0EDF8E3689F42B84628BFC5
:10974000984646B93FB905B12B600F480EF0E3F8D3
:109750000020BDE8F081A1694246304610F096FB3A
:10976000A3694344A361E368A3EB0803E360002D0E
:10977000EBD0C5F80080E8E76FF01200E9E76FF082
:109780001500E6E7DC7D0020147E002070B51E4D3C
:1097900095F82420034682B395F825206AB31B066A
:1097A0002ED4FFF7CBFA044650B3037A43B34FF0FD
:1097B000FF334FF0FF3205F138000EF0AAF8E368EE
:1097C000B3B9012663692677A361637F83B1FFF78D
:1097D00095FB30B905F138000EF09DF86FF00B00E5
:1097E00070BD067484600673FFF7E0FAFFF7D6FADF
:1097F00006480EF090F80020F2E76FF01200EFE755
:109800006FF01500ECE700BFDC7D0020147E002027
:1098100010B5084B93F824300C462BB1FFF78EFAA5
:1098200028B10460002010BD6FF01200FBE76FF05C
:109830001500F8E7DC7D0020014B1860704700BF81
:10984000DC7D002008B5074B93F8243023B1FFF7E7
:1098500075FA20B1406808BD6FF01200FBE76FF0A9
:109860001500F8E7DC7D002013280ED8084A12F80E
:10987000103053B102EB4002527832B108684343D2
:10988000002093FBF2F30B6070476FF015007047F8
:10989000B4F50500054B0122C3F8002590F88610A9
:1098A00009B1DA6070471A605A6070470070004072
:1098B000087970B500F01F04072C20D80B780B2B0B
:1098C0001DD8DFE803F0070707071C061C1C1F2133
:1098D0001C2304234A78032A1AD0042A0FD1002516
:1098E0004A8844F20A06B24246D013D844F203062C
:1098F000B2423DD044F20506B2423BD0E2B36FF033
:10990000150034E00523E5E70623E3E70723E1E755
:109910000125E5E744F21406B2422FD044F22806AE
:10992000B2422DD044F20F06B242E8D10322C0F376
:1099300040101B0243EA005343EA053343EA024363
:10994000220102F1804202F5E0420020C2F81835FF
:10995000230103F1804303F5E0438A79C3F814251A
:10996000C3F81005074B4A79234483F8A02070BD43
:109970000022DCE70122DAE70222D8E70422D6E758
:109980000522D4E7A8020020F7B50D464FF0FF33BB
:1099900057484FF0FF3204F0EFFC6E68731EFE2B49
:1099A0003CD800235348544F1A4626FA03F111F0CD
:1099B000010126D017F803C0BCF1000F2ED000EB38
:1099C000031E6C7CDEF81815003C18BF012421F042
:1099D000807141EA0461CEF8181503F151010901C3
:1099E000013240F801C0D2B20133082BDDD12B7C0B
:1099F000083B062B12D8DFE803F009111D111911DD
:109A00001B0003F1510424010151EDE70023394902
:109A1000012AC1F8F0356B7C0ED97BB16FF01504CB
:109A2000334804F083FC204603B0F0BD0223EEE788
:109A30000323ECE70123EAE7082BEFD8C1F8F4355C
:109A40002968530011B1898901FB0333E968994200
:109A50004AD3284BA968C3F82C162F46C3F83026E2
:109A60000FCF264C04F174060FC63B683360002606
:109A700026672B6827469BB30FCB04F1880585E842
:109A80000F006567A4F8986050B3BFF35B8F57E889
:109A9000003F47E80062002AF9D1BFF35B8F184905
:109AA000D4F88850174A4FF400400F463146E5FB82
:109AB000007100233846DCF723FB0022CDE90001CA
:109AC000002304F1080005F013FB0F484FF0FF32AC
:109AD0004FF0FF3304F050FC00B12067246F9FE784
:109AE0000648FFF7D7FEF0E76FF00B0498E700BFDA
:109AF000E80200200070004048030020A802002077
:109B00003F420F0040420F000003002010B50E4BF3
:109B10000024C3F80441D3F80421C3F81041D3F85A
:109B200010211222C3F804230720E6F7D9FE2246AB
:109B300001210720E6F704FF0448836C13B9403085
:109B400004F0F4FB002010BD00700040A8020020CB
:109B500038B52F4BD3F80421002A4CD00022C3F88B
:109B60000421D3F804112B4C01219960C3F800257E
:109B7000636F2546D3B3D4F88C30B4F8982033B152
:109B800004F174019847012814D0022828D0B4F8B1
:109B90009830B4F894209A4222D90133A4F898302E
:109BA0001B4BD3F82C26D3F8341689B202EB4102B2
:109BB000C3F82C26D4F8883023B9BDE838401548BE
:109BC000FFF768BEBFF35B8F55E8003F5A1E45E8BC
:109BD00000210029F8D1BFF35B8F012BEDDC38BDEC
:109BE000D4F8883013B10C480FF0E0FF0B48BDE803
:109BF000384004F09BBBD3F810110029EFD0C3F814
:109C00001021D3F8102101229A601A605A60E6E709
:109C100000700040A8020020B002002000030020D5
:109C2000084B70B5C31A0D4607499B1004465943AB
:109C3000064840220DF0ECFE2B4601462046BDE8CA
:109C40007040184780860020B76DDBB6C8A10500BC
:109C500073B50C4C0C4A4023041B00930D460B4675
:109C60000A49A4106143064609480DF0FEFE011E94
:109C700005DA30462B4602B0BDE87040184702B006
:109C800070BD00BF80860020D77A0500B76DDBB6B7
:109C9000C8A10500002270B5012104461046E6F770
:109CA0004FFE0F4801F0E8FD0E4B984215D101F030
:109CB000F3FD26690C49304607F067FB00280BDBF3
:109CC000012535642469084904F11C0007F05DFB97
:109CD000002801DBE564002070BD6FF00400FBE7A5
:109CE000219D04000000AD0BF8DA050070B50146B7
:109CF0000C2309484B43C418D4E90E5640330022C4
:109D00001844A2630DF071FE2DB132462B46034874
:109D1000BDE87040184770BD80860020C8A10500CE
:109D200010B1012804D07047034B1B6C5B0701D1B5
:109D3000FFF7DCBF704700BF8086002008B54FF0FA
:109D40002003EFF3118183F31288BFF36F8F124A60
:109D5000136843F002001060DA0708D481F3118819
:109D6000BFF36F8F0120BDE8084001F0ADBD4FF09B
:109D70008043D3F80C24D3F80C34DB07EED5074826
:109D80000DF033FE81F31188BFF36F8F0020BDE823
:109D90000840FFF7ABBF00BFD0860020C086002080
:109DA0007FB500220123CDE9022304ABCDE90433C2
:109DB000094ACDF800D06B46CDF804D00DF084FEF2
:109DC000002805DB4FF480420023684604F0D4FAF3
:109DD00007B05DF804FB00BFF77A050010B54FF03F
:109DE0002003EFF3118483F31288BFF36F8F074AC8
:109DF000136823F00201DB07116002D401200FF089
:109E0000A6F884F31188BFF36F8F10BDD0860020B1
:109E1000024AC3B21C2003FB00207047808600204A
:109E2000094BBFF35B8F53E8002F42F0010143E879
:109E300000100028F7D1BFF35B8F930702D40120F5
:109E400001F042BD704700BFD086002010B54FF032
:109E50002003EFF3118483F31288BFF36F8F074A57
:109E6000136823F001019B07116002D401200FF059
:109E70006EF884F31188BFF36F8F10BDD086002079
:109E80002DE9F0413849BFF35B8F0746012251E8C5
:109E9000003F41E800200028F9D1BFF35B8F33B9C0
:109EA000324933484B60CB608A6007F081FA7B1EF1
:109EB000012B2BD8012F07D14FF08043D3F81C344E
:109EC00003F00303012B21D00FF0F9FA0546F8B98E
:109ED000284B1B78E3B14FF080430222C3F80823DC
:109EE0000646DFF894804FF08044D4F81824D4F864
:109EF0001834D20316D503F00303012B01D0012F30
:109F000010D15DB386F31188BFF36F8FBDE8F08188
:109F10004FF02003EFF3118683F31288BFF36F8FA6
:109F20000125DEE7ADB13046E6F7CEFDD4F81835B1
:109F3000002BDAD1D4F80421002AD6D0C4F8043199
:109F4000D4F804310123C4F81835C8F88031A3606F
:109F5000CBE70021212004F04FFEE7E74FF08043DC
:109F60000222C3F80423D1E77C8600206C860020FF
:109F70009C860020A290002000E100E04FF020032A
:109F8000EFF3118283F31288BFF36F8F094BD3F87D
:109F9000001161B10021D3F80805C3F80011D3F80E
:109FA0000031C0B282F31188BFF36F8F70476FF03A
:109FB0000A00F7E700D00040F0B5034610469C7851
:109FC00093F803C04FF02005EFF3118285F3128858
:109FD000BFF36F8F1F7893F801E0E41B04EA0C04D1
:109FE000A04288BFA0B23E180CEA06063D461E708D
:109FF00082F31188BFF36F8F0A188A4217D1774511
:10A000000DD14FF02001EFF3118281F31288BFF3DD
:10A010006F8F1978597082F31188BFF36F8F1B7996
:10A02000241AA34222BF064B01221A60F0BD5E191A
:10A030000135767901F8016B05EA0C05DDE700BF13
:10A0400000D00040DB432DE9F04713F001050E4638
:10A05000144604D02348FFF7AFFFBDE8F087A2B352
:10A060004FF02003EFF3118883F31288BFF36F8F53
:10A070000D20E6F757FC07460D20E6F73FFC88F376
:10A080001188BFF36F8FDFF860A0DFF86080CAF837
:10A090000051DAF800314FF400590123CAF80030BA
:10A0A0002546C8F88091DAF8003183B1FFF766FFE2
:10A0B000031EC8F88091F6DB013DADB27355002D4B
:10A0C000F1D117B10D20E6F70BFC2046C5E74FF0A4
:10A0D0002003EFF3118083F31288BFF36F8FE6F74D
:10A0E000F3FCE0E70487002000D0004000E100E03E
:10A0F0002DE9F041124F0D46144607F1450814B9F9
:10A100002046BDE8F0814FF0FF334FF0FF32384674
:10A1100004F032F9224629464046FFF74DFF064635
:10A12000384604F003F93EB94FF0FF324FF0FF33E9
:10A13000044804F021F9E6E7A41BA4B23544DEE7A5
:10A14000D4860020EC86002038B5194C0122114637
:10A1500020460FF091FA0122002104F118000FF0BF
:10A160008BFA40F20743A4F848304FF07063236342
:10A170000C2384F8343000250E4B84F84550A4F8A5
:10A180004650D3F8042542F00102C3F8042501210A
:10A19000C3F80051D3F80021C3F804132A4619600C
:10A1A0000D20E6F7CDFB0D20E6F79AFB284638BDDB
:10A1B000D486002000D0004010B5FFF7DFFE002855
:10A1C00020DB174B93F8322093F8314093F833108B
:10A1D000141B31EA0404C0B20DD193F8472093F860
:10A1E000464093F84810141B31EA04040BD10D4B80
:10A1F00001225A600EE09C180132114084F83500AB
:10A2000083F8321010BD9C180132114084F84A00C6
:10A2100083F847100448BDE8104004F087B800BF39
:10A22000D486002000D00040EC860020024B0B605A
:10A2300001231360704700BF288700200048704743
:10A240009CDB050010B5012211460748074C0FF0B2
:10A2500013FAFBF727FA0EF0E2FE20600EF0DBFEA9
:10A260006060002010BD00BF3087002028870020DC
:10A270004FF08042D2F81015D2F8103501F01E01CF
:10A2800023F01F030B4343F00103C2F81035024BC8
:10A2900000221A70704700BF8A9000204FF0805350
:10A2A000D3F83031082B20D14FF08042D2F810156E
:10A2B000CB071AD5D2F8103501F01E0123F01F0389
:10A2C0000B43C2F81035D2F808315BB1D2F8103523
:10A2D00023F01F030B4343F00103C2F810356FF066
:10A2E0008B007047024B01221A700020704700BF9C
:10A2F0008A900020F8B504460EF08DFE237B0546BB
:10A300000BB1FBF7E5F9134F0026FFF7C7FFE8B9DC
:10A31000606801F07DFFA3685B1BA36063682B444A
:10A3200063603B780BB1FFF7A3FF237B01363BB99A
:10A33000A368002BE9D1A068003818BF0120F8BD40
:10A340003046DEF7F5F90028F2D0F4E76FF08B0025
:10A35000F5E700BF8A900020F0B587B00E4615469D
:10A360000EF059FE2946074630460DF0D3FDC8B31E
:10A37000B6FBF7F307FB1363A3BBB5FBF7F407FBCF
:10A3800014547CBBBD4222D34FF0FF324FF0FF3359
:10A39000164803F0F1FFFBF797F902AB01461022D4
:10A3A000C0B1214618460FF07FFD01228DF8142020
:10A3B0000F4ACDE900200F48CDE90365FBF77CF992
:10A3C0006846DEF739F90446084803F0AFFF204637
:10A3D00007B0F0BD18460FF067FDCDE90365FFF744
:10A3E00089FFF0E76FF01504F1E700BF3087002028
:10A3F000F5A20400645E010070B5037B04460BB156
:10A40000FBF766F9194E0125A368032B06D8184AF5
:10A41000D2F80034DB07FBD5002070BDFFF73EFF0C
:10A4200008BB23686068196801F012FF33780BB12C
:10A43000FFF71EFF636804336360236804332360FF
:10A44000A368043BA360237B0135002BDCD02846A6
:10A45000DEF76EF90028D7D0054AD2F80034D907C4
:10A46000FBD50120D9E76FF08B00D6E78A9000205A
:10A4700000E0014070B50D4686B0194628461646E4
:10A480001C460DF047FD60B345EA04039B0728D145
:10A49000FCB14FF0FF334FF0FF32134803F06CFF75
:10A4A000FBF712F90346CDE9026502A804949BB1BB
:10A4B00001238DF814300D4BCDE9003041F64C509E
:10A4C000FBF7FAF86846DEF7B7F80446064803F0EB
:10A4D0002DFF204606B070BD8DF81430FFF78CFFBD
:10A4E000F3E76FF01504F4E730870020F9A30400C8
:10A4F00030B54068057B01F01F04B2F5001F85B040
:10A5000044EA451405D120460EF07DFD002005B03B
:10A5100030BD0025B2F5800FCDE9025514D1B3F15D
:10A52000007F0CBF042305238DF808300023194653
:10A5300002AA204601F090FB234B98423DD1012115
:10A54000204601F025FDE1E7B3F1C06F27D0B3F15C
:10A55000007F14BF012302238DF80830836823FA9B
:10A5600001F111F00101E1D1B2F1A07FDED104F0DF
:10A570001F03620903F5E07313D0012A20D1134AA7
:10A5800052F82330DB07D1D40DF1070529462046C8
:10A5900001F098FC0E4B984206D00395C6E70323C2
:10A5A000DAE74FF0A042EBE7284601F0EBFC064B60
:10A5B0009842F2D06FF00B00A9E76FF01500A6E704
:10A5C00051F82330FFDE00BF0000AD0B0003005048
:10A5D0000400AD0B10B501F0C5FC044668B901F0EC
:10A5E00089FC084B98420AD10748214601F064FCD7
:10A5F000224605210620E6F7A3F9002010BD6FF0E2
:10A600000400FBE70000AD0B0DA60400420970B585
:10A61000034602D0012A17D070BD0D4E3269516831
:10A620000029F9D003F01F0301250C689D40002983
:10A63000F2D08A682A4002D04B68304698472CB145
:10A64000236821461C46F2E7024EE7E72346F8E777
:10A65000F8A10500E0A105002DE9FF4147683B7B1B
:10A6600001F01F0545EA43150E4628460DF1070186
:10A67000144601F027FC14F4403F80460DD12846D3
:10A680000EF0BFFC3D4B984503D19DF8070001F04B
:10A6900073FC002004B0BDE8F0810023194602AA33
:10A6A0002846CDE9023301F0D7FA344B984214D151
:10A6B000804503D19DF8070001F05EFCA3034ED551
:10A6C00040F206332340B3F5837F1AD00DD8062B12
:10A6D00018D005D8B3B1022B33D06FF01500D9E7ED
:10A6E000B3F5807FF9D101230CE040F202229342BE
:10A6F00029D0B3F5407F28D0B3F5007FEDD10223F8
:10A7000000E007238DF8083084F48033C3F300435E
:10A71000E0068DF8093054BFC4F34013032321032E
:10A720008DF80A3013D57A680123B340C2F8083592
:10A73000002202A9284601F047FB104B9842A8D0FE
:10A74000CBE70423DEE70523DCE70323DAE7620334
:10A7500041BF01237A68B340C2F80C35E8E7E3064D
:10A760004FF0000354BFC4F3401403241A4602A957
:10A7700028468DF8084001F06FFADEE70000AD0BC7
:10A7800073B5446823680DF10701D3F80855D3F871
:10A790000C6507F03CFA9DF8073013B9204601F02C
:10A7A00093FE3146284603F015F99DF8071005463B
:10A7B00029B9206A0DF0BBFC204601F075FE044B60
:10A7C0009D4214BF6FF00F00002002B070BD00BFAB
:10A7D0000000AD0B38B544680569E3699847206A05
:10A7E00000210DF0A4FC00280DDB2B46084A04F1E3
:10A7F0000801204601F01EFE064B984204D1204677
:10A8000001F052FE002038BD6FF00400FBE700BFEE
:10A8100019A804000000AD0B0378012B08D0022B0F
:10A8200008D04BB9054B0B6301F1180003F07EBD56
:10A83000034BF8E7034BF6E7034BF4E70000AD0BDF
:10A840000100AE0B0200AE0B0100AD0B2DE9F04F85
:10A85000D0F804A006698BB0934614221D468046AA
:10A86000BAF81830D6F8349002930C460DEB02007B
:10A8700000210FF019FB8DF815504FF0FF324FF00B
:10A88000FF33304603F078FD06F1180301930022F0
:10A890000198002303F070FD00273D465F4501D37A
:10A8A000002461E0207A020700F1838001375F45D0
:10A8B00021680AD2830708D4237D80EA030202F0CC
:10A8C000010203F004031A4307D025B901F06043E5
:10A8D000B3F1005F18D0002300E00123D4F804E0B6
:10A8E000029A05EB0E0C944566D8C20706D4724650
:10A8F00009EB050003930FF0C9FA039B62682A4431
:10A9000095B2002B3FD1FDB92368089363680025F9
:10A91000227A069302F001018DF81410BAF824107F
:10A9200099424CD382F00202C2F34002520105A9BF
:10A93000504601F0FDFD234B984209D00B3398425D
:10A9400010D16FF00F040FE0CDF820902B46DFE719
:10A950004FF480420198002303F00EFD58B14046A9
:10A96000FFF70EFF6FF00404304603F0DFFC2046D3
:10A970000BB0BDE8F08F336B124A9342F2D1237AC9
:10A98000DB0702D400250C3488E7089B9945F9D1F0
:10A99000234608E0A91AD86803938DB219FA81F109
:10A9A0000FF074FA039B5A689542A3F10C03F1D29D
:10A9B000E8E76FF08504D7E76FF01B04D4E76FF08A
:10A9C0001B04D4E70000AD0B08B503690349986385
:10A9D00003F108000EF017FF002008BDF981050003
:10A9E0002DE9F047DFF810C1424F0026F3B299423B
:10A9F00002D80020BDE8F08750F8265005F07F030C
:10AA0000C5F343242D0C7F2BA5F1040508BF4FF09F
:10AA1000FF33082D61D8DFE805F0050B1160606099
:10AA2000601846005D1CC2F808353FD10136DDE7ED
:10AA30005D1CC2F80C35F9D0012538E0C2F810359C
:10AA40005D1CF3D00025AE4608E0C2F80835002CA6
:10AA5000F6D15C1CEAD00025AE46062450F826A0AC
:10AA60000AF40058B8F1000F1CBF01254FF0000E8A
:10AA700003F01F085B092DD0012B35D13B4603EBBA
:10AA80008808CAF3C11AD8F8003703EA0C09230270
:10AA900043EA8A0343EA0E0343EA450343EA090310
:10AAA000C8F80037C2E7C2F80C35D0E700255FEAE6
:10AAB000531E0CD0BEF1010F12D1B94603F01F088E
:10AAC0004FF0010E0EFA08F8C9F80C85C6E74FF0F2
:10AAD000A049F3E74FF0A043D1E76FF0850089E785
:10AAE0000023C3F80C35FFDE08F5E078002353F8A7
:10AAF0002830F8E700030050F0F8FCFF014B01227A
:10AB00001A60704700C000400C2903690BD1DB6A52
:10AB1000064907484B4393FBF0F100FB11331160EA
:10AB20005360002070476FF08500704790D003009D
:10AB300040420F00044B00690022C3F80021D3F803
:10AB4000003103F0F3BB00BF00C000407FB50569D2
:10AB50002B6B63B33A2901D00C292BD105F11806D0
:10AB60004FF0FF324FF0FF33304603F0F5FA134B4E
:10AB70000193286B0323002469460394029306F093
:10AB800017FC4FF0FF324FF0FF33284603F0F4FB81
:10AB9000286B06F065FC0A4BD3F80825EA6201220F
:10ABA0005A60304603F052FB204604B070BD6FF08F
:10ABB0000A00FAE76FF08500F7E700BFFDAA04007E
:10ABC00000C0004010B504690020FFF721F92063A0
:10ABD0004FF0FF32002120460EF04EFD04F1180028
:10ABE0000EF08CFC002201210C20E5F7A9FE0C20C0
:10ABF000E5F776FE024B0122C3F80423002010BDC6
:10AC000000C0004070B5012383400E4ABFF35B8F44
:10AC1000DC4352E8001F01EA040542E80056002E1A
:10AC2000F7D1BFF35B8F4FF4803282400648C0F803
:10AC30000823BFF35F8FBFF36F8F0B4214BF012058
:10AC4000002070BD988700200010014070B40E49AC
:10AC5000D1E90034D01AC31844F1000422F07F4631
:10AC6000C1E90034A6F50013B3F5400F09D2074B34
:10AC70001B681A0A1B069C19054B42F10005C3E923
:10AC8000004570BC04F03EB9584200209C8700206B
:10AC90006042002011B3BFF35B8F0123104A834051
:10ACA00052E800CF4CEA030C42E800C10029F7D17A
:10ACB000BFF35B8F0B4A4FF480338340C2F80433F9
:10ACC000094BBFF35B8F1B68BFF35B8FC340DB0790
:10ACD00042BF064B4FF40032C3F80021704700BF5B
:10ACE00098870020001001409487002000E100E0D8
:10ACF0000D4B1868010A0006BFF35F8F0B4BD3F8AA
:10AD00000435181841F10001B3F5801F0AD2084B31
:10AD1000D3E90023904271EB030303D210F180705A
:10AD200041F10001704700BF9C87002000100140E6
:10AD3000604200202DE9F04F85B016461F469DF871
:10AD400040A00446FFF75EFF0190FFF7D1FFB0423D
:10AD500071EB070354D23E4B301A67EB0101984266
:10AD600071F100014FD23B4B03EB0413D3E90223F3
:10AD70009F4208BF96425ED037494FF4803804F1B5
:10AD8000500508FA04F8AD00C1F848832046ADB27A
:10AD90000DF062FA26F07F4B05F1804504F5A873AB
:10ADA00005F58835DC464FF003090293029A2CF032
:10ADB0007F4341F82230C1F84483D1F80435274A53
:10ADC0006FF00200C01A604420F07F40904232D9F8
:10ADD000286868B1D1F804350393A3EB0B0020F089
:10ADE0007F40B0F5000F26D920460DF035FA039BC1
:10ADF000BAF1000F07D109EB030C09F10109D5E7FE
:10AE0000BAF1000F09D06FF0150520460199FFF740
:10AE100041FF284605B0BDE8F08F0123104ABFF37B
:10AE20005B8FA34052E8000F184342E8000100295D
:10AE3000F8D1BFF35B8F07490E98230101EB041291
:10AE4000C8500F9B5360C2E902670025DDE700BFD1
:10AE5000010080004842002000100140FDFF7F00FB
:10AE6000948700207FB51C4C1C4BC4F80833C4F8F1
:10AE700048331B4B00254FF0FF304FF0FF31C4F833
:10AE80000855C3E902014FF48033C4F80433154B6D
:10AE900002264FF400320121C4F804631120C3F8E4
:10AEA00080212A46E5F74CFD1120E5F719FD0E4AF1
:10AEB0000123A360236013600C4B0D4A0093CDE97E
:10AEC000015500232846FFF735FF3046FEF7D8FF2F
:10AED000284604B070BD00BF0010014003000F0001
:10AEE0004842002000E100E0988700204DAC0400BB
:10AEF000FFFF7F002DE9F7432F4CD4F80433990767
:10AF00000BD5D4F8043143B12C4A0023C4F80431E2
:10AF1000D4F80431136801331360D4F80433DA032E
:10AF20002AD5BFF35B8F264B53E8002F22F0010197
:10AF300043E800100028F7D1BFF35B8FD30702D49A
:10AF4000D4F84031C3B10025C4F84051D4F84031A1
:10AF5000FFF7CEFE4FF02003EFF3118283F3128848
:10AF6000BFF36F8F174BD3E90267B042B94106D2E6
:10AF700082F31188BFF36F8F03B0BDE8F0834FF009
:10AF8000FF384FF0FF39C3E90289D3E900101D6093
:10AF90004FF48033C4F84833C4F84051D4F84031FA
:10AFA00082F31188BFF36F8F0029E5D000903246FD
:10AFB0003B4628468847DFE7001001409C87002079
:10AFC000948700204842002030B5431C124C85B0C5
:10AFD00005D08442A8BF0446012CB8BF0124FFF766
:10AFE00087FE0E4B0C4DD3E90013401AB0F5000F4D
:10AFF00010D22218AA4228BF2A4652184FF0000049
:10B0000007490091CDE9010043F10003FFF792FEEB
:10B0100005B030BD2A46F0E7FFFF7F005842002010
:10B020004DAC040008B5FFF763FE024B1B68C01A65
:10B0300008BD00BF5842002010B5084C01236360D2
:10B040001120E5F75BFC064BC4F80833C4F848331D
:10B05000044B4FF40032C3F8802110BD00100140B2
:10B0600003000F0000E100E000B5837D3F2B8BB0B3
:10B07000014649D813F030001CD0202802D10B6AB9
:10B08000188806E03028FAD0102806D10A6A22B1C2
:10B090001078B0FA80F040090CE00A68906880B936
:10B0A00003F00F02052A0ED8CB694A8A1A4493424C
:10B0B00003D101200BB05DF804FB13F8011B00293C
:10B0C000F5D00020F6E7062A01D1CB69D8E7072A98
:10B0D00002D1CB691878DCE70B2A01D1488AD8E77E
:10B0E00003F00E03082BE5D1CA69496A68460DF0E2
:10B0F00061F90028DDD06846FFF7B6FF0028D9D0F7
:10B1000068460DF07AF9F4E703F0C002802A01D115
:10B11000C069BEE7402AD4D103F00F030A2B02D145
:10B12000CB691868B5E70368024AD8689042B0D185
:10B13000F6E700BFBD84050038B5CB6905460C466F
:10B14000002B00F085800DF07EFA08B9002038BD94
:10B15000A07D00F00F030B2BF8D801A252F823F0CA
:10B1600091B10400A5B10400A5B10400A5B104008B
:10B17000B1B10400B1B10400C3B10400E5B10400F1
:10B1800017B2040017B204004DB104004BB2040022
:10B19000E36919780039284618BF0121BDE8384015
:10B1A0000DF0BEB921462846BDE838400DF0E5B99E
:10B1B000638A042BCAD1E1692846BDE838400DF006
:10B1C0003BBAE16909B90A4607E03F280A8803D873
:10B1D000638A023B9A42B9D802312846BDE838401A
:10B1E0000DF04BBA00F0C0008028638AE1690CD0F2
:10B1F000002BABD0013B0029E5D000229A42885CAD
:10B2000006D00028E9D00132F8E74FF0FF33F2E72B
:10B2100000289BD1E1E7626A002A97D0092B06D06B
:10B22000E269616A2846BDE838400DF036BA226A04
:10B23000002AF5D052F8083C002BF1D0043A214600
:10B24000284698470028EBD180E7628AE169C4E785
:10B2500001207CE730B5044685B015463AB3A9B95C
:10B260000268144B9A4211D0102D06D82A4669461E
:10B270002046FFF7EFFF05B030BD1022694620469B
:10B28000FFF7E8FF0028F6D0103DEDE7A368AB42DA
:10B2900001D20020EFE723682A462046984700287D
:10B2A000F7D0A368AB4234BF00235B1BA36001202F
:10B2B000E1E700BF018A0500F0B5937D13F0C00CF3
:10B2C0008FB006460D46144604D0BCF1400F78D02E
:10B2D00000255CE003F03007202F35D00ED847B1B1
:10B2E000102FF5D1136A0BB101221A70224629469C
:10B2F00030460FB0BDE8F0400DF01BBC302FE7D159
:10B3000003F00E03082B116A128A19D10B8893429D
:10B3100016D06146628AE0690EF0C6FD616A8B68EC
:10B3200023B9CB6813B94B681B684BB1E26904A819
:10B330000DF040F820B104A800F09CF80028C7D018
:10B34000236A228A1A80D1E7176A518AB7F800C0A7
:10B350009269022D0CFB0122E2612BD103F00F0355
:10B36000052B27D804A90DF095FB05460028AFD082
:10B37000069B1BB13A88A38A9A420BD3069B002BEB
:10B38000A6D104A930460DF09DFB0028A0D0284688
:10B390000FB0F0BD2246FF2104A80DF0CAFB38B162
:10B3A0003B8801333B80E369628A1344E361DFE752
:10B3B0000546E3E73B885A1C3A80A28A9A4287D91D
:10B3C00094E71368DB6823B90FB0BDE8F0400DF0D7
:10B3D00039BB022919D104A90DF05CFB00283FF408
:10B3E00077AF2368069DDB682246002104A89847B2
:10B3F00000283FF46DAF069B0BB19D42F1D804A924
:10B4000030460DF05FFB0546C1E7012921D0052933
:10B4100027D000297FF45CAF01AF01350B2D3FF43D
:10B4200057AF012239463046FFF714FF00283FF49A
:10B430004FAF17F9013B002BEFDB0D4B049301AB32
:10B44000CDE9053523682246DB68002104A898472A
:10B45000D9E7082201A9FFF7FDFE08250028ECD155
:10B4600036E704220DEB0201FFF7F4FE0425F5E7B1
:10B47000018A050070B590B000230593CDE9033330
:10B4800002938DF8063003689B68044643BB002591
:10B49000A37D03F00F020A2A42D1E3691E68002E41
:10B4A00031D1029BABB1228A934212D19DF8061092
:10B4B000224603A8FFF700FF10B30DF1070302AA0D
:10B4C0000DF1060103A80DF0A9FAC8B1236A03B172
:10B4D0001D7020460CF091FF0028D9D1012010E00A
:10B4E0002A4ACDE903234FF0FF33059302AA0DF159
:10B4F00007030DF1060103A80DF090FA0028C6D14C
:10B50000002010B070BD314606A80CF063FF28B1D2
:10B51000357306A8FFF7AEFF0028F1D0B668BEE786
:10B520003F2B2AD803F03002102A1BD1236A03B123
:10B530001D70A37D03F00E03082B18D1616A8B6880
:10B5400023B9CB6813B94B681B6883B1E26906A8BD
:10B550000CF030FF0028A4D006A8FFF78BFF0028CE
:10B560009FD1CDE79A06E4D5236A1D8099E7628AC8
:10B57000E06900210EF098FC93E703F0C002802AF6
:10B580008FD1A2699B0615608BD5EDE7018A050076
:10B590004FF08053D3F83021082A06D1D3F8343144
:10B5A000052B02D8024AD05C70470020704700BFCC
:10B5B00085F6050008B54FF08053D3F83021082AEE
:10B5C0004ED14FF080420021C2F80C11C2F8101188
:10B5D000C2F8381502F54042D3F80414C2F8201519
:10B5E000D3F80814C2F82415D3F80C14C2F828159F
:10B5F000D3F81014C2F82C15D3F81414C2F830156F
:10B60000D3F81814C2F83415D3F81C14C2F8401536
:10B61000D3F82014C2F84415D3F82414C2F84815FE
:10B62000D3F82814C2F84C15D3F82C14C2F85015CE
:10B63000D3F83014C2F85415D3F83414C2F8601596
:10B64000D3F83814C2F86415D3F83C14C2F868155E
:10B65000D3F84014C2F86C15D3F84434C2F87035EE
:10B66000FFF796FF18B12B4B2B4AC3F88C26FFF738
:10B670008FFF18B1294BFB22C3F81825FFF788FF6D
:10B6800070B14FF080414FF08053D1F8E42ED3F8E1
:10B69000583222F00F0203F00F031343C1F8E43EC7
:10B6A000FFF776FF20B11E4B4FF40072C3F840261F
:10B6B0004FF08053D3F83031082B09D14FF080433D
:10B6C000D3F80024D20744BF6FF00102C3F800246E
:10B6D000144AD2F8883043F47003C2F88830BFF3BC
:10B6E0004F8FBFF36F8F4FF08053D3F83021082A6C
:10B6F0000ED1D3F83431052B02D80B4AD35C3BB1C1
:10B700004FF01023D3F808224FF08043C3F8582598
:10B7100008BD00BF005000404881030000F0004019
:10B720000090024000ED00E07FF6050030B50468AF
:10B73000CCB1BFF35B8FB4FA84F3C3F11F03DBB268
:10B7400001229A4024EA020250E8005FA54204D197
:10B7500040E8002CBCF1000FF6D1BFF35B8FE6D1BF
:10B7600002480B7030BD0248FCE700BF0000AD0B83
:10B770000200AD0B10B50368CB40DB0714D40123E6
:10B780008B400268BFF35B8F43EA020150E8004F31
:10B79000944204D140E8001CBCF1000FF6D1BFF385
:10B7A0005B8FEED1014810BD0148FCE70000AD0BF6
:10B7B0000400AD0BF7B5044618B1012823D003B03F
:10B7C000F0BD4FF080430222C3F808230122DA6063
:10B7D000C3F80401D3F80431064601238DF807307D
:10B7E00042F210754FF08047D4B1012CE7D1D7F861
:10B7F0000C3403F48033AEBB83B301200DF0A5FB02
:10B80000013DF4D12AE04FF080430022C3F8080341
:10B810005860C3F80021D3F800310DF10706DCE7CA
:10B82000D7F8183403F480333EB9002BC7D0012079
:10B830000DF08BFB013DF3D1C1E7D7F8182402F0DE
:10B8400003023260002BBAD09DF80700012803D113
:10B850000DF07BFB013DC7D1012CB0D1054B00227F
:10B860005A71ACE7D7F80C2402F001023270002BB9
:10B87000EAD1F3E7A0870020044B1A7922B901220C
:10B8800018609A800248704702487047A0870020DD
:10B890000000AD0B0C00AD0B08B5094B1B682BB1BC
:10B8A0000020E5F73FF808B9E5F71AF84FF08043B4
:10B8B0000022C3F81825034B01221A7008BD00BFEF
:10B8C000A08700209B90002010B510B1012843D024
:10B8D00010BD4FF08043D3F81814D3F81824C803D0
:10B8E00021D502F00303012B04D013B10020FFF790
:10B8F00061FF00234FF080420220C2F81835082271
:10B900004FF4827303F180430021196002F18042F9
:10B910001C6801241460154A12680AB34FF0804372
:10B92000C3F80403D4E7D3F81424D107E1D5D3F83E
:10B930001C249207DAD40D4A12681AB10222C3F805
:10B940000423C5E7D3F80421002AFBD00022C3F862
:10B950000421D3F80431BBE700224FF48073D1E710
:10B960001A68002AFCD019601B68B1E7A087002084
:10B9700010B54FF08043D3F800216AB10022C3F81C
:10B980000021D3F800210122C3F80823114B587974
:10B9900010B95A711B6898474FF08043D3F80421BF
:10B9A00072B10022C3F80421D3F80421D3F818247B
:10B9B000D3F81824920704D10122C3F818259A60FD
:10B9C00010BD0222C3F80823024BBDE810401B68DB
:10B9D00001201847A0870020036803F01F025B09BD
:10B9E000026004D0012B034818BF002070474FF0BD
:10B9F000A040704700030050034A430900F01F00B5
:10BA0000D35C1844C0B270478BF6050070B505468C
:10BA1000FFF7F2FF0C4C08300E4634F81030DA0510
:10BA200008D5C3F3432304EBC302284654F833304C
:10BA300052689847A3682BB1E26831462846BDE8B2
:10BA40007040184770BD00BF780E002010B5FFF79A
:10BA5000D3FF124A083032F81030D9051CD5C3F391
:10BA6000432123F4F85322F8103002F10E04002091
:10BA700034F8023F13F4807F03D0C3F34323994289
:10BA80000AD001303028F3D1002342F83130044885
:10BA9000BDE81040FFF76EBE10BD00BF780E00205D
:10BAA000F00E002008B5FFF7A7FF034B083033F86E
:10BAB0001000400B08BD00BF780E002008B5FFF74E
:10BAC0009BFF034B083033F81000C0F3401008BD53
:10BAD000780E0020034611F0010010B5CCB20DD154
:10BAE000A207C4F3400012D5094AD2F820055860D5
:10BAF000C2F82005003818BF012008E04FF0A0412F
:10BB0000D1F820251A60C1F82025002AE8D010BD00
:10BB100000030050F0B50546002004460126074604
:10BB20008C420BD1114BD3F87C2132B10022C3F8E7
:10BB30007C21D3F87C3140F00040F0BDE3B29B00A3
:10BB400003F580729B0806FA03F31D420BD002F145
:10BB5000804202F5C042D2F800C0BCF1000F02D012
:10BB60001760126818430134DAE700BF0060004034
:10BB700008B5FFF741FF044B083033F8100080F0A0
:10BB80000200C0F3400008BD780E002010B5044646
:10BB9000FFF794FFC0B12046FFF7EAFFA0B12046AF
:10BBA000FFF780FF0B4A01238340C2F8083303B23A
:10BBB0009B0003F1804303F5C043D3F8102522F026
:10BBC0000302C3F8102510BD20460021BDE8104037
:10BBD0000DF008BA0060004073B50446FFF70CFF93
:10BBE000184E00F1080536F81530DB0727D520463A
:10BBF000FFF7CCFF2046FFF761FF40B12046FFF77B
:10BC000051FF114B00F5A270002243F8202020467E
:10BC1000FFF71CFF002301A826F815300194FFF759
:10BC2000DBFE019B00EB8300084BD0F8002713409C
:10BC300043F00203C0F80037054802B070BD054864
:10BC4000FBE700BF780E002000600040F0F8FCFF2A
:10BC50000000AD0B0400AD0B2DE9F04385B00646A6
:10BC600015461F46FFF7C8FE044611B3DFF84481AE
:10BC700000F1080938F819309B0703D53046FFF763
:10BC80001DFF18BB0023CDE900338DF80E308DF871
:10BC90000F300DF10F020B4630460DF10E010DF085
:10BCA00058F938F8193023F0020343F0010328F85B
:10BCB000193055B33F4B95F800C06A6804F108008D
:10BCC00033F8101011F0020F02D0B2B13A481EE062
:10BCD00021F02001C904C90C23F810106AB1BCF18D
:10BCE000030FF3D86A6892F800E0BCF1000F11D19D
:10BCF000324A0EF5A27E42F82EC033F8102022F010
:10BD00001C0242EA8C0223F810204FBB2C4805B0DD
:10BD1000BDE8F0834FEA8E0202F1804202F5C04294
:10BD200041EA4E31D2F8105525F00305C2F81055FE
:10BD3000D2F8105525F44F3525F44075C2F810554A
:10BD40003502D2F8108505F47C5545EA0C4545EAE4
:10BD5000080541F0200123F81010C2F81055CCE777
:10BD6000D7E900873046FFF771FEB8F1000FCDD05C
:10BD7000104DD5E90023904503D19F4201D1002207
:10BD800009E010480DF10F01FFF7D0FC0C4B984271
:10BD9000BDD19DF80F2045F8328005EBC203083471
:10BDA0005F6035F8143043EA422343F4807325F88A
:10BDB0001430ABE7780E00200400AD0B00600040AB
:10BDC0000000AD0BF00E00202DE9FF4104461646A1
:10BDD000FFF712FE054629B32046FFF7C9FE18B14A
:10BDE0002046FFF76BFE18BB304F05F1080837F807
:10BDF000183013F01C0F02D04B78012B18D0012300
:10BE00008DF80F300023CDE900134A1C8B1C20460F
:10BE10000DF10F010DF09DF837F8183043F00303D2
:10BE200027F81830002E3ED02046FFF7A1FE18B1AB
:10BE30001F4804B0BDE8F08196F800C01B4F614672
:10BE4000890001F1804101F5C041C1F8100505F1FB
:10BE5000080037F8105025F02005ED04ED0C27F808
:10BE600010507278FAB1D1F81035B67823F49913DE
:10BE700023F4F853C1F8103512042302D1F810E569
:10BE800002F4403203F47C53134345EA4C35320547
:10BE900043EA0E0302F4801245F02005134327F80D
:10BEA0001050C1F810350348C3E700BF780E0020DA
:10BEB0000400AD0B0000AD0B014BC3E9020170475C
:10BEC000780E002010B50446FFF7F8FD50B120466B
:10BED000FFF792FD044B083033F8103003485B0B3A
:10BEE0000B7010BD0248FCE7780E00200000AD0B7F
:10BEF0000400AD0B38B5174D95F8804044BB214682
:10BF0000602205F110000DF0CFFF286F2146884216
:10BF10000ED1114B0022C3F87C210620D3F87C31CE
:10BF2000E4F7DEFC01230D4885F88030AB6738BDAF
:10BF3000CAB2920002F580737C2A04BF03F18043E9
:10BF400003F5C04301F1010104BF1C601B68DEE77B
:10BF50000348ECE7780E0020006000400000AD0BC5
:10BF60000500AD0B034B93F88000003818BF01208B
:10BF7000704700BF780E002001460148FFF7FABB6A
:10BF8000EC0E002001460148FFF7D0BBEC0E00206C
:10BF900013B5284BD3F80423002AA4BF4FF0004266
:10BFA000C3F804230446FFF789FD08B32046FFF7D2
:10BFB000DFFDE8B12046FFF775FD03B29B0003F1FA
:10BFC000804202F5C24203F1804303F5C0430024DE
:10BFD00014601268D3F8102542F00102C3F810254E
:10BFE00021B1144A01238340C2F8043302B010BDCA
:10BFF0002046FFF701FD104B083033F81030C3F333
:10C000008203042B12D0052B12D001A80194FFF754
:10C01000E3FC019BD0F81015D94001F00101023179
:10C02000204602B0BDE810400CF0DCBF0321F7E76A
:10C030000221F5E700600040780E00202DE9F04F66
:10C04000694BDFF8B081D3F80403D8F87010C0B2A0
:10C0500089B040F00040FFF75DFD051E2FDAC246B3
:10C0600000235AF87C1F06A8CDE90633FFF732FDFE
:10C070005E4B01930DF118094FF0000B019A12F875
:10C08000013B0192DA0803F007031AF8022022FAB2
:10C0900003F3DA071CD409F10409BBF1000F14D033
:10C0A000D8F870104FF00040FFF734FDD8F87C103E
:10C0B00006A8FFF70FFD0028DAD125F0004501247E
:10C0C000002D79D109B0BDE8F08F4FF0010BD5E715
:10C0D000474B5B440293D9F800100029DBD0029B48
:10C0E00091FAA1F11C78B1FA81F141EA4414204699
:10C0F000FFF782FC0830059438F81070C808BB08B8
:10C1000019F80020039301F00701012303FA01F15C
:10C1100022EA010209F8002005A8FFF75DFC059A54
:10C12000039B02F5E072C7F3820650F822205B07FA
:10C130003746C2F3014224D520463946D6B2FFF72E
:10C1400065FC05A80594FFF747FC059B03F5E07324
:10C1500050F82330C3F301439E4207D1002120460B
:10C160000CF040FF314620460CF03CFF05A805943A
:10C17000FFF732FC059B012202FA03F3C0F82035D9
:10C18000A9E7022A0CD1032120460CF02BFF06F070
:10C190000503012BEAD139462046FFF737FCE5E7D6
:10C1A0000221204603920CF01DFF032EF3D0039AC8
:10C1B000032ADBD1022EEDE795FAA5F3B3FA83F358
:10C1C00004FA03F29B0003F1804303F5C04325EA20
:10C1D0000205D3F81005D3F81015C0F30520C1F3FC
:10C1E0000141FFF713FC6BE7006000409BF6050080
:10C1F0009BF60500780E0020044AD2F80034DB07D5
:10C20000FBD50160BFF35F8F704700BF00E00140C6
:10C210004FF080531A69B0FBF2F302FB130373B9BA
:10C22000084B0222C3F80425C3F80805D3F80024FC
:10C23000D207FBD500220448C3F804257047034801
:10C24000704700BF00E001400000AD0B0A00AD0BDD
:10C2500010B5054C0123C4F80435FFF7CDFF0023CA
:10C26000C4F8043510BD00BF00E0014010B5184C03
:10C27000237853BB0278C2F34003920712D54FF0E4
:10C280008053D3F83021082A0BD1D3F83431052B51
:10C2900007D8104AD35C23B14FF080430122C3F882
:10C2A000382601234FF08042C2F88035037803F02E
:10C2B0000103C2F878350020E4F734FB08B9E4F74D
:10C2C0000FFB01230448237010BD0448FCE700BFA6
:10C2D0009C9000209DF605000000AD0B0C00AD0BFE
:10C2E0004FF080434FF46072C3F80823014B0022E3
:10C2F0001A607047A887002008B5FFF7F1FF0368B0
:10C300000BB1014A136008BDA887002010B54FF09B
:10C310008043D3F80443620707D54FF484700CF0D0
:10C3200082FE10B11E4B1B689847A30608D54FF438
:10C330008A700CF078FE18B11A4B00201B689847E1
:10C34000600608D54FF48C700CF06DFE18B1154BDB
:10C3500001201B689847210608D54FF48E700CF019
:10C3600062FE18B1104B00201B689847E20508D503
:10C370004FF490700CF057FE18B10B4B01201B6866
:10C380009847A3050AD54FF492700CF04CFE28B1E3
:10C39000054BBDE810401B680220184710BD00BFC8
:10C3A000B0870020AC870020A887002030B500F0BF
:10C3B0001F04400911D0012812D10C4800EB840061
:10C3C0001B02D0F800570A4C43EA82022C4042EA92
:10C3D00041012143C0F8001730BD4FF0A040EDE708
:10C3E00004F5E074002353F82430FFDE000300500E
:10C3F000F0F8FCFF10B4CC7B8A6803682CB9D1E953
:10C400000041C3F80845C3F80C15C3F82425037987
:10C4100028225343064AD35833B100685DF8044BD1
:10C4200040F30730E4F75CBA5DF8044B704700BF97
:10C43000B48700202DE9F04190F80480164E07469D
:10C44000282000FB08F035180C4695F82210F1B9A9
:10C45000A96032506B6085F8251085F824106CB106
:10C46000A37B85F8273020460CF02FFE88B1637B34
:10C4700085F8263021463846FFF7BCFF282303FB0A
:10C4800008660648012386F82230BDE8F08104489A
:10C49000FBE70448F9E700BFB48700200000AD0BBC
:10C4A0000500AD0B0400AD0B036802790621C3F84B
:10C4B0000015044B282101FB0233022283F82220BD
:10C4C000704700BFB487002010B5164B04792822AE
:10C4D00002FB04320021916002681349C2F808137C
:10C4E000D2F8001221F4BC51C2F800124FF0805172
:10C4F000D1F83001082809D1D1F83411052905D81F
:10C500000A48415C11B10921C2F800150021C2F8A6
:10C510000015282202FB0433012283F8222083F82D
:10C52000241010BDB487002002029C01A3F6050070
:10C530002DE9F84FB04D90F804900468282303FBD0
:10C5400009539046002283F823204B680E4633B1EE
:10C55000CB6803F06043B3F1005F40F0858133782E
:10C56000023B012B06D8336903F06043B3F1005F4F
:10C5700040F07A81A14BC4F80833282303FB095308
:10C5800093F8241001F0FF0239B19B68DFF878B20C
:10C59000C4F804335846BDE8F88F18F0140F0CBFE8
:10C5A0000121002183F82410317883F8201071785C
:10C5B00083F82110F168D960716819613169596196
:10C5C000B1689961C8F3001183F82510C3F81C8085
:10C5D0007378C4F88835C4F86021D4F86031C4F8A1
:10C5E0004821D4F84831C4F82421D4F82431C4F8BF
:10C5F0000421D4F8043118F0010318BF0123C4F852
:10C60000503518F0020318BF0123C4F840353378C1
:10C6100009EB890705EBC707032B00F2A380DFE8CE
:10C6200003F0799862024FF48073C4F80032D7E9BE
:10C630000323C4F84425C4F848350123A3604FF40C
:10C64000801120460CF064FD0028F8D1D7E90523BD
:10C65000C4F84425C4F84835282303FB09534FF494
:10C6600080229A60DFF8A4B1282202FB09F218F0B8
:10C67000080AAB5805EB020013D13178032910D01A
:10C68000012940F085802160002B6ED0282202FB1A
:10C6900009F27168AA5821B9002A00F0BB80012272
:10C6A0006261282202FB09F2A918AA58002A00F0A8
:10C6B000B18018F0040F1CBF00228A6018F0400FF0
:10C6C00006D1282202FB0952916841F002019160D3
:10C6D000282202FB0952916841F40071916092682E
:10C6E000C4F8042356E7D7E90323C4F84425C4F863
:10C6F0004835D7E90523C4F83425C4F838354FF454
:10C700008453C4F8003201232362282303FB095316
:10C710000222A6E7D7E9032318F0200FC4F8442526
:10C72000C4F848354FF0280315BF4FF480724FF41A
:10C73000007203FB095303FB095315BFC4F8002221
:10C74000C4F800224FF4802202229A60012323625F
:10C7500088E7D7E90323C4F83425C4F838354FF403
:10C760008053CEE7DFF8A8B07EE7026902B96161C5
:10C770002349DFF890A020460CF0CAFC012210F4F7
:10C78000007F18BF626110EA0A0F1D49F3D07DE7F0
:10C790000121A160002B7FF479AF006918B3194B18
:10C7A0001AEA030F7FF472AF154920460CF0B0FC73
:10C7B00010F4007F8246F2D04FF0807120460CF0DA
:10C7C000A7FCD4F8001280B111F4007003D101224B
:10C7D000226282466261CB05E1D54FF4802120467A
:10C7E0000CF096FC04E06161D9E7012222626261EB
:10C7F0004FF0000AD3E700BFB487002002029C017B
:10C8000002020400020004000B00AD0B0000AD0B9F
:10C810000400AD0B2821D4F8C424C4F8C42401FBBF
:10C820000955002185F824108AB11149114B12F0E5
:10C83000010F14BF8B469B46013112F0020F18BF47
:10C840008B4612F0040F0C4A18BF9346A2E618F06C
:10C85000400F7FF49FAE394620460CF005FC054A98
:10C86000002808BF934695E6DFF810B092E600BFB7
:10C870000000AE0B0100AD0B0200AE0B0A00AD0BC9
:10C8800070B55C4D5C4C86B0022128460CF040FC33
:10C890004FF40071064628460CF03AFCD8B1E6B9D0
:10C8A000A368C5F808330223A360A368C5F804335E
:10C8B0004FF0807128460CF02BFC18B1D5F80032EF
:10C8C0009B0503D44B4B01221A625A61012384F861
:10C8D000233006B070BD002E57D0E5696E060AD42D
:10C8E00094F823303BB9444942480CF0BDFB80F03A
:10C8F000010084F8230015F0040524D13D4B94F881
:10C900002520C3F86051D3F86011C3F85C51D3F807
:10C910005C1112B194F8232052B10022C3F8002216
:10C92000A260364AC3F80823354B0822C3F8802199
:10C93000238CADF80430E3680493236902936369A0
:10C940000593A36903932B4AD2F8C434C2F8C434C4
:10C95000980749D4590749D4DA0749D494F82330C1
:10C960009B00DBB28DF8003094F825300BB984F8C9
:10C970002430E3695B0703D594F82330002BA8D05B
:10C98000D4E9003168469847A3E74FF48021284650
:10C990000CF0BEFB94F82030A3B994F825304BB9C5
:10C9A000C5F80032A360154BC5F80833144B0822B4
:10C9B000C3F8802100238DF8043094F821308DF8DD
:10C9C0000530B8E74FF40073C5F8003240F2022397
:10C9D000A36003F1CE73C5F80833A368C5F8043328
:10C9E0000123AB602B6274E70123BBE70223B9E7A5
:10C9F0000323B7E700300040B487002002029C0107
:10CA000000E100E04FF08053D3F83021082A06D12E
:10CA1000D3F83431052B04D8034AD05C704700208A
:10CA200070470120704700BFA9F60500054B10F0C4
:10CA3000800FA3F1900208BF134600F00F0003EB34
:10CA4000001070478489002007B5074A002313703F
:10CA5000064A137001230193054B01A81B689847F0
:10CA600003B05DF804FB00BFA09000209F90002061
:10CA70001C8A002013B5194BD3F80044C3F80044B6
:10CA8000E105D3F8003408D5154B01221A700223B2
:10CA90000193144B01A81B689847A20508D5104BB9
:10CAA00000221A70032301930E4B01A81B689847BC
:10CAB000630510D50A4B1A786AB100221A70074B29
:10CAC0000122C3F808259A659B6D04230193054B49
:10CAD00001A81B68984702B010BD00BF007002405B
:10CAE000A09000201C8A00204FF02003EFF311805B
:10CAF00083F31288BFF36F8F0A4BD3F8001C032215
:10CB000061B949F27531C3F8001CC3F8142DC3F89C
:10CB1000001C80F31188BFF36F8F7047C3F8142D8A
:10CB2000F7E700BF00E006404FF02003EFF311806D
:10CB300083F31288BFF36F8F0A4BD3F8001C61B9DF
:10CB400049F27532C3F8002CC3F8141DC3F8002C49
:10CB500080F31188BFF36F8F70470022C3F8142D44
:10CB6000F6E700BF00E00640F8B54B680B4F9A426D
:10CB700028BF1A460C461546064609684023384623
:10CB80000DF09AF9C6E9007560682368401B2B44D4
:10CB900060602360003818BF0120F8BDDC870020EA
:10CBA00070B54B689A4228BF1A4606460D46144691
:10CBB0008AB14023096809480DF07EF9074BC6E9A0
:10CBC00000346B681B1B6B602B682344201E2B609A
:10CBD00018BF012070BD1346F1E700BFDC870020BD
:10CBE00007B500238DF804300B4BD3F82025ADF8A2
:10CBF0000620D3F8C034094A002B136814BF4FF045
:10CC000001214FF480710B431360054B01A81B6891
:10CC1000984703B05DF804FB00700240188A0020BA
:10CC20001C8A0020064BBFF35B8F53E8001F0140B6
:10CC300043E80012002AF8D1BFF35B8F704700BFB2
:10CC4000148A00204FF08053D3F83031082B02BFF4
:10CC5000034B0022C3F81C2C024B00221A707047B1
:10CC6000007002409E90002008B5FFF7EBFF084BD4
:10CC700093F89E20032A05D1BDE808406FF001001B
:10CC8000FFF7D0BFD3F89030002BF5D008BD00BF20
:10CC9000F488002073B5012202FA01F51C491D4EEB
:10CCA0000B6810F0800F43EA050304460B6024D0A4
:10CCB00000F00F02184B33F8123003F1804303F5F4
:10CCC0001C331A6832B100221A6080281B6811D008
:10CCD0000CF08FFA33682B400AD106228DF804201D
:10CCE0008DF806408DF807300C4B01A81B6898475B
:10CCF00002B070BDFFF7B8FFECE733681D42F7D113
:10CD000006238DF804308DF806008DF80720EBE738
:10CD1000188A0020148A0020E0E105001C8A002007
:10CD200008B5054B1A7810460CF05AFABDE80840D1
:10CD300001461046FFF7AEBF9F90002007B5FFF7F2
:10CD400081FF0C4B93F88E20032A10D0D3F880304B
:10CD50006BB96FF08070FFF765FF06238DF8043024
:10CD60000823ADF80630044B01A81B68984703B0B0
:10CD70005DF804FBF48800201C8A002007B5FFF74B
:10CD800061FF104B93F81E21032A06D16FF48070C7
:10CD900003B05DF804EBFFF745BFD3F810316BB972
:10CDA0006FF48070FFF73EFF06238DF80430882370
:10CDB000ADF80630044B01A81B68984703B05DF836
:10CDC00004FB00BFF48800201C8A0020024A0023D4
:10CDD0001360024A137070471C8A0020A190002043
:10CDE00008B54E4B4FF40062C3F80024D3F800346A
:10CDF000FFF708FE08B1FFF777FE4FF08053D3F836
:10CE00003031082B19D14FF02003EFF3118083F359
:10CE10001288BFF36F8F424BD3F8001CC022002949
:10CE200073D149F27531C3F8001CC3F8142CC3F850
:10CE3000001C80F31188BFF36F8F384B0122C3F8B9
:10CE40000025D3F80025D3F800241205FBD54FF4B4
:10CE50000062C3F80024D3F800344FF08053D3F8B5
:10CE60003031082B18D14FF02003EFF3118083F3FA
:10CE70001288BFF36F8F2A4BD3F8001C002947D1CB
:10CE800049F27532C3F8002CC3F8141CC3F8002C07
:10CE900080F31188BFF36F8FFFF7B4FD30B1FFF758
:10CEA00043FEFFF7AFFD08B1FFF71EFE4FF08053C2
:10CEB000D3F83031082B194B0AD140F2E372C3F892
:10CEC00000284022C3F80428BFF36F8FBFF34F8FB1
:10CED0008022C3F81C250122C3F83025114B40F2F3
:10CEE000FF121A60104B00211960104B1970FFF7E8
:10CEF000A9FE0F4B19700F4B02221A70FFF782FD2B
:10CF000050B1BDE80840FFF70FBEC3F8142C90E7FE
:10CF10000022C3F8142CBBE708BD00BF007002401C
:10CF200000E00640188A0020148A00209D9000200E
:10CF30009F900020A19000200A4B002210B51A708B
:10CF4000094A0A4B0A4C002808BF1346C4F80433A8
:10CF50002720E3F7C5FC0123C4F80435D4F80435D1
:10CF600010BD00BFA09000200514C0010514E00111
:10CF700000700240034B1878012894BF0020012064
:10CF8000704700BFA190002010B54FF02003EFF3D1
:10CF9000118183F31288BFF36F8F0F4B1B7803F05F
:10CFA000FF0093B10D4BD3F8002412F400720CD1A2
:10CFB0000124C3F82C45D3F82C45D3F80044A4052C
:10CFC00004D5C3F82C25D3F82C35002081F3118823
:10CFD000BFF36F8F10BD00BFA09000200070024013
:10CFE00010B54FF02003EFF3118483F31288BFF3E1
:10CFF0006F8F154B1B7803F0FF00DBB1134BD3F899
:10D000002C25FAB10022C3F82C25D3F82C354FF08B
:10D010008053D3F83031082B0CD10D4BD3F8001CC2
:10D02000C02261B949F27531C3F8001CC3F8142C51
:10D03000C3F8001C84F31188BFF36F8F10BDC3F8D1
:10D04000142CF7E71046F5E7A0900020007002408E
:10D0500000E00640F8B51C4B1C7894BB1B4A1060DE
:10D0600001221A7040F2FF17264664F07F0514F083
:10D07000080FEDB214BF3946402128460CF0E8F8FD
:10D080002846FFF7D3FC0134092C867306608660BE
:10D09000EBD1002440F2FF17254614F0080FE6B24A
:10D0A00014BF3946402130460CF0D2F83046FFF725
:10D0B000BDFC0134092C857305608560EDD1044801
:10D0C000F8BD0448FCE700BFA19000201C8A0020A6
:10D0D0000000AD0B0500AD0B2DE9F84304464FF001
:10D0E0002003EFF3118683F31288BFF36F8F10F0E4
:10D0F0000F0903D1274B1B78834247D1264B274F7B
:10D100001A683B68D24392B220461A430CF068F882
:10D110004FF0010808FA00F812EA080F38D120464B
:10D12000FFF784FC0C232206054603FB09F329D5EF
:10D130000A68886802F06042B2F1005F00F0010006
:10D140001DD1174A174C002808BF22461648034431
:10D150002A6007C983E807006B600023AB60AB73EC
:10D160003B68124843EA08033B60114B8022C3F836
:10D17000042186F31188BFF36F8FBDE8F8830D4A51
:10D180000D4CE0E70D4A13440D4AE1E70D48F0E786
:10D190000D48EEE79F900020188A0020148A002096
:10D1A000B991050097910500888800200000AD0B1B
:10D1B00000E100E0A1CB040069CB04001C88002042
:10D1C000659105000A00AD0B0B00AD0B10F0080FC8
:10D1D000074B06D0D3F8C00410F4803F18BF0020DE
:10D1E000704700F00F0000F5947053F8200070476E
:10D1F000007002402DE9F04F664E337885B0002B69
:10D200007CD1DFF8AC81644DD8F800402B681C401D
:10D2100074D014F0012314BF93FAA3F494FAA4F485
:10D22000B4FA84F44FF0010909FA04F90F2C6FEAFB
:10D23000090966D9103CE4B22046FFF7F7FB8246A5
:10D240002046FFF7C3FFDAF80070BAF80C20DAF8CE
:10D2500004100346834602A8B847029B002B5CD10A
:10D2600008B9CAF800004FF0805362B2D3F83031E9
:10D27000082B02BF494B8221C3F81C1C01233370C9
:10D280002B68039903EA09032B60DAF80830029D42
:10D290000B44002ACAF8083004F008003F4B04F0A1
:10D2A0000F0457DA00284DD0C3F8A056C3F8A416CF
:10D2B000042303EB840303F1804303F51C330121B2
:10D2C00019601B683649374B13EA220338BF0B46F7
:10D2D00033F8143003F1804303F51C331968002937
:10D2E000FCD0002A2D4B4ADA002842D0D3F8A836C9
:10D2F0002D4A117803F001034B40137005B0BDE8CF
:10D30000F08F44F080042046FFF790FB0368828989
:10D310004168824602A89847A2E7039B9B459FD994
:10D32000022748468AF80E70FFF77CFC06238DF82A
:10D3300004301E4B8DF806401B688DF8077001A85D
:10D34000984761E7142606FB0433C3F80056C3F878
:10D350000416ADE728B1C3F8A057C3F8A4172823D3
:10D36000A7E7142606FB0433C3F80057C3F80417D5
:10D37000F5E7142202FB0433D3F80836B8E710B1FE
:10D38000D3F8A837B4E7142202FB0433D3F80837E4
:10D39000AEE700BF9E900020188A00200070024077
:10D3A000CEE10500E0E105009D9000201C8A0020F0
:10D3B000148A002038B50F4BD3F86C44C3F86C4482
:10D3C00001251CB9BDE83840FFF714BF94FAA4F357
:10D3D000B3FA83F30F2BC8BFA3F110001946D4BFD3
:10D3E00043F08000C0B205FA03F324EA0304FFF718
:10D3F00051FCE6E70070024037B5FFF723FC044616
:10D40000FFF714FB837B032B0DD120460BF0E8FEC6
:10D41000012303FA00F0C043FFF704FC03B0BDE8AA
:10D420003040FFF7E7BE0568002DF7D120460BF02E
:10D43000D7FE012303FA00F0C043FFF7F3FB0623F6
:10D440008DF80430044B8DF806401B688DF80750AA
:10D4500001A89847E2E700BF1C8A0020024B40F475
:10D460008070C3F81805704700700240020713D49B
:10D4700000F00F0310F0800F084A0BBF03F588730C
:10D4800003F5847302EB830252F8230008BF50684F
:10D49000431E5842584170470020704700700240B8
:10D4A000044BC3F80C0540F48070C3F80C05D3F8A6
:10D4B0000C357047007002400023036043600E4B40
:10D4C000D3F880240270D3F884244270D3F88824DF
:10D4D000D3F88C1442EA01224280D3F89024D3F886
:10D4E000941442EA01228280D3F89824D3F89C3421
:10D4F00042EA0323C380704700700240024B0122BE
:10D50000DA64DB6C704700BF0070024013B5FFF7B0
:10D5100099FB104B9A7B032A06D16FF4803002B03E
:10D52000BDE81040FFF77EBB1C6874B96FF4803013
:10D53000FFF778FB06238DF80430074BADF8064063
:10D540001B6801A8984702B010BD02B0BDE81040AA
:10D55000FFF7D4BFF48800201C8A0020024B012270
:10D560001A651B6D704700BF00700240024B01221C
:10D570005A655B6D704700BF00700240014B187820
:10D58000704700BF9F90002010B502464FF0200367
:10D59000EFF3118483F31288BFF36F8F0BF020FE3B
:10D5A0000D49012303FA00F00B6823EA00030B6026
:10D5B00012F008010AD102F00F039B0003F180432F
:10D5C00003F51C33C3F8A014D3F8A03484F31188F6
:10D5D000BFF36F8F10BD00BF188A0020F7B501465A
:10D5E0004FF02003EFF3118583F31288BFF36F8FA1
:10D5F000FFF71CFA064608460BF0F2FD012211F077
:10D60000800F02FA00F22E4819D1036832EA0303B0
:10D610000AD00846FFF7B8FF0323B37385F31188D8
:10D62000BFF36F8F03B0F0BD33600368254923EA71
:10D63000020303600B6823EA02030B60ECE70B07AD
:10D6400015D48029204B2FD001F00F0404F2DA34D6
:10D650006400C3F80048D3F80448D3F80478E4B26F
:10D6600044F002043C43C3F80448D3F80438154F8F
:10D6700004683B6864EA030C1CEA020FCED0134333
:10D6800024EA02043B600023046033600323B37385
:10D690008DF807300D4B8DF8061006221B688DF8AB
:10D6A000042001A89847B9E740F2B474C3F80048D1
:10D6B000D3F80448D3F80478E4B244F00404D1E782
:10D6C000148A0020188A0020007002401C8A002062
:10D6D00073B5144B144CD3F880542368134EDA43BB
:10D6E000134B31781B6892B208461A430BF078FD51
:10D6F00001238340134202D00846FFF76FFF25F055
:10D700007F056FF001103570FFF78CFA236843F046
:10D710000103236005230193064B01A81B6898476A
:10D7200002B070BD00700240188A00209F90002057
:10D73000148A00201C8A00202DE9F0411A4BD3F8EE
:10D740000403002301241D4670B9184F03F400069A
:10D7500023F400044FF00108BCB9FFF74BFD06B3FA
:10D76000BDE8F041FFF7B4BF90FAA0F2B2FA82F23E
:10D770000F499600314404FA02F20E6816B10D60AA
:10D780000968134320EA0200DEE794FAA4F5B5FA2B
:10D7900085F557F8253008FA05F5984724EA050479
:10D7A000DAE7BDE8F08100BF0070024084DC0500CC
:10D7B00000710240F8B51B4B8022C3F8842127205A
:10D7C000E3F7B0F8B8B1184E184B34681B68240C56
:10D7D00024041C4301277CB9154D40F2FF1333602C
:10D7E0002720C5F80445D5F80435E3F787F84FF04E
:10D7F000FF33C5F80833F8BD94FAA4F5B5FA85F5FA
:10D800000F2D2846C6BFA5F11000C0B240F0800021
:10D81000030701D4FFF7E2FE07FA05F524EA050441
:10D82000D9E700BF00E100E0188A0020148A002038
:10D830000070024008B5FFF7BDFF134BD3F8042377
:10D84000C3F80823114A117889B10021C3F80811DF
:10D85000D3F80811C3F800260121C3F80416596053
:10D860005968D3F808110029FBD000231370064B28
:10D870000022C3F80025D3F80035FFF7E3F9044B85
:10D8800001221A7008BD00BF007002409D90002068
:10D89000A190002010B50446FFF7A0FE104A14F036
:10D8A000800F04F00F004FF0010314BFD2F81015E1
:10D8B000D2F8141503FA00F36FEA030315BF0B4007
:10D8C0000B40C2F81035C2F8143514BF054B064B97
:10D8D0001A5C01239340024AC2F8083310BD00BF0E
:10D8E00000700240B8F60500AFF6050010F0800F9A
:10D8F00070B52449044600F00F034FF0010512D023
:10D90000214AD25C05FA02F2C1F80423D1F81025AD
:10D91000DA40D00706D4D1F8102505FA03F31343F3
:10D92000C1F8103570BD194AD25C05FA02F2C1F88F
:10D930000423D1F81425DA40D207F3D4D1F81465C2
:10D9400005FA03F23243C1F81425002BEAD003078D
:10D95000E8D44FF02003EFF3118683F31288BFF36E
:10D960006F8FFFF711FE20460BF03AFC084A136850
:10D9700005FA00F023EA0003136086F31188BFF371
:10D980006F8FCFE700700240B8F60500AFF60500D4
:10D99000148A0020030610B5044605D4FFF766FD7F
:10D9A00010B12046FFF7F0FD014BC3F8184510BD3C
:10D9B00000700240036803F01F025B09026004D09C
:10D9C000012B034818BF002070474FF0A04070475C
:10D9D00000030050F7B506460BF06DFC08460BF04F
:10D9E0006AFC01A80196FFF7E5FF019B2E4D00EBB5
:10D9F00083000C46D0F80037019440F20D612B40B3
:10DA00000B43C0F8003701A8FFF7D4FF019B00EBE0
:10DA100083000127D0F800372B400B43C0F80037B4
:10DA200004200BF092FA092501A80194FFF7C2FF28
:10DA3000019AD0F81035D340DB0715D401A8019620
:10DA4000FFF7B8FF019B07FA03F3C0F80C35042079
:10DA50000BF07BFA30460BF02EFC013D04200BF05E
:10DA600074FA15F0FF05DFD101A80194FFF7A2FFBA
:10DA7000019A01239340C0F80C3504200BF065FA9D
:10DA800020460BF018FC04200BF05FFA01A801946B
:10DA9000FFF790FF019AD0F810350448D34003F007
:10DAA0000103C01A03B0F0BDF0F8FCFF0100AD0B9C
:10DAB000F7B5283989B2122927D8154BCB40DB0797
:10DAC00023D505691348866805F1080173689847EE
:10DAD0000023AB760446A8B9AB8B328928782F7E19
:10DAE000534301A90193FBF7BFFE044650B90198C7
:10DAF000384100EB800080B2E88300B20BF003FCF9
:10DB000085F82000204603B0F0BD6FF08504F9E7EA
:10DB10002100040050A4050070B50469124D284688
:10DB20000BF00DFCE0B11422002104F108000CF010
:10DB3000BBF904F11C020D4922614FF45062C4E9A3
:10DB4000001202220123626140F20C42E360228350
:10DB5000A376AB68214628461B68BDE8704018478D
:10DB60006FF0120070BD00BF50A4050005042840EE
:10DB700070B5054600B304783CB1104C104EB44269
:10DB800005D30E4CB4420BD30024204670BD204672
:10DB90000BF0D5FB10B12368AB42F6D01834EEE79A
:10DBA00020460BF0CCFB28B121682846D8F712FCA0
:10DBB0000028EAD01834E5E70446E6E7C8A10500E6
:10DBC00010A5050038B54FF02003EFF3118583F35E
:10DBD0001288BFF36F8F064B9C680BF0C4FB85F374
:10DBE0001188BFF36F8F2046BDE83840E2F7EEBDE5
:10DBF000488A0020104B70B553F82040013053F88C
:10DC00002060A64200D870BDD4E9003595B153B16B
:10DC10002846984738B10028B8BF4042EB68FF2833
:10DC2000A8BFFF201870EA68537843F001035370CF
:10DC30000834E6E79847FBE708DD050008B50A4B1E
:10DC4000012203201A70FFF7D5FF01F023FB042007
:10DC5000FFF7D0FF00F084F902F0BBFF034A137B0B
:10DC600023F00103137308BDA2900020304300206D
:10DC700008B50348034A0021121A0BF077FB08BDD0
:10DC800080160020A490002070B51A4E1A4D1B4932
:10DC9000C82386B003FB006601220023CDE90423DC
:10DCA0000F22CDE902320193182303FB00554FF4F4
:10DCB000A0720446124B009502FB0011304600F0A2
:10DCC000E5F8737B2C7423F0040373730D4BEE6043
:10DCD000013403EBC4236B600B4BBFF35B8F53E842
:10DCE000001F013143E80012002AF8D1BFF35B8F17
:10DCF00006B070BD68420020488A002060CF002036
:10DD0000D594050060C70020448A002080B500201B
:10DD1000B8B0FFF76FFF2D4B83F308882C4D2D4EC5
:10DD20006B692D4F43F400736B610024E02385F889
:10DD30002230EC772C766C76AC7685F820406B6AD6
:10DD400043F4E0236B6285F82340E2F709FDE2F734
:10DD5000A7FE4FF0FF33AB62EB62E2F715FFE2F78D
:10DD6000D3FE40F20113ADF8243006ABB360CDE929
:10DD70001F4422940BF0E2FA0120FFF73BFF022040
:10DD8000164DFFF737FF00F0ADFE154BB56105935B
:10DD9000012314490094CDE903434FF480623B46CC
:10DDA000CDE90144284600F071F86A7B064622F06E
:10DDB000040228466A730BF0BCFD2046FFF764FF9F
:10DDC0003A4631462846E2F747FE00BF60CF0020C2
:10DDD00000ED00E0488A00203DDC040030430020D4
:10DDE000C7F60500A0D0002038B5064C064DAC4261
:10DDF00001D3002038BDD4E9011220460BF0BAFA55
:10DE00001434F4E7E0110020E011002038B5064C8E
:10DE1000064D0020AC4200D338BD20460BF013FB6A
:10DE20000028F9DB1C34F5E770110020E011002018
:10DE300073B50C464FF02005EFF3118185F312887E
:10DE4000BFF36F8FC5685DB125602B68C3608369C0
:10DE500001338361002081F31188BFF36F8F11E0DC
:10DE600052EA030603D125606FF00B00F3E7CDE91A
:10DE700000230246083000F03FFD18B9024B9B68B2
:10DE80005B69236002B070BD488A00202DE9F04331
:10DE900085B0984600F158030732C0E91633109B4D
:10DEA000037322F0070504230026437301EB0509E1
:10DEB0000F9B83730F46C0E9066649468660C673AA
:10DEC0000446E2F7E9FA07300E9B20F00700E0660F
:10DED000C4E9197502930D9B0193A9EB00090C9BF2
:10DEE00000934A46434639462046E2F76FFD054B0C
:10DEF00066659B6803B11B6F2367484605B0BDE8A4
:10DF0000F08300BF488A0020F0B587B00025059552
:10DF1000109D04950F9D03950E9D0295DDE91276E7
:10DF20000D9D01950C9D00950446FFF7AFFFB6F1DE
:10DF3000FF3F08BFB7F1FF3F05D056EA070305D101
:10DF4000204600F04FFD204607B0F0BD03493A4699
:10DF5000334604F1180000F05FFFF4E7BB990500B9
:10DF600070B5224C224D86B02646AE4204F13004F4
:10DF70000AD300F087FD1D4C1E4EAC4220D306B0E4
:10DF8000BDE8704000F092BD54F80C3C059354F885
:10DF9000103C049354F8143C039354F8183C029337
:10DFA00054F81C3C019354F8203C009354E90A2394
:10DFB00054E90C01FFF76AFF54F8303C5E65D3E783
:10DFC000D4E90A23B3F1FF3F08BFB2F1FF3F05D008
:10DFD00052EA0301206803D100F004FD3034CCE79D
:10DFE0003146183000F018FFF8E700BF90A6050092
:10DFF000C0A60500BB9905002DE9F34104460E4675
:10E0000000F108084FF02001EFF3118781F3128827
:10E01000BFF36F8F056AC1688D422FD20BF0E8FC09
:10E02000A2680546314678B1002440690BF02EFF06
:10E030002846EC670BF07DFC4046394600F0C0FCFA
:10E04000204602B0BDE8F081E0690BF01FFFE369F4
:10E05000A26813446269E361934204BF2369E361E8
:10E06000236A013304F12400236210210BF0E7FE40
:10E07000002087F31188BFF36F8FE2E752EA0301B4
:10E080000AD0074989684E61CDE900233946024626
:10E09000404600F031FCD4E76FF02200E9E700BF12
:10E0A000488A0020F7B5044604F1080708464FF0F7
:10E0B0002001EFF3118681F31288BFF36F8F216A7D
:10E0C000002931D0A268A1690BF0E0FEA369A26823
:10E0D00013446269A361934204BF2369A361236A65
:10E0E000013B236220460BF083FC054660B3416987
:10E0F000A268E0690BF0CAFEE369A2681344626992
:10E10000E361934204BF2369E361236A013323621D
:10E1100000242846EC670BF00CFC3846314600F032
:10E120004FFC204603B0F0BD52EA03010AD0094972
:10E1300089684861CDE9002331462246384600F01F
:10E14000DBFBEFE76FF0220086F31188BFF36F8FE0
:10E15000E8E700BF488A00202DE9F341044617464E
:10E160001E464FF02003EFF3118883F31288BFF3AC
:10E170006F8FC368334A7BB180689168884219D039
:10E1800057EA060318D188F31188BFF36F8F6FF039
:10E190000F0002B0BDE8F081916891F90E10216185
:10E1A0000133E3609368A36088F31188BFF36F8F36
:10E1B0000020EEE72169F2E791F90E1090F90E3098
:10E1C0009942A8BF19466FF07E029142B8BF11462E
:10E1D0008B422EDD0BF08AF90546CDE900761A4810
:10E1E0002246414600F088FB0028E1D04FF0200392
:10E1F000EFF3118683F31288BFF36F8FA068D0B15D
:10E20000236821699C420AD04BB193F90E309942A0
:10E21000A8BF19466FF07E039942B8BF19460BF0AC
:10E2200065F940B10848314600F0CAFB6FF00A00BA
:10E23000AFE70025D1E7002DF4D186F31188BFF3B5
:10E240006F8FF3E7488A0020A390002038B58368D9
:10E2500004466BB3194A926893422CD1C368012BD0
:10E2600003D9013BC360002038BD4FF02003EFF31A
:10E27000118583F31288BFF36F8F016980680BF0FB
:10E2800035F920460BF0B4FBA06058B190F90E2090
:10E2900022610022C2670BF04CFB0948294600F0BE
:10E2A0008FFBE0E7E06085F31188BFF36F8FDAE75B
:10E2B0006FF01500D8E74FF0FF30D5E7488A00200F
:10E2C000A390002037B511464FF02002EFF31185DF
:10E2D00082F31288BFF36F8F04689CB12368426891
:10E2E00023F003039442036008BF436001212046EA
:10E2F0000BF071F9044685F31188BFF36F8F204648
:10E3000003B030BD51EA0302F5D000F10802CDE9B7
:10E3100000131046294600F0EFFA0028EFD1024B17
:10E320009B685C69EBE700BF488A002038B504466B
:10E330004FF02003EFF3118583F31288BFF36F8F43
:10E340000BF056FB48B10022C2670BF0F2FA2946E7
:10E350000848BDE8384000F033BBD4E902329A42A5
:10E3600018BF0133A360022104F110000BF067FD18
:10E37000EDE700BFA390002013B54FF02004EFF3AA
:10E38000118184F31288BFF36F8F846844B1013C1C
:10E39000846081F31188BFF36F8F002002B010BD3D
:10E3A00052EA030406D181F31188BFF36F8F6FF037
:10E3B0000F00F3E7CDE900230246024800F09CFA83
:10E3C000ECE700BFA390002070B504464FF0200397
:10E3D000EFF3118583F31288BFF36F8F6FF00A0696
:10E3E00020460BF005FB18B1C6670BF0A2FAF7E761
:10E3F000A060022104F110000BF021FD2946024823
:10E40000BDE8704000F0DCBAA39000201FB5094BB6
:10E41000029302AB00240093074908488DF80C4092
:10E420004FF0FF334FF4006200F088F8204604B04C
:10E4300010BD00BFCCF60500A0D40020F84300209A
:10E4400070B5C368C3F340069B0705460C460DD55F
:10E450000122002104F108000BF00EF900232360D3
:10E46000054B65605A681AB9C3E90044304670BD6F
:10E4700014605C60FAE700BF708A0020F8B5C368DA
:10E480009A0704460F46C3F340062CD45B071AD400
:10E490000B680BB983680B60E368DD0744BFA368B2
:10E4A0003B603D684CBF02260126002D3AD01F4B31
:10E4B0009B68AB420AD0D5F8E030D807C3F380029E
:10E4C00014D46FF0120600233B6025E00AF0F7FF3A
:10E4D000D5F8E0300028F0D1D907C3F3C002F0D559
:10E4E00052B15B0708D46FF00F06ECE7002AFAD1AF
:10E4F000C3F3C003002BF6D100232360D5F8CC3042
:10E5000063B9C5E9324428460BF0E0F8E36843F00C
:10E510000403E3603B68A3603046F8BD1C60C5F8A7
:10E52000CC40F0E76FF01506CDE700BF488A002029
:10E53000014601480BF050B9F8430020F0B589B00E
:10E5400004460020C4E932000E9D04F1D000C4E965
:10E55000340004F1D800C4E936001DB3287900283E
:10E5600040F2011008BF0120C4F8E00000204FF085
:10E57000FF364FF0FF37CDE90330CDE90100CDE99B
:10E580000667094B00942046FFF7BEFC25B12968B9
:10E5900011B120460AF099FF204609B0BDE8F040CD
:10E5A0000AF096BF0120DFE7A195020037B5019080
:10E5B00008464FF02001EFF3118481F31288BFF376
:10E5C0006F8FC16811F00E0F16D153EA020508D102
:10E5D00001A9FFF753FF84F31188BFF36F8F03B0D6
:10E5E00030BD41F00801C1600199816210300349DA
:10E5F00000F012FC0120EEE70020ECE74197050057
:10E6000001460148FFF7D2BFF8430020F7B50C469A
:10E61000019016461D464FF02003EFF3118783F358
:10E620001288BFF36F8F08460BF041F855EA0603D6
:10E6300009D101A92046FFF721FF87F31188BFF315
:10E640006F8F03B0F0BDE368064943F00803E36051
:10E65000019BA36204F1100032462B4600F0DCFB64
:10E660000120EAE74197050001460148FFF7CEBFC8
:10E67000F8430020C3897F2B12D80A4B1B6863B173
:10E68000094B90F90E201B689A4209DB437BDB069D
:10E6900006D1064BC31A18BF012303F001007047CF
:10E6A0000023FAE7808A00207C8A0020684200204C
:10E6B000044BC01A044BC0105843044B01221A5497
:10E6C000704700BFE0440020ABAAAAAAA390002094
:10E6D00070B50E4B0E4C1E7C06EB460304EBC304D8
:10E6E000054620460BF001FA0A4B002228469A55AF
:10E6F000FFF7C0FF48B1084B08491A68013A2046A5
:10E70000D317BDE8704000F087BB70BD488A002079
:10E71000E0440020A3900020808A0020B1E604009D
:10E7200038B50D4D2B4653F81C4F9C4200D004B910
:10E73000EC68AB6838B95A7BD20604D1A26912B929
:10E74000DA897F2A05D89C4202D02046FFF7C0FF15
:10E750002346AB6138BD00BF488A002070B590F9F0
:10E760000D20437B002A014604DA03F07F03437344
:10E770000BF09CF84B7B154A63F07F0310464B73FC
:10E7800050F81C3F146A834208BF002323B9C1E933
:10E790000004216011620CE091F90E5093F90E60B3
:10E7A000B5420ED0AE420CDD5868C1E900300160C0
:10E7B00059609068431A5842BDE870405841FFF7CD
:10E7C000AFBF9C42E3D01B68E0E700BF488A00204F
:10E7D00070B490F90D30427B002B29DBD30627D192
:10E7E00083692BBB134962F07F0242730A4652F8D9
:10E7F0001C4F944218BF23460C6A23B9C0E9002479
:10E80000206008620CE090F90E5093F90E60B5425A
:10E810000AD0AE4208DD5A68C0E900321060586084
:10E8200070BC0020FFF77CBFA342E7D01B68E4E781
:10E8300070BC7047488A002008B590F90D20437BD2
:10E84000002A014604DA03F07F0343730BF02EF82D
:10E85000044B9868431A58425841BDE80840FFF7F6
:10E860005FBF00BF488A002070B515461C460646AB
:10E870000BF037F8B4F1FF3F08BFB5F1FF3F08D008
:10E880002A46234606F118000249BDE8704000F010
:10E89000C3BA70BDBB99050038B54FF02003EFF344
:10E8A000118583F31288BFF36F8F104B104A9C6859
:10E8B0001068A04206D1FFF70BFF85F31188BFF364
:10E8C0006F8F38BD00211B7C11600A4AD35C002B7E
:10E8D000F3D02046FFF7CEFE0028EED0637BDB06A8
:10E8E00002D12046FFF73AFF2046E4E7488A00209D
:10E8F000788A0020A390002070B50C480C4D8668E3
:10E900002E600C461146DDE904234FF02006EFF39C
:10E91000118586F31288BFF36F8F8068FFF7A4FF1D
:10E920002046BDE87040E1F767BF00BF488A00207D
:10E93000788A0020F8B504464FF02003EFF31186E3
:10E9400083F31288BFF36F8F437BDA0649B219D184
:10E950008569BDB903F07F0343730AF0A7FF437BCA
:10E96000164A817363F07F034373134653F81C0FF9
:10E97000984218BF0546106A5DB9C4E900300460CA
:10E98000146211E0A173002086F31188BFF36F8F2A
:10E99000F8BD95F90E70B9420BD08F4209DD6B6856
:10E9A000C4E900531C606C600120FFF7B9FE012030
:10E9B000EAE7A842E1D02D68DEE700BF488A0020E0
:10E9C00049B9EFF3058030B9054B9A699B689A42C3
:10E9D00001D0E1F711BF81F31188BFF36F8F70474A
:10E9E000488A002010B54FF02002EFF3118482F323
:10E9F0001288BFF36F8F427B510704D484F31188D0
:10EA0000BFF36F8F10BD22F004024273FFF7E0FEE8
:10EA100021460248BDE81040FFF7D2BFA490002075
:10EA200070B5044618300BF060F84FF02003EFF398
:10EA3000118683F31288BFF36F8F94F90D20637BE7
:10EA4000002A05DA03F07F03637320460AF02EFFE5
:10EA50000B4D637BA86843F010036373031B58429C
:10EA60005841FFF75DFE86F31188BFF36F8FAB68E7
:10EA7000A34203D1BDE870400AF0FABF70BD00BFE9
:10EA8000488A00204FF02003EFF3118183F31288AE
:10EA9000BFF36F8F044B9A68D37B013BD37381F331
:10EAA0001188BFF36F8F7047488A002010B54FF070
:10EAB0002003EFF3118483F31288BFF36F8F084BA9
:10EAC0009A68D37B0133D3730020FFF729FE84F3C8
:10EAD0001188BFF36F8FBDE810400AF0C9BF00BFB7
:10EAE000488A0020024B03F11C02C3E90722704749
:10EAF000488A0020F8B54FF02003EFF3118583F327
:10EB00001288BFF36F8F19498868437B03F07F0336
:10EB100043730AF0CBFE8B685A7B084662F07F0293
:10EB20005A7350F81C2F0C6A824208BF002222B987
:10EB3000C3E9000423600B620CE093F90E6092F9C4
:10EB40000E70BE420ED0B7420CDD5168C3E9002101
:10EB50000B6053600120FFF7E3FD2846BDE8F84055
:10EB6000E1F74ABEA242E3D01268E0E7488A0020FB
:10EB700050EA01032DE9F04105460E4603D1FFF7A7
:10EB8000B9FF00202CE0831C71F1FF332ADB0AF06F
:10EB9000C2FF2C184FF02003EFF3118883F3128883
:10EBA000BFF36F8F114F124BB8681860FFF744FE28
:10EBB000B86810492A463346183000F02DF9BA6873
:10EBC000537B43F0100353734046E1F715FE0AF000
:10EBD000A2FF201A63EB0303012873F10003D0DBCB
:10EBE000BDE8F0816FF00104241AD3E7488A0020C1
:10EBF000788A0020BB990500B1F1FF3F08BFB0F152
:10EC0000FF3F08B506D1084B9868FFF709FF4FF0A2
:10EC1000FF3008BDFFF7ACFF4FF47A7380FB0303AE
:10EC2000C00B40EA4340F4E7488A002038B50A4C5C
:10EC30000A4A4FF400450021C0FB0541002320464D
:10EC4000D7F75EFAC117FFF793FF044B80FB03036E
:10EC5000C00B40EA434038BD3F420F0040420F0026
:10EC6000014B9868704700BF488A00202DE9F041A9
:10EC700004464FF02003EFF3118683F31288BFF3AD
:10EC80006F8F037BD9070BD586F31188BFF36F8F86
:10EC9000404080F311884FF0040002DFBDE8F081AE
:10ECA000437B1A0704D586F31188BFF36F8FF5E70E
:10ECB00023F0200242F00801D20923D14173A36856
:10ECC00013B120460AF0FAFD04F118000AF00DFF16
:10ECD00004F158074FF00008A56DBD4200D0CDB932
:10ECE0000120FFF71DFD2046E1F790FE104B9B68C9
:10ECF000A342D8D1EFF30583002BD4D13046E1F7FE
:10ED00007BFDD0E703F05F0343F0080343730AF091
:10ED1000CDFDD4E728460AF0D1FD05F118000AF030
:10ED2000E4FEC5F87C802846FFF752FDD4E700BF1B
:10ED3000488A0020D3B5DDE90667089CCDE9006765
:10ED4000FFF7DAFD1CB1034B9B685B69236002B0DF
:10ED5000D0BD00BF488A002008B50648064A0749CA
:10ED6000121A0AF005FBBDE80840054A05490648A5
:10ED70000AF0FEBA000000207C160020E4F705002F
:10ED800000000000E4F7050000000020034B1B68B2
:10ED90000BB9FCF747B90020704700BF848A0020F8
:10EDA00010B50E4B1C689C4204D1FFF7EFFF6FF0CB
:10EDB000004010BDFFF7EAFF002CF8D0D4E9043280
:10EDC0001B1A62EBE072B3F1004F72F10001EEDA50
:10EDD000002AACBF18460020EBE700BFFC0E002065
:10EDE00030B570B10B4B5B6898420AD0036843B1F1
:10EDF000D3E90421D0E90445121941EB0501C3E927
:10EE00000421D0E9003213605A600023C0E90033C6
:10EE100030BD00BFFC0E0020B3F1FF3F08BFB2F1D0
:10EE2000FF3FF8B504461D4616465CD081604FF0A2
:10EE30002003EFF3118783F31288BFF36F8F013242
:10EE400075F1FF3324DA2D49D1E900206FF0010379
:10EE50009B1A4FF0FF3262EB00009E1B60EB050037
:10EE6000012E70F1000301DA01260020C4E90460DC
:10EE7000234ED6F800C07568B44508BF4FF0000CAB
:10EE8000BCF1000F0DD1C4E900652C6074601CE07A
:10EE9000FFF77CFF013645F10005361845EBE070C1
:10EEA000E4E7DCE90420D4E90431934271EB000E7D
:10EEB0001ADAD21ADCF8043060EB0100CCE9042045
:10EEC000C4E900C31C60CCF804403368B34206D0E8
:10EED0009C4204D1FFF764FF0021FCF775F887F32B
:10EEE0001188BFF36F8FF8BD9B1A61EB0001AC4531
:10EEF000C4E90431C7D0DCF800C0C1E7F844002001
:10EF0000FC0E00202DE9F84F4FF02003EFF311879E
:10EF100083F31288BFF36F8FDFF8B8902B4E2C4C21
:10EF20003060D9F800004FF0000A484508BF0020C3
:10EF30004FF0000BD4E9001E33683D4688B3D0E99A
:10EF400004874FEAE37C43457CEB070206DAB8EB23
:10EF5000030267EB0C07C0E9042722E018EB01016C
:10EF60004EEBE873C0E904ABC4E90013FFF738FFC8
:10EF700085F31188BFF36F8F836898474FF02003A4
:10EF8000EFF3118583F31288BFF36F8F3368D9F8DD
:10EF90000000A3EB080348452F463360CAD1D4E9EB
:10EFA000001E59184EEBE373C4E9001300243460CB
:10EFB000FFF7F6FE2146FCF707F885F31188BFF34B
:10EFC0006F8FBDE8F84FFFF767BC00BF848A002051
:10EFD000F8440020FC0E002010B54FF02003EFF3A2
:10EFE000118483F31288BFF36F8FFFF7CFFE064AB9
:10EFF0000346D2E90001181841EBE37184F311884C
:10F00000BFF36F8F10BD00BFF8440020F8B5044671
:10F010004FF02003EFF3118783F31288BFF36F8F54
:10F02000026822B187F31188BFF36F8FF8BDD0E972
:10F030000A36581C46F10001022871F1000127D35D
:10F04000012B76F10001BCBF012316465D1E46F17F
:10F05000FF360AF064FD013041F10001401946EB32
:10F060000101012871F100013ADB0AF058FD01307D
:10F0700041F100016FF00102401946EB0103121A41
:10F080004FF0FF3161EB030318492046FFF7C4FE40
:10F09000236B01332363236A73B187F31188BFF3B2
:10F0A0006F8F236A204698474FF02003EFF31187B4
:10F0B00083F31288BFF36F8F54F8185FA542B1D065
:10F0C000002DAFD028460AF044FC0023EB6787F3FD
:10F0D0001188BFF36F8F2846BDE8F8400AF029BCBD
:10F0E0006FF001024FF0FF33CEE700BF0DF00400D8
:10F0F0002DE9F047B3F1FF3F08BFB2F1FF3FDDE973
:10F10000088905461C4617461E461BD0531C74F141
:10F11000FF3308DB012A74F10003BCBF0122002485
:10F12000571E44F1FF3628460AF0DFFCC5E90A897C
:10F1300000232B633A46334628460349BDE8F0478F
:10F14000FFF76ABEBDE8F0870DF004002DE9F34734
:10F150001D46294B9F68012387F8603087F861308E
:10F1600052EA050316460CBF0123002307F1600293
:10F1700080460AF098FD81464FF02003EFF3118A94
:10F1800083F31288BFF36F8F97F8604064B901462C
:10F19000524640460AF027FD8AF31188BFF36F8F6D
:10F1A000204602B0BDE8F087002387F8603056EAB9
:10F1B000050306D18AF31188BFF36F8F6FF00A043D
:10F1C000EEE7CDE900650D4A0D485146FFF794FB87
:10F1D00004464FF02003EFF3118583F31288BFF349
:10F1E0006F8F2A46494640460AF0FDFC85F3118898
:10F1F000BFF36F8FD4E700BF488A0020040F0020C0
:10F20000A490002038B503464FF02002EFF311859B
:10F2100082F31288BFF36F8FC160012181600068A3
:10F22000834206D185F31188BFF36F8F00242046F7
:10F2300038BDD0E9003213605A600023C0E90033C2
:10F240000AF0A8FD294604460148FFF7B9FBEEE79E
:10F25000A490002073B506460D460AF030F978B93F
:10F260000B4B9B681C6F7CB12A1D09D2002000212A
:10F27000CDE9000146F0040120460AF084F808B9FF
:10F28000002401E00460041D204602B070BD00BFF0
:10F29000488A0020014801F034BE00BFD5F60500C1
:10F2A00008B5054B044613B10021AFF3008000F010
:10F2B000A5FB2046E1F7FAFC000000000CB430B5D5
:10F2C00089B005460C461C22002101A80AF0ECFD7D
:10F2D00002238DF806300E4B0293059523462CB180
:10F2E000B4F1004F28BF4FF00043013B1D440DAA6D
:10F2F0000C99069501A8009200F0E8F814B1059B5E
:10F3000000221A7009B0BDE8304002B0704700BF5B
:10F31000AB9F0500242A2DE9F041044601D8012ABB
:10F320004CD10AF04BFE354B16221A5001B10C603D
:10F3300000273846BDE8F08135462E4616F8010B09
:10F340002028F9D0A0F10907042F0346F4D92B286F
:10F3500036D02D2837D14FF0010C6B78AE1C302BF6
:10F3600038D1307840F0200078282FD132F01000CA
:10F370002CD173783446102202360CF1004001384B
:10F380000027B0FBF2FE02FB1E08392B82BF03F1FF
:10F39000FF3343F02003263B303B9A421ED977458A
:10F3A00002DC03D1984501D24CF0020C354607FB34
:10F3B000023715F8013B34462E46E6E70546BCE722
:10F3C0004FF0000CC9E74FF0000CC8E7002A08BF57
:10F3D0000822D2E7002A08BF0A22CEE701B10C605A
:10F3E0001CF0010F18BF7F421CF0020FA1D007468E
:10F3F0000AF0E4FD014B22221A509AE70C000000AB
:10F40000242AF0B5044601D8012A40D10AF0D6FDDD
:10F410002D4B16221A5001B10C600020F0BD2F4672
:10F420003D4615F8010B2028F9D0A0F10906042E5D
:10F430000346F4D92B282CD02D282CD101267B78FB
:10F44000BD1C302B2DD1287840F02000782824D105
:10F4500032F0100021D16B782C46102202350020AA
:10F46000392B82BF03F1FF3343F02003263B303BAF
:10F470009A421AD9A0FB02040CB9C01801D346F075
:10F4800002062F462C4617F8013B3D46E8E70746A3
:10F49000C6E70026D3E70026D3E7002A08BF0822E4
:10F4A000DDE7002A08BF0A22D9E701B10C60F207A4
:10F4B00048BF4042B307B1D50AF080FD024B22227B
:10F4C0001A504FF0FF30A9E70C0000002DE9F04F73
:10F4D0008BB043680193837881469807144640F1C6
:10F4E000098100250F78002F00F00681252F0BD011
:10F4F0004B1C02930135019B49463846984700282A
:10F50000C0F2F2800299EDE74F788B1C252F029311
:10F51000F0D000239A469846B8F11F0F37D8A7F1CC
:10F520002002102A0AD8DFE802F02909092F090968
:10F53000092009090927092C09091E00A7F1300231
:10F54000092A32D92A2F36D118F0400F54F8042B4B
:10F550007ED1002AA7BF48F020089246C2F1000AD7
:10F5600048F0280801E048F00108029A12F8017BEF
:10F570000292002FD0D130E048F0020848F0040891
:10F58000F3E748F00808F0E748F01008EDE7B8F1B5
:10F590007F0F19D8A7F13002092AD3D818F0400FED
:10F5A00003D00A2101FB0323DFE70A2101FB0A2A1A
:10F5B00048F02008D9E72E2F06D118F0400F40F070
:10F5C0009B8048F04008D0E76C2F2ED028D8682FB9
:10F5D00033D06A2F39D04C2F37D0002B47F0200280
:10F5E000B8BF28F04008A2F16501BCBF1FFA88F837
:10F5F0000023022901D9612A2CD1073424F0070401
:10F60000A24E0834072718F0080F64D006EB070B4A
:10F61000B046D84561D1AE1BB044AAEB070A62E1FF
:10F62000742FA2D07A2FA0D0D7E718F0800F18BF80
:10F6300048F4007848F0800897E718F4807F18BFF6
:10F6400048F4007848F480788FE748F420788CE715
:10F6500013468AE7A7F16301122900F2E080DFE890
:10F6600011F013004F00DE00DE00DE00DE004F0070
:10F67000DE00DE00DE00DE00DE00EE00D900DE008F
:10F68000DE001A00DE00A30054F8043B8DF81C30A5
:10F69000012707AEB7E754F8046B7D4A002E08BF78
:10F6A000164618F0400F14BF19464FF0FF31304690
:10F6B0000AF06FFC0746A6E7019B494620209847C1
:10F6C000002811DB08F1FF384745F5D35544A5EB79
:10F6D0000805C2469AE7D046F6E718F8010B019BE9
:10F6E00049469847002894DA99F8023043F0040319
:10F6F00089F802304FF0FF3528460BB0BDE8F08F97
:10F7000018F0800F2ED018F4007F1BBF073424F0B0
:10F71000070454F8040B54F8080B28F010060028CE
:10F72000B6B22ADA404246F4806603930DF11C0813
:10F730000A2241460AF013FC7206039BA0EB08085C
:10F7400053D526F00101434589B240F39380002F41
:10F7500000F08B8016F01002039240F08D809B46E3
:10F760000E4616E018F4807F54F8040BD5D018F438
:10F77000007F14BF40B200B2CFE7D6D118F0400FDF
:10F78000D3D0002BD1D128F011081FFA88F69B4660
:10F79000984640F2064116EA010203921EBF00227B
:10F7A0000BF1010B039228E028F010081FFA88F8EB
:10F7B0000A2218F0800F45D018F4007F1BBF0734D1
:10F7C00024F0070454F8040B54F8080B002844D123
:10F7D00028F0160618F0400FB6B242D0002B40D1E8
:10F7E00028F017081FFA88F6984616F010020392C0
:10F7F00049D0002F45D108F1010B31075CD4F20745
:10F8000006D5DA4572DDAAEB0B0202EB0803D346FC
:10F810005A464BE048F0100810227827C9E7782AAA
:10F8200004D1C7F1780242F01002C2E7019B4946B9
:10F83000252098470028FFF657AF02355BE60822DF
:10F840000027B6E718F4807F54F8040BBED018F4F4
:10F85000007F14BFC0B280B2B8E728F006081FFAD4
:10F8600088F603930DF11C0863E726F01106B6B283
:10F870009B468EE70E46B8E71A460E4602F1020B8B
:10F88000BBE74246FAE7C34683E700BF0AF7050035
:10F8900003F70500CDE904324946019B2020984733
:10F8A0000028FFF621AF059A049B01329245F1DC56
:10F8B000A5EB0B018D189346039A1AB3039349469F
:10F8C000019B302098470028FFF60EAF039B7FB9BD
:10F8D00001355E19711B414526DC464607AF66BB04
:10F8E000A844AAEB0B0A4546C24437E043468FE7DB
:10F8F0000393023549463846019B98470028039BED
:10F90000E7DAF1E640F206410E42E2D016F0020FCD
:10F9100014BF2B20202016F4806F039305F10105FE
:10F92000494618BF2D20E7E7019B494630209847FC
:10F93000002805F10105CDDAD6E6013E019BB85D50
:10F94000494698470028CADACEE6019B494620205E
:10F950009847002805F10105FFF6C6AEAAEB05039E
:10F96000002BF2DCCEE500BFF0B589B005460C46B1
:10F97000164600211C2201A81F460AF095FA022310
:10F980008DF806300B4B0293059520462CB1B4F14F
:10F99000004F28BF4FF00040013805443A46314639
:10F9A00001A80695FFF792FD14B1059B00221A707D
:10F9B00009B0F0BDAB9F050070B588B004460D4698
:10F9C000164600211C2201A80AF06EFA02238DF8C7
:10F9D0000630094B029304F10043013B32462946AD
:10F9E00001A806930594FFF771FD0028A4BF00232A
:10F9F000235408B070BD00BFAB9F050038B5074D5C
:10FA0000074C641BA41024B9064B0BB1AFF3008064
:10FA100038BD013C55F824309847F4E70000000059
:10FA200000000000000000007047F8B506460846D8
:10FA30000F461446D6F7E0FC054654B1013C84421B
:10FA40002246394628BF024630460AF01FFA0023F4
:10FA500033552846F8BDD9F741BF82B02DE9F041B2
:10FA60008CB012A981E80C009DF8603007460DF1BA
:10FA700018082BB30D460FCD6C460FC495E8030054
:10FA800084E803006E460FCE45460FC594E8030098
:10FA900085E803007868D9F721FF40B383689D6843
:10FAA00065B30CAB13E90F0014AC84E80F0098E8C1
:10FAB0000C00384629460CB0BDE8F04102B00847BA
:10FAC00012AC0FCC6D460FC594E8030085E8030027
:10FAD0006C460FCC46460FC695E8030086E8030047
:10FAE0007868D9F7FBFE10B18368DD68D8E76FF05E
:10FAF00015000CB0BDE8F04102B070476FF0850012
:10FB0000F7E782B02DE9F04196B01CA981E80C001E
:10FB10000FC806AD85E80F009DF888709DF88060DD
:10FB20000846D9F7DBFE8046002874D00DF1700C32
:10FB3000BCE80F000AAC0FC48DF880609CE803009D
:10FB400084E803008DF838600DF1280EBEE80F0040
:10FB50000DF1400CACE80F0094E803008CE80300C2
:10FB60000798D9F7BBFE83685C680DF1400C4CB177
:10FB700016AB13E90F008DE80F0028469CE80C0037
:10FB8000A04748B9D8F808301B78012B33D0022B96
:10FB900007D053B36FF0850016B0BDE8F04102B056
:10FBA000704704971EAC8DF8806094E80F008DE8D4
:10FBB0000F001CAB0CCB29460020DCF76BFF049731
:10FBC00094E80F008DE80F001CAB0CCB29460120F8
:10FBD000DCF760FF049794E80F008DE80F001CAB82
:10FBE0000CCB2846FFF739FFD6E78DF880600497E5
:10FBF0001EAB0FCBF1E704971EAB8DF880600FCBE7
:10FC00008DE80F00FF2E1CAB0CCBEAD02946304606
:10FC1000DCF740FFC0E70120BEE700200860704726
:10FC2000F0B559B3C2F30744002395B2067B042E06
:10FC300005D8DFE806F003191D0C170082B1013367
:10FC40008B4200F11000F1D16FF01500F0BD072CD0
:10FC500004D00C2CF3D1FF2D02D9F0E7002DEED00B
:10FC60000020F3E7542AF7E74668B242F8D0E6E707
:10FC70004668B242E3D38668B242EDE76FF0120005
:10FC8000E4E72DE9F0410E46144608B1076837B99C
:10FC9000344314BF6FF012000020BDE8F0814568C6
:10FCA0004FF00008D5E900103246FFF7B9FF0028F1
:10FCB00002DA13300AD14EB9D5E902102246FFF715
:10FCC000AFFF00280BDA133000D154B108F101085E
:10FCD000B84505F11005E5D16FF01500DDE700200E
:10FCE000DBE72046D9E713B504464068D9F7F6FDAF
:10FCF00018B96FF0120002B010BD83689A694AB15A
:10FD0000694690470028F6DBD4E902126846FFF7FF
:10FD1000B8FFF0E7DB69002BEBD093E8030002AB00
:10FD200003E90300F0E710B5837A04681A44C37A44
:10FD30001944437A14B901FB032010BD13FB01F3EE
:10FD4000134442689BB2934204D254F8230008B192
:10FD50000138F2E76FF01500EFE7084307D1824260
:10FD600001D10020704743F820000130F7E76FF021
:10FD700015007047D9F732BF0021D9F755BF0123CD
:10FD800003FA01F103691B68194218BF82F00102EE
:10FD900012B18368DB68184783681B69FBE7036956
:10FDA0001878704770B50669456800246B689C42F6
:10FDB00005D301233370BDE87040DAF717B82B681C
:10FDC00003EBC40153F8340009790122FFF7D7FF90
:10FDD00008B90134EAE76FF0040070BD70B5066938
:10FDE000456800246B689C4205D300233370BDE84E
:10FDF0007040D9F7FBBF2B6803EBC40153F8340004
:10FE000009790022FFF7BBFF08B90134EAE76FF078
:10FE1000040070BD08B529B1012906D1FFF7C2FF62
:10FE2000002008BDFFF7DAFFFAE76FF08500F8E77A
:10FE300070B5A1F10804064605460FCC0FC594E83D
:10FE40000F0085E80F00304670BD82B008B502A9EA
:10FE5000406881E80C00FFF7FEFD43681868DEF794
:10FE6000A3F983681B6803B118476FF085007047DA
:10FE700083685B6803B118476FF08500704783683B
:10FE80009B6803B118476FF08500704782B08DE81A
:10FE90000C00002002B0704770B5002406462546CD
:10FEA00046FA04F3DB0703D5E0B2DAF795F8054428
:10FEB0000134082CF4D1284670BD70B500240646E4
:10FEC000254646FA04F3DB0703D5E0B2DAF7AAF8D1
:10FED00005440134082CF4D1284670BDC0F3074313
:10FEE000072B04D00C2B05D06FF01500704780B2A3
:10FEF000DAF734B980B2DAF785B9C0F30743072BD4
:10FF000004D00C2B05D06FF01500704780B2DAF7E3
:10FF10003DB980B2DAF78CB9C0F30743072B03D0A1
:10FF20000C2B04D00020704780B2DAF74BB980B2B6
:10FF3000DAF796B970B510F47F0F86B2C0F30744B4
:10FF400088B0A6F1E0054FEA10601AD1072D1CD940
:10FF50000724C5B20020CDE9062308AB8DF81100B7
:10FF60008DF8121013E903008DE80300ADF8084086
:10FF700003968DF8105002AB0FCBDBF7C3FA08B035
:10FF800070BD072DE5D8072CE3D1C0B207240025AA
:10FF9000E1E782B08DE80C008068DDE902230021F2
:10FFA00002B0FFF7C7BF82B08DE80C008068DDE9C2
:10FFB0000223012102B0FFF7BDBF82B08DE80C0023
:10FFC000002002B0704770B510F47F0F86B2C0F306
:10FFD000074488B0A6F1E0054FEA10601AD1072D5A
:10FFE0001CD90724C5B20020CDE9062308AB8DF843
:10FFF00011008DF8121013E903008DE80300ADF82D
:020000025000AC
:10000000084003968DF8105002AB0FCBDBF77AFA5D
:1000100008B070BD072DE5D8072CE3D1C0B2072486
:100020000025E1E782B0D0B5044604A9406881E824
:100030000C00DDE90667FFF70EFD43681B78012B16
:100040000BD0022B0DD0ABB932463B460121A06844
:10005000BDE8D04002B0FFF7B6BF32463B460021B4
:10006000F5E7A068FFF758FF80F0010132463B46F4
:10007000C9B2ECE7BDE8D0406FF0850002B0704730
:1000800010B40A4670B18468A36913B15DF8044BDB
:100090001847E16949B103C982E8030018465DF8D1
:1000A000044B70476FF01500F9E76FF01200F6E7A8
:1000B00030B591B004460AAD18220021284609F057
:1000C000F3FE23680B93D4E904230021CDE90C232C
:1000D00006A823798DF83830102209F0E5FEE3698F
:1000E0005B680793A36808930023049310AB13E99C
:1000F0000F008DE80F0006A895E80C00FFF701FD42
:1001000011B030BD70B5C669037EF27D90B0044673
:100110000AB1032B2CD0023B012B05D8204610B08E
:10012000BDE87040FFF7C4BF0AAD18220021284681
:1001300009F0BAFE23680B93D4E904230021CDE92A
:100140000C2306A823798DF83830102209F0ACFE74
:10015000B3680793E36808930023049310AB13E993
:100160000F008DE80F0006A895E80C00FFF7C9FC0A
:1001700010B070BD30B591B004460AAD1822002110
:10018000284609F091FE23680B93D4E9042300214B
:10019000CDE90C2306A823798DF83830102209F018
:1001A00083FEE3695B680793A368089301230493C4
:1001B00010AB13E90F008DE80F0006A895E80C00BE
:1001C000FFF79FFC11B030BD90F830304BB142F2D8
:1001D0000F7340F8203C002300F8083C80F83030D2
:1001E000704704212038DAF7D9B873B54668046936
:1001F00070680D46FFF72FFC6946FFF741FF0028A6
:100200001ADB009B2BB1019B5B686360019B1B6841
:100210002360B068FFF71FFC6946FFF731FF002835
:100220000ADB009B23B1019B5A68E2601B68A36054
:1002300001236C602B60002002B070BDF0B5044655
:1002400091B017460021102206A81E4609F02CFE88
:10025000E3680AADDB6807931822A36808930021BE
:10026000284609F021FE23680D96CDE90B37237946
:100270008DF838304FF0FF3323600023049310AB28
:1002800013E90F008DE80F0006A895E80C00FFF7B2
:1002900038FC11B0F0BD13B54368D8680C46FFF7C1
:1002A000DAFB08B383689A698AB1694690470028E7
:1002B0000BDB019A0099002308328B420FD102AB6D
:1002C00013E9030084E80300002002B010BDDB69DD
:1002D0006BB193E8030002AB03E90300E9E71801FF
:1002E000105838B90133E8E76FF01500EDE76FF00B
:1002F0001200EAE76FF08500E7E7C26852791AB1A9
:100300004FF0FF3202607047D0E90623FFF796BF37
:1003100050F8203C013309D010F80F3C1BB10023EA
:1003200000F80F3C70472038FFF7E7BF704710B563
:100330000446203009F075FA773004BF0123637456
:1003400010BDF0B5044691B017460021102206A852
:100350001E4609F0A9FDE3680AADDB680793182281
:10036000A36808930021284609F09EFD23680D9696
:10037000CDE90B3723798DF838300123049310AB86
:1003800013E90F008DE80F0006A895E80C00FFF7B1
:10039000B8FB11B0F0BD82B08DE80C00002002B0B7
:1003A000704782B008B502A9406881E80C00FFF7E9
:1003B00052FB0269137883F001031370BDE8084013
:1003C000002002B0704782B037B506A9406881E8C6
:1003D0000C00FFF740FB05692B88EBB105F1180312
:1003E0002C461A4654F8041B42F8041B9C42F9D1CF
:1003F00009F095FB4FF47A72A0FB020302FB013176
:10040000C00B40EA4140C90BC5E90A018DE8030071
:1004100094E80F00DBF776F8002003B0BDE8304029
:1004200002B0704782B013B504A9406881E80C009F
:10043000FFF711FB0469238BBBB109F070FB4FF48C
:100440007A72A0FB020302FB0131C00B40EA41407B
:100450000023C90BC4E90A0184F822308DE80300A7
:10046000183494E80F00DBF74DF8002002B0BDE827
:10047000104002B0704782B08DE80C00007A02B0E4
:1004800000F072B982B08DE80C00007A02B000F082
:1004900068B982B010B586B008A9406881E80C0040
:1004A000FFF7D9FA02691468A4B10023136004931A
:1004B0000AAB0FCB8DE80F0008AB20460CCBFFF743
:1004C00020FB0446D9F732FE204606B0BDE81040B6
:1004D00002B070476FF08504F6E782B030B587B0A0
:1004E0000AA9406881E80C00FFF7B5FA056944687D
:1004F0002B68DBB9D9F76AFD94F82030184204D094
:1005000094F82100D9F7FAFD103401232C600493EC
:100510000CAB0FCB8DE80F000AAB0CCB2046FFF7DE
:10052000F0FA07B0BDE8304002B070476FF08500C8
:10053000F7E782B08DE80C008368012B05D0022B11
:1005400007D043B902B0DAF73FBC002002B0DAF7B7
:1005500027BC0120FAE76FF0850002B0704782B037
:100560008DE80C00002002B0704782B010B5044640
:1005700002A9406881E80C00FFF76DFA43681B7818
:10058000012B08D0022B0CD08BB9207ABDE810408B
:1005900002B000F0E6B8207ABDE8104002B000F0EA
:1005A000E3B8207ABDE8104002B000F0E0B8BDE842
:1005B00010406FF0850002B0704782B08DE80C00EB
:1005C000002002B0704782B008B502A9007A81E825
:1005D0000C0000F0DBF8BDE80840002002B07047D6
:1005E00082B08DE80C00012002B0704782B08DE827
:1005F0000C00012002B0704782B08DE80C00002092
:1006000002B0704782B08DE80C00002002B0704745
:1006100082B08DE80C00002002B0704782B008B5AF
:1006200002A981E80C00DCF7D1FDBDE808400020FC
:1006300002B0704784B00DF1100C0CE9030069465C
:1006400081E80C009DF808209DF8003093420BD102
:1006500043B1012B08D10398019BC31A584258415A
:1006600004B070470120FBE70020F9E782B002AB3D
:1006700003E903009DF80030012B06BF0846013056
:10068000002002B07047072804D00C2804D06FF077
:1006900085007047DAF7EABADAF7FEBA08B5D9F793
:1006A000A9FDD9F7D5FDDAF7E1FABDE80840DAF798
:1006B000F3BA08B5DAF750FB002008BD38B5DAF711
:1006C0003DFF0446002835D003884268A17A42EAFB
:1006D000034089B3E03A072A02D8DBB2072B0DD0DA
:1006E000FFF71AFC50B12088636843EA0040FFF727
:1006F00004FC00281EDB2088FFF7C5FF2088636804
:1007000043EA0040FFF7EAFB002813DB607AFFF7BB
:10071000C3FB0546207AD9F7BFFC2388072B06D0F8
:10072000002D01DC002802DD0720FFF7ACFF208848
:10073000FFF7A9FF002038BDFFF7DFFB0028F9DB3A
:10074000607AFFF7BAFB0546D9F7C0FCE5E7034638
:10075000012000FA03F28A431CBFB3FA83F0400978
:1007600070470121DAF75EBC0021DAF75BBC10B5F7
:100770000446DAF7A5FC20B12046BDE81040FFF79B
:10078000F3BF2046BDE81040FFF7EBBF10B50446AD
:100790000020FFF7E9FF2046FFF7E3FF002010BD30
:1007A000084314BF6FF0150000207047F0B50D46E8
:1007B0008DB00746D1B2284614461E46DAF7A4FC8F
:1007C000DDE91223CDE908238DF8287004960CABDF
:1007D000844613E90F00CDE906548DE80F00234647
:1007E0002A466046FFF78DF90DB0F0BD37B5D9F751
:1007F0006BFB034650B1D3E90445027A0078CDE99A
:1008000000455968DAF72EFE03B030BD6FF0850061
:10081000FAE770B5A1F10804064605460FCC0FC5EE
:1008200094E80F0085E80F00304670BD13B56C46A4
:100830002046DAF787FA94E8030002B0BDE81040DA
:10084000DAF786BE08B5FFF7F1FFBDE80840DBF731
:1008500057BB08B50020FFF7F5FF002008BD82B0A8
:100860006B4683E8060093E80600007802B0DAF7EA
:100870007FBE82B08DE80C00002002B0704782B0CD
:1008800008B502A981E80C008368052B24D8DFE8AD
:1008900003F0030A0F141A1DDBF7F2F80020BDE87D
:1008A000084002B07047BDE8084002B0DBF72AB943
:1008B000BDE8084002B0DBF733B9BDE80840007B73
:1008C00002B0DBF703B900F043F8E7E7BDE8084002
:1008D000007B02B0DBF732B96FF08500DFE7DAF7B3
:1008E00073BE072209F019BB00B589B003F07DFF84
:1008F0006946DAF79FFE09B05DF804FB00B589B0E0
:1009000003F073FF6946DAF795FE09B05DF804FB62
:1009100000B589B003F069FF6946DAF78BFE09B0CC
:100920005DF804FB00B58BB06946E3F779FB9DF8F1
:100930000130012B08D1DAF761FF002814BF002035
:1009400006200BB05DF804FB0020FAE7DAF7D8BF09
:1009500008B50020DAF788FF0120DAF785FF0220CA
:10096000DAF782FF0020DBF7B1F8BDE80840DAF7DC
:10097000C7BF704737B51C46BDF8183015469BB940
:10098000012C14D103F031FFDBF78CF8002811DBC8
:1009900001908DF8004002AB284613E90600FFF7EE
:1009A0005EFF204603B030BD6FF00600FAE76FF03F
:1009B0000C00F7E76FF00D00F4E7F0B585B01F46C7
:1009C00004460D461646D9F75DFC06230293013016
:1009D000BDF828300190009332463B462946204618
:1009E00005F08AFA05B0F0BD1FB502240294CC6868
:1009F0000194BDF81840009405F07EFA04B010BDD3
:100A00001FB504240294CC680194BDF818400094EA
:100A100005F072FA04B010BDF0B585B01F4604466B
:100A20000D461646D9F72AFC082302930130BDF87B
:100A300028300190009332463B462946204605F077
:100A40005BFA05B0F0BD38B50C46BDF81000E5689E
:100A50001C46C318012B114605DC2246284409F028
:100A600015FA204638BD6FF00604FAE700207047FB
:100A700010B5037886B0022B04468DF8171013D1F9
:100A8000B0F8823083B1406803F05CFE01280BD9D6
:100A90000023CDE9013301230093B4F8821060688C
:100AA0000DF1170205F08EFD06B010BD84B030B414
:100AB0008AB00DAC84E80E0001289DF834301FD8B0
:100AC000013B022B22D88DF804000DF1050315AD72
:100AD000224603CAAA4218605960144603F108036B
:100AE000F6D112781A7005AD0FCD10AC0FC42B687B
:100AF000238001AB0FCB0AB030BC04B0DBF7DEBB08
:100B00006FF015000AB030BC04B070476FF085007C
:100B1000F8E708B5DBF706FC002803DBBDE8084072
:100B2000DBF76CBD08BD08B5DCF716F8BDE808407A
:100B3000D9F7F0B938B549881D4601F47F43B3F5BC
:100B4000807F144612D1C9B2012904D0022909D0EC
:100B50006FF0150038BDD9F791FB09232860236099
:100B60000020F7E7D9F78EFB0723F7E76FF0850042
:100B7000F0E713B5498801F47F40B0F5007F12D14A
:100B8000C9B2012912D11268022A0FD118686B4626
:100B9000002400945C60013093E80600FFF75FFEDC
:100BA000204602B010BD6FF08500FAE76FF0150027
:100BB000F7E708B5D9F762FBBDE808400921DCF783
:100BC00029B808B5D9F75EFBBDE808400721DCF776
:100BD00021B808B5DFF77AFA01F00CFA002008BD59
:100BE0000378042B0AD8DFE803F00B0F1B030B007C
:100BF000AB2907D0AD2901D1002303700020704735
:100C0000AB29FBD10123F8E7AC2905D0AD2905D0EC
:100C1000AB2907D10323F0E70223EEE70423ECE737
:100C20000123037001207047DCF7E0BA10B50446D9
:100C3000137ADCF755FA204610BD38B515682B68D5
:100C400004466BB107F0FFFC58B12D682846D5F774
:100C5000D3FB294602462046BDE8384007F00DBDCB
:100C6000012038BD38B50446156807F0ECFC50B1DA
:100C70006D682846D5F7C0FB294602462046BDE8E8
:100C8000384007F0FABC38BD10B50446137ADCF7DB
:100C900027FA204610BD38B50446DCF789FA2E2223
:100CA00005460021A01C09F0FFF80123238003233F
:100CB00023810223A3812574204638BD10B50C463C
:100CC000DCF76CFA38B102220378228001226280BC
:100CD0002371002010BD6FF08500FBE770B504465E
:100CE00088B00E462021684607F0F1F9051E0BDD9D
:100CF0003146204607F0A7FC20B12A466946204627
:100D000007F0BBFC08B070BD0120FBE70020704776
:100D100010B50446137ADCF7E3F9204610BD70B530
:100D20001368054618780E46DAF7E6F9044670B1FE
:100D30003146284607F087FC50B12046D5F75CFBCA
:100D4000214602462846BDE8704007F096BC0120C7
:100D500070BD38B515682B6804465BB107F073FCAD
:100D600048B12D682846D5F747FB2946024620465C
:100D700007F083FC012038BD38B50446D8F798FE4B
:100D80000546DAF75FFA002D11DC0028D4BF0025F4
:100D900001252E220021A01C09F086F801232380C2
:100DA000052323810323A3812574204638BD012513
:100DB000EFE7DAF701BB142310B504460020C4E9BD
:100DC0000203DAF775F9FF2804BF0123A36010BD01
:100DD0000020704700B58BB018B917200BB05DF834
:100DE00004FB6946E3F71CF90028F6DB089B18882A
:100DF000F4E708B5DCF7FAFFDAF7C8FE18B9DCF754
:100E0000F5F9002008BD03F0D2FBFAE7F0B5642342
:100E10000546042600200A2769B9F0BD9A42B2FBB4
:100E2000F3F40CD2012B0AD048B903FB1422D2B23E
:100E30000A24B3FBF4F3013EF0D12E70EDE7303419
:100E400005F8014BB2FBF3F4013903FB1422013026
:100E5000B3FBF7F3C9B2C0B2D2B2DBB2DCE7A0F1A8
:100E60003003DBB2092B02D80B7000207047A0F1D1
:100E70006103052B02D85738C3B2F5E7A0F141034F
:100E8000052B01D83738F7E76FF015007047F7B535
:100E9000054601F0010000EB51069E424FEA510762
:100EA00003D90026304603B0F0BD58B128780DF1C3
:100EB0000701FFF7D4FF0028F3DB9DF8073002F8A5
:100EC000013B013501351744BA42EBD015F8010C4E
:100ED0000DF10701FFF7C3FF0028E2DB9DF8074093
:100EE0002401E4B2147015F8020BFFF7B8FF0028D4
:100EF000D7DB9DF807301C4402F8014BE4E70020E3
:100F000070470FB407B504A951F8040B0191DDF740
:100F10000BF803B05DF804EB04B0704700EBC100C0
:100F2000408840087047F8B50346FFF7F7FFB0FA6E
:100F300080F0C0F11F0003EB800CCA00DCF81060E9
:100F4000171D0C4606328DB256B9012101FA00F088
:100F5000D9680143D960CCF81040DD539D52F8BDEB
:100F6000F1000431585AD85303EBC0009E52C5809B
:100F70005D52F4E710B500EBC104E388994202F139
:100F800004010AD1012303FA02F2C36823EA02032F
:100F9000C360002340F8213010BDA28840F8213002
:100FA00000EBC20100EBC300CB808280F4E708B500
:100FB0000346FFF7B3FFB0FA80F2C2F11F021846F2
:100FC000BDE80840FFF7D6BF2DE9F843B1FA81F537
:100FD000C5F11F0900EB89080346D8F810200E461A
:100FE000C2B10327D8F8104018462146FFF796FFF4
:100FF000B04206D34A461846FFF7BCFF2046BDE87C
:10100000F88303EBC404013FE088C8F8100001D066
:101010008242E7D1C5F120024FF0FF349440DA68F4
:101020001440EBD094FAA4F2B2FA82F2111D53F8F4
:1010300021402146DFE738B50346FFF76FFF0D4635
:10104000044611461846FFF769FF03EBC505044443
:10105000600068801846FFF761FF014423F83140C3
:1010600038BD38B50346FFF759FF0C46A51A511A8B
:1010700003EBC40405444800608003EBC2006C002D
:10108000448023F8321018461146FFF747FF014409
:1010900023F8315038BD38B50546FFF73FFF0C4601
:1010A000014405EBC1035B88DA070AD42846FFF741
:1010B0007EFF21462846FFF731FF22182846FFF71A
:1010C000BAFF35F83410611A05EBC1035B88DB0702
:1010D0000CD42846FFF76BFF35F834102246611A0E
:1010E0002846FFF7A8FF35F83430E41A2146284691
:1010F000BDE83840FFF717BF61B100680439091A2D
:1011000021F007030344C9085A8822F001025A80DB
:10111000FFF7C1BF704770B5056809B9002070BD01
:10112000AB68B3EBD10FF9D90B31CC082146284677
:10113000FFF74AFF06460028F0D001462846FFF791
:10114000EDFEA04207D932192846FFF78AFF114663
:101150002846FFF7E8FE05EBC6021046538843F029
:10116000010353800430DAE72DE9F84301F1FF3938
:1011700019EA010906680F4614460CD04B420B4091
:10118000042B1A464F4628BF0422994664B900250D
:101190002846BDE8F883042904D8BDE8F843114681
:1011A000FFF7B9BF0422F1E7B368B3EBD40FEED970
:1011B00004F10B013944891AC9083046FFF704FFCE
:1011C00080460028E3D009F1040505EBC0057B1E2D
:1011D00035441D44B5FBF7F57D43A5EB09052C44CB
:1011E0002B1F07349B1B24F00704A41BB0EBD30F69
:1011F0004FEAD3074FEAE40408D201463A463046A4
:10120000FFF72FFF41463046FFF78DFE3946304647
:10121000FFF784FE3844844207D230462246FFF767
:1012200020FF21463046FFF77EFE06EBC706738897
:1012300043F001037380ABE7043A2DE9F041CC1D84
:10124000114424F0070421F007010E1BF708B7FA38
:1012500087F2C2F12405AD004FF000080735C2F156
:101260002002ED0804604146A760C4F80C8092009B
:1012700004F1100008F018FE6B0043F001036380D6
:1012800004EBC5027B1B5900A4F800805180A21911
:1012900024F83550A2F80280A35304EBC703294673
:1012A0005A8842F001025A802046BDE8F041FFF71B
:1012B0003ABE036800220BB9184670478B4210D122
:1012C0000B6842B942680360914200D14360002339
:1012D0000B600120704713604368994208BF426069
:1012E000F5E71A461B68E6E7038B13F0070305D101
:1012F0000368002B0CBF002003207047022B05D190
:10130000408BB0FA80F0400980007047012B05D176
:101310000368002B0CBF0020052070470020704799
:1013200010B50C4600B111B96FF0150010BD081DC5
:1013300000F0D7F80028F9D1A368032BF6D9F3E71A
:101340002DE9F0410D4607461946281D90461E46D8
:1013500000F0DBF8044638B13346424629463846A9
:10136000A446BDE8F0416047BDE8F08110B44FF0FD
:101370002004EFF3118284F31288BFF36F8F416171
:101380005DF8044B0121DCF701BE38B50C4605467B
:1013900058B151B10B6843B14B6833B11C220021E5
:1013A00008F082FD2C61002038BD6FF01500FBE7CE
:1013B00070B505460E46FFF7B3FF041E15DB4FF070
:1013C0002003EFF3118283F31288BFF36F8F6B8BCF
:1013D0002C8B4FF6FF718B4204F0070407D182F388
:1013E0001188BFF36F8F6FF00A04204670BD022C86
:1013F0000CD101336B8382F31188BFF36F8F00230D
:10140000224631462846FFF79BFFEEE7062C14D80C
:10141000DFE804F004131313041A040000233360FC
:101420006B683BB9C5E90066ACB902212846DCF718
:10143000ADFDDAE71E606E60F6E782F31188BFF358
:101440006F8F6FF00404D0E782F31188BFF36F8FC2
:101450006FF08504C9E782F31188BFF36F8FC4E78B
:1014600010B54FF02003EFF3118283F31288BFF31E
:101470006F8F048B04F00704022C0AD0012C0CBFE0
:101480006FF004006FF0850082F31188BFF36F8F57
:1014900008E0438B013B9BB2438323B92146DCF731
:1014A00075FD204610BD2046EEE738B5B0B1A9B1B4
:1014B0004FF02002EFF3118582F31288BFF36F8F94
:1014C000048BFFF7F6FE30B104F0070085F31188B6
:1014D000BFF36F8F38BD6FF07700F7E76FF015003F
:1014E000F8E7034640B1426802F00302022A06D040
:1014F000032A04D0012A05D06FF0150070471A683E
:10150000002AF9D000209860704710B542688160C9
:1015100002F00302022A03464FF0000407D0032A18
:1015200002D05C60002001E018685C6010BD1868A3
:101530005C600028F6D0FDF765FEF3E7F0B5C668FD
:101540004568C369AF1B04464069BB4298BFFF1A98
:10155000A5EB0000944698BFF6181A1AD81B23680A
:10156000AD1B62452B4428BF62460B606368904206
:1015700028BF104603446360F0BDD0E90123D21AAE
:101580008A420CD31944C368C269C0E90111C91A5F
:101590008A4201D9002070471344C360FAE76FF014
:1015A000150070472DE9F34180460E461546002789
:1015B0002A4601A94046FFF7C1FF314604460246CC
:1015C000019808F063FC2D1B2744264401D0002C11
:1015D000EED139464046FFF7D0FF384602B0BDE8AD
:1015E000F081F0B5044686690569C069A368AF1B40
:1015F000B842944698BF3618A3EB05022368A5EBC2
:10160000060598BF3F1A2B446245A0EB070028BF90
:1016100062460B602369904228BF10460344236151
:10162000F0BDD0E90423D21A8A420CD31944D0E980
:101630000632C0E90411C91A8A4201D90020704754
:1016400013448361FAE76FF0150070472DE9F34109
:1016500080460D4616460027324601A94046FFF750
:10166000C0FF04462DB102460199284608F00EFC41
:101670002544361B274401D0002CEDD13946404685
:10168000FFF7CFFF384602B0BDE8F0810FB407B5D1
:1016900004A951F8040B0191DCF746FC03B05DF896
:1016A00004EB04B07047704770B406688489806AA0
:1016B0000D0C16FA81F105FB041184682468A44618
:1016C00070BC60470B6803F580330B60C0891A0C4F
:1016D000B0EB134F04BFA3EB02430B6070472DE93F
:1016E000F0431C46C36A1D686D4289B081460E46B0
:1016F000174605F020051CB9204609B0BDE8F08367
:10170000AC42A04628BFA84643466A4631464846F2
:10171000FFF7CAFF0028F0D142466946384608F074
:10172000FCFB20B9A4EB080446444744E3E701204E
:10173000E3E710B5014604460722FF20DCF7D8FB9B
:10174000E07110BD2DE9F0411C46C36A1D686D4271
:1017500088B005F0200507460E46684611462A4621
:1017600008F0A2FB1CB9204608B0BDE8F081AC42ED
:10177000A04628BFA84643466A4631463846FFF78A
:10178000AEFF0028F0D1A4EB08044644EAE738B5E0
:10179000828903680D0C090C04462D04806A02FB43
:1017A000013183689B68984750B9E26AA38912792E
:1017B00029462046FFF7C6FF002818BF6FF0050036
:1017C00038BD0378012B81BF01F1FF31C9185B429D
:1017D00019400846704770B50C4605460821C06A96
:1017E000FFF7EFFF072206462146FF20DCF780FBCC
:1017F000E379834207D1AA896388901B83422CBF77
:101800000020012070BD0020FCE738B505460C46DD
:10181000FFF7E1FFA0B1A08898B922884FF6FF73C7
:101820009A420DD1E86A0821FFF7CBFF6288AB89A5
:101830009B1AB3FBF0F202FB1030B0FA80F04009C3
:1018400038BD0020FCE7F7B504460D46C06A082104
:10185000FFF7B7FF2968074608232046FFF724FF54
:101860000646002836D12B683B442B60A28999B2EA
:10187000D21B91422ED11A0C03BFE28902F1FF3232
:1018800003EB0241A3F58031296008236A46204614
:10189000FFF70AFFE8B9E36A1A796B4613F8011BF0
:1018A0008A420CD101300828F8D1636805E02B6822
:1018B000BDF802201B0C1B0413442B600AE0694690
:1018C0002046FFF7A2FF0028F1D129462046DCF789
:1018D00033FE0646304603B0F0BD2DE9F04307461F
:1018E00089B090461E461BB9002009B0BDE8F083C0
:1018F0003C688389080C14FA81F100FB0314FB6A2D
:101900001D686D4235400CD0B86A83682146D3F813
:1019100004902B46C8470028E7D1761BE4D02C441E
:10192000A844202332464146684608F0C5FAFD6ABD
:101930002A682979921B0DEB060008F0B5FAB86AFF
:101940002B688268214655686A46A847CDE710B5DE
:101950000A46082341680446FFF7BFFF08210246F4
:10196000E06AFFF72EFF63681B1A6360104610BD24
:1019700013B54FF6FF7300220446ADF800308DF822
:1019800006308368ADF804206846ADF80230FFF7F2
:10199000D0FE69462046FFF7DAFF02B010BD2DE900
:1019A000F04F044695B0C06A0821FFF70AFF63684C
:1019B0001B0C1B04054603A920460393FFF782FE78
:1019C000DDF80CB0A6895E44761B06AA08233146D2
:1019D00020460496FFF768FE021EC0F2A980E36A63
:1019E00006AA1979002312F8010B814240F08F807A
:1019F0000133082BF7D1A36862682B449A427ED248
:101A000059462046FFF7C3FE024691E0BDF81A3062
:101A1000360C36041E44049608AA04A92046DDF8B4
:101A200010A0FFF710FF0246002840F0818008A9AF
:101A30002046FFF7D0FE18B9019B9A45ECD1DAE7B2
:101A4000636805930AAA05A92046059EFFF7FBFED9
:101A5000024600286CD1BDF82820BDF820309A42FB
:101A600027D06268059B9A42ECD15645E4D1BDF877
:101A70002430002BE0D0BDF822704FEA1A431B043B
:101A80001F4408A8A368ADF82230FFF752FEE36AAE
:101A9000BDF824901E68764206F02006B9F1000FCA
:101AA0000ED108A92046FFF752FF02460028C3D0F6
:101AB0003EE00AA92046FFF78EFE0028D1D0D4E7E9
:101AC0004E45B04628BFC8460CAA43463946204674
:101AD000FFF7EAFD024658BB4346A1680CAA204620
:101AE000FFF7FBFE41460246E06AFFF76AFEA36885
:101AF0000344A360E2B9A9EB08094744CEE72046B6
:101B0000FFF736FF024600283FF47AAF10E0731B60
:101B100006A920460193FFF778FE00287FF476AFF0
:101B200004A92046DCF708FD024600283FF474AF04
:101B3000104615B0BDE8F08F00231A46DCF78EBEC4
:101B40002DE9FF471E46037CBDF8309004460F4642
:101B50009046002B4ED0C06A0821FFF732FEA389C1
:101B6000A3EB40039E4248D8D4F804A0CDF804A0CB
:101B70000025A9455146DDF804A00BD26368534502
:101B800020D1BDF80830BB421CD06FF0010004B07A
:101B9000BDE8F08702AA01A92046FFF754FE0028FD
:101BA000F5D1BDF80830BB4206D102A92046FFF7A7
:101BB00012FE08B10135ADB26268019B9A42D8D1DC
:101BC0005146DEE7BDF80C30002BDED0A945DCD84D
:101BD000BDF80A00090CB3424FEA014128BF334661
:101BE000014442462046FFF75FFD0028CFD1BDF8F3
:101BF0000C00CCE76FF00C00C9E76FF01500C6E7EA
:101C000013B500240094FFF79BFF02B010BD436999
:101C10001BB11B7A0B70002070476FF057007047A4
:101C200043690BB900207047BFF35B8F1A1D5B68D7
:101C3000BFF35B8F1807F5D591B143F01001BFF3E7
:101C40005B8F52E8000F984204D142E8001CBCF1BF
:101C5000000FF6D1BFF35B8F0CBF0120002070474F
:101C600023F01001EBE7406930B1BFF35B8F4068B0
:101C7000BFF35B8FC0F3C0007047406930B1BFF362
:101C80005B8F4068BFF35B8FC0F380107047704775
:101C900070B54C680368A34201D2012070BD8A6808
:101CA0002244934201D30020F8E7D1E903254E698D
:101CB000B54203D36FF00B038B61F4E71B1B42F8B3
:101CC00035304368086902EBC00253600B69013389
:101CD0000B61E2E710F0700F08D100F07F0310F005
:101CE000800F18BF103301209840704700207047C4
:101CF0002DE9F84306460F46904699460B254B467C
:101D0000424639463046F7F77DFC10F10B0F04468A
:101D100003D1FCF7EFFE013DF1D12046BDE8F88389
:101D2000006840B150F8043C5B688B42A0F10400AD
:101D300001D04068F5E77047006850B150F8043CA6
:101D40005B685B689B788B42A0F1040001D040681F
:101D5000F3E7704730B5006888B150F8043C5B6821
:101D60001A6A1D7F04380023043ADCB2A54201D868
:101D70004068F1E7013312F833408C42F5D130BDB1
:101D800008B5DDF777FC28B1406810F1100F14BFDB
:101D90000020012008BD4B1CDBB28170817680F8E9
:101DA0002530C37600F8061C704750E90231D0F8A0
:101DB0009C0018470369002283F84A207047036992
:101DC00093F84A0008B193F848007047036900226D
:101DD00083F84B207047036993F849007047036903
:101DE00093F8482012B193F84A202AB993F8490091
:101DF00018B193F84B0070470120704701207047DD
:101E00000369C3E9001270470229036908D0042955
:101E10000BD001290ED1D3F8943013600020704705
:101E200093F89B30C3F34003F7E793F89B3003F03C
:101E30000103F2E76FF0850070470020704710B58E
:101E40000369D3F894200A6093F898206AB1012AB4
:101E50000CBF022203224A7193F89920501E0328D6
:101E600005D8DFE800F0050505050122F3E70022AB
:101E70000A7193F89A30062B09D0072B09D0052B4D
:101E80000CBF0023032300208B71C87110BD0123F8
:101E9000F9E70223F7E708B5402903693FD013D8D3
:101EA000102932D006D801291ED0082920D06FF081
:101EB000120008BD2029FAD193F89C1001F0FB0113
:101EC00052B341F0040127E0B1F5807F30D0B1F585
:101ED000007F36D08029EAD193F89C1001F0EF0101
:101EE000D2B141F0100117E0C3F894200020E0E7E0
:101EF00093F89C1001F0FE010AB141F0010183F852
:101F00009C100121DDF788FEF0E793F89C1001F0AA
:101F1000FD010AB141F0020183F89C10F2E793F849
:101F20009C1001F0F701002AF6D041F00801F3E718
:101F300093F89C1001F0DF01002AEDD041F0200160
:101F4000EAE793F89C1001F0BF01002AE4D041F0C9
:101F50004001E1E770B504690546D4F88C00FFF74D
:101F600075FBD4F88C309A681969914204BF00223D
:101F700084F8492094F8A02006469AB15A68596915
:101F8000DB69521A9B1A3F2B0CD994F89E3033B15F
:101F90006B681B6A2246187B0021DDF75FFE002379
:101FA00084F8A030304670BD08B50122FFF7D2FF9B
:101FB000013818BF4FF0FF3008BD2DE9FF41D1F8BF
:101FC0000C80054640461F460C461646D4F714FAC8
:101FD000BDF82830009380B2CDE901803B463246FF
:101FE0002146284603F088FF04B0BDE8F081704721
:101FF000002070470020DDF74FBF00221146DDF7BB
:1020000011BF034610B508460AB10021116053B153
:10201000D0B1411E11F8010F80B113F8014BA0425D
:1020200001D13D28F6D100200EE0013313600AE013
:102030003D2808D0B0FA80F0400905E018782F2834
:10204000F6D1002AF1D1012010BD10B509B100234D
:102050000B6058B103461A781C4601332AB13D2A59
:1020600003D02F2AF7D101B10B60201A10BD2DE942
:10207000F341DDF82080019007460C4615461E46C8
:10208000B8F1000F07D0D8F8001081B9D8F804E0F3
:10209000BEF1000F14D101A93846DDF793FF58B106
:1020A0008768019833462A462146B84704E001AACA
:1020B000FFF7A7FF0028E9D1002002B0BDE8F081BA
:1020C000D8F80830019808932A4633462146F4464A
:1020D00002B0BDE8F04160470830704710B51346C4
:1020E00014460A4681880068FFF78AFDA042A8BF0F
:1020F000204610BD2DE9F04F97B0044601929A4654
:10210000894600297ED0DAB1BAFA8AF77F09258F8D
:102110000135ADB2A84604F1080B6E1EB6B2B6F595
:10212000004F29D04A2303AA31465846FFF768FDDD
:10213000002807DA10F1020F08BFB0463546ECE779
:102140000127E4E700F158030DEB0300002300F83A
:102150004C3C03A94846D4F73DF90028EED12FB3F3
:10216000238FB3420BD031465846FFF7E5FC0028D9
:1021700012DA17B0BDE8F08FB7B30020F9E72246B6
:10218000731E22F8383F4FF4004102235846DCF713
:1021900065FB0028E7DAECE705F57F513F3189B2AE
:1021A0005846FFF7C9FC00EAE070E2E7B046B8F530
:1021B000404F2AD004F1080508F58041019A5346A2
:1021C00089B22846DCF74AFB0028D2DB77B9238F97
:1021D0004345D2D22246022322F8388F4FF40041E1
:1021E0002846DCF73BFBDEE70127E0E74846D4F76B
:1021F00003F94A46034641462846DCF72FFB0028F0
:10220000E5DAB6E76FF01500B3E76FF00B00B0E763
:1022100073B5C36B03630446C3B100F108063046CF
:10222000DCF7BCF9054670B902230DF106024FF444
:1022300000413046FFF7E4FC0028ACBFBDF8063093
:102240004FF400432387284602B070BD6FF012059B
:10225000F9E738B50D46AB4211461C4604D81A467C
:1022600007F014FE204638BD0024FBE707F01CBE33
:10227000C30903EB430303EBC30383EA4000C0B28B
:10228000704710B50A460021044607F00DFE10BD48
:102290002DE9F0410546A8B00F461446402602F14C
:1022A0002408DDF7D1FF034600283CD0402108A8D0
:1022B0009847C0B3B4F9022012F11F0348BF02F1DE
:1022C0003E0308A94246684643F3471300F0F1F97C
:1022D0002246694618A800F008FE10B3B4F902308F
:1022E000D91D48BF03F10E016A46C910384600F0F7
:1022F00024FE94F9011018AA284600F01EFE94F955
:10230000011094F9002018AB681803EB820200F06A
:1023100014FE68462021FFF7B4FF012028B0BDE875
:10232000F081013EBDD10020F8E72DE9F0471C46C1
:1023300093F9016093F900A0B3F90230A4B090467C
:10234000DA1D48BF03F10E0204AD81460CAF2846EA
:10235000D2100295039700F004FE3246494614A8B5
:1023600000F0FFFD14AB03EB8A00324609EB0601D7
:1023700000F0F7FD23463A462946284600F089FD3D
:10238000B0FA80F3019424AA5B0902EB830163880D
:1023900001331BB2009351F8882C14A9002308467E
:1023A00000F0AFFC14AA3146404600F0C6FD2146BD
:1023B00014A800F01BFC082104460DEB0100FFF7F8
:1023C00060FF38462021FFF75CFF28462021FFF7F9
:1023D00058FFB4FA84F0400924B0BDE8F087F0B5A6
:1023E00000240646204665B2AB4200DCF0BD51F841
:1023F000247052F824503D440544AF4200F00100DF
:1024000018BF002046F8245088BF40F00100013476
:10241000E9E700EB81010023884200D3704751F8BF
:10242000042D43EA52030B60D307F5E770B5036848
:10243000DB070546144604D4BDE870401146FFF79B
:10244000E8BF13460A460146FFF7C9FF2146064684
:102450002846FFF7DEFF46B104F18044013C55F801
:10246000243043F0004345F8243070BD2DE9F74F88
:102470004FF0000C0092654664464FFA8CF94B45CC
:1024800016DC4FF0FF3606EB430601964FF00008CE
:10249000019A53FA88FE4FFA8EFE96455FFA88F647
:1024A00029DB00EBC30040F8044C03B0BDE8F08F1B
:1024B000009A4FF0000E02EB8C0AF04651F82E7095
:1024C0005AF80469A6FB076736190EF1010E6F4131
:1024D00034464FFA8EF64FF0000B28BF4FF0010B39
:1024E0004E45D8443D46E9DD40F82C4045460CF1C8
:1024F000010C3C46C1E7009A0136A94676B202EBD0
:102500008E0A002577B2BB4205DC40F82E4008F168
:1025100001084C46BCE76FF0030202FB06F751F8D6
:1025200026205AF80770A7FB027C3F195CEB090CC8
:102530004FF0000B28BF4FF0010B5D44E1463C46D5
:102540000136DFE721EAE1729200002107F0ACBC1E
:1025500010B500231A465CB2A14203DCB2FA82F045
:10256000400910BD50F8234001332243F3E74A11DC
:10257000012350F8220001F01F018B4018407047E2
:102580004B1E10B55BB2041D1A0603D45A1E54F834
:10259000221071B101335BB283B103F18042013A81
:1025A00050F82210002231B9013B02EB431210B265
:1025B00010BD1346E8E749080132F4E71846F7E78B
:1025C00010B500235CB2A24200DC10BD51F82340DC
:1025D00040F823400133F5E710B5013A52B2130633
:1025E00001D5002010BD50F8224051F822309C4205
:1025F00005D802F1FF32F2D24FF0FF30F2E70120AE
:10260000F0E730B5013A52B20023140603D5181E84
:1026100018BF012030BD50F8224051F822506C40C4
:102620002343013AF1E7F0B5002406469C462046D4
:1026300065B2654500DBF0BD51F8247052F82430D6
:102640003D1AED1AAF4200F0010018BF002046F815
:10265000245038BF40F001000134E9E770B59DF91E
:1026600010601D4633460446FFF7B9FE30B93246C6
:1026700021462846FFF7B0FF012807D033462A46F7
:1026800021462046BDE87040FFF7CDBF70BD70B554
:102690009DF910601D4633460446FFF7C4FF38B16C
:1026A00033462A4621462046BDE87040FFF797BED4
:1026B00070BD2DE9F04FA5B01D4614ABCDE9023138
:1026C0000190294610461746FFF75AFFC0EB8514C4
:1026D00024B2002C2646B8BF04F11F06634246F31D
:1026E000471603F01F0304F01F09314658BFC3F11A
:1026F000000904A8FFF726FFB9F1000F4FEA86068C
:102700002DDD04AB00221E44C9F1200C13469D426E
:102710001AD804AB03EB850300936F1E24AB4FEA7A
:1027200045084FEA8509012603EB8707002C53DA99
:1027300024AB03EB8606019856F8881C2A46FFF75F
:102740003FFF25B0BDE8F08F57F8230000FA09F1EC
:102750000A4346F8042B013320FA0CF2D7E704AB06
:102760002A4639469819FFF72BFFD2E75AF8883CDA
:1027700053F8202024AB03EB80030CF1010C53F839
:10278000803C0B44D31A34BF4FF0010B4FF0000BC9
:102790009A425EF8882C42F8203018BF59464FFA0A
:1027A0008CF04045E2DB731A5E42294604A85E4184
:1027B000FFF72FFE09F190036B44009853F8802C2B
:1027C00057F8803C294643EAC273013C47F8803CF5
:1027D00024B2FFF71EFEA9E724AB4FF0000CC6F1B0
:1027E000010E614603EB860A03EB8E0ED7E730B588
:1027F0001C4691B0054693F900306846FFF736FE57
:10280000D4F8AC3069462846984711B030BD13461D
:102810000A46FFF7ECBF2DE9F04793F9006092B04C
:10282000044689461046314615461F46FFF790FE7E
:10283000002840F091803A46494602A8FFF7E7FF9A
:102840003B4602AA21460AA8FFF7D1FF02A9084683
:102850003A46FFF7DCFF3B462A4649464846FFF723
:10286000C6FF07F104083A4629462846FFF7CFFF7E
:1028700043462A46214620460096FFF7EFFE434690
:102880002A46294628460096FFF7E8FE43462A4690
:10289000214628460096FFF7FAFE3B462A46214687
:1028A0002046FFF7A4FF43462246214628460096CD
:1028B000FFF7D4FE434600962A4621462046FFF7FE
:1028C000CDFE2368DB074AD53346424621462046E3
:1028D000FFF785FD314682462046FFF79AFD06F157
:1028E0008043013B54F8232042EACA7244F8232073
:1028F0003A4621462846FFF78AFF43460AAA294658
:1029000028460096FFF7C3FE43460AAA29462846F2
:102910000096FFF7BCFE0AA9084643462A460096E1
:10292000FFF7B5FE3B460AAA21462046FFF75FFFA8
:1029300002AA4346104621460096FFF7A8FE3246FB
:1029400029462046FFF73CFE49462846FFF738FE59
:1029500002A94846FFF734FE12B0BDE8F0873146C1
:102960002046FFF756FDC3E72DE9F04115468AB032
:1029700004460E461C22002103A807F095FA2F1DDD
:1029800095F9008003232A46314620460293FFF73B
:102990003EFF3B4602AA21462046CDF80080FFF7C5
:1029A00076FE2B46324621462046FFF720FFCDF823
:1029B00000803B4605F1840221462046FFF74EFE8B
:1029C0000AB0BDE8F0812DE9F0479AB01646DDF86F
:1029D00088804446994614F9045B009507468A4668
:1029E00023460246314602A8FFF751FE02A942469D
:1029F0000846FFF70CFF434602AA39463846FFF760
:102A0000F6FE434602AA31463046FFF7F0FE234663
:102A10005246494602A80095FFF720FE234652463B
:102A2000494648460095FFF732FE23463A4631466E
:102A30000AA80095FFF72BFE43460AAA51465046C6
:102A4000FFF7D5FE2346324639460AA80095FFF720
:102A500005FE424649463046FFF7D9FE23460AAAFC
:102A6000314630460095FFF712FE2346324639467E
:102A700012A80095FFF70BFE434612AA49464846A6
:102A8000FFF7B5FE23465246494648460095FFF7F4
:102A9000FEFD424602A912A8FFF7B9FE12A923467D
:102AA0000AAA08460095FFF7F2FD23463A4612A906
:102AB0000AA80095FFF7EBFD0AA9434602AA0846BB
:102AC000FFF795FE234652460AA950460095FFF7A8
:102AD000DEFD2A4612A93846FFF772FD1AB0BDE89E
:102AE000F087F0B50F46A1B00646194638461546A0
:102AF0001C46FFF72DFD28B1304621B0BDE8F0405F
:102B0000FFF720BD224639466846FFF759FD2946A2
:102B100008A8FFF755FD214610A8FFF713FD012374
:102B2000214618A81093FFF70DFD224608A9684614
:102B3000FFF752FD30B9224610A93046FFF740FD9D
:102B400021B0F0BD009BDA0709D421466846FFF7A3
:102B500060FC2246294610A8FFF768FCE5E7089BC1
:102B6000DB0707D4214608A8FFF753FC2246294675
:102B700018A8F1E7002823461CDD08AA6946684624
:102B8000FFF751FD21466846FFF743FC224618A98E
:102B900010A8FFF721FD002805DA10A923462A46D0
:102BA0000846FFF71CFC10A9234618AA0846FFF7A1
:102BB0003AFDCEE76A4608A8FFF735FD214608A88A
:102BC000FFF727FC224610A918A8FFF705FD0028EB
:102BD00005DA18A923462A460846FFF700FC18A97B
:102BE000234610AA0846FFF71EFDBFE709784900F3
:102BF00049B2FFF7ADBCF0B5154689B01C46074693
:102C00000E461A4629466846FFF701FE23466A46E5
:102C100039463846FFF7EBFD23462A4669466846A3
:102C2000FFF7E5FD23466A4631463046FFF7DFFDF4
:102C300009B0F0BD2DE9F0478AB01446DDF848A090
:102C400055461F4615F9046B0096804689462B466B
:102C50000246214602A8FFF71AFD02A9524608467D
:102C6000FFF7D5FD534602AA41464046FFF7BFFD98
:102C7000534602AA21462046FFF7B9FD2B464A4695
:102C8000394638460096FFF702FD5246394602A8FB
:102C9000FFF7BDFD02A92B46424608460096FFF706
:102CA000F6FC02A92B46224608460096FFF7EFFCE9
:102CB0002B464246214620460096FFF7E8FC534645
:102CC000224649464846FFF792FD2B4602AA414656
:102CD00020460096FFF7DBFC53462246394638462D
:102CE000FFF785FD2B464A46394638460096FFF7E2
:102CF000CEFC324602A92046FFF762FC0AB0BDE8CE
:102D0000F0872DE9F04FAFB09146399C039094F9CC
:102D1000006016A832461D46FFF752FCB30004932C
:102D200001EB8603884626A819460293FFF748FC64
:102D3000002D00F08180294606A8FFF741FC3246AD
:102D400016A90EA8FFF73CFC26A91EA8FFF738FC21
:102D5000234606AA16A8FFF74EFFD4F8A450234630
:102D600006AA26A916A8A847234606AA1EA90EA8A1
:102D7000FFF741FFBDF9E050023D2DB2002D62DCAE
:102D8000D9F80050009405F001070EAB03EB47198A
:102D9000ED431EAB03EB471705F001050EAB03EB4C
:102DA000451A1EAB03EB45152B465246394648469D
:102DB00004F1040BFFF707FE5B460EAA16A906A84E
:102DC0000096FFF764FC06A923463A460846FFF73B
:102DD0000EFD06A9234642460846FFF708FD06A950
:102DE00033465A460846FFF77CFE06A9029A234658
:102DF0000846FFF7FCFC06A923464A460846FFF7AB
:102E0000F6FC3B464A46294650460094FFF712FF1F
:102E1000234606AA1EA90EA8FFF7EDFE0398324628
:102E20000EA9FFF7CDFBDDE903031EA91844FFF748
:102E3000C7FB2FB0BDE8F08F314606A8FFF782FB35
:102E4000012306937BE729464846FFF790FBB0FA3B
:102E500080F77F09C7F101010EAB03EB411B1EABED
:102E600003EB41110EAB03EB471A1EAB03EB471705
:102E70003B465246584600940591FFF7A4FD05993C
:102E800000940B465A4639465046FFF7D3FE013DA3
:102E900073E72DE9F843B3F9029019F11F0648BF13
:102EA00009F13E060F4603F1240546F34716014695
:102EB000904633462A463846FFF791FA044690B9C1
:102EC000B9EB461F06DA49463846FFF750FB041EA9
:102ED00018BF012433462A4639464046FFF77FFA99
:102EE0002046BDE8F8830124F4E730B5144695B0D8
:102EF00005460CAA2346084604A902910392FFF74F
:102F0000C8FFB0FA80F301945B0914AA02EB8302B4
:102F1000638801331BB2009352F8482C002304F15C
:102F200044012846FFF7EDFE21462846FFF75EFEE6
:102F3000B0FA80F0400915B030BDF0B500254F1E45
:102F40006CB28C4205F1010500DBF0BD3B1B23F0A8
:102F5000030603F003039659DB0026FA03F3035537
:102F6000EEE7F8B50E46D11C48BF911D144641F35B
:102F700087010546671EFFF7E5FA002042B2A2422C
:102F800000F1010000DBF8BDBB1A23F00301B25CC5
:102F900003F00303DB009A406B5813436B50EDE7DB
:102FA000F0B591B091F9006005460C46FFF71EFEA2
:102FB00028BB271D324629463846FFF70DFB01285E
:102FC00020D1324605EB86013846FFF705FB012884
:102FD00018D122466846FFF71AFCD4F8A8302246DA
:102FE000294608A89847324608A96846FFF709FB12
:102FF000002814BF6FF00200002011B0F0BD4FF0A8
:10300000FF30FAE76FF00100F7E7F0B50C4691F9F1
:10301000017091B02646014605463A466846FFF7DC
:10302000A0FF16F9440B3A46E9190DEB8000FFF7B3
:1030300098FF102231466846FFF7CEFA28B12146A4
:103040006846FFF7ADFF11B0F0BD6FF00300FAE77F
:10305000CB780278534003704B88427853404370DA
:103060000A68837883EA122383700A68C37853401E
:10307000C370CB79027953400371CB8842795340B6
:1030800043714A68837983EA122383714A68C3795A
:103090005340C371CB7A027A53400372427A4B8910
:1030A000534043728A68837A83EA122383728A6860
:1030B000C37A5340C372CB7B027B53400373CB89EB
:1030C000427B53404373CA68837B83EA1223837332
:1030D000CA68C37B5340C37370471FB502788DF82D
:1030E000002042798DF80120827A8DF80220C27B7F
:1030F0008DF8032002798DF80420427A8DF805209E
:10310000827B8DF80620C2788DF80720027A8DF830
:103110000820427B8DF8092082788DF80A20C27938
:103120008DF80B20027B8DF80C204278C37A8DF845
:103130000D2082798DF80E208DF80F3010236A460D
:103140001946FFF786F805B05DF804FBF8B50646AA
:1031500008780C46FFF78CF805466078FFF788F88A
:10316000A27863785340E27853405D406840307005
:1031700060782778FFF77CF80546A078FFF778F8A5
:10318000A3785F40E3785F407D406840707063786B
:103190002778A0785F40FFF76BF80546E078FFF7E7
:1031A00067F8E3785F407D406840B0702078FFF7B3
:1031B0005FF8627823785340A278534080EA030591
:1031C000E078FFF755F8EDB24540F570F8BD70B501
:1031D000144688B00546002849D0002949D0002A65
:1031E00049D010230A4668461946FFF732F82146AF
:1031F0006846FFF72DFF103401F1A0066846DDF7A1
:10320000E9F86846FFF769FF694604A8FFF79EFFE3
:1032100001A905A8FFF79AFF02A906A8FFF796FFE4
:1032200003A907A8FFF792FF102319460DEB03022D
:103230006846FFF70EF8214668461034FFF708FF8E
:10324000B442DBD1DDF7C6F86846FFF746FF2146FA
:103250006846FFF7FDFE102319466A462846FEF72A
:10326000F8FF684610220021FFF700F8012008B09F
:1032700070BD0846FBE71046F9E710B50A460F3067
:1032800012F9103B002BACBF0023872312F8014D2D
:1032900083EA44038A4200F8013902D01378DB093B
:1032A000F4E710BD08B520B158220021FEF7DEFF7B
:1032B000012008BD10B5044688B110220021FEF798
:1032C000D5FF102204F130000021FEF7CFFF0023CC
:1032D000636400224FF48033C4E91423012010BD3D
:1032E00070B504460D46164610B311B3582200219E
:1032F000FEF7BCFF2946A6643046DDF777F81022BA
:1033000000212046FEF7B2FF04F11005A26C214611
:103310002046FFF75CFF21462846FFF7AEFF29460F
:1033200004F12000FFF7A9FF2046FFF7C3FF0120AB
:1033300070BD0846FCE72DE9F0410E4615460446EF
:10334000002860D0FAB100295DD0D0E9143253EAE8
:10335000020158D0013BD0F8448042F1FF32C0E96D
:103360001432B8F1000F2CD0C8F1100708F130006A
:10337000BD4220440AD22B4632462946FEF769FF59
:10338000636C2B4463640120BDE8F0813B46324608
:103390003946FEF75EFF103D0023636445443E441A
:1033A000631E04F10F0113F8012F93F830008B42D4
:1033B00082EA00021A70F6D1A26C21462046FFF77D
:1033C00006FF04F10F07102D0AD8002DDBD02B4685
:1033D0003246294604F13000FEF73BFF6564D2E730
:1033E000631E711E13F8012F11F8010FBB4282EA10
:1033F00000021A70F6D1A26C21462046FFF7E7FEC4
:103400001036103DDFE70020BEE770B50C460546DC
:10341000E8B169B34A6C102A1AD11031631E013920
:1034200004F10F0013F8012F93F83060724011F887
:10343000016F984282EA06021A70F3D1A26C21460B
:103440002846FFF7C4FE2046FFF72CFF012070BD81
:1034500002F130000021C2F110022044FEF706FF05
:10346000636C2344802283F8302004F12001D5E7E7
:103470000846ECE7FAF7A6BB01460068FAF7A2BBDC
:1034800008B5DDF705F8BDE80840DDF733B80021E1
:103490000120FFF7EFBF202809D9B0F1004F08D86D
:1034A0000138B0FA80F0C0F11F00400070470820DA
:1034B00070473E2070472DE9FF410E46984614465E
:1034C00005460027B74220DA6868C8B1B8F1000F96
:1034D00007D0431E184216D11F2814D92A68134258
:1034E00011D12B680193FFF7D6FFAB680343039319
:1034F000E3B2072B07D8204601A9DDF711FB013401
:1035000001370C35DEE76FF01504204604B0BDE846
:10351000F0818170704700207047036942685B68E2
:1035200052681374C3F3072353740020704730B4F8
:1035300044680069057B35B1407B20B9206A30BC06
:103540000079FEF7D5BB6FF00A0030BC704730B58C
:1035500085B014460A888B78ADF8002005460D2208
:1035600000210DF103008DF8023006F09DFC6A4643
:1035700069462846F2F700F828B9BDF800209DF802
:1035800002302280A37005B030BD13B50C4601AAED
:103590000331FFF7DCFF48B9032201A9204606F0FA
:1035A000BCFCB0FA80F0400902B010BD0020FBE77F
:1035B00070B5CE1C05460C4630460321F1F7DAFF04
:1035C00060B9637903F03F0343F04003637122461F
:1035D00031462846BDE87040FFF7B9BF70BD2DE900
:1035E000F0414FF0FF3206460D464FF0FF33002109
:1035F0000F20DEF751F8012700F10C08044607768A
:103600000221404604F01DF90F230421037041708C
:10361000404604F016F94770468005702046BDE824
:10362000F041DEF7D9BD01F12003013813F8012D77
:1036300000F8012F8B42F9D1704790F8223043F007
:10364000060380F8223090F8293043F0040380F814
:103650002930704708B5F1F78DFFB0FA80F04009C6
:1036600008BD70B50D4600210446FEF7EEFC0D289E
:1036700018D1237B302B13D0312B13D1012305F824
:10368000063B04F10C062A4620460123022102349F
:10369000FDF7FDFBB44205F1FF35F4D1002070BD0C
:1036A0000023ECE76FF01500F9E7DCF70FBD002011
:1036B000704710B50C46017822788A428AB00FD044
:1036C0006946DDF745FF05A92046DDF741FF1022D9
:1036D0000DF115010DF1010006F01FFC0AB010BD3F
:1036E000012A06D0022A07D072B940886388C01A1E
:1036F000F4E740686368FAE71022611C01300AB001
:10370000BDE8104006F009BC6FF01500E6E7042A9A
:103710000AD0102A0DD0022A4FF0000315D10370F1
:103720000B88438001207047012303700B684360BE
:10373000F8E7022300F8013B01F1100351F8042BD4
:1037400040F8042B9942F9D1ECE718467047012361
:1037500010B50621044600F8013BF1F70BFF18B93C
:10376000A37963F03F03A37110BD0B6803608B88DE
:1037700083808B798371037823F002030370704791
:103780000078C0F340007047F7B504460E46174670
:10379000A388012B01D803B0F0BD204604F08AF8BD
:1037A00005460028F7D0A3888342F4D3204604F0CE
:1037B00081F8013D23688DF80000394668468DF890
:1037C00001500193B0470028E5D02946204604F077
:1037D00061F8DDE70F2807D80D280BD8052808BFAA
:1037E000032018BF02207047132803D01A2808BFEF
:1037F0000120F6E7012070477047D0F8B83083B158
:103800005A7BD1070DD5D2060DD51B7B102B14BFCB
:10381000032304234372807A98428CBF0020012046
:1038200070470223F6E70323F4E710B50346BFF31E
:103830005B8F53E8000F40EA010243E80024002CAC
:10384000F7D1BFF35B8F10BD0B4601461878DDF74B
:103850004FBF70B5C6683578B6F8010005BB0F21BB
:10386000E0F7D2F90446D8B1F37803732946E0F7BC
:10387000EDF8A378012B04D02046BDE8704000F09D
:1038800096BEBFF35B8F6368BFF35B8FDB07F3D537
:1038900020460221E0F7DAF82846DFF7FFFBEBE7E6
:1038A00070BD01210C3003F0FDBF70B5C56801216A
:1038B0002888E0F7A9F9044690B16E88EA88A988BB
:1038C0002B89A0F8C430A0F8BE60A0F8C010A0F802
:1038D000C220E0F72DFA2046BDE8704000F067BE38
:1038E00070BD0B6803608B8883808B798371704710
:1038F0000B6803608B888380704738B5C5680121E9
:10390000B5F80100E0F780F9044698B12B783BB98F
:10391000D5F80330C0F8AD30D5F80730C0F8B13075
:10392000201D4FF40051FFF780FF2046BDE83840CE
:1039300000F03DBE38BD30B402EBC3030446084678
:103940009A4201D130BC7047114611F8085BA5427C
:1039500006D1018A53789942F4D330BC5368184792
:103960000A46EDE7BFF35B8F50E8003F0B4040E8AD
:103970000032002AF8D1BFF35B8F70477047C0F365
:1039800007231070000E5370D0700023C1F307207E
:10399000090E9370137150719371D17170472DE9B5
:1039A000F843C7683A78012303EB8203028A934203
:1039B0005FD9BDE8F8836369002B33D182F31188A6
:1039C000BFF36F8F204600F0F2FD01353B789D423A
:1039D000EFDA07EB85030F21B3F80100B3F80360BA
:1039E000E0F712F904460028EFD000F12809002E74
:1039F000E8D04FF02003EFF3118283F31288BFF376
:103A00006F8FE369002BD6D0013BE36182F311880D
:103A1000BFF36F8F2046DFF741FF013EFAF786FCC8
:103A2000B6B2E4E7A169186860618B4208BFA06183
:103A300082F31188BFF36F8F4FF02002EFF31181F3
:103A400082F31288BFF36F8FDA68E261C3F80C80EB
:103A5000C3F80080626A4AB9C4E9083381F3118867
:103A6000BFF36F8F4846FAF763FDD3E713606362D5
:103A7000F4E70025A846A9E773B5C5680121B5F8A4
:103A80000100E0F7C1F8044600284ED02B781A2B2D
:103A900000F1040619D1C378012B2AD14FF48061BB
:103AA0003046FFF7C2FE42050FD4D4F8A030009391
:103AB0006946D4F8A83001932046E0F7D9FD2046A6
:103AC00002B0BDE8704000F072BD2B788BB9B5F83C
:103AD0000330A4F89E30B5F80530A4F8A430B5F84A
:103AE0000730A4F8A6306FF480713046FFF73AFF34
:103AF00017E0BFF35B8F6368BFF35B8FDB05F2D525
:103B00002B78202BEFD194F8AC30002BEBD0013B7D
:103B100084F8AC304FF42032002304F15800FAF757
:103B20006FFD2046E0F7C2F8C9E702B070BDF0B5FE
:103B3000C5682F8887B00121B8B2E0F765F806465E
:103B400058B302ACD5F80220D5F806300194698943
:103B5000009103F06BFA10B3122142F21A00DDF764
:103B600083FF0546B0B112210C3003F06AFE034614
:103B7000224623F8027B06AF144603CCBC421860F1
:103B80005960224603F10803F6D1294642F21A0091
:103B9000DDF7A4FF304600F00AFD07B0F0BD0221BA
:103BA00042F21B00DDF760FF04460028F2D002213C
:103BB0000C3003F046FE2146078042F21B00E7E787
:103BC00070B506460D4642F221000321DDF74CFF99
:103BD000044660B103210C3003F033FE068085708B
:103BE000214642F22100BDE87040DDF777BF70BD8D
:103BF00073B5C368D9789A781E8842EA0122ADF875
:103C0000002059791A7942EA0122ADF80220D979C7
:103C10009A7942EA0122ADF804201A7A5B7AB4B2AA
:103C200042EA032301212046ADF80630DFF7ECFF1E
:103C3000054628B902212046FFF7C2FF02B070BD39
:103C40006946E0F7B9F838B91E212046FFF7B8FFFA
:103C5000284600F0ACFCF1E70E2142F22000DDF72F
:103C600003FF04460028F3D00E210C3003F0E9FDD9
:103C700000230680C0F80A30BDF800304380BDF84C
:103C800002308380BDF80430C380BDF80630038164
:103C9000214642F22000DDF721FFD9E738B5C5689B
:103CA0000121B5F80100DFF7AFFF044688B1E878DD
:103CB000DDF7CEFF84F8BC002879DDF7C9FF84F872
:103CC000BD002046E0F756F82046BDE8384000F039
:103CD0006EBC38BD70B506460D4640F20640032165
:103CE000DDF7C2FE044668B103210C3003F0A9FDE4
:103CF0000680857021460022BDE8704040F20640F3
:103D0000DDF70EBF6FF0680070BD2DE9F04781460A
:103D1000884642F2320007219DF820A017461E4631
:103D2000DDF7A2FE0546A0B107210C3003F089FDA6
:103D3000B9F80030038080F80280C7700671A0F8DF
:103D400005A029460022BDE8F04742F23200DDF727
:103D5000E7BE6FF06800BDE8F087C068DDF7F8BF28
:103D600010B503884288934219D8052B17D9B2F5AC
:103D7000486F14D88388B3F5FA7F10D2C088A0F1B9
:103D80000A0189B240F67644A14208D801339BB2B9
:103D90005343B3EB800F34BF0120002010BD00203F
:103DA000FCE738B5C3680F21B3F801001D78DFF7D1
:103DB0002BFF044620B365B12846DEF75DF929469E
:103DC00002462046E0F760F82046BDE8384000F0A3
:103DD000EEBB8378012BEFD103F041FB2046FFF7C8
:103DE0000CFD0028E8D10520DEF746F90521024642
:103DF0002046E0F749F80521204600F0F8FCE3E70B
:103E000038BD70B5C6680F21B6F801003578DFF708
:103E1000FBFE044668B365B12846DEF72DF9294656
:103E200002462046E0F730F82046BDE8704000F03A
:103E3000BEBB8278F378C372012A05D00020DEF77A
:103E40001BF900210246ECE70BB103F008FB20460A
:103E5000FFF7D3FC0028F1D10520DEF70DF905218D
:103E600002462046E0F710F80521204600F0BFFC8E
:103E7000DAE770BDDDF73EB940F2C130704708B5F2
:103E8000E4F7FAF918B1C089003818BF012008BD5D
:103E900070B54FF0FF320D464FF0FF33002106465C
:103EA000DDF7FAFB022104460C3003F0CAFC067071
:103EB0004570204670BD033138B5C9B205460E20A5
:103EC000FFF7E6FF032104460C3003F0BAFC0123A0
:103ED0000370A0F80150204638BD70B505460E4667
:103EE0000F200421FFF7D4FF042104460C3003F017
:103EF000A8FC0122067042704580204670BD08B5BE
:103F0000072206F00AF8B0FA80F0400908BDBFF3B6
:103F10005B8F0068BFF35B8F70470B6803608B8813
:103F2000838070470B6803608B8883808B798371F3
:103F30007047F8B50F46144630BB272142F22700E0
:103F4000DDF792FD054610B327210C3003F079FC14
:103F50003946FFF7E7FF06462246C31D04F110016C
:103F600052F8040B43F8040B8A42F9D110220021C5
:103F700006F1170005F098FF29460022BDE8F84039
:103F800042F22700DDF7CCBD6FF01500F8BD6FF0F1
:103F90006800FBE7037A5B07024605D501462A3233
:103FA00011F8010BFFF7C5BF704738B50121054671
:103FB00042F22D00DDF758FD044658B129460C3079
:103FC00003F04EFC21460022BDE8384042F22D00AD
:103FD000DDF7A6BD6FF0680038BD10B400F1100326
:103FE000BFF35B8F53E8002F22F4004143E8001435
:103FF000002CF7D1BFF35B8F130404D55DF8044B9D
:10400000012100F0DFB95DF8044B70472DE9F04164
:10401000D1F8048086B004460D46B8F1000F1DD1DA
:10402000037A5B071AD50E68411C701CFFF767FF07
:104030002A36162241460746684605F035FF10220B
:104040006946304605F069FF30B1102204F12A01BB
:10405000304605F062FF00B107B16C6006B0BDE804
:10406000F08100F1100208B503461046FFF74FFF3C
:10407000010611D5BFF35B8F52E8000F40F40040FA
:1040800042E800010029F7D1BFF35B8F18460021F9
:10409000BDE8084000F096B908BD10B50C4630B92F
:1040A00019B1E4F795F800B1441C204610BD002476
:1040B000FBE718B111B10846DEF7BAB96FF0150089
:1040C000704713B5044680B106216846F1F752FAED
:1040D00048B99DF80530694603F03F0320468DF846
:1040E0000530FFF7E6FF02B010BD6FF01500FAE7EC
:1040F00008B5DEF74FFD10B11030FFF708FF0120C3
:1041000008BD037AD90704D523F001030372DEF753
:1041100013BA990704D523F002030372DEF7B4BA89
:10412000704700207047034610F4004F0CBF072073
:104130000620DA0348BF00F005009B0348BF00F0EB
:10414000FB007047BFF35B8F0068BFF35B8F704766
:1041500010B50346BFF35B8F53E8000F00EA01027E
:1041600043E80024002CF7D1BFF35B8F10BD0B6830
:1041700003608B8883808B79837170472DE9F74FBB
:104180000C46202100909246DDF76EFC0546002883
:1041900050D020210C3003F054FB20220021814616
:1041A00005F082FE09F1010B04EBCA0A0026D4F8DF
:1041B00000800023626893420CD30834A245F6D1F4
:1041C000009889F800600022294603B0BDE8F04F4E
:1041D000DDF7A6BC98F8012098F800C0B01C1118B3
:1041E0001F2908D9BCF1090FC0F11F021AD1002AFA
:1041F00018DD4FF0080CD7B2791C0BF80610711CB3
:10420000C9B25BFA80F00BF801C0D8F80410019332
:10421000023705F03BFE019B3744FEB2013308F143
:104220000808C7E72846F4F715FD6FF0150003B03E
:10423000BDE8F08F6FF06800F9E7012310B403FACE
:1042400001F104466AB1BFF35B8F54E8003F0B43B2
:1042500044E80032002AF8D1BFF35B8F5DF8044BCD
:1042600070475DF8044BC943FFF772BF2DE9F04F6B
:1042700087B005469DF84860DDF840909DF844A061
:104280000C4690460021102202A81F4605F00CFEA5
:10429000EEB9CDE90248012202A942F20800FFF777
:1042A0006DFF044678B9BAF1000F3ED11035BFF367
:1042B0005B8F55E8003F43F0040345E80032002AD5
:1042C000F7D1BFF35B8F204607B0BDE8F08FDEF774
:1042D0005BF88346E4B937BB5846D2F78DF809231B
:1042E000012ECDE901B48DF800308DF80100CDF834
:1042F0000C80D0D1CDF810D005960222CCE714F86E
:104300003320083A012A25D901339845F7D1E2E74D
:104310000023FAE717F83320083A012A1AD90133A3
:104320009945F7D1D8E70023FAE7022E4FF00102B2
:1043300008BF059202A908BF324642F2090008BF31
:10434000CDF810D0CDE90279FFF718FF0028ADD0E5
:104350000446B8E76FF01504B5E7436813F00800AA
:104360000AD05A0307D403F4C063B3F5806F14BFB7
:104370000220012070470120704770B5064686B0C4
:104380000D4642F20A000121DDF76EFB0446B0B192
:104390000C3095B1012103F063FA06F1100203A974
:1043A000204600950723DDF74DFB0022214642F20F
:1043B0000A00DDF7B5FB06B070BD2946EBE76FF0EC
:1043C0006800F8E7FFF7D9BF183005F02ABADEF722
:1043D0003BBD10B50346BFF35B8F53E8000F00EA07
:1043E000010243E80024002CF7D1BFF35B8F10BD1E
:1043F0000B6803608B8883808B7983717047DEF74D
:10440000C9BD036800220BB9184670478B4210D112
:104410000B6842B942680360914200D143600023B7
:104420000B600120704713604368994208BF4260E7
:10443000F5E71A461B68E6E710B50346BFF35B8F46
:1044400053E8000F00EA010243E80024002CF7D1F2
:10445000BFF35B8F10BDBFF35B8F0068BFF35B8F53
:10446000704710B50346BFF35B8F53E8000F40EA77
:10447000010243E80024002CF7D1BFF35B8F10BD8D
:104480002838DFF713B910B50446006918B1F4F7FE
:10449000E1FB0023236110BD2DE9F0410446002714
:1044A00004F1380600230022304603F08AF903465F
:1044B00050B92046FFF7E7FF04F158000022BDE89D
:1044C000F0410023FAF7D0B89D699F61F4F7C2FB71
:1044D000002DE7D029462046DFF718F9E0E770B550
:1044E000164604460D46DFF7E1F8012E17D0022EDE
:1044F00017D1236913B12046FFF7C5FF2561216954
:104500000A8A012A37D9CB681B8804339BB29A42A6
:1045100031D328D92046BDE87040FFF7B4BF2069E9
:1045200018B92046FFF7AFFF01E02E8A26B92846CA
:10453000BDE87040F4F78EBB0C3003F0CFF9864233
:1045400007D921690022204600F0F5FA00232361F3
:10455000EDE720692A8AE9680C3003F078F92846EB
:10456000F4F778FBCBE70023236120460122BDE866
:10457000704000F0E0BA70BD10B5034600F1C8020B
:104580001046FFF768FF80B1BFF35B8F411C52E814
:10459000004F844204D142E8001CBCF1000FF6D168
:1045A000BFF35B8FECD1184610BD0346FBE708B59F
:1045B0000346C830BFF35B8F50E8002F013A40E854
:1045C00000210029F8D1BFF35B8F5A8840F2011314
:1045D0009A4206D1FFF73FFF18B9BDE80840DEF761
:1045E0006FBC08BD2DE9F84307460E4690460024EF
:1045F0004FF0D009B44203D100231846BDE8F88338
:1046000009FB0470FFF7B8FF034658B1457B012D45
:1046100002D0073D012D03D81A884245EDD0184637
:10462000FFF7C5FF0134E5E710B50446DFF7D2FF19
:104630002046BDE81040DFF71BB810B50446D0F89F
:10464000B80028B9207A04F18801E3F715FE38B1E3
:10465000E278C3892AB913F0210F14BF012000208A
:1046600010BD13F0240FF8E72DE9F843089E102E33
:1046700081460C4690461F462ED81C2142F2190056
:10468000DDF7F2F9054658B31C210C3003F0D9F8D8
:104690000346B9F8002023F8022B2268C0F8022054
:1046A00062685A60B8F80030438100F10C04324669
:1046B0003946204605F0EAFB102E05D0C6F110025F
:1046C0000021A01905F0F0FB29460022BDE8F843BF
:1046D00042F21900DDF724BA6FF01500BDE8F88347
:1046E0006FF06800FAE70346C07A18B1D3F8B80053
:1046F00000B1007B704738B5437B072B04461ED1C1
:104700000B0601F07F050BD54FF400610430FFF775
:10471000A8FEA572204602F0FEFC68B9002038BD54
:10472000437AAB42FAD2837AAB42F7D26FF400619C
:104730000430FFF781FEECE7637AA372EFE76FF0D6
:104740007F00ECE7407A704737B505460C46FFF727
:1047500017F82946A8B16846FFF707F86946002010
:10476000DFF7C0FB58B12388A0F8A0306388A0F819
:10477000A230A388A0F8A430E388A0F8A63003B044
:1047800030BDFFF78AFC0346006800909A889B7949
:104790008DF80630ADF80420E0E738B5037A8B4297
:1047A0000446154615D100F188010722284605F078
:1047B000B4FB80B1E378072243B904F1960128469F
:1047C00005F0ABFBB0FA80F0400938BD04F18F0171
:1047D000F5E70020F9E70120F7E708B5DFF7A0FBD0
:1047E00010B1FFF7E4FE012008BD8830704738B5EE
:1047F0008378012B04460D4603D100218830DFF772
:10480000D5FC637B023B062B28D8DFE803F00427A6
:1048100027270E190C00204625730021DFF716F913
:104820000020DEF73BFC002038BDA378012BFAD135
:1048300004F1580004F0F5FFBDE83840DDF76EBA2A
:1048400020882946FFF746FA0028EDD1637B072B25
:10485000E9D108212046DFF7F9F8E4E76FF07F009F
:10486000E2E7F8B507460D4642F213000E21DDF7E8
:10487000FBF80646D0B10E210C3002F0E2FF0E220A
:104880000446002105F010FB3B8823802B886380C1
:104890006B88A380AB88E380EB88238131460022BC
:1048A000BDE8F84042F21300DDF73AB96FF0680056
:1048B000F8BD10B50346B0F89E200888904214D881
:1048C0004888904211D3B3F8A4008A8890420CD152
:1048D000B3F8A600CA88904207D16FF40071181D82
:1048E000FFF7AAFD6FF0770010BDDA7822B9BDE8B6
:1048F00010401846DFF7BEBC1A1D1046FFF7ABFD8F
:10490000C0F3C0140006F2D40888A3F8A0004888B9
:10491000A3F8A2008888A3F8A800C988A3F8AA1061
:1049200010464FF40071FFF79CFD2046DCE770470E
:10493000F8B507460E46154600234FF48032042191
:104940000020DFF7A1F9044630B104210C3002F059
:1049500078FF0770467045802046F8BD704770B5F7
:10496000D0E90035044623B16B6803B198470023B2
:104970002360E3680BB1204698472B6A1BB12046A1
:10498000BDE87040184770BD38B5006D30B150F8C3
:10499000084904B1083CFFF7E2FF04B938BDA56837
:1049A0002DB12046083DFFF7DAFF2C46F7E72046F9
:1049B000BDE83840FFF7D3BF38B5036D0D46BBB136
:1049C000184650F8084904B1083C53F8043C9B6869
:1049D0000BB1294698475CB12046A468436824B1CE
:1049E0009B68083C002BF4D1F6E79B68002BF0D1C4
:1049F00038BD0431DFF748B92DE9F04114460546CA
:104A00000F4602F10C0004211E46DDF8188002F06A
:104A100039FF228A4780043A0280434632462146C3
:104A20002846BDE8F041DEF777BF37B505460222DC
:104A30000120FFF77DFF044698B102210C3002F0FF
:104A400000FF00230370437022460093052128468F
:104A5000FFF7D2FF28B1204603B0BDE83040F4F79D
:104A6000F9B803B030BDF0B50B8A032B85B004460E
:104A70000D4611D9042105F10C0002F013FF2B8A19
:104A800046889E4208D1417831B10378122B06D076
:104A9000132B01D0012B42D1002005B0F0BD072E11
:104AA0002468EA68F8D9637B072BF5D1E7781FB152
:104AB0002046FFF7BAFFEFE71388ADF808305388B8
:104AC000ADF80A309388ADF80C30D388ADF80E30CD
:104AD00002221320FFF72CFF05460028DCD002A994
:104AE0002046DFF769F90221064605F10C0002F0C5
:104AF000A8FE86F00103DBB203802A4600973B46FE
:104B000005212046FFF778FF10B12846F4F7A2F8F8
:104B1000002EC1D002A92046FFF7A3FEBCE7206803
:104B2000C7E7006D30B183898B42A0F1080001D046
:104B30008068F7E7704738B50B8A032B05460C46AB
:104B400004D82046BDE83840F4F784B8042104F1C5
:104B50000C0002F0A7FE41882846FFF7E2FF00287C
:104B6000EFD0436821465B699847EAE77047034600
:104B7000006828B1596802681A60884208BF5A6004
:104B800070470346002003B970471A8A5B681044D7
:104B9000F9E710B5D4682378023113B921700120E8
:104BA00010BD8B42FBD0038A023B038200201061C0
:104BB000F6E70620704708B5437B072B01D000209D
:104BC00008BD0421FFF7ADFF0028F8D0BFF35B8FCD
:104BD000036BBFF35B8F5B07F1D550F8040CEFE775
:104BE00008B503680A8A1868C96801F0ACFD00209E
:104BF00008BD38B5054601F10C000C4602F062FE16
:104C00002D68238AE2680146286801F069FD0020CA
:104C100038BD70B405686A6A52B3136803B1A03B2B
:104C2000A2F1A0040022114600E0A03B844207D07C
:104C3000668D648BB14238BF3146A24238BF2246EE
:104C40001C462BB1D3F8A030002BEED18442EFD11B
:104C5000438D408B8B4201D890420BD9824238BFA2
:104C600002469942286838BF194670BCE1F7D4BFA4
:104C70001146EDE770BC704773B514460146054612
:104C80004FF49572206801F0C0F9207500BB237ABB
:104C9000B3B1A3F11802534253419B000193638ABD
:104CA0000093AE68238AE26820682946B04700284E
:104CB00008DB238A98420ED100232375012008E0E7
:104CC0000223EBE710F1FF0F05D34042C0B220757D
:104CD000002002B070BD0E20F9E71FB5CDE9012319
:104CE000002300931A46E1F76DF805B05DF804FB68
:104CF0002DE9F04F91B0166880460F46002542F628
:104D000001030068D6F804908DF82C500BA91446C6
:104D1000ADF82E30FEF7CDFC002800F089804FF46E
:104D20002053D8F800008DF82C500BA9ADF82E3088
:104D3000FEF7BFFC38B1A3681BB15A88BA4200D253
:104D40005F8001200EE061680846FFF71AFF728B52
:104D5000738D9A4294BFC0EB0200C0EB030003289E
:104D600003D8002011B0BDE8F08F084602F031FDF5
:104D700005466068FFF705FF728B738D05F10C0B1C
:104D80009A4294BFC0EB020AC0EB030A584602F0F5
:104D9000A5FD824544D26068FFF7F3FE728D738BE8
:104DA0009A4294BFC0EB0200C0EB030070B9636885
:104DB000987AF3F7A1FE0022002302F0FDFC0546DD
:104DC0000028CED00146606802F014FD0023009355
:104DD000D8F80460102302AA41464846B047061E90
:104DE00026DB227CE068B2421ED001460BA8FEF70B
:104DF0008EFCE8B1F2B202A906A8FEF788FCB8B1B1
:104E000006A90BA8FEF755FC90B900236374042192
:104E100005F10C0002F015FDA0600780A3688FE784
:104E2000584602F05BFDC1E702A905F076F8EBE712
:104E30000023A36085E7D0680378043113B90170BB
:104E4000012070478B42FBD091680B8A0020043B05
:104E50000B8210617047F8B59368166805460F46D7
:104E6000144663B9506801210C3002F0EAFCA060DE
:104E70002B681B78002B14BF022301230370A36847
:104E80001B78012B03D0022B1FD000201CE02B68C5
:104E90001B78002BF9D1606804210C3002F0D1FCA2
:104EA000E06007802A68E36852885A806168728DE2
:104EB000738B088A9A4294BFC0EB0200C0EB0300D8
:104EC000042894BF00200120F8BD2B681B78022B1A
:104ED000DBD1606812210C3002F0B3FCE060078087
:104EE0002B68E268591C0232113351F8040B42F866
:104EF000040B9942F9D16168728D738B088A9A42CA
:104F000094BFC0EB0200C0EB03001228D9E72DE9E3
:104F1000F04F044685B0104690469946FFF731FEA3
:104F2000638B628D934228BF134683428B4640F2C7
:104F3000938063680393404602F04BFC4FF0000AF5
:104F400006464046FFF71DFE628B638D06F10C0797
:104F50009A4294BFC0EB0205C0EB0305384602F04D
:104F6000BDFC854217D24046FFF70BFE628B638D76
:104F70009A4294BFC0EB0205C0EB03058DBB98F8C5
:104F80000A00F3F7B9FD0022002302F015FC0646E3
:104F900030B9574636E0384602F0A0FC0546EDE74A
:104FA0000146404602F026FC4046FFF7EAFD628DCE
:104FB000638B06F10C079A4294BFC0EB0205C0EB6D
:104FC0000305384602F08AFC85421FD24046FFF7AF
:104FD000D8FD628D638B9A4294BFC0EB0205C0EB93
:104FE0000305F168328ACDF80090DBF8047003986D
:104FF0000A44ABB25946B847071E0CDABAF1000FA3
:1050000018BF5746384605B0BDE8F08F384602F065
:1050100065FC0546E5E70E9BB3B9394606F10C0081
:1050200002F00FFC4046FFF7ACFD638D628B9342AC
:1050300028BF1346B9448342BA441FFA89F9A8D954
:10504000AF423FF47EAFA4E70F9A0E9B394630463D
:1050500098470028E1D19CE70027D3E703680022A6
:1050600003B970478B420FD10B683AB942680360AD
:10507000914200D1436000230B6070471360436886
:10508000994208BF4260F6E71A461B68E8E7012329
:105090008B40DB43BFF35B8F50E8002F1A4040E8A2
:1050A00000210029F8D1BFF35B8F704706207047BD
:1050B00073B51668054600237068137314462946B5
:1050C000952200F0A2FF207380B9CDE900002946A7
:1050D000A388A2683046FFF71AFF002809DA10F10A
:1050E000FF0F26BF4042C0B20E202073002002B046
:1050F00070BD0120FBE72DE9F34116680746002348
:105100007068137314463946952200F07EFF0546F9
:10511000207308BBA068718D728B038A914294BF83
:10512000C3EB0103C3EB0203012B15DD02210C309D
:1051300002F087FBCDE900558046A388A268394676
:105140003046FFF7E4FE031E0ADA13F1FF0F26BF15
:105150005B42DBB20E232373002002B0BDE8F08176
:10516000A8F800300120F8E7F8B504468868FFF792
:1051700008FD638D628B934228BF134683420D4620
:105180000BD3A1638F6800268E6020463946DFF777
:1051900079FC08B1AF60A663F8BD6FF07900FBE75A
:1051A00038B5BFF35B8F0B68BFF35B8FDB0705463A
:1051B00017D550F8040CA0B16B6B93B90430FFF70E
:1051C000D6FC044668B10146281FFFF7CDFF002832
:1051D00007DA55F8043C5A6822609A685C6002B9A4
:1051E0009C6038BD2DE9F041446A07463CB354F851
:1051F000A06906B1A03E00231D4607F1040801E0A6
:1052000034461646A26B9AB905B98BB94046FFF7EA
:10521000AEFC054658B101462046FFF7A5FF002821
:105220000DDA7B682B60BB687D6003B9BD602346E7
:105230002EB1D6F8A020002AE2D0A03AE0E7BDE8DF
:10524000F08170B500220446002308460E4602F0A5
:10525000B8FA054658B101462046DFF713FC04466C
:1052600018B12946304604F0F9F9204670BD6FF0B8
:105270000104FAE7F8B550F8044C0546071F04216D
:105280003030FFF704FF04B36B6B8BB963687BB1FD
:10529000201DFFF76CFC014606463846FFF764FF09
:1052A000002812DA63683360A368666003B9A660F9
:1052B00005F138013846FFF7C4FF30B104F10C01A5
:1052C0003846BDE8F840FFF7BCBFF8BD38B5044626
:1052D0000D46DFF7D7FB30B1294604F13C00BDE8AD
:1052E000384002F070BA38BD70B5044601F10C00C8
:1052F0000D4602F0E7FA26682B8AEA680146306814
:1053000001F0EEF91E2100222046DFF79FFA014648
:1053100010B12046FFF7DAFF002070BD2DE9F04103
:10532000884617460121042205461E46DFF78EFAFD
:10533000044670B104210C3002F083FA80F800803A
:10534000A0F80170C67021462846BDE8F041FFF77D
:10535000BDBFBDE8F08110B5012303FA01F1BFF331
:105360005B8F50E8003F43EA010240E80024002C34
:10537000F7D1BFF35B8F194214BF0120002010BD8D
:1053800037B50C46054601F10C0002F09BFA228A63
:105390000192E26800920346132212212846DFF7A9
:1053A00061FC03B030BD37B50C46054601F10C0079
:1053B00002F088FA228A0192E268009200220346F3
:1053C00011462846DFF74EFC03B030BD08688368FD
:1053D0009B690BB104301847704710B50C460AB9E9
:1053E000FFF7F4FF2046BDE81040DFF7B3B92DE921
:1053F000F84306460D46144622B1BDE8F843084678
:10540000DFF7A8B9FFF7E2FFAF68B5F80480D5F879
:105410000C902846DFF79EF92FB9BDE8F88349467E
:105420003046B8470134A3B24345F8D3F5E710B589
:105430000C460AB9FFF7CAFF2068836B2BB14FF403
:10544000702200237030F9F70FF92046BDE81040B4
:10545000DFF780B910B50C460AB9FFF7B7FF20682F
:1054600001213430FFF713FE2046BDE81040DFF77E
:1054700071B910B50C460AB9FFF7A8FF20680021E2
:105480003430FFF704FE2046BDE81040DFF762B974
:1054900070B50E461546FFF78EFB78B1436A6BB1C7
:1054A000184650F8A03903B1A03B691C428B448DCB
:1054B000A24228BF2246914202D93BB9002070BDCA
:1054C0002A463146BDE87040DFF7C0B9D3F8A040A6
:1054D00004B1A03C18462346E8E730B4438D448B22
:1054E000A34202F1010528BF23469D4202D830BCE9
:1054F000DFF7ACB9002030BC704707B5CA68138825
:10550000528800920C210D22DFF736FD03B05DF8C2
:1055100004FB07B5CB6800221B8800920A210B22EE
:10552000DFF72AFD03B05DF804FB2DE9F041CB68FD
:105530001F88BBB2162B04462BD902220321FFF78A
:10554000CCFF064638B302210C3002F07AF94FF056
:105550004108002580F80080457031462046FFF75D
:10556000B5FE2368A4F81A8067851B68BFF35B8FBC
:10557000043353E8001F41F4805143E80012002A2D
:10558000F7D1BFF35B8F2046FFF743FB2846BDE80A
:10559000F0810420FBE70E20F9E70A8AC96800239E
:1055A000DFF790BEFFF7F9BFFFF7F7BFFFF7F5BFD3
:1055B000FFF7F3BFFFF7F1BFFFF7EFBFFFF7EDBF57
:1055C000FFF7EBBFFFF7E9BFFFF7E7BFFFF7E5BF67
:1055D00070B5CE6833889AB2162A04460D4606D8AE
:1055E000002204231146BDE87040DFF76BBE412264
:1055F00042834385FFF70DFB2A8A0023314620466C
:10560000F1E770B5064650F8043C56F804590446D4
:10561000002B36D039B1436B002B32D01B7CDA071C
:105620002FD5052320E02846E1F70AFB6B7A012BF2
:1056300027D0656B2DB32B7CDB0722D5EB68002BC5
:10564000EFD06A69697C3046DFF700F9044650B153
:10565000D5E90512EB68984768B1A069DFF77AF8D9
:105660002046F3F7F7FA0E23002230461146BDE834
:105670007040DFF727BE21463046DFF703FA0028E7
:10568000EBD170BD70B50E46FFF795FA044640B9F0
:10569000B069DFF75FF83046F3F7DCFA6FF07F00B0
:1056A00070BD00F10C052846314602F08CF8606AA6
:1056B00038B150F8A04904B1A03C2946FFF7C1FD1C
:1056C00020B90020ECE71C466FF00100002CF8D058
:1056D000D4F8A03023B90230F5D020461C46ECE7C0
:1056E000A03BF8E710B50C46FFF765FA60B1002360
:1056F000236083682BB9C0E90144FFF773FD0020E4
:1057000010BD1C608460F8E76FF07F00F8E710B50B
:105710000C46FFF750FA98B1436A4BB153F8682C26
:105720009169A142A3F1A00309D0D3F8A030F4E716
:10573000406828B18369A34202D00068F9E71046A7
:1057400010BD0120704710B5FFF735FA50B1446A1B
:1057500044B1A03C04F134000521FFF798FCD4F8D3
:10576000A040F5E710BD08B50421FFF7DAF930B124
:10577000BFF35B8F006BBFF35B8FC0F3401008BDBE
:105780008069C0E9021201228280037470471060B0
:10579000002070470B46498A9A8B914238BF1146C8
:1057A000DA8C914238BF11461A8E914238BF1146A9
:1057B0001A89914238BF11465A8E8A4203D05986BF
:1057C0005B6B03B11847704710B5029CA3680A468B
:1057D0000BB121469847A37DE268013BDBB2A3757C
:1057E00022B11BB92046BDE81040104710BD106023
:1057F00091800020704700207047F0B507683D7821
:1058000089B006461446DDB97B88B3F5245F04D021
:1058100010D8A3F52053032B12D8ADF80A1002229A
:105820000DF10A012046FDF786FD68B96FF01502FB
:10583000A26506E003F55643FF339BB2042B1ED945
:105840000125284609B0F0BD7B88ADF80A30022258
:105850000DF10A012046FDF76EFD0028E6D000207C
:10586000009003AA776813233146B847021EDFDB96
:1058700003A92046FDF75FFD0028E1D1D6E7ADF88A
:105880000A1002220DF10A012046FDF754FD0028FE
:10589000CCD07B88ADF80A3002220DF10A01E8E78E
:1058A00008B5072204F039FBB0FA80F0400908BDC2
:1058B0002DE9F04104460F469046461C002516F897
:1058C000013C434507D139463046FFF7E9FF10B1A7
:1058D0006019BDE8F0810A35322D06F10A06EED1D5
:1058E0000020F6E710B50346BFF35B8F53E8000FC7
:1058F00040EA010243E80024002CF7D1BFF35B8F9C
:1059000010BD10B50346BFF35B8F53E8000F00EAEC
:10591000010243E80024002CF7D1BFF35B8F10BDD8
:10592000BFF35B8F0068BFF35B8F704710B5022138
:105930000C30144601F085FF63890380002010BD00
:1059400010B504210C30144601F07BFF238903803D
:10595000E3894380002010BD38B500F10C04042118
:105960002046154601F06DFF2B890380EB894380AB
:105970002B7C33B94FF42051204601F079FF0020F1
:1059800038BD42F60101F7E738B500F10C040421F7
:105990002046154601F055FF2B890380EB89438093
:1059A0002B7C022B04D0032B09D02B68598801E0F3
:1059B00042F60201204601F05BFF002038BD42F6AE
:1059C0000301F7E71FB51C46BDF8183000200F2B68
:1059D000CDE90000CDE9020011460CD823440F2B7D
:1059E0000CDC2246684604F051FA6846DCF7A8FC55
:1059F000204604B010BD6FF00604F9E76FF00C0408
:105A0000F6E70B6803608B8883808B79837170471E
:105A10002DE9F041069C0E4605466FF0040104F1A5
:105A20001C00FFF76EFF0EB32846DFF72BFE014682
:105A300068B3836853B11868002204F1200C2BB1BD
:105A400063450BD123462846DFF77AFE6368BBB176
:105A5000224631462846BDE8F041184720B1076884
:105A60001A4603463846EAE70746F9E7238B002B38
:105A7000ECD127683346324621462846B847E5E749
:105A8000A46824B11A46314628462346E3E7BDE818
:105A9000F0810023036043608360704710B5DFF737
:105AA00097FD044638B1014611F8010BDBF782FC83
:105AB0002046FFF7EEFF002010BD38B500F1880545
:105AC00004462946007AFEF7DAF903462946207A89
:105AD0001BB1BDE83840FFF7E1BFDFF779FD18B132
:105AE000BDE83840FFF7D5BF38BD022A10B508D150
:105AF000002300F188011A46007ADFF78BFE0220AE
:105B000010BDFFF7DAFFFAE738B5BDF81040944250
:105B100015460AD3A41A8C42A8BF0C46A4B222464A
:105B2000591904F0B3F9204638BD6FF00604FAE7BE
:105B300030B585B0C96814461D46DFF787FD00B152
:105B40000089ADF80E0002230093BDF820200DF16E
:105B50000E0329462046FFF7D7FF05B030BD1FB51D
:105B60000C461946E3681C781046BDF818203CB175
:105B700010240133069404B0BDE81040FFF7C4BF01
:105B80005B88ADF80E30022300930DF10E03FFF792
:105B9000BBFF04B010BD30B585B01D4600231446D0
:105BA0008DF80C30DFF730FD10B1037A8DF80C3032
:105BB00001230093BDF8202003AB29462046FFF7C0
:105BC000A3FF05B030BD2DE9F04114461D46BDF8D8
:105BD0001870DCF7D9FB0646D0F70EFC80B20690B1
:105BE00033463A4629462046BDE8F041FFF78CBFD0
:105BF00030B585B014461D46FEF73EF90223ADF8D8
:105C00000E000093BDF820200DF10E03294620461A
:105C1000FFF77AFF05B030BD38B500F10C0506215D
:105C20002846144601F00DFE23890380E389438052
:105C3000237C002B42F6010308BF4FF420538380DE
:105C400021680B781BB1022B06D0002038BD498893
:105C5000284601F00DFEF8E710220131284601F038
:105C6000F6FDF2E72DE9F04706460D464FF47020A9
:105C700000219DF820A0DDF8249090461F46DFF714
:105C8000E5FA044688B1456080F811A0C0F8149088
:105C9000C760C0F818804A4651463046FFF7F8FB07
:105CA000054638B92046DFF7F9FA6FF00B052846AC
:105CB000BDE8F087002211460123FFF761FDA560D2
:105CC000284642464946B847054618B12046DFF700
:105CD000E5FAECE721463046FFF704FD05460028CB
:105CE000E5D0F3E738B500F10C050221284614464B
:105CF00001F0A7FDE3890380218B284601F0B8FD60
:105D0000042104F11C00FFF7EDFD002038BD08B5AB
:105D10000C3029B10121FFF7E5FDC043084008BD63
:105D20006FF00101FFF7EDFD00F00100F7E710B59E
:105D30000446FFF7ECFF38B121460122BDE81040D0
:105D400011F8010BDFF7C0BC10BD2DE9F0411F4673
:105D5000BDF81830012B064690462DD83B44012B48
:105D60003D462CDCDFF750FC044618B9DFF74CFC4D
:105D7000044638B397B1217A98F80020002321FA1D
:105D800003F0C70703D522FA03F0C0071DD501337E
:105D9000032BF4D102F007021143217206F18801AE
:105DA000601CFFF72EFE337A237001212046FFF797
:105DB000BEFF2846BDE8F0816FF00605F9E76FF0F9
:105DC0000C05F6E76FF01005F3E76FF01205F0E74A
:105DD00070B504461546FFF7B4FC48B12046DFF71E
:105DE00013FC28B1037ADB0702D50121FFF79FFFDF
:105DF00085B9207A04F18801DFF7EAFB024648B151
:105E000001468560BDE8704011F8010B042308329B
:105E1000DBF7C2BA70BD2DE9FF41884616461F4622
:105E2000044628B96FF01505284604B0BDE8F08196
:105E300002A9FDF716FC05460028F3D101A920466A
:105E4000FCF703F90198D0B902A90020DFF788FB1D
:105E5000044648B9DFF7D8FB044678B3002300F8BE
:105E6000013B02A9FFF7CDFDB8F1000F22D00222BD
:105E700069463846B047002808DA0546D4E70A22C2
:105E80002946F9F7BDFA0028DED0CBE79DF80030AF
:105E90002372022804D000212046FFF748FFC3E701
:105EA0009DF801100129F6D801F001012046FFF705
:105EB0002EFFB9E72046DFF7A7FDB5E76FF00B052A
:105EC000B2E737B504460D46DFF74AFB024688B114
:105ED000037A8DF804300C30FFF722FD00F001004A
:105EE0008DF80500022301AA29462046DBF76AFA4D
:105EF00003B030BD0346F7E710B5BDF80810BDF894
:105F000010408C4210460BD3641A9C42A8BF1C461A
:105F1000039BA4B22246194403F0B8FF204610BDEB
:105F20006FF00604FAE713B5044610B9002002B07A
:105F300010BD00238DF80430006842F6030301A968
:105F4000ADF80630FDF7B5FB0028EFD1E36898887F
:105F50000028ECD12046DFF705FF013080B2E6E7EC
:105F600070B5CC6888B008461E46A3798DF80C3011
:105F70001546FFF7D8FFADF80D00246823786BB9FC
:105F80006388ADF80F3005230093BDF8302003ABD4
:105F900031462846FFF7B8FD08B070BD631C0DF10F
:105FA0000F02113453F8041B42F8041BA342F9D129
:105FB0001323E9E71FB5CDE90123002300931A4617
:105FC000DFF700FF05B05DF804FBDFF7C3BF1FB5C7
:105FD0000C461946E36810461A788DF8082093F9A4
:105FE00001208DF809205A88ADF80A201A79DB883B
:105FF000ADF80D3007238DF80C200093BDF8182064
:1060000002ABFFF781FD04B010BD38B5D4074B8A51
:10601000054604D513F0950F2BD0486848B3900778
:1060200004D513F4957F26D0896821B302EA0304CE
:1060300014F03C0F0DD0EB7A2BB92846FEF7FDFA91
:10604000D8B9052038BD14F0300F04D114F4C07F46
:1060500007D10020F6E72846FEF774FB0228F5D8A2
:10606000EFE7D5F8B830002BEBD05B7BDB06E8D54B
:10607000EFE70220E6E70320E4E70F20E2E72DE95F
:10608000FF41437B072B06460C46174610D10023E1
:106090008DF80C30206842F6030303A9ADF80E30EA
:1060A000FDF707FB60B9E3689B7913F0300F03D16C
:1060B000002004B0BDE8F0812046DFF7E1FF044690
:1060C000002320688DF80C3003A942F60213ADF8C6
:1060D0000E30FDF7EEFA18B12046DFF7D1FF044687
:1060E000002542F6021820688DF800506946ADF888
:1060F0000280FDF7DEFAF0B9002320688DF80C303D
:1061000003A942F60213ADF80E30FDF7D2FA0028CB
:10611000CED1E5686C1C333514F8011C224630469C
:10612000FEF73BFB18B1B4F807301F42C1D10A3467
:10613000AC42F1D1BCE720688DF8045042F603036D
:1061400001A9ADF80630FDF7B4FA0028D4D02068D4
:106150008DF808504FF4205302A9ADF80A30FDF72E
:10616000A8FA0028C8D020688DF80C5042F6010328
:1061700003A9ADF80E30FDF79CFA0028BCD02046EC
:10618000DFF77EFF04460028ADD191E72DE9F84303
:1061900014468846942261680646FFF736FF58BBCE
:1061A000616801223046FFF76AFF48B3A2891B21CC
:1061B00002323046FFF76CF9054620B300F10C09B6
:1061C0000221484601F03DFB0746484627F8028B6E
:1061D000A18901F036FBA289A168384603F056FE7A
:1061E000D4E9041228460123FFF7CAFA29463046AB
:1061F000BDE8F843FFF746BA4FF0FF30BDE8F8833B
:106200006FF01500FAE76FF00B00F7E770B50B467B
:106210000546144629B921462846E0F7C9F928B9A8
:1062200070BD4FF6FF72914207D12181636822460B
:1062300028460021BDE870401847E28901339BB22F
:106240009A422381E7D2F1E72DE9F04F89B0064663
:10625000129F144611B913F0030807D07B683A4621
:106260000021304609B0BDE8F04F1847C3F387035B
:1062700002EB8305C14642F6010AAC4207D13A4619
:106280004146304609B0BDE8F04FFFF7BFBF3A7C4A
:106290006388ADF80830002A14BF52464FF42052EC
:1062A000ADF80220102200210DEB02001FFA83F846
:1062B0003B68B4F800B001938DF8009003F0F4FD52
:1062C00001AB0693CDF80CD07B68ADF81CB03A4614
:1062D00003A93046984704340028CED109B0BDE860
:1062E000F08F2DE9F0478EB00746DDF8588016464E
:1062F00039B1D8F80430424600210EB0BDE8F0476D
:1063000018471278062A02D0142A0ED10221013B26
:1063100000258DF810109CB206F10109AA463378C9
:10632000A3420BD90CB9002D53D1D8F80430424602
:106330000021384698470EB0BDE8F08714220021AE
:1063400009A803F0B1FDB9F8002093B2002BECD0FE
:10635000B9F802108DB2002DE7D0AB42E5D89DF818
:10636000103023B3022B27D098F81030ADF80C1062
:10637000002B42F6010308BF4FF42053ADF806305E
:1063800004AB029301AB099302ABADF834200C933C
:106390008DF804A0D8F80430424609A93846984739
:1063A0000028C8D03378E41AA4B29944B7E7B9F802
:1063B0000430ADF81230D7E709F104030DF11100F4
:1063C00009F1140C53F804EB40F804EB6345F9D1E0
:1063D000CAE74246294638460EB0BDE8F047FFF707
:1063E00015BFF0B58FB0102B149C054606D063681E
:1063F000224600210FB0BDE8F04018476389ADF890
:106400000C30A389ADF80E3004A8022326898DF83C
:10641000103002900DF1110302F1100152F8047BCB
:1064200043F8047B8A42F9D12168C1B9002142F6C0
:10643000020310220AA88DF80410ADF8063003F00C
:1064400033FD01AB099302AB0C93ADF83460636884
:10645000224609A92846984728B90FB0F0BDFDF794
:1064600028F90028E2D0218922462846FFF7CEFEEF
:10647000F3E72DE9F04F8FB00746189D002940F053
:106480009B80107801281ED0022840F0958001469C
:106490004FF01209013B9BB24B458DF81010C0F034
:1064A0008B80B3FBF9FB4FF00008541CCDF8008043
:1064B000C24604AEBBF1000F08D100992A46384607
:1064C000FFF7A4FE75E04FF00409E3E7238801938A
:1064D000BDF804300093B8F1000F53D19DF810308F
:1064E000002B37D0022B3CD02968002945D12B7CCA
:1064F000042B4DD14FF4205302A930468DF808A04B
:10650000ADF80A30FDF7D5F800283BD042F601037C
:1065100003A930468DF80CA0ADF80E30FDF7C9F890
:1065200080B342F6020309A930468DF824A0ADF8E5
:106530002630FDF7BEF828B342F6030309A930461A
:106540008DF824A0ADF82630FDF7B3F800BB4FF06E
:10655000010819E0A378E27843EA0223ADF812308B
:10656000C2E7A31C0DF1110204F1120153F8040B50
:1065700042F8040B8B42F9D1B6E73046FDF799F8A3
:106580000028B4D04FF000080BF1FF3B4C4491E7DA
:10659000102200210AA803F087FCBDF80430ADF8F2
:1065A000343009966B682A4609A93846984700286E
:1065B000EAD10FB0BDE8F08F6B682A46002138465B
:1065C0009847F6E72DE9FF479046427B072A1E468B
:1065D000DDE90D9A9DF8303005460F4635D1C27A77
:1065E00012BB0BB306F10E02D221FEF751FF044697
:1065F000A8B102210C3001F024F900220780002309
:106600000027CDE90023CDE90277424631462046F6
:10661000F2F752FBB0420BD02046F2F71BFB6FF0B3
:106620000B0004B0BDE8F087B21C52212846DCE71D
:10663000494620463B465246FFF7A2F821462846E7
:1066400004B0BDE8F047FFF71DB86FF07F00E8E742
:10665000F8B50546546910460E4651B9182203F0A4
:1066600023FC27683346324621462846B847002097
:10667000F8BD137C042B12D10021182203F014FC66
:10668000338AE38121462846E0F7A4F90028EED0BA
:10669000002326681A4621462846B047E7E701202E
:1066A000E6E773B504460D46F8F7ECF929462046AF
:1066B000FFF72DF8014620B902B0BDE87040F8F7A9
:1066C000F5B946682046DEF713FFF8F7EFF92EB16B
:1066D000002300951A460E212046B04702B070BD37
:1066E0002DE9F0470646884691469A46DEF7CAFFEE
:1066F00020B3846814B3256805B1203D34F8143CF8
:10670000434518D1203C07E02C462D6AA389BDB132
:106710004345A5F12005F7D1A27E737A9A420AD8A3
:10672000276853464A4621463046B84718B921469D
:106730003046E0F7C9F92C46002DE6D1BDE8F087D8
:106740004345E9D0FAE72DE9F04F85B080460C4685
:106750001546DEF797FF814640B12A46214601A83B
:1067600001F065F8BDF80830042B02D805B0BDE88B
:10677000F08F04210DEB010001F094F8BDF8083012
:10678000B0F802A0B0F800B053450646EED3D9F8F1
:1067900008401CB3256805B1203D34F8143C5B4526
:1067A00019D1203C07E02C462D6AA389DDB15B4559
:1067B000A5F12005F7D1A27E98F809309A420AD8AF
:1067C00027685346321D21464046B84718B921462E
:1067D0004046E0F779F92C46002DE5D1514601A855
:1067E00001F060F8BEE75B45E5D0F7E72DE9F04141
:1067F00005468846DEF708FF0446E0B1037ADB076A
:1068000019D500F10C073846FFF78AF810F0010699
:1068100011D1B8F1000F0FD06FF002013846FFF729
:1068200070F810F0020F284609D0FEF78CFF012106
:106830002046FFF77CFA01263046BDE8F081FEF7DE
:1068400080FF0028F8D02846FEF78DFF0028F3D0FF
:106850006FF002013846FFF754F82846E5E7F8B52F
:1068600006460F46DEF798FE394604463046FDF7E9
:1068700006FB68B364B304F108056FF00101284614
:10688000FFF73FF8C20703D539463046E0F712FA62
:106890006FF002012846FFF734F8830703D5394625
:1068A0003046FFF70EFB2846FFF73AF880B923463B
:1068B00003F8010BC4F80100C3F80300BFF35B8FBA
:1068C00055E8003F45E80002002AF9D1BFF35B8F8D
:1068D000F8BD38B5A0F17705441C15F8010C294620
:1068E0000C35FFF7BCFFA542F7D138BD38B50446DB
:1068F00059B100F188052946007AE0F7DBF9207AE2
:106900002946BDE83840FFF7DCBA38BD072070479C
:10691000C27A837CD0F8EC00C07802F0010203F068
:10692000010340B912B101334B707047002B0CBF0B
:1069300003230023F8E722B9002B0CBF0323012314
:10694000F2E75B00F0E708B50621FEF7EAF800B1D0
:10695000EC3808BDBFF35B8F0068BFF35B8F084165
:1069600000F00100704738B50B2104460430FFF7F2
:10697000F1FF08B1002038BDD4F8B83083B904F174
:106980008805217A2A462020E1F7FCFBC4F8B800EC
:1069900030B9217A2A460420E1F7F4FBC4F8B800A4
:1069A000D4F8B830002BE5D0DA8912F0240FE1D00A
:1069B000A17A02290CD9587BC007DBD5032907D05F
:1069C0009206D7D5187BA0F1100358425841D2E760
:1069D0000120D0E710B50346D9B1C88910F0240FC3
:1069E00017D01A7D5C7B097BA24228BF22469142C8
:1069F00001D9002010BD820604D4187A003818BFCF
:106A00000120F7E70521181DFFF7A4FF0028F4D1A6
:106A1000EFE70120EEE708B5D0F8EC20927A032AE0
:106A2000034615D004D8013A012A14D908200EE0F3
:106A3000042AFBD1027D417B8A4228BF0A46102AE4
:106A40000BD105210430FFF785FF08B9032008BDED
:106A50001B7A002BFAD00020F9E70620F7E7012384
:106A60008B40DB43BFF35B8F50E8002F1A4040E8B8
:106A700000210029F8D1BFF35B8F70470B680360DA
:106A80008B8883808B79837170470720704737B577
:106A90000023009304460D460A46D0F8EC00062178
:106AA000FDF7AAFF28B1284603B0BDE83040F2F751
:106AB000D1B84FF47022002304F5907003B0BDE804
:106AC0003040F7F7D1BD01238B40BFF35B8F50E817
:106AD000002F1A4340E800210029F8D1BFF35B8F53
:106AE000704708B50E21FFF7EEFF002008BD10B576
:106AF000072104460430FFF7E6FF0820E0F72AFAF2
:106B000020B92046BDE81040E0F74ABB002010BD88
:106B100038B505460B4604300D21FFF71BFFA0B129
:106B2000DC68D5F8EC300220197A03F1880200F015
:106B300018FD80B1224600F12A0304F1100152F839
:106B4000040B43F8040B8A42F9D128460921FFF7C8
:106B5000BAFF002038BD0820FCE770B5051D0E46C1
:106B600028460421FFF7F6FE68B100220021002329
:106B70000846FDF73EFF044640B904212846FFF7CA
:106B8000A2FF204670BD4FF47022EFE701210C30C8
:106B900000F057FE0670F4E738B504210446FFF70D
:106BA000DCFF054698B110210C3000F04AFE04F1DC
:106BB000270304F1370253F8041B40F8041B9342E7
:106BC000F9D120462946FFF762FF002038BD082092
:106BD000FCE770B50C460D210646FFF7BEFF0546E3
:106BE00090B110210C3000F02CFE214604F110036E
:106BF00051F8042B40F8042B9942F9D1304629462C
:106C0000FFF745FF002070BD0820FCE72DE9F041AB
:106C100004468CB01022002108A803F045F9237A1D
:106C2000052B1ED8DFE803F0060303061D21D4F868
:106C3000D8300893D4F8EC3004F1470204F1C706C9
:106C4000CDE9016204F1270703F1960204F1370848
:106C500000928F334246394604F19700E1F72AFB50
:106C600098B108200CB0BDE8F081D4F8E430002BD6
:106C7000E0D008AD03F11006186859682A4603C22F
:106C80000833B3421546F7D1D4E7D4F8EC3003F11A
:106C900096028F3304AD019304F10A03029200932C
:106CA000039508AB42463946304600F02FFD0028D8
:106CB000D7D10D212046FFF706FF2946FFF789FFB0
:106CC000D0E72DE9F043044691B0102200210CA832
:106CD00003F0EAF8237A052B1ED8DFE803F0060359
:106CE00003061D22D4F8D8300C93D4F8EC3004F10C
:106CF000470204F1C705CDE9015204F1370603F15B
:106D0000960204F1270700928F333A46314604F188
:106D10009700E1F7CFFAA0B10825284611B0BDE8E9
:106D2000F083D4F8E430002BDFD00CAD03F1100673
:106D3000186859682A4603C20833B3421546F7D18A
:106D4000D3E7D4F8EC3003F18F0296330DF120082D
:106D5000019304F1110302920093CDF80C800CAB67
:106D600032463946284600F0D1FC0028D4D1237A97
:106D7000052B0FD1D4F8E010A9B30B460DF1300C60
:106D800001F1100E18685968624603C20833734552
:106D90009446F7D1D4F8EC3003F196028F330DF11D
:106DA0001009019304F10A0302920093CDF80C90AC
:106DB0000CAB3A463146284600F0A8FC0028ABD17F
:106DC0001022494604F1B70003F0A7F880B9414604
:106DD0002046FFF7FEFE054600289ED10121201D1A
:106DE000FFF771FE99E710220CA803F05DF8D1E7D8
:106DF0000B2592E72DE9F041D0F8EC70CE68FD78D4
:106E000090B00446002D5CD1102229460CA803F056
:106E10004BF8237A052B1DD8DFE803F006030306A1
:106E20001C21D4F8D8300C9307F18F030DF1200802
:106E30000293963704F111030093CDF80C8001976B
:106E40000CAB04F1270204F1370104F1C70000F094
:106E50005DFCA8B10825284610B0BDE8F081D4F843
:106E6000E030002BE0D00DF1300C03F1100E18686B
:106E70005968624603C2083373459446F7D1D3E795
:106E800010223146404603F048F8C0B9227D637BAA
:106E90009A4294BF00920093CDE90600ADF8140029
:106EA00004F14703D4F8EC0005AA06A9FDF7DCFBC2
:106EB0000028CFDB0121201DFFF705FECBE70B25C6
:106EC000C9E7012D18D1051D10212846FFF7C7FD80
:106ED000314604F1B70306F1100251F8040B43F8F0
:106EE000040B9142F9D107212846FFF733FD28B161
:106EF00009212846FFF7E7FD0025ACE70A212846CF
:106F0000FFF728FD0028F3D1204610B0BDE8F0417E
:106F1000FFF7D7BE70B5061DCD6804460B2130467D
:106F2000FFF79DFD2B4604F1170205F1100153F800
:106F3000040B42F8040B8B42F9D1D4F8EC30DB7827
:106F40003BB920460421FFF7BEFDBDE87040FFF7C6
:106F500023BE237A012B09D0022B13D12046042112
:106F6000FFF7B1FDBDE87040E0F75AB90A2130469D
:106F7000FFF7F0FC0028F1D030460021FFF7A3FD19
:106F8000002070BD0820FCE70720704730B50123C2
:106F900003FA01F1CA43BFF35B8F50E8003F03EAF5
:106FA000020440E80045002DF7D1BFF35B8F194282
:106FB00014BF0120002030BD38B500F188040D4613
:106FC00007220968204602F0A8FF28B96968204610
:106FD000BDE83840FFF752BD38BD70B5031D04460B
:106FE0000025D0F8EC60BFF35B8F53E8002F43E837
:106FF00000510029F9D1BFF35B8F04F5907002F0C6
:1070000010FC2572BFF35B8F54E8003F44E8005248
:10701000002AF9D1BFF35B8FF3782BB90B212046FF
:10702000BDE87040FFF74FBD0121F8E72DE9F84FAB
:10703000DDF82C80BDF82890044692461F46FFF7E5
:1070400082FC054600285AD0061DB9F1000F27D151
:107050005AEA070324D103213046FFF77BFCD0B363
:1070600001213046FFF776FCA8B32C7D6B7B9C4258
:1070700028BF1C46224605F14701404602F006FFA4
:107080000F2C06D8C4F11002002108EB040002F016
:107090000BFF30460121FFF716FD0120BDE8F88FF8
:1070A000D4F8B830F3B904F1880B217A5A4620207D
:1070B000E1F768F8C4F8B80030B9217A5A460120DF
:1070C000E1F760F8C4F8B800B9F1000F0AD15AEA44
:1070D000070704D006E0D4F8B830002BE3D0D4F88A
:1070E000B81071B90F213046FFF734FC20B10222ED
:1070F00006212046DCF7C8FE2846FFF76EFF002079
:10710000CCE7CB899B06EDD50C7B1A312246B4E740
:107110006FF0850070472DE9F743C67804463EB10D
:10712000012E3ED06FF01504204603B0BDE8F08379
:10713000FFF709FC054610B96FF07F04F4E7061D60
:1071400003213046FFF706FC10B16FF00F04EBE7A8
:1071500001213046FFF7FEFB0028F6D12046FFF75D
:1071600002FC28B9204603B0BDE8F043E0F7C6BAF8
:10717000D4F8B8100B7B009301F1180201F11A0347
:1071800020461031FDF770FA04460028CCD10B21BF
:107190002846FFF798FC01213046FFF794FC0024B5
:1071A000C2E7FFF7D0FB05460028C5D000F1040870
:1071B00004214046FFF7CEFB002851D10321404671
:1071C000FFF7C8FB0028C0D131464046FFF7C2FB9D
:1071D0000028BAD12846DFF737FF68B1D4F8B830B5
:1071E00083B9207A04F18801E0F74AFFC4F8B800B7
:1071F00040B96FF00B0497E72046FFF7B4FB002877
:10720000ECD18FE72846DFF7AFFF074610B16FF0EC
:10721000680489E70B212846FFF79FFC06460028F3
:10722000F5D001210C3000F00CFB092181462846E5
:10723000E0F730FA3B4689F80000324620460097D6
:107240000621FDF7D9FB044618B13046F1F702FDDF
:107250006AE70F214046FFF736FC012128469CE7EC
:107260006FF0040460E7031DF7B506460F461846A5
:107270000221FFF76FFB044620B1B6F8E840B4FAEC
:1072800084F4640903211846FFF764FB60B13946B2
:107290003046E0F7C5FC05219CB1D6F8EC00FDF7BF
:1072A000A6FA002003B0F0BD01211846FFF752FBFB
:1072B0000028ECD10F211846FFF74CFB0028E6D13F
:1072C000E9E73046FFF749FC054690B101210C3053
:1072D00000F0B7FA07700094D6F8EC0023462A466F
:1072E0000621FDF789FB0028DBD02846F1F7B2FC28
:1072F000D7E76FF06800D5E770B505460820DFF7DF
:1073000029FE0446E8B1061D08213046FFF7A7FB19
:10731000002D3DD00721FFF7A2FB284604F197037B
:1073200005F1200250F8041B43F8041B9042F9D1E8
:107330000A213046FFF70EFB68B109213046FFF7FE
:10734000C2FB0720DFF706FE044618B1DFF728FF6F
:107350000146B0B970BD10213046FFF7FBFA092194
:107360000028EBD13046FFF7F5FA0028E9D0D4F831
:10737000EC30DB78204643B9FFF748FC0146002893
:10738000DFD02046FFF76FFFDBE7FFF79AFCF5E75A
:107390000B21F6E72DE9F0410E460446D0F8EC80CB
:1073A000DFF7ECFDF768261D05460A213046FFF79A
:1073B000EDFD38B16DB920463978E0F731FC002099
:1073C000BDE8F0810B213046FFF7E0FD0028F1D148
:1073D000F1E76B69002BEED040469847EBE770B5BC
:1073E0000446A0F1EC0650F8343BE83CD3F8B85022
:1073F00002F017FA03212046FFF7ACFAA0B10821EA
:107400003046E0F70DFC3DB1EB8913B16B7B9B0778
:1074100002D5284600F0B9F830464FF4AC72BDE80A
:107420007040002102F040BD01212046FFF792FA92
:107430000028E4D10F212046FFF78CFA0028DED186
:10744000E1E710B508210446A0F59070E0F7E8FBED
:10745000A4F58E700421BDE81040FFF734BB70B571
:107460000446FFF770FA0546002863D0061D032185
:107470003046FFF76FFA00285CD0D4F8B80008B1A6
:1074800000F083F8207A04F18801E0F7F9FDC4F8F0
:10749000B80028B928460821BDE87040FFF7E3BED0
:1074A0000E213046FFF756FA28B1D4F8B820537BA6
:1074B00043F0020353732A7AD4F8B810032A4B7BA3
:1074C00039D8002A3ED0D4F8B820537B43F00103CA
:1074D00053732B7D697BD4F8B8208B4228BF0B46B1
:1074E000137305213046FFF735FAD4F8B8305A7BCC
:1074F00088B342F010025A730D213046FFF72AFA82
:10750000C0B1D4F8B800202100F03BF8D4F8B8306E
:1075100005F147021A33573552F8041B43F8041B90
:10752000AA42F9D1D4F8B820002313615361D4F8EA
:10753000B820138370BD053A012A03D843F0200315
:107540004B73C0E723F020034B73D4F8B820537B70
:1075500023F00103BCE722F010025A73EAE7DAF7DE
:10756000EBBF70B504460D461646E0F70BFE38B982
:1075700031462846E0F784FD10B1C3891C43C4811D
:1075800070BDC3891943C181704710B5037A5B0789
:10759000044601D5DBF778F8214611F8010BD9F73D
:1075A000A7FF20464022BDE81040002102F07CBC2D
:1075B00070B5064690B01446184616B3342203A997
:1075C000A047051E1DDB01A93046FCF74AF804461A
:1075D000B8B969463046FAF738FD009858B99DB1F8
:1075E00001A90020E0F74CFD034648B3342D18D024
:1075F000FFF7CBFF05E00A222146F7F701FF00283D
:10760000EDD06FF0150409E001AA29463F20E0F70C
:10761000B9FD18B14022294602F046FC204610B0C0
:1076200070BD03AA0C330FAE154603CDB5421860EA
:1076300059602A4603F10803F6D128681860EDE77F
:107640006FF00B04EAE701460246342311F8010B00
:107650000C32D9F73FBF531E1944024411F80139C7
:1076600000F8013B9042F9D1704710B5431E00F17C
:107670001002073013F8011F12F8014D1C708342ED
:107680001170F7D110BD70B5C2B00D461646014657
:1076900016AA68461C46FBF723FE18B96FF00400D3
:1076A00042B070BD324629466846FBF744FE0028CA
:1076B000F4D069462046FBF7A8FE0028EED0002053
:1076C000EEE7F0B597B014460E462022014605A815
:1076D0001D461C9FFFF7BFFF202231460DA8FFF774
:1076E000BAFF2146102201A88DF85450FFF7B3FFCE
:1076F0003B46412205A901A8FFF7C5FF044610B982
:107700003846FFF7B2FF204617B0F0BD2DE9F04331
:1077100097B00446164605A810221D46DDE91F98BD
:10772000219FFFF798FF1022314609A8FFF793FF2A
:10773000102229460DA8FFF78EFF1E99032211A8DB
:10774000FFF789FF4946D9F8010011F8013B8DF890
:10775000473012908B88ADF84C30062212A8FFF704
:107760007AFF4146062211F8013B8DF84E30D8F8D9
:107770000130CDF84F300DF14F008B88ADF853300C
:10778000FFF769FF2146102201A8FFF764FF3B467F
:10779000412205A901A8FFF776FF044610B9384633
:1077A000FFF763FF204617B0BDE8F0837047002362
:1077B00003824369C3607047416A49680968F1F709
:1077C000CBB9F6F77FBD01F03EBF027A01320272FB
:1077D0007047034618465B68002BFBD17047426830
:1077E00010B52AB10B461C465B68002BFBD16260CA
:1077F000416010BD10B5044620B90B7A01330B72FD
:10780000084610BD034618465B68002BFBD1FFF706
:10781000E6FF2046F5E710B508B14B6843604C68B9
:10782000002308464B60F1F715FA204610BD92B2CE
:1078300081600160C2808280704783680B4403606E
:1078400070478388026819448180D018704730B42B
:1078500084880568A3188380281930BC02F016BB01
:1078600010B5838802685C1C8480D154D01810BD88
:107870008388026830B5D4189D1C8580D154090ACC
:10788000617030BD034600689A88401A1144186040
:10789000998070478288521A0346828000680844A3
:1078A00018607047034600689A88521A01449A800B
:1078B0001960704710B503681C780121FFF7EAFFD3
:1078C000204610BD10B503681C880221FFF7E2FFB7
:1078D000204610BD02688068101A70478388C288ED
:1078E0008168D21A03685B1AD01A704710B5036911
:1078F000C0E905330023C360837F044613B1407A97
:1079000001F0D7FC0123237700236377E377A37784
:1079100010BDF6F721BCF6F799BC0378027903F0A5
:107920000F011AB959B14FF0FF3070470829FAD842
:10793000012A04D183F0080040F3C000704743F3EC
:10794000C000704738B50446F1F7F8F9054660B154
:10795000037A6BB120460024F5F79CFF2846AC77EC
:10796000FFF7C4FF2C72204638BD6FF01500FBE70F
:107970006FF07700F8E770B504460E461546F1F74C
:10798000BDFE30B906B925B12046BDE87040F1F71B
:10799000FDBE70BD08B5F5F723FB00280CBF6FF0E6
:1079A0000A00002008BD10B403460838BFF35B8FFF
:1079B00050E8002F511C40E80014002CF8D1BFF310
:1079C0005B8F1AB95DF8044BF1F764BF6FF00F02DB
:1079D0005DF8044B9A6670470369C9B20C2201FB3B
:1079E0000233186C00F0070070474FF02003EFF3EC
:1079F000118283F31288BFF36F8F036803F0C00313
:107A000043F00203036082F31188BFF36F8F704766
:107A100070B5C9B203694FF02004EFF3118584F308
:107A20001288BFF36F8F0C2606FB0134246C14F010
:107A3000C00408D0A24206D085F31188BFF36F8F2F
:107A40004FF0FF3070BD06FB013301221A6485F34D
:107A50001188BFF36F8F436803EBC1035B689847DE
:107A60000020EFE78022FFF7D3BFF8B5069F046937
:107A7000C9B24FF02005EFF3118685F31288BFF3EA
:107A80006F8F0C2505FB0144256C05F0070CBCF13C
:107A9000010F0CD1276486F31188BFF36F8FC4E9FF
:107AA0000E23436853F8313098470020F8BD05F0A5
:107AB000C005AF4286F31188BFF36F8F0CBF6FF024
:107AC00077004FF0FF30F1E713B580240094FFF703
:107AD000CCFF02B010BD10B40069CBB21C2403FB74
:107AE000040000215DF8044B10470020F3F7ECBEC2
:107AF000002001F02CBA1046F6F718BC43681B684A
:107B00001868704710B44468E46AA4465DF8044BF2
:107B1000604707B5AF238DF8043001231A4601A949
:107B2000FFF7F0FF03B05DF804FB07B5AE238DF857
:107B3000043001231A4601A9FFF7E4FF03B05DF802
:107B400004FB6FF085007047002070476FF08500E0
:107B5000704707B581238DF804308DF80510012397
:107B6000022201A9FFF7CEFF03B05DF804FB042950
:107B700014BF6FF085000020704710B50B464468B5
:107B800010220021184602F08FF9E28E0280A28EA8
:107B900042800422426002730122826010BD30B52F
:107BA000446889B02068A58883F001040DF10703BB
:107BB00002930123CDE90512A401039302220023BD
:107BC0008DF807408DF810308DF81C20836802A9CD
:107BD0009C682B46A04709B030BD2DE9F3471C46F1
:107BE000B3F808C09B880A9FD0F804A09C450646BD
:107BF00088463BD3B4F806E021680EFB03F5ED1090
:107C00008D4228BF0D468FB385B39C452ED812F008
:107C100007092BD19AF841105FFA88FCC2F3C70814
:107C2000B1B39AF83810614401F00F03C1F30311A6
:107C300041F010018DF800308DF80110BA46E2884D
:107C40005FFA89F3B3EBD20F03D3002002B0BDE893
:107C5000F087434463F04F038DF802300322012381
:107C600069463046FFF74EFF034610B14FF0FF3034
:107C7000ECE7A28851463046FFF744FF0028F5D1D3
:107C8000A3889A447B199A4509F10109D7D9EDE7F0
:107C9000013B8DF803C09C4422238DF8053002EB94
:107CA0000E032021DB10ADF80010013B21218DF8DF
:107CB00002108DF807300822012369468DF804C0B0
:107CC0008DF80680FFF71EFF03460028CED12A4616
:107CD00039463046FFF716FFB8E74368186801F0E9
:107CE0002EBB03460A4600681979012303FA01F105
:107CF00003691B68194218BF82F0010212B1836840
:107D0000DB68184783681B69FBE76FF085007047E5
:107D1000F0B545686B6C04464FF4004240F2E73022
:107D20000021C3FB020151EAC33385B029D00023EF
:107D30004FF47A72CEF7E4F96FF00103181A4FF09E
:107D4000FF3363EB0101F6F757FF636820469B6A38
:107D50009847002800F0CA80286AB8B96568A4234B
:107D60008DF8043095F840305A3B8DF805302B6A79
:107D700053BB2046FFF7D9FE002837D06FF004052B
:107D80001FE06FF001004FF0FF31DCE795F82410A1
:107D9000EB8C0769D0F808C03D68DA0754BF43F49C
:107DA000B01383F4D013012623F480128E40DB0736
:107DB0004CBF3543B5433D60DCF800309847051EA5
:107DC000CCDA284605B0F0BD002120352120F6F799
:107DD00013FF01212846FFF784FF00212120F6F739
:107DE0000BFF00212846FFF77CFFC2E748F2D502CF
:107DF000ADF808206368D9228DF80A2093F83C304A
:107E00008DF80B3042F2DB03ADF80C300622012373
:107E100002A92046FFF776FE0028AFD163684DF235
:107E20004032ADF8082093F83A208DF80A20DA2283
:107E30008DF80B2093F83F20002A0CBF122202225B
:107E40008DF80C20A8228DF80D2093F83B308DF88A
:107E50000E300722012302A92046FFF753FE002817
:107E60008CD1626892F83D30603B8DF8083092F812
:107E70003E30002B0CBFC023C8238DF809300222EE
:107E8000012302A92046FFF73DFE00287FF476AFCC
:107E9000636893F84130002B0BBF14238B238D2292
:107EA000AD228DF8093033238DF808208DF80A3083
:107EB0000322012302A92046FFF724FE00287FF4B5
:107EC0005DAF0123022201A92046FFF71BFE002817
:107ED0007FF454AF80212046FFF73BFE0546002883
:107EE0007FF44CAF2046FFF714FE6AE76FF01505EC
:107EF00067E70020704738B50C461546DAF714FAE4
:107F000028B129462046BDE83840D9F775BE6FF044
:107F10000A0038BD38B505460C4601F076F8002D4C
:107F200007DBA84205D9401B84428CBF00200120FA
:107F300038BD0020FCE770B50D46284619461646A8
:107F40001C46FFF7E7FF38B124B1224629463046E8
:107F500001F09CFF002070BD6FF01500FBE72DE9DC
:107F6000F3411C469046002382682360A360136996
:107F70000D4601AA69469847019B5A1E019223B9F2
:107F80006FF0150002B0BDE8F0810098A268476864
:107F90002168676085B9A8EB02030668B34228BF71
:107FA00033461A4403FB07112160A26002689A421B
:107FB00006D808300090DFE76B1AB3FBF7F3ECE765
:107FC0000020DFE713460022FFF7C9BF2DE9F04785
:107FD000836886B01B698846914601A902AA984722
:107FE0000024A2462546029BAB4202D806B0BDE85B
:107FF000F087019F07EBC50700267B6804933A686A
:10800000B2420AEB060302D801359A46EBE7039425
:108010000593494603A8C0470028E7D0049B0136D2
:108020001C44ECE743685B68D3F810350B60002014
:10803000704743685B6802EA010021EA0201C3F865
:108040000805C3F80C150020704743685B680020E2
:10805000C3F80815704743685B680020C3F80C1527
:10806000704743685A68D2F8043521EA03000B4090
:10807000C2F80805C2F80C350020704710B5036936
:108080005868F8B1884219D19C6808685860A142C4
:1080900000D19860002008602AB15A680A609A6886
:1080A000596002B99960002010E0814206D1086849
:1080B000206098688142EDD19C60EBE7044600683F
:1080C0000028F2D1002AE8D16FF0150010BD13B5D9
:1080D0004FF080520829136E526E28BF082112BA41
:1080E00000921BBA0C460A466946019301F0CEFE87
:1080F000204602B010BDCA07436805D4C1F342014F
:10810000012904D0022909D06FF0150070471B68BF
:108110004FF0CC72C3F82425002070471B684FF045
:10812000C862F7E7002201210320D8F709BC13B584
:1081300001AA044600F07DF8002805DB019B2268B7
:1081400019791868F2F74CFC02B010BD38B54568D3
:1081500061B1012913D1286A0021FFF7E8FF041E4D
:1081600002DB2846F4F7A0F9204638BD2846F4F78C
:10817000ABF9286A0121BDE83840FFF7D8BF6FF09E
:108180008504F1E7036919B10020C3E900107047C5
:108190006FF01500704708B50069083001F041FB29
:1081A000002008BD70B5056943686968C9B95C8875
:1081B000C4F30E0408358CB14FF4004640F2E730AA
:1081C0004FF47A720023E4FB0601CDF799FF0246D3
:1081D0000B462846BDE87040F6F712BA0022134657
:1081E000F7E71B7913B10020F7F75AF870BD08B50F
:1081F000FFF7D8FF002008BD38B50446006B54F8DF
:10820000042C436822B11B7993B10020F7F748F89A
:10821000196854F8085CCB0FC1F30722C9B2A8470C
:10822000206BFFF7BFFF54F8043C013344F8043CD3
:1082300038BD30B543681360057A446804EBC50463
:10824000A34202D36FF0010030BD5C798C4201D0B3
:108250000833F0E70020F7E700F150039B009BB2E2
:1082600003F1804303F5883300221A601B687047CE
:10827000F0B506680289338A9A4271D23168428920
:10828000930051F8222002F00301C2F307240129D0
:108290008475C2F385051FD002292AD0002935D163
:1082A000C2F30363C2F307474FF0010C120F42827F
:1082B0004268A0F814C00582002A34D182610262AB
:1082C00004F00E04082C05BFC2897368002353F81C
:1082D000223043620120F0BD31681944C2F30B4CD7
:1082E00049680B0F45EA83158FB2130FC1F30B4298
:1082F000DDE731681944D1E901374FEA124C1A0A17
:1083000045EA821295B25BB28A89D0E732681A4494
:10831000D2E90137190A45EA8111B2F810C09289F1
:108320008DB25BB2C3E73A44826104F0C00123B16D
:10833000D31A8029036209D10FE004F03005202D03
:10834000F7D13F2C04D800F114030362C261B7E7F0
:108350008029FAD100F1140303621368C361AFE707
:108360000020B8E70389016810B501339BB203818F
:108370000A8A9A4203D80023C0E9023310BD0B6871
:10838000428953F8221001240B0A01F0030104FA78
:1083900001F10A444281828903F03001002908BFBB
:1083A00001328281C28903F00E03082B08BF01321B
:1083B000C281E3E770B504460E461546002120222F
:1083C000083001F071FDC4E900652046BDE8704049
:1083D000FFF74EBF38B50B680C4699680B681B68F1
:1083E0001B0A03F0C003802B054614BF6268221DE0
:1083F0000C34FFF7DFFF2C6238BD10B50446FFF7E1
:10840000B1FFFFF735FF2089003818BF012010BDEC
:10841000F8B5038A8B4204460D4601D10120F8BD10
:108420000668B28A8A4201D20020F8E78B4288BFF0
:10843000338A078988BF03812046FFF793FF62894B
:10844000336853F8223085EA93039B0606D02389CC
:10845000BB42F1D12046FFF70BFFE5E7FFF708FF2E
:10846000238AAB42F3D1A37D03F00F030A2BEED096
:10847000D4E738B5837D03F00F030A2B044617D0E9
:1084800005892046FFF76EFF236862891B6853F851
:108490002230C3F303230A2B03D1BDE83840FFF792
:1084A000E7BE2389AB42ECD1FFF7E2FE002038BDE6
:1084B0000120FCE7FFF77EBFFFF78CBF10B40B462F
:1084C0001146528A082A0FD1CA696AB130B11468BC
:1084D00024B1043223465DF8044B184723B11468D5
:1084E00014B104321846F5E701205DF8044B7047DB
:1084F000F8B50446C368154622B9E3682B44E36027
:108500000120F8BD0668002EF7D0D31802D2876884
:108510009F4201D20020F4E7B0470028EDD1F9E7EF
:108520007F291FB50446CBB207D88DF8043001224D
:1085300001A9FFF7DDFF04B010BD03F07F03C909F7
:1085400001A80022013263F07F03042A00F8013BF6
:1085500001F07F034FEAD11101D00029F2D102F1DD
:1085600010016944013201F80C3C204601A9E0E702
:108570004B0083EAE171FFF7D3BF30B58A7D4B8AA8
:1085800002F00F02022A85B012D1012B06D1CB696D
:10859000197805B0BDE83040FFF7C2BF022B02D109
:1085A000CB691988F5E7042B44D1CB691968F0E74A
:1085B000012B09D1CB6993F90010032A0FD105B023
:1085C000BDE83040FFF7D4BF022B03D1CB69B3F92C
:1085D0000010F2E7042B2DD1CB691968EDE70029D3
:1085E000D7DA01AD01F07F02CB090424294662F0FD
:1085F0007F02013C05F8012B03F07F024FEAD31301
:10860000F5D142F070020DF107056FF060440423CC
:10861000013362F07F02092B05F8012F04F07F027D
:108620004FEAD414F4D18DF80D200A22FFF760FF31
:1086300005B030BD0020FBE70422FFF759BF41EA37
:10864000C201FFF76DBF8A7D02F00F020B460B2AB5
:1086500011D8DFE802F0060606060E0A0C0C0C0C18
:10866000100C00211A8AFFF7EABF0121FAE7022164
:10867000F8E70521F6E70020704770B50E46114671
:1086800005461446FFF74CFF30B1224631462846D6
:10869000BDE87040FFF72CBF70BD7FB50D46164694
:1086A000002110220446684601F0FEFB32462946AE
:1086B000684600F019F910B9002004B070BD0399A4
:1086C0002046FFF72DFF0028F6D02168039A19B93C
:1086D0002046FFF70DFFF0E7E3681A44A3689A42CB
:1086E000EAD832462946204600F0FEF8E5E72DE9B3
:1086F000F0438B7D03F03002302A85B005460C46EE
:108700000DD10B6A1A880B8A9A420FD1E269A37DB8
:10871000C2B913F0300F14BF0120002007E0102A67
:10872000F4D10A6A32B11378002BEFD1012005B0E1
:10873000BDE8F0833F2BE9D80846F2F795FC002806
:10874000E4D0F3E703F0C002402A0AD12368DB68D3
:10875000002BEBD022462946002005B0BDE8F043AF
:10876000184703F03001202940F09A80216A0E88D2
:10877000002EDBD0802A1DD103F00F03052B59D822
:10878000228A02212846FFF75AFFB0B1A37D03F0E9
:108790000F03042B13D1B70039462846FFF7C0FE5C
:1087A00058B1296849BB3A46284605B0BDE8F043B0
:1087B000FFF79EBEA28AB242DED20020B7E7052BA9
:1087C00001D1F700E8E710220021684601F06CFBB8
:1087D000D4F81C80002721466846FFF7CEFE00280B
:1087E000EBD0E369628A01371344E361BBB29E4276
:1087F000F1D8039FC4F81C80CEE70027A37D03F0C7
:108800000E03042B11D1638A042BD6D1E1692846CB
:10881000FFF712FF0028D0D0E369628A01371344C2
:10882000E361BBB29E42E9D880E721462846FFF7C4
:10883000A4FEEFE74FF00008A37D03F0CE03862BE4
:1088400029D1E769D7F80090C4F81C902146284642
:10885000B9F1000F19D1FFF7F6FE08B9E761ACE7EF
:108860000122694628468DF80090FFF741FE002856
:10887000F4D0E761E369628A08F101081344E36117
:108880001FFA88F3B342D7D350E7F2F755FCE761FC
:108890000028EFD191E721462846F2F74DFCF7E793
:1088A0002146284605B0BDE8F043F2F745BC30B597
:1088B0000C688BB005460CB9012007E023685B68A3
:1088C00021462BB12846984760B900200BB030BD37
:1088D0006846FFF7F1FD0028F7D069462846FFF704
:1088E00006FFF1E7A468E6E710B58AB004466846DB
:1088F000FFF7E0FDB0B19DF8163003F00F030A2B2F
:108900000BD107992046FFF7D2FF18B16846FFF751
:1089100074FDEFE700200AB010BD69462046FFF75E
:10892000E6FEF2E70120F6E710B5836804460BB9CE
:10893000002010BD0368012298470028F8D0A368E2
:10894000013BA360F5E72DE9F3410E460DF1070168
:1089500005461446FFF7E8FF074648B9AB6813B968
:108960000CB1012323700027384602B0BDE8F08126
:108970009DF907309DF80740002B24DA04F07F04AE
:108980004FF007080DF107012846FFF7CDFF00283B
:10899000E9D0B8F11F0F9DF807301ED9B8F13E0F8E
:1089A00003F07F0207D89AB1002CDCDAFF2BDAD172
:1089B00008F10708E6E742B1002CD4DA012BD2D146
:1089C000B8F13F0FCFD13460CEE7B8F13F0FCAD135
:1089D0001B0608F10708D5D4F5E7B8F11C0F09D13B
:1089E00013F0700F03D003F07802782ABBD144EA69
:1089F0000374EDE703F07F0202FA08F21443E7E79D
:108A000003460846596810B58C185C6008B101F03F
:108A10003DFA012010BD0022FFF795BF37B515467E
:108A20001A46002313700C460B702B6001A9FFF748
:108A30008AFF28B1019BDA0803F007032A6023703C
:108A400003B030BD13B50446052921D8DFE801F095
:108A5000030F1720201E012201A92046F2F7FAFB7E
:108A600018B19DF90430002BF5DB02B010BD0822CF
:108A70000021204602B0BDE81040F2F7EBBB01A98F
:108A8000FFF7C9FF0028F0D0019AF1E70422EFE7D1
:108A90000020EAE737B50D4601A90446FFF7BBFF02
:108AA000034618B90023184603B030BD94E8070008
:108AB00085E8070001998A42F4D3A960A268521A96
:108AC000A260F0E738B58A6805460C461AB96368B3
:108AD0006B60012038BD00212046F2F7BBFB002867
:108AE000F5D1F7E713B50C4601A9FFF794FF20B1C4
:108AF000019B003B18BF0123237002B010BD13B5CA
:108B00000C4601A9FFF787FF28B1019A5308D20745
:108B100048BFDB43236002B010BD13B504220C46EE
:108B20000DEB0201F2F796FB08B1019B236002B046
:108B300010BDF0B5937D03F00F0385B005461646D2
:108B40000B2B43D8DFE813F00C00160016001600BC
:108B50005C00420067008600A100A1004200D9002D
:108B60000139C9B2FD2931D9F16905B0BDE8F0403C
:108B7000FFF7B8BF0139C9B2FD2927D9022B1FD190
:108B800001A9FFF748FF044680B1738A042B03D183
:108B9000F269019B136005E0022B0AD1019BF26987
:108BA00013809BB20198C21A54425441204605B02A
:108BB000F0BD012B0AD1019BF2691370DBB2F1E722
:108BC000032B05D101A9FFF79AFF40B90024EDE777
:108BD0006946FFF720FF0028F8D0009B0193738AB5
:108BE000042BD5D0022B04D1F269BDF904301380D7
:108BF000D8E7012BEAD1F2699DF904301370D1E76F
:108C0000052901D0FF29E1D1F169284605B0BDE869
:108C1000F040FFF782BF0229D8D101A9FFF7FBFE80
:108C200004460028C2D0019AB2F5803FCED2B37D6F
:108C300003F0C003802B02F10201C7D0738A99426E
:108C4000C4D8F16921F8022B284605B0BDE8F040F0
:108C5000F2F700BB0229B9D101A9F769FFF7DBFEE2
:108C600004460028A2D0019A531CAFD0B37D03F074
:108C7000C003802B02F101014FF00000A6D0738ADF
:108C80009942A3D8B8543946DEE702299ED101A9FA
:108C9000FFF700FF002899D0736A002B96D0B37DB0
:108CA00003F00F03092B0AD0B37D3F2B1FD90023FC
:108CB000F269716A01A800F03BF804460FE0326ADD
:108CC000002AF1D052F8083C002BEDD0043A31468E
:108CD00001A89847039B04460BB10028E4D101A9E1
:108CE0002846FFF7EFFE00287FF460AF6EE703F041
:108CF0003003203B18BF0123DAE702297FF466AF77
:108D000001A9FFF788FE044600283FF44FAF019900
:108D1000B1F5803FBFF45AAF728A19B9F06901F01A
:108D2000C3F843E791427FF451AF0A46F1698BE7FC
:108D30002DE9F04F9DB004469B4608A80023CDE9DD
:108D40000633ADF81230FFF735FB002800F0E8805D
:108D50001BF0010F40F0E48008A8F2F78BFB00281D
:108D600040F0DE8000201DB0BDE8F08FDDF81480FB
:108D7000B8F1000F03D11BF0040F3CD1F2E74146DC
:108D800008A8FFF745FB30B19DF8363003F00F021D
:108D90000A2A40F08A808FB908A8FFF76AFB28B931
:108DA000BAF1000F0CD14FF0FF3707E00F9BD3F85B
:108DB00000A0BAF1000FF6D0BDF83070B8456CD302
:108DC000A36803939DF8103002935546A368039A55
:108DD000002D60D093423AD0A36863B10DF1110326
:108DE00005AA04A92046FFF719FE0028BED19DF868
:108DF0001130002BB6D04FF6FF73994504D0BDF863
:108E00001230019A9342ADD1089B5B8A002B00F08F
:108E10009680402B28BF4023590906A8002294B20F
:108E2000A14200F28480D80603F01F0200F0878080
:108E3000C2F12003DBB24FF0FF30D8401CAB03EB94
:108E4000810151F8583CC31A584258418BE72B68AE
:108E50001B681E464BB1029B424629462046B0473E
:108E600000283FF47FAFAD68B0E7294612A8FFF7AE
:108E7000B1FA00283FF476AFBDF858309845F2D1EA
:108E8000139B002BEFD0012302992B7312AA2046CB
:108E9000F2F712FAE4E793429ED19DF810102046B3
:108EA000FFF7D0FD002897D15CE703F03003202BBB
:108EB00022D1109A0DAB9A4217D1BDF828304B45FC
:108EC00010D04FF6FF72914505D0BDF812200199E0
:108ED0008A427FF447AF0022ADF81220BDF834205B
:108EE000019299460DF1120310939DF8101008AAF3
:108EF0002046F2F7E1F9D5E7002BF6D1BDF82C308A
:108F00003F2BF2D859091CAA02EB810103F01F0282
:108F10000123934051F8582C134341F8583CE4E79F
:108F2000002301934FF6FF799A461F4654E750F805
:108F3000044B013402F101023FF471AF12E701204A
:108F400011E70023FFF7F4BE004700F0F3B9F2F792
:108F500031BCF7B5019001A8DDE9084716461D466A
:108F6000F2F73AFD019BB6F1000C18BF4FF0010C6F
:108F700000EB83000B1E18BF0123002D43EA4C03B6
:108F800014BF4FF00C0C4FF0000C002C43EA0C0304
:108F900014BF4FF4E06C4FF0000C002F43EA0C03B9
:108FA000D0F8002714BF4FF4403C4FF0000C43EAC8
:108FB0000C0322EA030301B109780EB1367876007A
:108FC00019430DB12D78AD0031430CB12478240242
:108FD00029430FB13F783F040C433C43C0F800479E
:108FE00003B0F0BD1FB50DF10F03019300238DF801
:108FF0000F1000931A461946FFF7ABFF05B05DF856
:1090000004FBF2F7E9BDF2F7C1BD4FF080531A69D6
:109010005869504370474FF08053186970474FF0BC
:1090200080535869704700F180431A68002A1FBFB7
:1090300000221A601B68012008BF002070474FF013
:1090400080434FF46072C3F8042370474FF08043AD
:109050004FF46072C3F80823704708B5F3F756F968
:10906000BDE80840F2F784BC91F820200346032AAB
:1090700029D8DFE802F0212519028A68500304D5B7
:10908000D3F84C250869904207D18A6852031AD454
:10909000D3F84C258969914215D000200622C3F8E7
:1090A0000005C3F800257047D3F84C2508699042A5
:1090B000F3D1D3F83C25EDE7D3F84C250969EAE76D
:1090C000D3F83C25FAE70120704738B5857B044684
:1090D0005DB90068062303222946F3F767F9606843
:1090E000062303222946F3F761F9012038BD30B584
:1090F000A2F58075AD080124AC400C4207D0815820
:1091000029B10021815082581A6822431A6030BD6B
:1091100013B500230C4601934FF4A47201ABFFF783
:10912000E6FF21464FF48272FFF7E1FF21464FF43C
:109130009272FFF7DCFF21464FF4A872FFF7D7FFCA
:1091400021464FF4A672FFF7D2FF21464FF4B072CA
:10915000FFF7CDFF4FF4AE722146FFF7C8FF01982D
:1091600002B010BD30B54C689C4209D20025456064
:10917000096801609A420CD1201E18BF012030BD41
:1091800043600D6805600868E41A18444C60086084
:10919000F0E70020F3E74B689A4228BF1A460B68B5
:1091A000C0E9003248680B68801A486013440038F0
:1091B0000B6018BF012070474B689A4228BF1A46BF
:1091C00062B10B68C0E900324B689B1A4B600B68B8
:1091D000101E13440B6018BF012070471346F1E7BF
:1091E000C343C3F3C01300F00F0000EB031070473C
:1091F000704708B5F3F726FD0146F3F717FC837BAC
:10920000032B0AD10846FFF7EBFF012303FA00F016
:10921000C043BDE80840F3F705BD0368002BF1D05B
:1092200008BD8720FFF7E5BF8620FFF7E2BF852056
:10923000FFF7DFBF8420FFF7DCBF8320FFF7D9BF34
:109240008220FFF7D6BF8120FFF7D3BFF3F70CBD15
:1092500008B5F3F7EBFB818108BD08B5F3F7E6FB32
:109260004FF02002EFF3118382F31288BFF36F8F68
:1092700082680A6002682AB9807B83F31188BFF391
:109280006F8F08BD0420F8E70720F4F7B5B8062073
:10929000F4F7B2B80520F4F7AFB80420F4F7ACB88F
:1092A0000320F4F7A9B80220F4F7A6B80120F4F7D8
:1092B000A3B8F4F793B907B5019001A8F4F77AFBC6
:1092C000019A01239340C0F8083503B05DF804FB10
:1092D000282904D02D2912D06FF0850070474FF453
:1092E0007A714388B3FBF1F313604388B3FBF1F069
:1092F00001FB10339BB24B4353600020704703794E
:1093000013600023F8E741F2670398420ADC40F655
:109310007A53984208DD0F234000B0FBF3F035305C
:10932000C0B27047642070470020704700691C304D
:10933000FFF7CEBF08B1D7F701BD7047704740B106
:10934000C368587810F001001EBF1878B0FA80F09A
:10935000400970474FF02002EFF3118382F3128827
:10936000BFF36F8FFEE708B5FFF7F4FF00F09CBD79
:1093700000F08CBD10B400F10C04C0E903445DF8AA
:10938000044BF7F759BF2DE9F04F87B0DDE91067BF
:1093900005463B46914604A83246884600F0C1FB8C
:1093A000DDE9043405F1140ACDE902344FF020035D
:1093B000EFF3118483F31288BFF36F8F05F10C0B69
:1093C0004A4641462846F7F7CFFE30B184F311886C
:1093D000BFF36F8F07B0BDE8F08F3E43F6D0DDE9F5
:1093E000022304A800F0C1FBDDE904675A46CDE979
:1093F000006721465046F5F77FFA4FF02003EFF360
:10940000118483F31288BFF36F8FD9E738B5044610
:109410004FF02003EFF3118583F31288BFF36F8FB2
:10942000F7F76AFE04F10C0000F02CFB30B129467E
:1094300004F11400BDE83840F5F7C2BA85F311888D
:10944000BFF36F8F38BD82684369134313F0030382
:109450000CD1C3600169994201D800207047C168EE
:1094600011604169C26001330A44F3E76FF01500EF
:109470007047F8B504460D464FF02003EFF3118610
:1094800083F31288BFF36F8FC7686FB900F0B0FA2B
:1094900050B1C767456100F04CFA314604F108004D
:1094A000BDE8F840F5F78CBAE3682B60A369E56086
:1094B000013BA36186F31188BFF36F8FF8BDEFF313
:1094C0000580003818BF012070476FF057007047C3
:1094D000F5F788BA08B54FF02002EFF3118382F355
:1094E0001288BFF36F8FD7F7E1FAF4E790F90E30E7
:1094F0008B4201D0F5F71EBA0020704703460020CA
:10950000C3E90200C3E9003370472DE9F8439946E7
:1095100004469DF820300D46904600F108064FF0B5
:109520002002EFF3118782F31288BFF36F8F03B12C
:109530004568304600F05CFA58B10023C367C0F8B4
:10954000148000F0F6F930463946F5F739FA002074
:109550000CE0B9F1000F1BD00821F5F77BFE38B9FC
:1095600087F31188BFF36F8F6FF00B00BDE8F883AE
:109570000122C0F804800260016801F003015DB9B6
:1095800022680A430260626820606AB960600BE08A
:10959000C8F800904046EFE72A68032A10D8016017
:1095A000616839B9C4E90000042104F1100000F039
:1095B00046FCC8E70A6802F0030202430A60E5E7D6
:1095C00022F003020A4302602A6802F0030240EA22
:1095D00002032B60E8E710B5044630B10268930738
:1095E00003D0446809B100F04AFC204610BD0023B6
:1095F000C0E9003300F10803C0E9023300F11003B1
:10960000C0E90433704770B5044600F108054FF017
:109610002003EFF3118683F31288BFF36F8F284680
:1096200000F0E6F920B10022C267426100F081F942
:1096300004F11000082100F002FC31462846BDE884
:109640007040F5F7BDB907B50123009300230A4622
:109650001946FFF75AFF03B05DF804FB07B5002376
:109660000A4600931946FFF750FF03B05DF804FB6C
:1096700000680021FFF7AFBF5AB18A4209D300F159
:109680001003C0E90212C0E90000C0E90433002061
:1096900070476FF015007047026801238B4022EA83
:1096A0000303036022FA01F000F00100704710B5D7
:1096B000032104460C30FFF7EFFF30B104F1100036
:1096C00000F013FAB0FA80F0400910BD20B100227A
:1096D0001146D03000F0E6B9704770B5C368C3F3E7
:1096E00040069B07044616D4856802210C30FFF71C
:1096F000D3FF80B1D5F8C8206AB194421DD1226849
:109700009EB9D5F8CC30C5F8C8209C4201D1C5F827
:10971000CC2000232360E36813F00F001EBF43F04A
:109720000203E36040F0020070BD3260D5F8CC2047
:10973000944208BFC5F8CC60EBE716461268DBE739
:1097400073B504464FF02003EFF3118583F31288BD
:10975000BFF36F8F0023A0F110060321043801939B
:10976000FFF79AFF28B1A369019301A93046F4F7E6
:1097700085FE85F31188BFF36F8F02B070BD38B5D9
:1097800004460D461022002100F08EFB656038BDB6
:109790004FF02002EFF3118382F31288BFF36F8F33
:1097A000C06800F00F0083F31188BFF36F8F70471C
:1097B00013B5019008464FF02003EFF3118483F3B3
:1097C0001288BFF36F8F01A9F4F758FE84F3118854
:1097D000BFF36F8F02B010BD10B5FFF7E9FF041E95
:1097E00009DD4FF02003EFF3118083F31288BFF3FC
:1097F0006F8F00F031F9204610BD08B5E822002136
:1098000000F052FB08BD38B5302204460D46002159
:1098100000F04AFB4FF480736560E36038BDFFF7EA
:10982000B7BF38B504464FF02003EFF3118583F33B
:109830001288BFF36F8FFFF73AFF2046FFF74DFF07
:1098400085F31188BFF36F8F38BDF8B504460D4618
:109850004FF02003EFF3118683F31288BFF36F8F6D
:10986000C36803F00F03002B14BF0127002705D1A5
:1098700086F31188BFF36F8F3846F8BDFFF717FFE7
:109880002046FFF72AFF29462046F4F7D9FD86F344
:109890001188BFF36F8F0028EED04FF0FF324FF0EA
:1098A000FF3305F10800F4F767FDE5E7D0E9003282
:1098B00013605A600023C0E90033704708B5FFF712
:1098C000F5FF437B23F0020343730023836008BD4D
:1098D00090F90E3091F90E00834214BFC01A002097
:1098E000704738B504460D46F4F7A6FF637B43F096
:1098F00002036373E5B1A5602B689D4209D16B68D3
:10990000C4E900531C606C6012E06A689342F6D0B0
:109910001B68002BF3D094F90E2093F90E108A42A5
:10992000F3D09142F1DD5A68C4E9003214605C6002
:1099300038BD10B54FF02003EFF3118483F3128884
:10994000BFF36F8FF4F744FF84F31188BFF36F8F79
:1099500010BD08B54FF02002EFF3118182F3128899
:10996000BFF36F8F83680BB1FFF7A8FF81F31188F6
:10997000BFF36F8F08BD38B504464FF02003EFF3F7
:10998000118583F31288BFF36F8F437B13F0280F89
:109990000BD183680BB1FFF791FF637B51B903F0E3
:1099A000FB0363732046F4F713FF85F31188BFF3BD
:1099B0006F8F38BD03F0EB03F3E701211838FFF791
:1099C000DABF08B503464FF02002EFF3118182F3AE
:1099D0001288BFF36F8F0068834207D008B1FFF78A
:1099E0006DFF81F31188BFF36F8F08BD0020F8E78A
:1099F00038B54FF02003EFF3118583F31288BFF3DE
:109A00006F8F0468A0420DD034B12046FFF756FF97
:109A100004F1180000F069F885F31188BFF36F8F27
:109A2000204638BD0024F7E710B501464FF020036B
:109A3000EFF3118483F31288BFF36F8F83680BB148
:109A4000FFF73CFF84F31188BFF36F8FBDE8104030
:109A500001F1180000F049B8034620B9EFF3058280
:109A60000AB9D6F7C9BE83F31188BFF36F8F704769
:109A70004FF02003EFF3118083F31288BFF36F8F51
:109A8000FFF7EABF38B5054600202C68A54200D094
:109A900004B938BD2046FFF7C7FF2046FFF749FF4E
:109AA0000120F2E738B54FF02003EFF3118583F37F
:109AB0001288BFF36F8F0468A04212D09CB1E16797
:109AC00062612046FFF7FAFE04F1180000F00DF87D
:109AD0002046F4F77DFE012085F31188BFF36F8FD8
:109AE00038BD0020F8E72046F6E710B54FF0200219
:109AF000EFF3118482F31288BFF36F8F03683BB1D9
:109B0000F5F76EF9002084F31188BFF36F8F10BD55
:109B10006FF01500F7E708B5F5F75EFA08BDF5F741
:109B20005BBAB3F1FF3F08BFB2F1FF3F70B5044627
:109B30001D46164613D01A4315D06FF00102921B32
:109B40004FF0FF3363EB0501002904DAF5F744FA1F
:109B5000821941EB0501C4E90021204670BD4FF098
:109B6000FF321146F7E70022FBE7B3F1FF3F08BFE2
:109B7000B2F1FF3FF8B5074616461C4610D054EA2E
:109B8000020311D0F5F728FAB0420A46A141034674
:109B90000AD2F31A64EB0204C7E900343846F8BD70
:109BA0004FF0FF331C46F7E70023FBE710B50446F0
:109BB000FFF79BFFB0B9636A0BB12046984704F1E9
:109BC0001800FFF7FEFE68B1FFF7B3FE4FF0200369
:109BD000EFF3118083F31288BFF36F8FBDE810405D
:109BE000FFF73ABF10BD1423F0B503FB01000024BA
:109BF0004FF48B7601B9F0BD10F8073C40F80C4CDF
:109C000003F03F03082BA0F114070CD826FA03F346
:109C1000DB0708D550F8143C2BB150F8105C2B60D2
:109C20005D6040E9054482F31188BFF36F8F4FF008
:109C30002003EFF3118283F31288BFF36F8F013992
:109C40003846D7E7F8B50D46D0E9001388420446F8
:109C500005D16368C5E900431D6065601DE0002B08
:109C6000F7D0986800B16038A2F160073946FFF775
:109C70002FFE0028EDDC2668B442EAD0002EE8D0A2
:109C8000B16801B160393846FFF722FE002805DDD2
:109C90007368C5E900631D607560F8BD63689E4226
:109CA000D7D03668EAE72DE9F84F00258B461446F1
:109CB0001F4682462E46A8465D4502DB3046BDE87B
:109CC000F88F4FF02003EFF3118983F31288BFF36D
:109CD0006F8F9AF80D3003F03F03013B072B0FD82D
:109CE000DFE803F01E040E0A0E0E0E25DAF810301F
:109CF0009B682BB1022320E0DAF810301B688BBB85
:109D000047BB237833B39AF80D3003F03F03013B90
:109D1000072B30D8DFE803F033282F282F2F2F38D8
:109D2000DAF810309B68002BEAD0012305E0DAF85E
:109D300010301B6A002BE3D01023DAF80C20CAF88D
:109D40000880C2F386310B4363F39432CAF80C20C7
:109D500084F8008089F31188BFF36F8F01350AF111
:109D6000140AA9E70423E8E7DAF81000224651466E
:109D70001030FFF767FFCAF808400136EAE7DAF863
:109D8000100022465146F4E7DAF810002246514608
:109D90002430EEE72DE9F041846805460E46ECB12B
:109DA0006378012B25D114F8533C9A0714D5A4F1FC
:109DB00060073846FFF738FE082E0CBF6FF003032C
:109DC0000023E36114F8533CDB0605D154F8483C0A
:109DD00013B93846FFF7ADFD00232370EB68C3F3DA
:109DE00086321643002066F39433A860EB60BDE82A
:109DF000F081022BF0D12378002BEDD054F8048CA5
:109E0000B8F1000FE8D004F11400FFF76EFEA4F1E2
:109E100014070023E36239464046FFF7C9FCDBE73D
:109E200010B55205090201F47C5102F400120A43F4
:109E3000017B00240A43C0E90323846010BD10B5F0
:109E400003464FF02002EFF3118482F31288BFF330
:109E50006F8F0068834208D0D0E9003213605A60E7
:109E60000023C0E90033FFF795FF84F31188BFF3A7
:109E70006F8F10BD0023C0E900008360704720B1E0
:109E8000011F50F8040CFFF7C1BA70470A44914211
:109E900000F1FF3300D1704710B511F8014B03F802
:109EA000014F9142F9D110BD02440346934200D1C3
:109EB000704703F8011BF9E79A4208B501D9D6F7B4
:109EC000FDFE814204D88B189842F8D3814202D11A
:109ED00083189942F3D3BDE80840FFF7D7BF08B411
:109EE00017B505AB141E53F8041B019307DA1A4685
:109EF000F5F762FD03B0BDE8104001B070470A46B7
:109F00002146F5F731FD0028F4DBA042F2D3D6F765
:109F1000D5FE0A220021F5F7FDB910B5013902443A
:109F2000904201D1002005E0037811F8014FA342CF
:109F300001D0181B10BD0130F2E710B56AB101392C
:109F4000841810F8012B11F8013F9A4203D1A04266
:109F500001D0002AF5D1D01A10BD1046FCE7F0B5AB
:109F6000C2F137050446EDB202F01F020846B4FB09
:109F7000F2F602FB1641CBB2092988BF5B192746CE
:109F800088BFDBB23033BA4200F8013B3446EED929
:109F9000F0BD10B5024601448A42134603D01C7836
:109FA0000132002CF8D1181A10BDD1E904329342C5
:109FB0001EBF5A1C0A6118707047000001480068F3
:089FC000704700001C51002055
:089FC8006CC1FC7F01000000E8
:109FD000F90C030000000000959C0400C8A10500D6
:109FE000E9DD0400000000000DDE040000000000B8
:109FF000D5A50400F8A10500D5A50400E0A1050041
:10A00000F37E050028A2050049A1040010A2050066
:10A01000D1FB020040A2050065AE04000000000074
:10A02000510D0300000000000000000020A4050006
:10A030000000000058A205000000000030A3050049
:10A040000000000088A2050000000000A0A205009A
:10A050000000000078A305000000000048A30500F0
:10A0600000000000B8A205000000000060A3050089
:10A070008DA20200D0A205008DA20200E8A2050078
:10A080000000000090A30500EDA7020018A3050042
:10A09000EDA7020000A305000000000008A40500D1
:10A0A0000000000070A2050000000000C0A3050031
:10A0B00000000000A8A3050000000000D8A30500D0
:10A0C00000000000F0A305007DCC020000000000AD
:10A0D00009DC02000000000051FD02000000000049
:10A0E000D50C0300000000001735050038A405005A
:10A0F0000DE40400000000000D9B040050A40500C6
:10A1000045A2040068A40500D5A7040080A40500AA
:10A11000011503000000000025B30300000000004B
:10A12000C98D0400000000001D9D020098A40500D8
:10A13000117D0500B0A40500C9A90400C8A405004C
:10A1400019DB0400F8A40500C5AB0400E0A4050079
:10A15000C9F202000000000081C9020000000000F6
:10A1600005B602000000000079BC020000000000FB
:10A1700015C0020000000000ED9602000000000083
:10A18000E99B020000000000C5AC020000000000D6
:10A1900081B0020000000000D9BE020000000000F3
:10A1A000A5CF020000000000DDE102000000000079
:10A1B000F11F05000000000035CB02000000000088
:08A1C000DDCB020000000000ED
:10A1C800E9F5050004DB050014DB0500B6100020E6
:10A1D80080860020000000003BF60500A4DB050097
:10A1E800C4DB0500C01000204887002000000000E4
:10A1F80049F60500B4DB0500C4DB0500C2100020E9
:10A20800548700200000000002F60500000000004E
:10A2180078DB0500BA100020D4860020000000007A
:10A2280012F605000000000080DB0500BC100020CD
:10A23800000000000000000069F105007015002012
:10A2480010C00500B01000207000002000000000C1
:10A258000CE3050004AB05000CAB050088100020DA
:10A2680000000000000000001BE3050008AB05002B
:10A278000CAB05008A100020000000000000000060
:10A2880033E30500000000002CAB05008C10002013
:10A29800000000000000000046E305000000000088
:10A2A8004CAB05008E1000200000000000000000EC
:10A2B8005BE3050066E3050094AB05009010002001
:10A2C800000000000000000071E30500DCAB0500A1
:10A2D8001CAC0500921000208C46002000000000F5
:10A2E80093E30500FCAB05001CAC050094100020AE
:10A2F8009C46002000000000A8E3050040AC0500D3
:10A3080074AC05009610002000000000000000005A
:10A31800C0E3050058AC050074AC05009810002097
:10A328000000000000000000D5E3050094AC050023
:10A33800C0AC05009A1000203A8B002000000000F5
:10A34800EAE305000C0F0020E4AC05009C10002097
:10A35800D0230020000000007BE30500000000007F
:10A3680004AD05009E100020000000000000000061
:10A3780012E40500700300204CAD0500A010002079
:10A38800B04600200000000030E405000000000096
:10A398006CAD0500A21000200000000000000000C5
:10A3A8006AE4050077E40500D4AD0500A410002098
:10A3B800000000000000000081E40500000000002B
:10A3C8001CAE0500A61000200000000000000000E0
:10A3D80096E405000000000064AE0500A810002007
:10A3E8000000000000000000A7E4050000000000D5
:10A3F80084AE0500AA100020000000000000000044
:10A40800BAE4050000000000A4AE0500AC1000206E
:10A418000000000000000000C0E50500000000008A
:10A4280038B40500AE100020000000000000000055
:10A43800F4E705009415002030C20500B210002092
:10A448002C51002000000000DCF505000000000091
:10A45800ECDA0500B4100020000000000000000045
:10A4680021F605000000000088DB0500BE10002072
:10A47800000000000000000057F60500E8DB0500BA
:10A488003CDC0500C4100020400E0020300E0020E7
:10A4980072E20500E0AA0500D4AA05008610002093
:10A4A800358B002060030020F8F5050030DB05003F
:10A4B800080E0020B810002088900020000000003E
:10A4C80064F6050054DC05005CDC0500C6100020BD
:10A4D800084200200000000071F60500000000009E
:10A4E80068DC0500C810002060870020000000001C
:10A4F800C1F6050000000000E8DC0500CA100020D5
:08A50800208A00200000000081
:10A510005B900500498F0500000000008F340500A6
:10A52000000000008F34050081C80400498F050039
:10A53000000000008F340500000000008F3405008B
:10A540003DC00400498F050050A40500519B040044
:10A55000000000008F340500000000008F3405006B
:10A56000000000008F34050000000000FD560400CC
:10A57000E0A4050035AB0400D4860020B9A1040096
:10A58000000000008F340500000000008F3405003B
:10A59000000000008F34050000000000F5AE04004C
:10A5A000000000008F340500000000008F3405001B
:10A5B000000000008F340500000000008F3405000B
:10A5C000000000008F340500000000008F340500FB
:10A5D000000000002D570400000000008F3405002B
:10A5E000000000008F340500000000008F340500DB
:10A5F000000000008F340500000000008F340500CB
:10A60000000000008F340500000000008F340500BA
:10A61000000000008F340500000000008F340500AA
:10A62000000000008F340500000000008F3405009A
:10A63000000000008F340500000000008F3405008A
:10A64000000000008F34050039D70400498F050051
:10A65000000000008F340500000000008F3405006A
:10A66000000000008F340500000000008F3405005A
:10A67000000000008F340500000000008F3405004A
:10A68000000000008F340500000000008F3405003A
:10A6900018270020A89800200010000089CE020092
:10A6A0000000000000000000000000000E0000009C
:10A6B0000000000072E8050000000000000000003B
:10A6C00005000000A5450300000000000600000092
:10A6D000196F03000000000004000000B9490300E6
:04A6E0000000000076
:10A6E40024C5050008000000C4C5050007000000DB
:10A6F400F0C005000500000064C00500070000006C
:10A70400F8B40500120000007CBF0500040000003E
:10A7140010E20500000000003D980200BD97020011
:10A724000000000057F3050000000000D1110300F1
:10A73400551403000000000039F505000000000076
:10A74400F7570500000000000000000048F5050070
:10A7540000000000175E050000000000000000007B
:10A7640040F505000000000049550300D15F0300D7
:10A77400000000008DF5050000000000B175050023
:10A7840071810300000000004EF505000000000088
:10A7940081580300DD59030000000000EFE40500C8
:10A7A40000000000DDAD0200000000000000000019
:10A7B4008FE2050000000000059E0200C19D02001A
:10A7C4000000000042E5050000000000F5AE0200B4
:10A7D400D1AE02000000000033E2050000000000DA
:0CA7E400999B0200000000000000000033
:10A7F000000000000B000400A0000000F0000000BA
:10A8000000000000000000000100000060003000B7
:10A810000000000000000000022A48C2B1CFC56756
:10A82000C90771960000000000022A48C2B1CFC5D6
:10A8300067C90771960001000000022A48C2B1CF23
:10A84000C567C90771960002000000022A48C2B11C
:10A85000CFC567C907719600050000000600060015
:10A860001E00900100000000600060000000000079
:10A870000000000059CD020000000000FFFFFFFFB4
:10A8800008000000080008000800000000000000A8
:10A8900000000001000000020000000400000008A9
:10A8A00000000010000000200000004000000080B8
:10A8B0000000001B00000036000103FF04FF02003F
:10A8C000000106020100000000010201040404046A
:10A8D00006000C001E00900100C2010000000801EB
:10A8E000030062746C6500000000000000000000BE
:10A8F0000000000000000000000000000000000058
:10A900000000000000000000000000000000000047
:10A910000000000001000000000000000000000036
:10A920000338FDD8704700008597020038A905005C
:10A93000600000000610000001000000020000009E
:10A9400003000000040000000500000006000000F5
:10A9500007000000000000000800000009000000DF
:10A960000A0000000B0000000C0000000D000000B9
:10A970000E0000000F000000100000001100000099
:10A980001200000013000000140000001500000079
:10A990001600000017000000180000001900000059
:10A9A0001A0000001B0000001C0000001D00000039
:10A9B0001E0000001F000000200000002100000019
:10A9C00022000000230000002400000025000000F9
:10A9D0002600000000000000270000002800000002
:10A9E000290000002A0000002B0000002C000000BD
:10A9F0002D0000002E0000002F000000300000009D
:10AA0000310000003200000033000000340000007C
:10AA10003500000000000000360000003700000094
:10AA200038000000390000003A0000003B00000040
:10AA30003C000000000000003D0000003E0000005F
:10AA40003F00000040000000410000004200000004
:10AA5000000000000000000043000000440000006F
:10AA600045000000460000004700000048000000CC
:10AA7000490000004A0000004B0000004C000000AC
:10AA80004D000000500000005100000000000000D8
:10AA90000000000000000000520000000000000064
:10AAA000000000004E0000004F00000053000000B6
:10AAB0005400000055000000BCAA050044E2050057
:10AAC0002CA90500C8A4050020DD050055000000E4
:10AAD0004CE20500A5FD0400DDFD04009FFD04001F
:10AAE000ECAA05000100000032000000F8A10500FA
:10AAF0000D0000009FE20500BAE20500D5E2050066
:10AB0000E6E2050057000000000000000100000020
:10AB1000000000004BFE04000000000000000000E8
:10AB2000000000001BFC0400000000000200000008
:10AB30008D9F0200359F02008DFE04000000000082
:10AB40000000000000000000000000000000000005
:10AB500000000000A7FF040093FF040000000000B5
:10AB600000000000000000006CAB050001000000C8
:10AB700074AB05000100000084AB0500000000007C
:10AB800000000000BCE30500000000000000000021
:10AB90000300000000000000000000002500050088
:10ABA000BBFF0400000000000000000000000000E7
:10ABB000B4AB050001000000BCAB050001000000C3
:10ABC000CCAB05000000000000000000BCE3050065
:10ABD000000000000000000003000000C8000000AA
:10ABE0007BE3050046E30500FFFFFFFFFFFFFFFFDC
:10ABF000020000000000000000000000C80000008B
:10AC000046E3050046E30500FFFFFFFFFFFFFFFFF0
:10AC10000000000000000000000000000000000034
:10AC2000000000006DA50200A5A4020000000000C5
:10AC300000000000EB010500000000007DA60200FE
:10AC4000E803000001000000000000007BE30500B5
:10AC50000000000000000000E80300000000010008
:10AC60000000000046E305000000000000000000B6
:10AC70002DA8020000000000000000006DAA0200E4
:10AC800099A90200000000000000000097020500E2
:10AC90000000000002030000070000002D0000007B
:10ACA00002000000070000002A0000000000000071
:10ACB000070000004C0000000000000039AB02005B
:10ACC0000000000000000000A3030500970305003A
:10ACD00000000000000000001BFC04000000000059
:10ACE000D1AB02000000000000000000C703050017
:10ACF0002504050000000000000000001BFC04000B
:10AD000000000000000000000000000085040500B5
:10AD100077040500000000000000000000000000B3
:10AD200024AD0500010000002CAD0500010000006D
:10AD30003CAD0500000000000000000064E40500D8
:10AD400000000000000000000400000000000000FF
:10AD500000000000DB040500930405000000000073
:10AD6000000000001BFC04000000000000000000C8
:10AD70000000000033050500000000000000000096
:10AD800000000000000000008CAD05000100000084
:10AD900094AD050003000000A4AD05000000000014
:10ADA0000000000038E40500000000000000000082
:10ADB0000100000047E40500010000000000000061
:10ADC0000100000052E40500020000000000000045
:10ADD0000100000000000000000000006B050500FD
:10ADE0005F050500000000000000000000000000FA
:10ADF000F4AD050001000000FCAD050001000000FD
:10AE00000CAE0500000000000000000064E4050036
:10AE1000000000000000000004000000000000002E
:10AE200000000000C7050500BB050500000000008C
:10AE300000000000000000003CAE05000100000022
:10AE400044AE05000100000054AE05000000000003
:10AE50000000000064E405000000000000000000A5
:10AE6000040000000000000000000000E1050500F3
:10AE7000ED05050000000000000000001BFC0400C0
:10AE8000000000000000000000000000F9050500BF
:10AE90000506050000000000000000001BFC040087
:10AEA0000000000000000000000000001D0605007A
:10AEB0001106050000000000000000001BFC04005B
:10AEC00000000000B3060500F9E40500BD0605001A
:10AED000ED07050000000000A7E4050000000000E9
:10AEE0000000000000000000A7E4050000000000D2
:10AEF0000000000000000000A7E4050000000000C2
:10AF00000000000000000000A7E4050000000000B1
:10AF10000000000000000000A7E4050000000000A1
:10AF20000000000000000000A7E405000000000091
:10AF30000000000000000000A7E405000000000081
:10AF40000000000000000000A7E405000000000071
:10AF50000000000000000000A7E405000000000061
:10AF60000000000000000000A7E405000000000051
:10AF70000000000000000000A7E405000000000041
:10AF80000000000000000000A7E405000000000031
:10AF90000000000000000000A7E405000000000021
:10AFA0000000000000000000A7E405000000000011
:10AFB0000000000000000000A7E405000000000001
:10AFC0000000000000000000A7E4050000000000F1
:10AFD0000000000000000000A7E4050000000000E1
:10AFE0000000000000000000A7E4050000000000D1
:10AFF0000000000000000000A7E4050000000000C1
:10B000000000000000000000A7E4050000000000B0
:10B010000000000000000000A7E4050000000000A0
:10B020000000000000000000A7E405000000000090
:10B030000000000000000000A7E405000000000080
:10B040000000000000000000A7E405000000000070
:10B050000000000000000000A7E405000000000060
:10B060000000000000000000A7E405000000000050
:10B070000000000000000000A7E405000000000040
:10B080000000000000000000A7E405000000000030
:10B090000000000000000000A7E405000000000020
:10B0A0000000000000000000A7E405000000000010
:10B0B0000000000000000000A7E405000000000000
:10B0C0000000000000000000A7E4050000000000F0
:10B0D0000000000000000000A7E4050000000000E0
:10B0E0000000000000000000A7E4050000000000D0
:10B0F0000000000000000000A7E4050000000000C0
:10B100000000000000000000A7E4050000000000AF
:10B110000000000000000000A7E40500000000009F
:10B120000000000000000000A7E40500000000008F
:10B130000000000000000000A7E40500000000007F
:10B140000000000000000000A7E40500000000006F
:10B150000000000000000000A7E40500000000005F
:10B160000000000000000000A7E40500000000004F
:10B170000000000000000000A7E40500000000003F
:10B180000000000000000000A7E40500000000002F
:10B190000000000000000000A7E40500000000001F
:10B1A0000000000000000000A7E40500000000000F
:10B1B0000000000000000000A7E4050000000000FF
:10B1C0000000000000000000A7E4050000000000EF
:10B1D0000000000000000000A7E4050000000000DF
:10B1E0000000000000000000A7E4050000000000CF
:10B1F0000000000000000000A7E4050000000000BF
:10B200000000000000000000A7E4050000000000AE
:10B210000000000000000000A7E40500000000009E
:10B220000000000000000000A7E40500000000008E
:10B230000000000000000000A7E40500000000007E
:10B240000000000000000000A7E40500000000006E
:10B250000000000000000000A7E40500000000005E
:10B260000000000000000000A7E40500000000004E
:10B270000000000000000000A7E40500000000003E
:10B280000000000000000000A7E40500000000002E
:10B290000000000000000000A7E40500000000001E
:10B2A0000000000000000000A7E40500000000000E
:10B2B0000000000000000000A7E4050000000000FE
:10B2C0000000000000000000A7E4050000000000EE
:10B2D0000000000000000000A7E4050000000000DE
:10B2E0000000000000000000A7E4050000000000CE
:10B2F0000000000000000000A7E4050000000000BE
:10B300000000000000000000A7E4050000000000AD
:10B310000000000000000000A7E40500000000009D
:10B320000000000000000000A7E40500000000008D
:10B330000000000000000000A7E40500000000007D
:10B340000000000000000000A7E40500000000006D
:10B350000000000000000000A7E40500000000005D
:10B360000000000000000000A7E40500000000004D
:10B370000000000000000000A7E40500000000003D
:10B380000000000000000000A7E40500000000002D
:10B390000000000000000000A7E40500000000001D
:10B3A0000000000000000000A7E40500000000000D
:10B3B0000000000000000000A7E4050000000000FD
:10B3C0000000000000000000A7E4050000000000ED
:10B3D0000000000000000000A7E4050000000000DD
:10B3E0000000000000000000A7E4050000000000CD
:10B3F0000000000000000000A7E4050000000000BD
:10B400000000000000000000A7E4050000000000AC
:10B410000000000000000000A7E40500000000009C
:10B420000000000049E5050061E505007DE5050037
:10B430005308050097E5050000000000000000002B
:10B440007F080500730805000000000000000000F0
:10B450000000000058B405000200000060B40500C0
:10B4600004000000B0B4050000000000000000006F
:10B470000200000090B405000100000080B4050047
:10B480002CE60500000000000300000002000000A0
:10B49000CAE50500030000000000000001000000F4
:10B4A000D9E50500050000000000000001000000D3
:10B4B000ECE50500010000000000000001000000B4
:10B4C000F9E5050002000000000000000100000096
:10B4D0000AE6050004000000000000000100000072
:10B4E0001DE6050000000000000000000100000053
:10B4F000E1E6050000000000700F00205F5B050022
:10B50000000000006C0F002000000100680F002008
:10B51000615F0500000000000C0500200000010034
:10B52000600F0020010A0500000000004410002008
:10B53000000001005C0F0020615F050000000000BA
:10B540000405002000000100540F00205DBC020033
:10B55000000000000000000000000400500F002068
:10B56000615F050000000000FC04002000000100F5
:10B57000480F0020190A050000000000000000002C
:10B5800000000400440F0020315B0500E95A03006D
:10B59000BC04002000000C00400F0020E909050059
:10B5A0000000000042100020000004003C0F0020BA
:10B5B000615F050000000000B404002000000100ED
:10B5C000340F0020BB09050000000000000000004F
:10B5D00000000400300F0020315B0500E95A030031
:10B5E0007404002000000C002C0F0020E909050065
:10B5F000000000003E10002000000400280F002082
:10B60000615F0500000000006C04002000000100E4
:10B61000200F002000000000750905000000000058
:10B6200000000C001C0F0020E909050000000000CC
:10B630004010002000000400180F0020615F05008A
:10B64000000000006404002000000100100F002032
:10B6500000000000470A0500B38B00200000020034
:10B6600059E705007EE705005DBE020098E705008A
:10B67000B3E70500AD0A050021BF0200ADC102001D
:10B6800055BF020049BF0200A1C00200350B0500F2
:10B69000730B0500000000000000000071CC0200E8
:10B6A0005AE8050000000000CCB60500C0B6050051
:10B6B0000000000000000000020000000500000083
:10B6C000DCB7050038BE0500000000000938012085
:10B6D00002000400153801200200040000000000F0
:10B6E0000CB70500F8B605000000000000000000DF
:10B6F0000500000005000000B4B7050030B80500E3
:10B7000018BA05005CBE05000000000004120040ED
:10B7100009380140080004000D38014008001400F9
:10B7200011380140080018001538014008002400B5
:10B730000000000058B705004CB7050000000000ED
:10B74000000000000200000002000000E0B605005A
:10B75000A8B60500000000000538014004002C00D8
:10B7600009380140040006000000000094B70500FD
:10B7700084B7050000000000000000000400000085
:10B780000500000064B8050074BA0500ECBE0500B1
:10B7900000000000041200400D38014008000400C1
:10B7A00011380140080008001538014008001C004D
:10B7B00000000000D0B70500CCB705000000000075
:10B7C0000000000002000000020000000000000075
:10B7D000043002120832021200000000F8B705001F
:10B7E000F4B70500000000000000000001000000A8
:10B7F00001000000000000000432021200000000FE
:10B800001CB8050018B8050000000000BD84050044
:10B8100002000000020000000000000005570100C7
:10B8200000000800095601000800080000000000A0
:10B8300050B8050048B805000000000000000000F6
:10B84000030000000400000000B805000000000034
:10B8500005380140040010000832041410300414AC
:10B860000000000080B805007CB805000000000062
:10B8700000000000040000000400000000000000C0
:10B8800004300212083002120C3002121030021280
:10B8900000000000C0B80500ACB8050000000000C2
:10B8A000BD840500060000000600000038B9050050
:10B8B00058B90500F0B8050018B9050000000000EF
:10B8C0000557010000000800093801400C00010084
:10B8D0000C320C44113801400C00080015380140AE
:10B8E0000C000800193801400C00010000000000A5
:10B8F0000CB9050008B905000000000000000000B8
:10B9000002000000020000000000000004120040DD
:10B91000081204400000000034B9050030B90500E9
:10B920000000000000000000000000000000000017
:10B93000000000000000000054B9050050B90500E7
:10B9400000000000000000000000000000000000F7
:10B95000000000000000000074B9050070B9050087
:10B9600000000000000000000200000002000000D3
:10B970000000000004110040081104400000000015
:10B98000A4B9050098B9050000000000BD840500B9
:10B99000020000000200000094B8050094B8050001
:10B9A00000000000056801000000080009680100AF
:10B9B0000800080000000000D8B90500D0B9050053
:10B9C00000000000BD84050003000000030000002B
:10B9D00080B9050000000000041200400957010072
:10B9E000040008000D6801000C00080000000000C1
:10B9F0000CBA050008BA050000000000BD8405006F
:10BA000001000000010000000000000005620100CC
:10BA100000000800000000003CBA050030BA050034
:10BA20000000000000000000020000000200000012
:10BA3000F0B90500B8B90500000000000538014064
:10BA40000400080009380140040014000000000050
:10BA50006CBA050068BA0500000000000000000094
:10BA6000010000000100000000000000041200407E
:10BA70000000000094BA05008CBA05000000000028
:10BA800000000000020000000200000050BA0500A3
:10BA900000000000043004140938014004000400D0
:10BAA00000000000C0BA0500BCBA0500000000009C
:10BAB0000000000007000000070000000000000078
:10BAC00004130040081304400C13084010130C40EA
:10BAD00014131040181314401C13184000000000E9
:10BAE00000BB0500F8BA050000000000BD84050099
:10BAF0000200000002000000A4BA050000000000DF
:10BB0000055701000000080009680100080008004E
:10BB10000000000034BB05002CBB05000000000045
:10BB2000BD8405000200000002000000E0BA05002C
:10BB30000000000004120040096801000400080031
:10BB40000000000060BB05005CBB050000000000B9
:10BB500000000000030000000300000000000000DF
:10BB600004130040081204400C12084000000000BA
:10BB700090BB050088BB050000000000BD840500E7
:10BB8000030000000300000044BB050000000000AB
:10BB90000412004009570100040008000D6801006C
:10BBA0000C00080000000000C8BB0500C0BB050079
:10BBB00000000000BD840500030000000300000039
:10BBC00070BB0500000000000568010000000800CF
:10BBD000081208400C120C4000000000F8BB0500E1
:10BBE000F4BB05000000000000000000020000009F
:10BBF00002000000000000000412004009170100CC
:10BC0000040014000000000024BC050020BC050056
:10BC10000000000000000000020000000200000020
:10BC20000000000004120040081204400000000060
:10BC30004CBC050048BC05000000000000000000EE
:10BC4000010000000100000000000000041200409C
:10BC50000000000070BC05006CBC05000000000086
:10BC600000000000000000000000000000000000D4
:10BC70000000000090BC05008CBC05000000000026
:10BC800000000000020000000200000000000000B0
:10BC9000041200400812044000000000BCBC050073
:10BCA000B4BC05000000000000000000030000001C
:10BCB0000300000044BB0500000000000412004027
:10BCC000081104400D1801400C000C000000000099
:10BCD000F0BC0500E8BC050000000000000000000A
:10BCE000020000000200000070BB05000000000020
:10BCF000053801400400140008320414000000005C
:10BD00001CBD050018BD050000000000000000007B
:10BD10000000000000000000000000000000000023
:10BD200040BD050038BD0500000000000000000017
:10BD3000020000000200000000BD0500000000003D
:10BD40000538012002000100083202120000000044
:10BD500070BD050068BD0500000000000000000087
:10BD6000020000000200000070BB0500000000009F
:10BD700004120040091801400800140000000000EF
:10BD8000A0BD050098BD05000000000000000000F7
:10BD9000020000000200000050BD0500000000008D
:10BDA0000538014004001C000832041400000000A3
:10BDB000D0BD0500C8BD0500000000000000000067
:10BDC0000200000002000000A8BB05000000000007
:10BDD000053801400400100008320414000000007F
:10BDE00000BE0500F8BD05000000000000000000D6
:10BDF0000200000002000000A8BB050000000000D7
:10BE0000053801400400100008320414000000004E
:10BE10002CBE050028BE0500000000000000000048
:10BE200002000000020000000000000004300212C6
:10BE3000083202120000000054BE050050BE05008A
:10BE400000000000000000000100000001000000F0
:10BE500000000000043002120000000098BE05003F
:10BE600074BE050000000000000000000C0000008F
:10BE70000C000000A8BB050010BE050014BB0500A7
:10BE8000E0BD0500B0BD050080BD050020BD05007A
:10BE9000D0BC05000000000005380140040010007F
:10BEA000083204140C30041411380140040004005A
:10BEB000143004141938014004000C001D380140EE
:10BEC000040014002138014004001400253801400A
:10BED0000400200029380140040004002D380140EE
:10BEE00004001800303204140000000020BF0500D8
:10BEF00004BF050000000000000000000C0000006E
:10BF00000C0000009CBC050074BC050054BC05007E
:10BF100030BC050008BC0500DCBB050000000000CB
:10BF20000430041409380140040018000C300414D3
:10BF30001030041414300414183004141C32044457
:10BF400021380140040008002538014004000100A8
:10BF500029380140040004002D3801400400080085
:10BF60003138014004001800000000005DD00200DC
:10BF700084E80500A0E80500F30D05007C0F002013
:10BF80005F5B0500000000006B1000200000010056
:10BF9000780F0020615F05000000000058060020B7
:10BFA0000000010049100020D10D050069DD0200EC
:10BFB0000000000000000C00740F0020315B050041
:10BFC000E95A03001806002000000C0004000000DD
:10BFD00000000000000000000060020068A40500EE
:10BFE000010000000060020000600C0068A4050071
:10BFF0000200000000C00E000080000068A40500E0
:10C000000300000000400F0000C0000068A405000D
:10C01000A91F05002DFA0200000000003B1E0500CC
:10C020003F1E0500F5F90200551F0500D5F9020075
:10C03000B51D0500BF1D0500B5F90200CD1D0500A9
:10C0400000000000D71D05000000000000000000F7
:10C05000DF1D0500FD1D0500011E0500971E0500E2
:10C06000091E0500A80F00205F5B0500000000000E
:10C07000A40F002000000100A00F0020615F050058
:10C0800000000000D006002000000100980F0020F2
:10C09000BB1F050000000000C3E805000000010010
:10C0A000940F0020615F050000000000C80600201A
:10C0B000000001008C0F0020BB1F050000000000E5
:10C0C0008EF1050000000100880F0020615F05006F
:10C0D00000000000C006002000000100800F0020CA
:10C0E00085FD0200000000007C100020000001001F
:10C0F000C40F00205F5B050000000000C00F00209F
:10C1000000000100BC0F0020615F0500000000007E
:10C110001807002000000100B40F0020A1FD02005C
:10C12000000000008310002000000100B00F00207C
:10C13000315B0500E95A0300D80600200000030027
:10C14000AC0F0020CF5F050000000000C6E1050035
:10C150000000010008200001FFFFFFFFFFFFFFFFBD
:10C16000FFFFFFFF000000000000000000000000D3
:10C1700001000000FFFFFFFF512563FCC2CAB9F3B5
:10C18000849E17A7ADFAE6BCFFFFFFFFFFFFFFFF8E
:10C1900000000000FFFFFFFF96C298D84539A1F4C8
:10C1A000A033EB2D817D0377F240A463E5E6BCF874
:10C1B00047422CE1F2D1176BF551BF376840B6CB3F
:10C1C000CE5E316B5733CE2B169E0F7C4AEBE78E3B
:10C1D0009B7F1AFEE242E34F4B60D2273E3CCE3BB0
:10C1E000F6B053CCB0061D65BC86987655BDEBB352
:10C1F000E7933AAAD835C65A1728050069290500D9
:10C2000055020300000000200000000000000B06A3
:10C210000200000018C2050000000000BEF2050088
:10C220002600020200000020C6F2050022000B11C9
:10C230000000000008200001FFFFFFFFFFFFFFFFDD
:10C24000FFFFFFFF000000000000000000000000F2
:10C2500001000000FFFFFFFF512563FCC2CAB9F3D4
:10C26000849E17A7ADFAE6BCFFFFFFFFFFFFFFFFAD
:10C2700000000000FFFFFFFF96C298D84539A1F4E7
:10C28000A033EB2D817D0377F240A463E5E6BCF893
:10C2900047422CE1F2D1176BF551BF376840B6CB5E
:10C2A000CE5E316B5733CE2B169E0F7C4AEBE78E5A
:10C2B0009B7F1AFEE242E34F4B60D2273E3CCE3BCF
:10C2C000F6B053CCB0061D65BC86987655BDEBB371
:10C2D000E7933AAAD835C65A1728050069290500F8
:10C2E00055020300DCDA0500ECC20500490000003D
:10C2F00084DE0020DCDA0500FCC205002D00000011
:10C30000C0DF0020DCDA05000CC3050017000000C8
:10C31000A8E000200E030000F91803000F0400003D
:10C32000CD1803001A010000F937050005040000CC
:10C330007D170300130100009F390500FF01000075
:10C340007D3905003E010000F117030005040000DF
:10C350005338050008040000033E050030030000C8
:10C36000A33D050010010000A338050002010000F4
:10C370002931030001120000D11F03000A1E000032
:10C380005B3D050003090000793A0500040B00003D
:10C39000FB380500060A0000F13B0500070A000013
:10C3A000AB3805000C0500009D3C0500050C0000A5
:10C3B0002F3B050008410000D13503000921000092
:10C3C00055360300DCDA0500CCC30500460000004A
:10C3D000E0E00020DCDA0500DCC305001F000000FF
:10C3E000ACE10020DCDA0500ECC3050049000000E8
:10C3F0002CE200202F4905005D49050000000000E7
:10C400000000000000000000674A05000000000076
:10C41000000000000000000000000000EF530500D5
:10C420002F54050073540500EF53050055540500C3
:10C430002F540500020201002B55050004040100E1
:10C44000A951030006060100DD50030008040100A5
:10C45000155003000A020100135505000C040100E9
:10C46000FB5405000E040100D14E0300200401001E
:10C47000294E0300100401002D4D0300120201009B
:10C480008153050016040100B34B0500180101009B
:10C49000AD5005001E000400CD55050052020000FD
:10C4A000A7530500010402003153030003020200F8
:10C4B000D1550500050102009B5505000704020047
:10C4C000A555050009010200A95505000B00020051
:10C4D000AD5505000D000200B15505000F0002002A
:10C4E000B555050021020200B955050011010200F1
:10C4F000BD55050013000200C155050017040200D8
:10C50000C555050019000200C95505001B020300AE
:10C51000F34B05001D020500E9520500230403004A
:10C52000E14B0500F40F00205F5B050000000000F8
:10C53000F00F002000000100EC0F0020615F0500FB
:10C54000000000006808002000000100E40F002047
:10C5500000000000000000000000000000000000DB
:10C56000E00F0020315B0500E95A0300700800204D
:10C5700000000300DC0F0020615F050000000000E8
:10C580006008002000000100D40F0020975B050028
:10C590004B5D05000000000000000300D00F0020EC
:10C5A000615F050000000000580800200000010045
:10C5B000C80F0020DD5E0300000000000000000046
:10C5C00000000100201000205F5B0500000000005B
:10C5D0001C1000200000010018100020615F050001
:10C5E00000000000C0080020000001001010002022
:10C5F000C75B0500C5590500800200200000090046
:10C600000C100020615F050000000000B808002049
:10C610000000010004100020F15B05000000000094
:10C62000000000000000010000100020615F050014
:10C6300000000000B008002000000100F80F0020FA
:10C640000D59030000000000000000000000010080
:10C65000CD7B0300DF730500517F03000000000065
:10C6600000000000417D0300000000000000000009
:10C6700000000000000000000000000000000000BA
:10C680004D7A030006000000457903000600000013
:10C69000156F050010000000BD74030010000000BD
:10C6A00095730500010000000D69050010000000F1
:10C6B000896F05000A000000116B050010000000E2
:10C6C0002D7E0300070000008B6A050010000000AB
:10C6D00019780300010000003973030040000000D6
:10C6E000F56D050010000000E36A05000100000080
:10C6F000574553545F544F504449522F7A657068E0
:10C7000079722F7375627379732F626C7565746FAC
:10C710006F74682F636F6E74726F6C6C65722F74B8
:10C7200069636B65722F7469636B65722E630000B9
:10C7300028287469636B65725F72657363686564EA
:10C74000292D3E6578745F64617461202626202857
:10C75000287469636B65725F7265736368656429C9
:10C760002D3E6578745F646174612D3E7469636BFE
:10C77000735F736C6F745F77696E646F7720213DB0
:10C780002030552929000000415353455254494F48
:10C790004E204641494C205B25735D204020257387
:10C7A0003A25640A00000000574553545F544F5027
:10C7B0004449522F7A65706879722F737562737964
:10C7C000732F626C7565746F6F74682F636F6E740E
:10C7D000726F6C6C65722F6C6C5F73772F756C6CFD
:10C7E0002E63000021657272000000007278000064
:10C7F000756C6C5F7265665F67657428756C6C5FDD
:10C8000068647229000000003000000072656C65E9
:10C81000617365203D3D20646F6E650064656C74D6
:10C8200061203C3D2030207C7C206D656D5F6C6913
:10C830006E6B5F72782E71756F74615F70647520B6
:10C840003C20282833202B2030202B203129202B5E
:10C85000202832202A20283529292900636F6E6E6E
:10C860005F6C6C6C0000000021636F6E6E5F6C6C1F
:10C870006C2D3E6C696E6B5F74785F6672656500E7
:10C880006D656D715F6C696E6B00000072782D3E96
:10C890007479706520213D204E4F44455F52585FAA
:10C8A000545950455F4E4F4E450000002163632DA3
:10C8B0003E7374617475730072785F667265652D7E
:10C8C0003E7479706520213D204E4F44455F52589B
:10C8D0005F545950455F4E4F4E45000021636F6EC7
:10C8E0006E2D3E6C6C6C2E6C696E6B5F74785F663F
:10C8F0007265650021726574000000002172657424
:10C9000076616C00574553545F544F504449522F41
:10C910007A65706879722F7375627379732F626CA0
:10C920007565746F6F74682F636F6E74726F6C6C63
:10C9300065722F6C6C5F73772F6C6C6C5F636F6DBF
:10C940006D6F6E2E6300000021657272207C7C206A
:10C95000657272203D3D202D3131390057455354C9
:10C960005F544F504449522F7A65706879722F7323
:10C9700075627379732F626C7565746F6F74682F4D
:10C98000636F6E74726F6C6C65722F6863692F6869
:10C9900063695F6472697665722E63004254205247
:10C9A0005820707269000000425420525800000064
:10C9B000436F6E74726F6C6C65720000B0C90500D5
:10C9C0000000000002000000A9B50300A1B30300AD
:10C9D00035B303005A6570687972204F532076335F
:10C9E0002E352E3000000000574553545F544F50F1
:10C9F0004449522F7A65706879722F737562737922
:10CA0000732F626C7565746F6F74682F636F6E74CB
:10CA1000726F6C6C65722F6863692F6863692E632F
:10CA2000000000006164762D3E74797065203D3D04
:10CA3000205044555F4144565F545950455F444926
:10CA4000524543545F494E440000000028282828DE
:10CA500075696E747074725F74296E6F64652920D5
:10CA600025205F5F616C69676E6F662873747275ED
:10CA70006374206E6F64655F72785F636329292039
:10CA80003D3D2030290000002828282875696E7453
:10CA90007074725F74296E6F6465292025205F5F52
:10CAA000616C69676E6F6628737472756374206E4B
:10CAB0006F64655F72785F63752929203D3D203082
:10CAC000290000000200000000000000000000003B
:10CAD0000000000000000103030303030300000043
:10CAE000574553545F544F504449522F7A657068EC
:10CAF00079722F7375627379732F626C7565746FB9
:10CB00006F74682F636F6E74726F6C6C65722F6CCC
:10CB10006C5F73772F756C6C5F6164762E630000B9
:10CB200068616E646C65203C203100002872657479
:10CB3000203D3D203029207C7C2028726574203DDA
:10CB40003D203229000000006164762D3E6C696E44
:10CB50006B5F63635F667265650000006164762DDC
:10CB60003E6E6F64655F72785F63635F6672656572
:10CB700000000000216864722D3E64697361626C7C
:10CB800065645F6362000000737461747573203DB7
:10CB90003D2030207C7C20706172616D203D3D2005
:10CBA000756C6C5F64697361626C655F6D61726BFB
:10CBB0005F6765742829207C7C2028636F6E6E6512
:10CBC000637461626C6520262620216164762D3EA7
:10CBD0006C6C6C2E636F6E6E29207C7C20300000A4
:10CBE000216C6C6C2D3E6C696E6B5F74785F667245
:10CBF000656500006D61726B203D3D2061647600CB
:10CC000021657272207C7C2028657272203D3D2057
:10CC10002D3132302900000072656600287265747B
:10CC2000203D3D203029207C7C2028726574203DE9
:10CC30003D203229207C7C202866705F6F705F6603
:10CC4000756E63203D3D202828766F6964202A296F
:10CC5000302929007064752D3E6C656E203E3D20A4
:10CC60005F5F6275696C74696E5F6F666673657429
:10CC70006F662028737472756374207064755F61C9
:10CC800064765F6164765F696E642C2064617461B0
:10CC900029000000574553545F544F504449522FC8
:10CCA0007A65706879722F7375627379732F626C0D
:10CCB0007565746F6F74682F636F6E74726F6C6CD0
:10CCC00065722F6C6C5F73772F756C6C5F7363612B
:10CCD0006E2E6300657272203D3D2030207C7C20EA
:10CCE000657272203D3D202D31323000574553543E
:10CCF0005F544F504449522F7A65706879722F7390
:10CD000075627379732F626C7565746F6F74682FB9
:10CD1000636F6E74726F6C6C65722F6C6C5F73777F
:10CD20002F756C6C5F636F6E6E2E630074785F623C
:10CD30007566000072782D3E6864722E6C696E6BA9
:10CD400000000000737461747573203D3D20300055
:10CD5000737461747573203D3D2030207C7C20709D
:10CD60006172616D203D3D20756C6C5F7570646112
:10CD700074655F6D61726B5F6765742829207C7CC8
:10CD800020706172616D203D3D20756C6C5F64693F
:10CD90007361626C655F6D61726B5F676574282992
:10CDA0000000000070203D3D20706172616D000048
:10CDB000287469636B65725F737461747573203D69
:10CDC0003D203029207C7C20287469636B65725F6C
:10CDD000737461747573203D3D203229000000009A
:10CDE000636F6E6E2D3E6C6C6C2E68616E646C654C
:10CDF00020213D203078464646460000287469636D
:10CE00006B65725F737461747573203D3D203029CA
:10CE1000207C7C20287469636B65725F7374617415
:10CE20007573203D3D203229207C7C202828766F98
:10CE30006964202A29636F6E6E5F6C6C203D3D2013
:10CE4000756C6C5F64697361626C655F6D61726B58
:10CE50005F676574282929006C6C6C5F747800002A
:10CE60007064755F74782D3E6C656E00216C696E20
:10CE70006B2D3E6E65787400574553545F544F5088
:10CE80004449522F7A65706879722F73756273798D
:10CE9000732F626C7565746F6F74682F636F6E7437
:10CEA000726F6C6C65722F6C6C5F73772F756C6C26
:10CEB0005F6C6C63705F656E632E63006E746600FA
:10CEC000574553545F544F504449522F7A65706808
:10CED00079722F7375627379732F626C7565746FD5
:10CEE0006F74682F636F6E74726F6C6C65722F6CE9
:10CEF0006C5F73772F756C6C5F6C6C63705F7068C0
:10CF0000792E63006E74662D3E6864722E7479709B
:10CF100065203D3D204E4F44455F52585F54595067
:10CF2000455F52455441494E00000000636F6E6EEC
:10CF30002D3E6C6C6C2E726F6C65203D3D20307800
:10CF400030310000636F6E6E2D3E6C6C6C2E726F14
:10CF50006C65203D3D203078303000006374782DC2
:10CF60003E6E6F64655F7265662E74780000000027
:10CF70006374782D3E646174612E70752E6E7466D4
:10CF80005F646C655F6E6F646500000057455354C5
:10CF90005F544F504449522F7A65706879722F73ED
:10CFA00075627379732F626C7565746F6F74682F17
:10CFB000636F6E74726F6C6C65722F6C6C5F7377DD
:10CFC0002F756C6C5F6C6C63702E63006374782DCE
:10CFD0003E6F776E657200006374782D3E6E6F64ED
:10CFE000655F7265662E72780000000063747800D9
:10CFF000FD0404000D0504001D0504002D050400BA
:10D000003D0504004D050400F50504000506040077
:10D010005D0504001506040025060400350604001D
:10D020006D05040045060400550604007D05040056
:10D03000650604008D0504007506040085060400DD
:10D0400095060400A5060400B5060400C506040004
:10D050009D050400D506040000000000000000004B
:10D060000000000000000000E5050400574553548F
:10D070005F544F504449522F7A65706879722F730C
:10D0800075627379732F626C7565746F6F74682F36
:10D09000636F6E74726F6C6C65722F6C6C5F7377FC
:10D0A0002F756C6C5F6C6C63705F636F6D6D6F6E12
:10D0B0002E6300006374782D3E70726F63203D3DD7
:10D0C0002050524F435F5445524D494E4154450004
:10D0D0006374782D3E70726F63203D3D2050524F37
:10D0E000435F444154415F4C454E4754485F55505F
:10D0F0004441544500000000574553545F544F507D
:10D100004449522F7A65706879722F73756273790A
:10D11000732F626C7565746F6F74682F636F6E74B4
:10D12000726F6C6C65722F6C6C5F73772F756C6CA3
:10D130005F6C6C63705F6C6F63616C2E63000000EA
:10D1400063747820213D202828766F6964202A297D
:10D15000302900006374785F686561646572203D02
:10D160003D20637478000000574553545F544F507E
:10D170004449522F7A65706879722F73756273799A
:10D18000732F626C7565746F6F74682F636F6E7444
:10D19000726F6C6C65722F6C6C5F73772F756C6C33
:10D1A0005F6C6C63705F636F6E6E5F7570642E632F
:10D1B000000000006374782D3E6E6F64655F7265D9
:10D1C000662E7278203D3D202828766F6964202ADB
:10D1D00029302900574553545F544F504449522F2A
:10D1E0007A65706879722F7375627379732F626CC8
:10D1F0007565746F6F74682F636F6E74726F6C6C8B
:10D2000065722F6C6C5F73772F756C6C5F6C6C63E1
:10D21000705F63686D752E630000000057455354BE
:10D220005F544F504449522F7A65706879722F735A
:10D2300075627379732F626C7565746F6F74682F84
:10D24000636F6E74726F6C6C65722F6C6C5F73774A
:10D250002F756C6C5F6C6C63705F72656D6F74655D
:10D260002E63000008020B020A0305020000000002
:10D27000000000000202000006020000040300009B
:10D280000201090300000000010300000C0300007C
:10D29000070300000000030100000000574553543D
:10D2A0005F544F504449522F7A65706879722F73DA
:10D2B00075627379732F626C7565746F6F74682F04
:10D2C000636F6E74726F6C6C65722F6C6C5F7377CA
:10D2D0002F756C6C5F7065726970686572616C2E19
:10D2E000630000007469636B65725F7374617475C9
:10D2F00073203D3D203000007374617475732021EC
:10D300003D2031207C7C20706172616D203D3D208C
:10D31000756C6C5F64697361626C655F6D61726B83
:10D320005F67657428290000574553545F544F5078
:10D330004449522F7A65706879722F7375627379D8
:10D34000732F626C7565746F6F74682F636F6E7482
:10D35000726F6C6C65722F6C6C5F73772F756C6C71
:10D360005F63656E7472616C2E6300007363616E3F
:10D3700000000000574553545F544F504449522F0A
:10D380007A65706879722F7375627379732F626C26
:10D390007565746F6F74682F636F6E74726F6C6CE9
:10D3A00065722F6C6C5F73772F756C6C5F7363683D
:10D3B00065642E630000000073756363657373001A
:10D3C0007265747279000000574553545F544F5092
:10D3D0004449522F7A65706879722F737562737938
:10D3E000732F626C7565746F6F74682F636F6E74E2
:10D3F000726F6C6C65722F6C6C5F73772F756C6CD1
:10D400005F66696C7465722E63000000726C5F6900
:10D410006478203C20380000726C5B726C5F696439
:10D42000785D2E74616B656E00000000726C5B723B
:10D430006C5F6964785D2E727061735F72656164A0
:10D44000790000006465766D617463685F696420CB
:10D450003C20282873697A655F7429202828286968
:10D460006E74292073697A656F6628636861725BE0
:10D4700031202D2032202A202128215F5F6275690A
:10D480006C74696E5F74797065735F636F6D7061E2
:10D490007469626C655F70285F5F747970656F6630
:10D4A0005F5F2866616C292C205F5F747970656FFF
:10D4B000665F5F28262866616C295B305D29292913
:10D4C0005D29202D203129202B202873697A656F52
:10D4D000662866616C29202F2073697A656F66283B
:10D4E0002866616C295B305D29292929000000002C
:10D4F00066616C5B6465766D617463685F69645DC9
:10D500002E74616B656E00006465766D617463688E
:10D510005F6964203C20282873697A655F7429203C
:10D52000282828696E74292073697A656F662863D4
:10D530006861725B31202D2032202A202128215F52
:10D540005F6275696C74696E5F74797065735F632F
:10D550006F6D70617469626C655F70285F5F74796C
:10D5600070656F665F5F28726C292C205F5F74792D
:10D5700070656F665F5F282628726C295B305D29B5
:10D5800029295D29202D203129202B202873697A13
:10D59000656F6628726C29202F2073697A656F6623
:10D5A0002828726C295B305D292929290000000098
:10D5B000726C5B695D2E74616B656E0069726B6D78
:10D5C000617463685F6964203C20706565725F699F
:10D5D000726B5F636F756E740000000069203C2001
:10D5E00038000000574553545F544F504449522F60
:10D5F0007A65706879722F7375627379732F626CB4
:10D600007565746F6F74682F636F6E74726F6C6C76
:10D6100065722F6C6C5F73772F6E6F726469632F06
:10D620006C6C6C2F6C6C6C2E630000007072656506
:10D630006D70745F726571203D3D20707265656D1F
:10D6400070745F61636B0000707265656D70745F0C
:10D6500073746172745F72657120213D2070726510
:10D66000656D70745F73746172745F61636B0000E9
:10D67000707265656D70745F73746F705F726571E1
:10D6800020213D20707265656D70745F73746F70DA
:10D690005F61636B00000000707265656D70745FA0
:10D6A00061636B20213D20707265656D70745F72DF
:10D6B00065710000707265656D70746F72203D3D1C
:10D6C0002072656164795F6E657874006974657253
:10D6D00000000000657272203D3D202D3134300085
:10D6E00021706172616D000021706172616D207C3A
:10D6F0007C206E65787400006576656E742E6375A7
:10D7000072722E61626F72745F6362006576646F1D
:10D710006E650000657272203E3D20300000000002
:10D720006E65787400000000217265616479207C68
:10D730007C202672656164792D3E7072657061721D
:10D74000655F706172616D203D3D20707265706132
:10D7500072655F706172616D00000000F401FA0093
:10D76000960064004B0032001E00140057455354CD
:10D770005F544F504449522F7A65706879722F7305
:10D7800075627379732F626C7565746F6F74682F2F
:10D79000636F6E74726F6C6C65722F6C6C5F7377F5
:10D7A0002F6E6F726469632F6C6C6C2F6C6C6C5F86
:10D7B0006164762E630000006E6F64655F727800AE
:10D7C00021726164696F5F69735F72656164792852
:10D7D00029000000700000006368616E0000000016
:10D7E000706475007363616E5F70647500000000A3
:10D7F0000925733A2041637475616C204556454E86
:10D80000545F4F564552484541445F53544152542A
:10D810005F5553203D2025750A0000007072657029
:10D820006172655F63620000574553545F544F5007
:10D830004449522F7A65706879722F7375627379D3
:10D84000732F626C7565746F6F74682F636F6E747D
:10D85000726F6C6C65722F6C6C5F73772F6E6F726A
:10D860006469632F6C6C6C2F6C6C6C5F7363616E9E
:10D870002E630000636F6D6D6F6E5F707265706117
:10D8800072655F6362000000574553545F544F5008
:10D890004449522F7A65706879722F737562737973
:10D8A000732F626C7565746F6F74682F636F6E741D
:10D8B000726F6C6C65722F6C6C5F73772F6E6F720A
:10D8C0006469632F6C6C6C2F6C6C6C5F636F6E6E35
:10D8D0002E630000646F6E65000000006C6C6C2DA0
:10D8E0003E68616E646C6520213D20307846464676
:10D8F00046000000574553545F544F504449522F3F
:10D900007A65706879722F7375627379732F626CA0
:10D910007565746F6F74682F636F6E74726F6C6C63
:10D9200065722F6C6C5F73772F6E6F726469632FF3
:10D930006C6C6C2F6C6C6C5F706572697068657272
:10D94000616C2E6300000000707265706172655F2B
:10D9500063620000574553545F544F504449522F5F
:10D960007A65706879722F7375627379732F626C40
:10D970007565746F6F74682F636F6E74726F6C6C03
:10D9800065722F6C6C5F73772F6E6F726469632F93
:10D990006C6C6C2F6C6C6C5F63656E7472616C2E5A
:10D9A00063000000707265706172655F6362000001
:10D9B000574553545F544F504449522F7A6570680D
:10D9C00079722F7375627379732F626C7565746FDA
:10D9D0006F74682F636F6E74726F6C6C65722F6CEE
:10D9E0006C5F73772F6E6F726469632F68616C2F41
:10D9F0006E7266352F636E74722E63005F72656699
:10DA0000636F756E74000000574553545F544F5058
:10DA10004449522F7A65706879722F7375627379F1
:10DA2000732F626C7565746F6F74682F636F6E749B
:10DA3000726F6C6C65722F6C6C5F73772F6E6F7288
:10DA40006469632F68616C2F6E7266352F6D617922
:10DA5000666C792E63000000574553545F544F5055
:10DA60004449522F7A65706879722F7375627379A1
:10DA7000732F626C7565746F6F74682F636F6E744B
:10DA8000726F6C6C65722F6C6C5F73772F6E6F7238
:10DA90006469632F68616C2F6E7266352F746963D9
:10DAA0006B65722E63000000757365725F69642098
:10DAB0003C2073697A656F662863616C6C65725F80
:10DAC00069645F6C7574290063616C6C65725F6971
:10DAD0006420213D2030000001030405298B04004F
:10DAE00000000000AD770500418F0400B1980400EC
:10DAF0008999040058020000519C0400219C0400F4
:10DB0000000000003D9D0400DD9D0400EB7A05004F
:10DB1000F17A0500A19D0400657A0500C97A050027
:10DB200000000000D979050000000000000000009E
:10DB300080A405003C000000000000000000000080
:10DB400000000000000000000000000000000000D5
:10DB50000000000000000000DB7C05009F7B05004A
:10DB6000FD7A0500400080000200003F2201010014
:10DB7000000100000A000000F1A0040045A004001C
:10DB8000F77E050000000000377F050075A4040043
:10DB900059A304003DA204002DA2040004000000CB
:10DBA000FF000000FFFF0000000300500000000025
:10DBB00001000000FFFFFFFF000000500000000018
:10DBC0000000000059A604002580050033800500F0
:10DBD0004B8005005780050063800500F1A4040018
:10DBE0007D800500000000000030004000000000C3
:10DBF000000000000000000000009801000001018A
:10DC0000100000002581050010DC0500FFFF00006A
:10DC1000003000401CDC05000200000034DC050080
:10DC2000020000002CDC0500020100002F200C0087
:10DC30002D200B002F000C002D000B00F78005009D
:10DC4000000000004DA804000000000000000000DB
:10DC500081A704000000000000000000858105008D
:10DC600097810500EF810500000000000000000022
:10DC7000000000004DAB040009AB040000000000F0
:10DC80000000000049CA0400F19105004D92050012
:10DC900047920500419205003B9205003592050030
:10DCA0002F920500299205002392050021CD040042
:10DCB0007DCD04000DD50400AD920500A7920500AE
:10DCC000A19205009B920500959205008F92050098
:10DCD000899205003DCD0400E1CB040075CA040023
:10DCE000D1D60400B5D304000000000000000000FD
:10DCF00000000000B1DA04002D93050000000000D0
:10DD000000000000F5FFFFFFD09F0500D09F050039
:10DD100018A0050028A0050058A10500C8A105000D
:10DD200064006400000000000000000000006400C7
:10DD300064007D000000000000000000640064003A
:10DD4000E1000000000000000000640064004501E4
:10DD5000000000000000000064006400A901000051
:10DD6000000000000000640064003F0200000000AA
:10DD70000000000064006400A30200000000000036
:10DD80000000640064007E04000000000000000049
:10DD900064006400E2040000000000000000640071
:10DDA00064007805000000000000000064006400CA
:10DDB000DC05000000000000000064006400400674
:10DDC000000000000000000064006400A4060000E1
:10DDD000000000000000640064003A07000000003A
:10DDE0000000000064006400B707000000000000AD
:10DDF00000006400640000007D00000000000000DE
:10DE00006400640064007D00000000000000640005
:10DE10006400C8007D000000000000006400640091
:10DE20002C017D00000000000000640064009001EF
:10DE30007D0000000000000064006400F4017D002B
:10DE40000000000000006400640058027D00000033
:10DE50000000000064006400BC027D0000000000BF
:10DE60000000640064007E047D00000000000000EB
:10DE700064006400E2047D00000000000000640013
:10DE8000640046057D00000000000000640064009E
:10DE9000AA057D00000000000000640064000E067A
:10DEA0007D000000000000006400640072067D0038
:10DEB000000000000000C8006400D6067D000000DD
:10DEC0000000000064006400B7077D00000000004F
:10DED0000000960064000000E10000000000000067
:10DEE000640064009600E10000000000000064008F
:10DEF0006400FA00E100000000000000640064001B
:10DF00005E01E10000000000000064006400C20146
:10DF1000E100000000000000640064002602E1004F
:10DF2000000000000000640064008A02E1000000BC
:10DF300000000000640064004C04E10000000000E8
:10DF4000000064006400B004E10000000000000074
:10DF5000640064001405E10000000000000064009B
:10DF600064007805E1000000000000006400640027
:10DF7000DC05E100000000000000640064004006D1
:10DF8000E10000000000000064006400A406E1005D
:10DF9000000000000000960064000807E100000097
:10DFA00000000000AF006400000045010000000018
:10DFB000000064006400AF004501000000000000A4
:10DFC00064006400130145010000000000006400CB
:10DFD0006400770145010000000000006400640057
:10DFE000DB014501000000000000640064003F0206
:10DFF000450100000000000064006400A302450128
:10E000000000000000006400640065044501000099
:10E010000000000064006400C90445010000000025
:10E020000000640064002D054501000000000000B0
:10E0300064006400910545010000000000006400D8
:10E040006400F50545010000000000006400640064
:10E0500059064501000000000000E1006400BD0613
:10E060004501000000000000E10064000000A9017B
:10E0700000000000000064006400E100A90100004D
:10E0800000000000640064004501A90100000000D8
:10E09000000064006400A901A90100000000000064
:10E0A000640064000D02A90100000000000064008B
:10E0B00064007102A9010000000000006400640017
:10E0C0003304A9010000000000006400640097040C
:10E0D000A90100000000000064006400FB04A90125
:10E0E000000000000000640064005F05A90100005A
:10E0F0000000000064006400C305A90100000000E6
:10E100000000640064002706A90100000000000070
:10E11000AF0064008B06A90100000000000064004D
:10E1200064005307DB010000000000007D00640074
:10E1300000000D02000000000000640064007D008B
:10E140000D020000000000007D006400E1000D02EF
:10E1500000000000000096006400C3050D020000EE
:10E16000000000006400640059060D020000000079
:10E170000000E1006400C2013F0200000000000056
:10E1800064006400A3023F020000000000001301CD
:10E19000640065043F0200000000000064006400A9
:10E1A000EF063F0200000000000064006400530717
:10E1B0003F0200000000000064006400B7073F0257
:10E1C0000000000000000400AD270100060130013E
:10E1D000340138013C014001440148014C01500127
:10E1E00008010C011001140118011C012001240177
:10E1F0002C016265686176696F722F6C6F63616C68
:10E200005F69642F2564006C6F63616C5F696400F3
:10E210006265686176696F720070687973696361BD
:10E220006C5F6C61796F7574732F73656C65637463
:10E23000656400706879736963616C5F6C61796FA4
:10E240007574730044656661756C74007A6D6B5FFC
:10E25000706879736963616C5F6C61796F75745F05
:10E2600073656C656374696F6E5F6368616E676523
:10E2700064004558545F504F574552006578745FAD
:10E28000706F7765722F73746174652F25730065E5
:10E2900078745F706F7765722F7374617465007A3C
:10E2A0006D6B5F61637469766974795F73746174AF
:10E2B000655F6368616E676564007A6D6B5F706F40
:10E2C000736974696F6E5F73746174655F636861AD
:10E2D0006E676564007A6D6B5F73656E736F725FF6
:10E2E0006576656E74007A6D6B5F7573625F636FE0
:10E2F0006E6E5F73746174655F6368616E67656499
:10E3000000426F6F746C6F6164657200626F6F744E
:10E310006C6F616400526573657400737973726524
:10E320007365740045787465726E616C20506F7708
:10E33000657200657874706F776572004B6579203F
:10E340005072657373006B65795F707265737300EB
:10E350004B657920546F67676C65006B65795F74F6
:10E360006F67676C6500024C617965722D5461704E
:10E37000006C617965725F746170006D6F6D656EC0
:10E38000746172795F6C61796572004D6F642D54B0
:10E390006170006D6F645F74617000537469636BCA
:10E3A00079204C6179657200737469636B795F6C75
:10E3B0006179657200537469636B79204B657900EC
:10E3C000737469636B795F6B657900436170732067
:10E3D000576F726400636170735F776F7264004B94
:10E3E000657920526570656174006B65795F72654F
:10E3F00070656174004D6F6D656E74617279204C4B
:10E40000617965720047726176652F45736361704B
:10E41000650067726176655F657363617065004F63
:10E4200075747075742053656C656374696F6E00E4
:10E430006F75747075747300546F67676C65204FE7
:10E4400075747075747300555342204F75747075F0
:10E450007400424C45204F757470757400546F679A
:10E46000676C65204C6179657200746F67676C65D5
:10E470005F6C617965720002546F204C617965723E
:10E4800000746F5F6C61796572005472616E7370B5
:10E490006172656E74007472616E73706172656E24
:10E4A00074004E6F6E65006E6F6E65005374756418
:10E4B000696F20556E6C6F636B0073747564696F60
:10E4C0005F756E6C6F636B00656E64706F696E7400
:10E4D000732F7072656665727265640055534200F1
:10E4E000424C453A256400496E76616C696400656A
:10E4F0006E64706F696E7473007A6D6B5F656E64C5
:10E50000706F696E745F6368616E676564006C5FED
:10E510006E006B65796D61702F6C2F25642F2564FB
:10E52000006B65796D61702F6C617965725F6F72D8
:10E53000646572006B65796D61702F6C5F6E2F255D
:10E5400064006B65796D6170007A6D6B5F6C6179E9
:10E5500065725F73746174655F6368616E6765643B
:10E56000007A6D6B5F6D6F646966696572735F7366
:10E57000746174655F6368616E676564007A6D6B72
:10E580005F6B6579636F64655F73746174655F6306
:10E5900068616E676564007A6D6B5F626C655F6170
:10E5A00063746976655F70726F66696C655F6368D6
:10E5B000616E67656400426C7565746F6F746800A6
:10E5C000626C7565746F6F74680053656C65637415
:10E5D0002050726F66696C6500446973636F6E6E7C
:10E5E0006563742050726F66696C65004E6578745F
:10E5F0002050726F66696C650050726576696F7540
:10E60000732050726F66696C6500436C656172209F
:10E61000416C6C2050726F66696C657300436C6569
:10E6200061722053656C65637465642050726F6617
:10E63000696C6500626C652F6163746976655F70F3
:10E64000726F66696C65007075626C6963007261F7
:10E650006E646F6D007075626C69632D6964007221
:10E66000616E646F6D2D69640030782530327800FA
:10E67000253032583A253032583A253032583A252A
:10E680003032583A253032583A2530325820282531
:10E6900073290070726F66696C65730070657269CA
:10E6A00070686572616C5F616464726573736573D1
:10E6B00000626C652F70726F66696C65732F2564DC
:10E6C00000626C652F7065726970686572616C5F5D
:10E6D0006164647265737365732F256400626C6591
:10E6E00000484944204F76657220474154542053D6
:10E6F000656E6420576F726B0005010906A10185E4
:10E7000001050719E029E715002501750195088124
:10E71000020507750895018103050819012905758A
:10E7200001950591020508750395019103050715EB
:10E730000026FF00190029FF750895068100C00515
:10E740000C0901A1018502050C150026FF00190026
:10E7500029FF750895068100C07A6D6B5F70657240
:10E760006970686572616C5F626174746572795F0B
:10E7700073746174655F6368616E676564007A6D68
:10E780006B5F626174746572795F73746174655FE5
:10E790006368616E676564007A6D6B5F6869645F6A
:10E7A000696E64696361746F72735F6368616E67D9
:10E7B0006564007A6D6B5F73706C69745F7065720D
:10E7C0006970686572616C5F7374617475735F639F
:10E7D00068616E67656400626C655F63656E747224
:10E7E000616C00022A48C2B1CFC567C907719600A3
:10E7F000000000004849445F300005010906A101FE
:10E800008501050719E029E715002501750195081F
:10E81000810205077508950181030508190129057D
:10E82000750195059102050875039501910305078A
:10E83000150026FF00190029FF750895068100C004
:10E84000050C0901A1018502050C150026FF001920
:10E850000029FF750895068100C04C6F7720507223
:10E86000696F7269747920576F726B205175657585
:10E87000650073747564696F5F7270635F7468724A
:10E88000656164007A6D6B5F73747564696F5F7244
:10E8900070635F6E6F74696669636174696F6E003F
:10E8A0007A6D6B5F73747564696F5F636F72655FB8
:10E8B0006C6F636B5F73746174655F6368616E67CF
:10E8C000656400546F6D616B37395353480055418F
:10E8D00052542064657669636520646F6573206EA9
:10E8E0006F7420737570706F727420696E746572C6
:10E8F000727570742D64726976656E204150490A94
:10E900000000070E091C1B1215383F363124232A3C
:10E910002D4661696C656420746F207265626F6F4B
:10E92000743A207370696E6E696E6720656E646CF0
:10E930006573736C792E2E2E0A004C54004E4300E2
:10E940005254004B50002575252500424C2575007A
:10E950004F555400434150004E554D0020000000DB
:10E960000000000025191902040813132D000000EF
:10E970001F000000300E11131519110E31040C0484
:10E980000404040E320E11010204081F331F020496
:10E990000201110E3402060A121F0202351F101E58
:10E9A0000101110E360608101E11110E371F01024B
:10E9B00004080808380E11110E11110E390E11112C
:10E9C0000F01021C410E11111F111111421E1111D4
:10E9D0001E11111E430E11101010110E451F1010A4
:10E9E0001E10101F490E04040404040E4B111214CF
:10E9F000181412114C1010101010101F4D111B156F
:10EA0000151111114E111915131111114F0E11116C
:10EA10001111110E501E11111E101010521E111145
:10EA20001E141211530F10100E01011E541F040466
:10EA300004040404551111111111110E5911110A78
:10EA4000040404040605010503050200040007058B
:10EA500000000000000000000000008080000000B6
:10EA60008040201010080402021C101010302020DA
:10EA7000206040C0402010E00000000000000000C6
:10EA800000000000000000001010102020202020B6
:10EA9000404E51604041828281808008040840607D
:10EAA0004000100810C020101020408000001C639F
:10EAB000C000000000000000000000000000000096
:10EAC0000000000000000000000000000000000046
:10EAD000000000010101010101020202020306041B
:10EAE00004040404080808080B0E18101010102065
:10EAF00020200000000000000000000000000000D6
:10EB00000000000000000000000000000000000005
:10EB100000000000000000000000000000000000F5
:10EB200000000000000000000000000000000000E5
:10EB300000000000000000000000000000000000D5
:10EB40008040201010080402021C101010302020F9
:10EB5000206040C0402010E00000000000000000E5
:10EB600000000000000000001010102020202020D5
:10EB7000404040C0201008060100800804084060A2
:10EB80004000100810C020101020408000001C63BE
:10EB9000C0000000000000000000000000000000B5
:10EBA0000000000000000000000000010204040258
:10EBB0000201010101010101010202020203060436
:10EBC00004040404080808080B0E18101010102084
:10EBD00020200000000000000000000000000000F5
:10EBE0000000000000000000000000000000000025
:10EBF0000000000000000000000000000000000015
:10EC00000000000000000000000000000000000004
:10EC100000000000000000000000000000000000F4
:10EC20008040201010080402021C10101030202018
:10EC3000206040C0402010E0000000000000000004
:10EC400000000000000000001010102020202020F4
:10EC5000404040C0201008060100800804084060C1
:10EC60004000100810C020101020408000001C63DD
:10EC7000C0000000000000000000000000000000D4
:10EC80000000000000000000000C04012234040217
:10EC90001A0101010101010101020202020306043D
:10ECA00004040404080808080B0E181010101020A3
:10ECB0002020000000000000000000000000000014
:10ECC0000000000000000000000000000000000044
:10ECD0000000000000000000000000000000000034
:10ECE0000000000000000000000000000000000024
:10ECF0000000000000000000000000808000000014
:10ED00008040201010080402021C10101030202037
:10ED1000206040C0402010E0000000000000000023
:10ED20000000000000000000101010202020202013
:10ED3000404E5160404182828180800804084060DA
:10ED400040001008100000000000000000001C63DC
:10ED5000C0000000000000000000000000000000F3
:10ED600000000000000000000000000000000000A3
:10ED70000000000101010101010202020E12212026
:10ED800020100804080808080B0E18101010102096
:10ED90002020000000000000000000000000000033
:10EDA0000000000000000000000000000000000063
:10EDB0000000000000000000000000000000000053
:10EDC0000000000000000000000000000000000043
:10EDD0000000000000000000000000808000000033
:10EDE0008040201010080402021C10101030202057
:10EDF000206040C0402010E0000000000000000043
:10EE00000000000000000000101010202020202032
:10EE1000404E5160404182828180800804084060F9
:10EE200040001008100000000000000000001C63FB
:10EE3000C000000000000000000000000000000012
:10EE400000000000000000000000000000000000C2
:10EE50000000000101010101010262220E12A12045
:10EE600020904804080808080B0E181010101020F5
:10EE70002020000000000000000000000000000052
:10EE80000000000000000000000000000000000082
:10EE90000000000000010100000000000000000070
:10EEA0000000000000000000000000000000000062
:10EEB0000000000000000000000000000000000052
:10EEC0008040201010080402021C10101030202076
:10EED000206040C0402010E0000000000000000062
:10EEE0000000000000000000101010202020202052
:10EEF000404040C02010080601008008040840601F
:10EF000040001008100000000000000000001C631A
:10EF1000C000000000000000000000000000000031
:10EF200000000000000000000000000102040402D4
:10EF30000201010101010101010202020E12212060
:10EF400020100804080808080B0E181010101020D4
:10EF50002020000000000000000000000000000071
:10EF600000000000000000000000000000000000A1
:10EF70000000000000000000000000000000000091
:10EF80000000000000000000000000000000000081
:10EF90000000000000000000000000000000000071
:10EFA0008040201010080402021C10101030202095
:10EFB000206040C0402010E0000000000000000081
:10EFC0000000000000000000101010202020202071
:10EFD000404040C02010080601008000080040604A
:10EFE00040000010000000000000000000001C6352
:10EFF000C000000000000000000000000000000051
:10F0000000000000000000000000000102040402F3
:10F010000201010101010101010202020E1221207F
:10F0200020100804080808080B0E181010101020F3
:10F030002020000000000000000000000000000090
:10F0400000000000000000000000000000000000C0
:10F0500000000000000000000000000000000000B0
:10F0600000000000000000000000000000000000A0
:10F070000000000000000000000000000000000090
:10F080008040201010080402021C101010302020B4
:10F09000206040C0402010E00000000000000000A0
:10F0A0000000000000000000101010202020202090
:10F0B000404040C02010080601008008040840605D
:10F0C00040001008100000000000000000001C6359
:10F0D000C000000000000000000000000000000070
:10F0E0000000000000000000000C040122340402B3
:10F0F0001A01010101010101010262220E12A12087
:10F1000020904804080808080B0E18101010102052
:10F1100020200000000000000000000000000000AF
:10F1200000000000000000000000000000000000DF
:10F1300000000000000101000000000000000000CD
:10F1400000000000000000000000000000000000BF
:10F150000001010301000301303132333435363709
:10F16000383941424344454600736E697070657496
:10F170005F73747564696F5F7270635F7573625FEC
:10F180007561727400757362776F726B71005A4D9E
:10F190004B2050726F6A65637400637C777BF26BFF
:10F1A0006FC53001672BFED7AB76CA82C97DFA598D
:10F1B00047F0ADD4A2AF9CA472C0B7FD9326363FF2
:10F1C000F7CC34A5E5F171D8311504C723C31896DF
:10F1D000059A071280E2EB27B27509832C1A1B6E81
:10F1E0005AA0523BD6B329E32F8453D100ED20FC23
:10F1F000B15B6ACBBE394A4C58CFD0EFAAFB434D26
:10F20000338545F9027F503C9FA851A3408F929DC2
:10F2100038F5BCB6DA2110FFF3D2CD0C13EC5F97B2
:10F220004417C4A77E3D645D197360814FDC222AB8
:10F23000908846EEB814DE5E0BDBE0323A0A4906EF
:10F24000245CC2D3AC629195E479E7C8376D8DD563
:10F250004EA96C56F4EA657AAE08BA78252E1CA63B
:10F26000B4C6E8DD741F4BBD8B8A703EB56648039B
:10F27000F60E613557B986C11D9EE1F8981169D91E
:10F280008E949B1E87E9CE5528DF8CA1890DBFE6A1
:10F29000426841992D0FB054BB16657869740A0015
:10F2A0002A20627566666572206F766572666C6F7D
:10F2B00077206465746563746564202A0A00464C8F
:10F2C0004153485F30005352414D5F300000FFFF13
:10F2D000FFFFFFFF00000000000000FFFFFFFFFF37
:10F2E000FF0000000000003F49F6D4A3C55F38745A
:10F2F000C9B3E3D2103F504AFF607BEB40B7995847
:10F3000099B8A6CD3C1ABD6E616D650062742F255B
:10F31000732F2530327825303278253032782530F9
:10F320003278253032782530327825752F257300D4
:10F3300062742F25732F25303278253032782530AE
:10F34000327825303278253032782530327825757C
:10F350000062742F25730062740042545F4C575F43
:10F360005751002530387800253038782D25303435
:10F37000782D253034782D253034782D2530387887
:10F38000253034780002FB349B5F80000080001041
:10F39000000000000000574553545F544F5044494B
:10F3A000522F7A65706879722F7375627379732F33
:10F3B000626C7565746F6F74682F686F73742F68F3
:10F3C00063695F636F72652E6300657272203D3DF5
:10F3D000203000415353455254494F4E2046414935
:10F3E0004C205B25735D20402025733A25640A007C
:10F3F0006275660009636F6D6D616E64206F706386
:10F400006F6465203078253034782074696D656FBD
:10F4100075742077697468206572722025640A000B
:10F420006576745F666C6167732026202831554CC1
:10F43000203C3C20283029290062745F6863695FA2
:10F440006576745F6765745F666C6167732868646E
:10F45000722D3E657674292026202831554C203C9B
:10F460003C20283129290062745F6275665F6765F8
:10F47000745F747970652862756629203D3D20426D
:10F48000545F4255465F455654004254205458003C
:10F4900000090909090102090909090909090909F4
:10F4A00009090709090909090609090909090909D1
:10F4B00009090909090909090905010204030502E5
:10F4C000000AE69D350E480103CCDBFDF4AC11913A
:10F4D000F4EFB9A5F9E9A7832C5E2CBE97F2D2030D
:10F4E000B0208BD28915D08E1C742430ED8FC2458C
:10F4F00063765C15525ABF9A32636DEB2A65499C5C
:10F5000080DC574553545F544F504449522F7A651D
:10F51000706879722F7375627379732F626C756579
:10F52000746F6F74682F686F73742F636F6E6E2EB5
:10F5300063000101010101020362742F6363630030
:10F5400062742F686173680062742F63660062746E
:10F550002F7363000005061F1F29181203080203FA
:10F5600005080A000801030401050405090607014E
:10F570000106060800000100010003010003020269
:10F580000100020000000000020301000362742F6A
:10F590006B657973006C888391AAF5A53860370B89
:10F5A000DB5A6083BE757362645F776F726B710044
:10F5B0000100020106010501040103010502020127
:10F5C000030205040101010201030104010601080F
:10F5D000010C0110011801200140018061646340A9
:10F5E000343030303730303000636C6F636B403410
:10F5F00030303030303030007368313130364033A5
:10F60000630072616E646F6D40343030306430304E
:10F610003000656E74726F70795F62745F686369E1
:10F6200000666C6173682D636F6E74726F6C6C65CD
:10F6300072403430303165303030006770696F406F
:10F640003530303030333030006770696F403530DE
:10F650003030303030300069326340343030303355
:10F6600030303000646F6E676C655F6B7363616E22
:10F670000074656D704034303030633030300000DD
:10F6800000000000010100000000000020303030C8
:10F690003030303030303030303030000100000158
:10F6A0000000000100000000000001010101010C48
:10F6B0000D0E0F101112131402030405060708099A
:10F6C0000B7662617474006D61696E007379737793
:10F6D0006F726B71002A2A2A20426F6F74696E67FD
:10F6E000205A6570687972204F53206275696C6486
:10F6F00020646163616234383735646637202A2AB2
:10F700002A0A00286E756C6C29002A666C6F617479
:10F710002A000000D0AA0500F4AA0500F8AA0500F6
:10F72000FCAA050000AB0500C8AE050024B4050026
:10F7300028B405002CB4050034B4050060B60500FB
:10F7400064B605006CB6050070B6050070BF050014
:10F7500074BF0500FCAA050028A90500F8AA050049
:10F7600028A905002CB405003CAC0500F8AA05004A
:10F770003CAC05002CB4050070AC05002CB40500B1
:10F78000BCAC05002CB40500E0AC050034B40500A9
:10F79000C4AE050000AB0500C4AE05002CB40500E6
:10F7A000CCAE0500F8AA0500D0AE0500C8AE050035
:10F7B00030B40500F4AA050068B60500D0AA05001B
:10F7C00088B6050070BF05006CBF0500C8AE050017
:10F7D0006CBF050074BF05006CBF050034B40500A4
:04F7E00078BF0500E9
:10F7E400000000800000000000000080FFFFFFFF19
:10F7F40000000000290C05000000000000010000CA
:10F8040000000000000000000000000000000000F4
:10F8140000000000000000000000000000000000E4
:10F824000000000009E502000000000000010000E3
:10F8340000000000000000000000000000000000C4
:10F8440000000000000000000000000000000000B4
:10F8540000000000000000000000000000000000A4
:10F864000000000000000000000000000000000094
:10F874000000000000000000000000000000000084
:10F884000000000000000000000000000000000074
:10F894000000000000000000000000000000000064
:10F8A4000000000000000000000000000000000054
:10F8B4000000000000000000000000000000000044
:10F8C4000000000000000000000000000000000034
:10F8D4000000000000000000000000008806002076
:10F8E4006806002000C201000000080000000000BB
:10F8F4000000000000000000000000000000000004
:10F9040000000000000000000000000000000000F3
:10F9140000000000000000000000000000000000E3
:10F9240000000000000000000000000000000000D3
:10F9340000000000000000000000000000000000C3
:10F9440000000000000000000000000000000000B3
:10F9540000000000000000000000000000000000A3
:10F964000000000000000000000000000000000093
:10F974000000000000000000000000000000000083
:10F984000000000000000000000000000000000073
:10F994000000000000000000000000000000000063
:10F9A4000000000000000000000000000000000053
:10F9B4000000000000000000000000000000000043
:10F9C40000000000000000005522030000000000B9
:10F9D4000000000000000000000000000000000023
:10F9E4000000000000000000000000000000000013
:10F9F4000000000000000000000000000000000003
:10FA040000000000000000000000000000000000F2
:10FA140000000000000000000000000000000000E2
:10FA240000000000000000000000000000000000D2
:10FA340000000000000000000000000000000000C2
:10FA440000000000000000000000000000000000B2
:10FA540000000000000000000000000000000000A2
:10FA64000000000000000000000000000000000092
:10FA740000000000000000001F0000000000000063
:10FA8400FFFFFFFFFF1F0000000000000000000058
:10FA940000000000000000000DF004000000000061
:10FAA4000000000000000000C8020020C80200207E
:10FAB400A77905000000000000000000000000001D
:10FAC4000000000000000000E8020020E80200201E
:10FAD4000000000001000000F8020020F8020020ED
:10FAE40000030020000300200000000001000000CB
:10FAF400100300201003002000000000000000009C
:10FB040000000000000000000000000000000000F1
:10FB140000000000000000000000000000000000E1
:10FB240000000000000000000000000000000000D1
:10FB3400000000004D9702000000000000000000DB
:10FB440000000000000000000000000015FE04009A
:10FB54000000000046E30500290007000000000043
:10FB64000000000046E30500350007000000000027
:10FB7400AAAA0000000000004508050000000000DB
:10FB840000000000A9B9020000000000000000000D
:10FB9400000000002509050000000000000000002E
:10FBA4000000000000000000E9080500000000005B
:10FBB400EDB90200ADB60200000000001109050015
:10FBC40000000000FD080500000000000000000027
:10FBD40000000000DDE605000000000009B7020097
:10FBE40059BA0200000000000000000000000000FC
:10FBF4004D090500000000000000000000000000A6
:10FC0400DF080500000000000000000019020000E9
:10FC14003C100020010100003B1000200204000001
:10FC2400371000200000000005BD020000000000A5
:10FC34000000000000000000A1BC02000000000061
:10FC440000000000140F002000000400240F002016
:10FC540000000E0000000000000000000000000092
:10FC64000000000000000000000000000000000090
:10FC74000000000000000000000000000000000080
:10FC840000000000000000007309050000000000EF
:10FC940000000000380F00200000120000000000E7
:10FCA4000000000000000000000000000000000050
:10FCB4000000000000000000000000000000000040
:10FCC4000000000000000000000000000000000030
:10FCD4007309050000000000000000004C0F002024
:10FCE40000001200580F002000000200640F0020E2
:10FCF40000000200000000008DBE020000000000B1
:10FD040000000000D7E70500000000006D0A0500B0
:10FD1400CDBF020000000000000000000000000051
:10FD2400F9C1020000000000000000005DC80200EC
:10FD340019C80200000000000000000000000000DC
:10FD440061C3020000000000000000000000000089
:10FD54000000000075C10200000000000000000067
:10FD64000000000091BF020000000000000000003D
:10FD740000000000B9C00200000000000000000004
:10FD840000000000270B0500000000000000000038
:10FD940024E8002000000000000000000000000033
:10FDA400000000000000000000000000400000000F
:10FDB40064E80020000000000000000000000000D3
:10FDC4000000000000000000000000001E00000011
:10FDD4000000000035DE020000000000000000000A
:10FDE4000000000090BF05000000000000000000BB
:10FDF40000000000000000000000000000000000FF
:10FE040000000000000000000000000000000000EE
:10FE140000000000000000000000000000000000DE
:10FE240000000000000000000000000031DD0200BE
:10FE340000000000000000005A10002000002A000A
:10FE4400FF0E0500D0BF050082E80020000000007E
:10FE5400000000000000000000000000000000009E
:10FE6400000000000004000082EC002000000000FC
:10FE7400000000000000000000000000000000007E
:10FE840000000000000400009DF902008000000052
:10FE9400A5F7020000000000A5F7020080000000A2
:10FEA400840F002000000200900F002000000200D8
:10FEB4009C0F002000000200000000000000000071
:10FEC400000000000000000000000000000000002E
:10FED400000000000000000000000000000000001E
:10FEE400000000000000000000000000EF1F0500FB
:10FEF4000000000000000000B80F00200000120005
:10FF04000901030000000000F520050000000000C6
:10FF1400D920050055360500690D03008000000056
:10FF240000000000E10E03000000000000000000DB
:10FF3400000000002913030000000000000000007E
:10FF440000000000000000000000000000040000A9
:10FF54006402002000000000000000000000000017
:10FF6400000000000000000000000000000000008D
:10FF7400000000000000000000000000000000007D
:10FF8400000000000000000000000000000000006D
:10FF9400000000000000000000000000000000005D
:10FFA400000000000000000000000000000000004D
:10FFB400000000000000000000000000000000003D
:10FFC400000000000000000000000000EC0700201A
:10FFD400EC0700200000000000000000294B030093
:10FFE4009D530300035605000000000000000000BC
:0CFFF400694B030075520500A151050087
:0200000260009C
:10000000494703000000000000000000000000005D
:100010000000000000000000F16C03000000000080
:10002000000000000000000000000000ED68050076
:10003000000000000000000000000000CC0F0020C5
:1000400000000200D80F002000000A00E80F002086
:100050000000200000000000000000000000000080
:100060000000000000000000000000000000000090
:100070000000000000000000000000000000000080
:10008000000000000000000000000000EB5A050026
:1000900000000000FC0F00200000020008100020FB
:1000A000000002001410002000000A00C57D0300BB
:1000B00000000000000000002C6000200000000094
:1000C000D9B20300000000003460002000000000EE
:1000D000CDA10300000000003C60002000000000F3
:1000E000D15C04000000000044600020000000001B
:1000F000D15C0400000000004C6000200000000003
:10010000399F030008000400000000000000000008
:1001100000000000000000000000000000000000DF
:1001200000000000000000000000000004000B00C0
:1001300000000000000000000000000000000000BF
:1001400000000000000000000000000000000000AF
:10015000000000000000000000000000000000009F
:100160000400050000000000000000000000000086
:10017000000000000000000000000000000000007F
:100180003800040000000000000000000000000033
:10019000000000000000000000000000000000005F
:1001A000000000000000000000000000000000004F
:1001B000000000000000000000000000000000003F
:1001C000000000000000000000000000000000002F
:1001D000000000000000000000000000000000001F
:1001E000000000000000000000000000000000000F
:1001F00000000000000000000000000000000000FF
:1002000000000000000000000000000000000000EE
:1002100000000000000000000000000000000000DE
:1002200000000000000000000000000000000000CE
:1002300000000000000000000000000000000000BE
:1002400000000000000000000000000000000000AE
:10025000000000000000000000000000000000009E
:100260000000000004000500000000000000000085
:10027000000000000000000000000000000000007E
:100280002000080000000000000000000000000046
:10029000000000000000000000000000000000005E
:1002A000000000000000000000000000000000004E
:1002B000000000000000000000000000000000003E
:1002C000000000000000000000000000000000002E
:1002D000000000000000000000000000000000001E
:1002E000000000000000000000000000000000000E
:1002F00000000000000000000000000000000000FE
:1003000000000000000000000000000000000000ED
:1003100000000000000000000000000000000000DD
:1003200000000000000000000000000000000000CD
:1003300000000000000000000000000000000000BD
:1003400000000000000000000000000000000000AD
:10035000000000000000000000000000000000009D
:10036000000000000000000000000000000000008D
:10037000000000000000000000000000000000007D
:10038000000000000000000000000000986D002048
:1003900000000000BD68040000000000B06D0020F7
:1003A00000000000D15C040000000000B86D0020D7
:1003B00000000000CDCD030000000000446E0020CE
:1003C000000000007970040000000000686E00204A
:1003D0000000000099DA030000000000706E0020A9
:1003E00000000000D15C040000000000786E0020D6
:1003F000000000002DDC030000000000806E0020E3
:100400000000000025E703000800180000000000BD
:1004100000000000000000000000000000000000DC
:1004200000000000000000000000000000000000CC
:1004300000000000000000000000000000000000BC
:1004400000000000000000000000000000000000AC
:10045000000000000000000000000000000000009C
:10046000000000000000000000000000000000008C
:10047000000000000000000000000000000000007C
:10048000000000000000000000000000000000006C
:10049000000000000000000000000000000000005C
:1004A000000000000000000000000000000000004C
:1004B000000000000000000000000000000000003C
:1004C000000000000000000000000000000000002C
:1004D0000800040000000000000000000000000010
:1004E000000000000000000000000000000000000C
:1004F000000000000000000000000000BC6F0020B1
:1005000000000000EC710020000000001C740020BE
:10051000000000008C77002000000000297B040010
:1005200000000000A477002000000000B97B040058
:10053000FFFFFFFF1F00000000000000887A00207E
:1005400000000000195A040000000000B47A0020E6
:1005500000000000D15C0400040003000000000063
:10056000000000000000000000000000000000008B
:10057000787B002000000000D15C04000000000037
:10058000807B002000000000318402000000000099
:10059000D47D002000000000B18F030000000000A7
:1005A000CC7D002000000000B18F0300000000009F
:1005B000C47D002000000000F98C03000000000052
:1005C000BC7D002000000000B18F0300000000008F
:1005D000B47D002000000000F98C03000000000042
:1005E000AC7D002000000000B18F03002B7B0500D4
:1005F000137B0500DB7B0500437B0500497B050081
:100600004D7B0500537B05007B7B05006F7B050060
:100610000B7D05000000000000000000000000004D
:100620004D810500400E0020400E0020010000001A
:1006300001000000500E0020500E0020580E002037
:10064000580E00200000000001000000680E00208D
:10065000680E0020000000008B90002000000000C9
:10066000000000000000000000000000000000008A
:10067000000000000000000000000000000000007A
:10068000000000000000000000000000000000006A
:10069000000000000000000000000000000000005A
:1006A000000000000000000000000000000000004A
:1006B000000000000000000000000000000000003A
:1006C0000000000000000000000000000800000022
:1006D000FF00000000000000030000000000000018
:1006E000FC0E0020FC0E0020040F0020040F002050
:1006F0000001070000004C2A00004C2A00000328DB
:100700000000082900004D2A00004D2A000003289F
:10071000000008290000022900004D2A00004D2A8F
:1007200000000328000008290000022900004D2ACB
:1007300000004D2A0000032800004B2A00004B2A2D
:100740000000032800004A2A00004A2A000003286B
:1007500000001218000000280000022900000328F1
:10076000000000280000502A0000502A0000032842
:100770000000292A0000292A000003280000242A5A
:100780000000242A0000032800000A1800000028A6
:1007900000000429000002290000192A0000192A7B
:1007A0000000032800000F180000002800002A2B7A
:1007B00000002A2B000003280000292B0000292B11
:1007C00000000328000002290000052A0000052A75
:1007D0000000032800000118000000280000042A7F
:1007E0000000042A000003280000012A0000012A5A
:1007F000000003280000002A0000002A000003284F
:100800000000001800000028FF02000000000000A7
:10081000010000000000000000010112180F18067E
:10082000C103020101020101000000030B022A487A
:10083000C2B1CFC567C90761960101000000022A55
:1008400048C2B1CFC567C907619601010000000227
:100850002A48C2B1CFC567C90761960100000000F0
:0A08600001501D5E610100640125D6
:10086A00000000000000000000000000000000007E
:10087A00000000000000000000000000000000006E
:10088A00000000000000000000000000000000005E
:10089A00000000000000000000000000000000004E
:0608AA0000000000000048
:1008B0000000000000000000000000000000000038
:1008C0000000000000000000000000000000000028
:1008D0000000000000000000000000000000000018
:0408E000FFFFFFFF18
:1008E40000000000000000000DF004000000000003
:1008F4000000000000000000181100201811002062
:10090400E19602000000000000000000000000006A
:1009140000000000000000000000000000000000D3
:100924000DF00400000000000000000000000000C2
:1009340050110020501100201DBE020000000000D4
:1009440000000000000000000000000000000000A3
:1009540070110020701100203CE400200000000011
:10096400050000002C000000000000008C11002095
:100974008C110020C0B5002000000000050000001C
:10098400A800000000000000A8110020A811002009
:10099400A4E5002000000000200000001400000076
:1009A40000000000C4110020C411002018E500203C
:1009B40000000000050000001C0000000000000012
:1009C400E0110020E0110020000000000000000001
:1009D4000E000000F4110020F411002000000000BB
:1009E400000000000E000000081200200812002081
:0C09F40000000000000000000E000000E9
:100A00001C1200201C1200200E0000000500000037
:100A10003CDE002082DE00203CDE00203CDE0020A8
:100A200000000000401200204012002000000000E2
:100A30004C1200204C1200200C00000004000000AA
:100A4000A0DC0020D0DC0020A0DC0020A0DC002006
:100A50000000000070120020701200200000000052
:100A60007C1200207C12002006000000050000001F
:100A7000D0DC0020EEDC0020D0DC0020D0DC002028
:100A800000000000A0120020A012002000000000C2
:100A9000AC120020AC12002008000000140000007E
:100AA000F0DC002090DD0020F0DC0020F0DC0020F5
:100AB00000000000D0120020D01200200000000032
:100AC000DC120020DC1200202200000005000000E3
:100AD00090DD00203ADE002090DD002090DD002037
:100AE00000000000001300200013002000000000A0
:100AF0000C1300200C130020010000000100000076
:100B00001C1300201C130020241300202413002099
:100B10000000000001000000341300203413002006
:100B20003C1300203C1300200000000001000000E6
:080B30004C1300204C130020BF
:100B380000000000000000005C1300205C1300208F
:100B4800641300206413002000000000000000006F
:100B580074130020741300207C1300207C130020E1
:100B680000000000000000008C1300208C130020FF
:080B78009413002094130020E7
:100B80000000000000000000A4130020A4130020B7
:100B9000AC130020AC130020050005000800000085
:100BA00000000000E4C305009CE3002000000000FA
:100BB00000000000D0130020D0130020D813002024
:100BC000D81300200300030008000000000000000C
:100BD000F4C2050048E00020000000000000000012
:100BE000FC130020FC130020041400200414002037
:100BF000020002000800000000000000D4C305004D
:100C0000ECE100200000000000000000281400209B
:100C100028140020301400203014002002000200AC
:100C20000800000000000000C4C305006CE10020C3
:100C300000000000000000005414002054140020A4
:100C40005C1400205C140020030003000800000076
:100C500000000000E4C2050060DF0020000000008A
:100C60000000000080140020801400208814002060
:100C700088140020010001000800000000000000AE
:080C800004C30500C0E00020E0
:100C880012010002EF020140501D5E6105030102DE
:100C9800030109020000000100E032080B00020213
:100CA80002000009040000010202000005240010EF
:100CB800010524010201042402020524060001079B
:100CC80005800310000A09040100020A0000000759
:100CD80005800240000007050002400000090400EA
:100CE8000001030000000921110100012200000792
:100CF8000580031000010403090418035A4D4B2012
:100D080050726F6A65637400000000000000000004
:100D180000001603546F6D616B3739535348000058
:100D28000000000000000000220330313233343567
:100D38003637383941424344454600000000000038
:0C0D48000000000000000000000000009F
:100D540000000000C7140020971D0500C9FC020014
:100D6400EDFA020000000000000000000300000093
:100D7400A80600200000000001150020133505001E
:100D84006D0E03000D0E030000000000950D03001E
:080D94000100000038070020F7
:100D9C0020A405000000000058A20500000000007F
:100DAC0030A305000000000088A205000000000030
:100DBC00A0A205000000000078A3050000000000C0
:100DCC0048A3050000000000B8A2050000000000C8
:100DDC0060A3050000000000D0A205000000000088
:100DEC00E8A205000000000090A305000000000030
:100DFC0018A305000000000000A30500000000007F
:100E0C0008A405000000000070A20500000000000E
:100E1C00C0A3050000000000A8A30500000000000E
:100E2C00D8A3050000000000F0A30500000000009E
:100E3C002D0C05000000000004000000890C0500CA
:100E4C000000000003000000110D05000000000070
:040E5C00050000008D
:100E600020A40500B6E5050058A2050001E3050031
:100E700030A30500CBE3050088A2050024E30500AC
:100E8000A0A205003CE3050078A3050005E40500E9
:100E900048A30500DFE30500B8A2050050E3050004
:100EA00060A30500F5E30500D0A2050067E3050097
:100EB000E8A205008BE3050090A305001FE40500F0
:100EC00018A30500B5E3050000A305009BE305009A
:100ED00008A40500ACE4050070A2050015E30500B8
:100EE000C0A3050078E40500A8A305005DE40500A3
:100EF000D8A305008AE40500F0A30500A2E40500DC
:080F0000BD0C05000D0D0500FC
:100F08006DD302000402000001D2020004010100B6
:100F180015D4020003010100970C0500030201002B
:100F280059D402000304000081D70200050900001B
:100F3800790D0500050300002DD902000505000004
:100F480019DB020005010000EDD6020005060000CD
:100F58000DDA02000508000035D80200050A000075
:100F68008DD80200050B000059DB020005040000C3
:100F78008DDA02000507000011D602000502000004
:080F880091D90200050C0000E4
:040F9000B30D050098
:100F94000100000029DD0200B9DD020021DE0200AB
:100FA4001DDD02000000000000000000E9DB02007B
:080FB400D5DB0200C1DB0200E5
:040FBC0074B6050002
:040FC00015E015E043
:040000033000079D25
:00000001FF
